game_id,snapshot,underdog_side,underdog_team,favorite_team,spread_line_away_perspective,underdog_score_now,favorite_score_now,underdog_margin_now,underdog_wp,underdog_fair_ml,underdog_vegas_wp,underdog_vegas_fair_ml,underdog_final,favorite_final,underdog_final_margin,underdog_won_su,underdog_covered,ats_margin,pregame_spread_abs,season
2017_01_BAL_CIN,Q1,away,BAL,CIN,2.5,3.0,0.0,3.0,0.6545096039772034,-189.44364633916382,0.6102151274681091,-156.55177264945894,20,0,20,True,True,22.5,2.5,2017
2017_01_JAX_HOU,Q1,away,JAX,HOU,5.5,3.0,0.0,3.0,0.6343854665756226,-173.51210320714367,0.5369848012924194,-115.97563164045393,29,7,22,True,True,27.5,5.5,2017
2017_02_ARI_IND,Q1,home,IND,ARI,-7.0,10.0,0.0,10.0,0.730673611164093,-271.2967022363605,0.45756274461746216,118.54926166159652,13,16,-3,False,True,4.0,7.0,2017
2017_02_DAL_DEN,Q1,home,DEN,DAL,-2.5,7.0,0.0,7.0,0.7886232137680054,-373.08884661651507,0.6256128549575806,-167.10318803459353,42,17,25,True,True,27.5,2.5,2017
2017_02_DET_NYG,Q1,away,DET,NYG,3.0,7.0,0.0,7.0,0.5244693756103516,-110.29139843170286,0.5034224987030029,-101.37843486427145,24,10,14,True,True,17.0,3.0,2017
2017_02_HOU_CIN,Q1,away,HOU,CIN,5.5,3.0,0.0,3.0,0.37793081998825073,164.59869031879654,0.2862463593482971,249.34942134346102,13,9,4,True,True,9.5,5.5,2017
2017_02_MIA_LAC,Q1,away,MIA,LAC,3.5,3.0,0.0,3.0,0.45576250553131104,119.41252030687278,0.42000627517700195,138.09168079181032,19,17,2,True,True,5.5,3.5,2017
2017_02_WAS_LA,Q1,away,WAS,LA,3.0,3.0,0.0,3.0,0.7079766392707825,-242.4383575008792,0.690641462802887,-223.24952434166477,27,20,7,True,True,10.0,3.0,2017
2017_03_BAL_JAX,Q1,home,JAX,BAL,-3.0,10.0,0.0,10.0,0.8608620166778564,-618.7110062424283,0.7500668168067932,-300.106935471216,44,7,37,True,True,40.0,3.0,2017
2017_03_DAL_ARI,Q1,home,ARI,DAL,-3.0,7.0,0.0,7.0,0.8142942786216736,-438.48637111334,0.6636680960655212,-197.32534686772127,17,28,-11,False,False,-8.0,3.0,2017
2017_03_HOU_NE,Q1,away,HOU,NE,13.5,10.0,7.0,3.0,0.4934695363044739,102.64675454717302,0.22943180799484253,335.8593556576424,33,36,-3,False,True,10.5,13.5,2017
2017_03_NO_CAR,Q1,away,NO,CAR,5.5,7.0,3.0,4.0,0.6242963671684265,-166.167242638374,0.470451295375824,112.56185493147417,34,13,21,True,True,26.5,5.5,2017
2017_03_OAK_WAS,Q1,home,WAS,LV,-3.5,7.0,0.0,7.0,0.7818611860275269,-358.42368984649823,0.6146597862243652,-159.51093715390223,27,10,17,True,True,20.5,3.5,2017
2017_03_PIT_CHI,Q1,home,CHI,PIT,-7.0,7.0,0.0,7.0,0.7927184104919434,-382.4355131458175,0.5008480548858643,-100.33979828954502,23,17,6,True,True,13.0,7.0,2017
2017_04_PHI_LAC,Q1,away,PHI,LAC,1.5,10.0,0.0,10.0,0.7654134631156921,-326.28192277427013,0.7694743275642395,-333.79116496392186,26,24,2,True,True,3.5,1.5,2017
2017_04_SF_ARI,Q1,away,SF,ARI,6.5,3.0,0.0,3.0,0.4879581928253174,104.93558970901158,0.37021374702453613,170.1142267236566,15,18,-3,False,True,3.5,6.5,2017
2017_04_TEN_HOU,Q1,home,HOU,TEN,-2.5,14.0,0.0,14.0,0.9259740114212036,-1250.8769274125368,0.857763946056366,-603.0566247263051,57,14,43,True,True,45.5,2.5,2017
2017_04_WAS_KC,Q1,away,WAS,KC,6.5,10.0,0.0,10.0,0.6825456619262695,-215.00593315809238,0.5205452144145966,-108.5702406284302,20,29,-9,False,False,-2.5,6.5,2017
2017_05_BAL_OAK,Q1,away,BAL,LV,3.0,14.0,3.0,11.0,0.8048115372657776,-412.32536287846375,0.7713958024978638,-337.4372872093284,30,17,13,True,True,16.0,3.0,2017
2017_05_MIN_CHI,Q1,home,CHI,MIN,-3.5,2.0,0.0,2.0,0.6576977968215942,-192.1395161102151,0.44116732478141785,126.67136567638212,17,20,-3,False,True,0.5,3.5,2017
2017_06_LA_JAX,Q1,away,LA,JAX,1.0,17.0,14.0,3.0,0.494948148727417,102.04136586249369,0.5668342113494873,-130.85849025967772,27,17,10,True,True,11.0,1.0,2017
2017_06_NE_NYJ,Q1,home,NYJ,NE,-9.0,7.0,0.0,7.0,0.7804726362228394,-355.5240780894572,0.42801395058631897,133.63724444732244,17,24,-7,False,True,2.0,9.0,2017
2017_06_NYG_DEN,Q1,away,NYG,DEN,14.0,3.0,0.0,3.0,0.5995082855224609,-149.69305577383759,0.26852309703826904,272.4074431695845,23,10,13,True,True,27.0,14.0,2017
2017_06_PIT_KC,Q1,away,PIT,KC,3.5,2.0,0.0,2.0,0.5439115166664124,-119.25570071204584,0.44933509826660156,122.55105462664646,19,13,6,True,True,9.5,3.5,2017
2017_06_TB_ARI,Q1,home,ARI,TB,-2.5,14.0,0.0,14.0,0.8892360329627991,-802.8206796386611,0.7817633748054504,-358.2182294601277,38,33,5,True,True,7.5,2.5,2017
2017_07_CAR_CHI,Q1,home,CHI,CAR,-2.5,7.0,0.0,7.0,0.7879557013511658,-371.59956969939395,0.6661410927772522,-199.5277281408007,17,3,14,True,True,16.5,2.5,2017
2017_07_DEN_LAC,Q1,home,LAC,DEN,-1.0,7.0,0.0,7.0,0.7561962604522705,-310.16598098743674,0.6486225128173828,-184.5942146203243,21,0,21,True,True,22.0,1.0,2017
2017_07_KC_OAK,Q1,home,LV,KC,-3.0,14.0,10.0,4.0,0.7166613340377808,-252.93453387450526,0.5432369709014893,-118.9319047939689,31,30,1,True,True,4.0,3.0,2017
2017_07_NO_GB,Q1,home,GB,NO,-3.5,7.0,0.0,7.0,0.6485086679458618,-184.50203712163685,0.44921451807022095,122.61079278913256,17,26,-9,False,False,-5.5,3.5,2017
2017_07_NYJ_MIA,Q1,away,NYJ,MIA,3.0,14.0,7.0,7.0,0.613372266292572,-158.64673245523767,0.5858307778835297,-141.4472023995027,28,31,-3,False,False,0.0,3.0,2017
2017_07_TB_BUF,Q1,away,TB,BUF,3.0,6.0,3.0,3.0,0.5047516226768494,-101.91888470287664,0.5165688097476959,-106.85467139141296,27,30,-3,False,False,0.0,3.0,2017
2017_07_WAS_PHI,Q1,away,WAS,PHI,5.0,3.0,0.0,3.0,0.45266568660736084,120.91358580651448,0.3834225535392761,160.8088623815303,24,34,-10,False,False,-5.0,5.0,2017
2017_08_CAR_TB,Q1,away,CAR,TB,1.5,7.0,0.0,7.0,0.6566344499588013,-191.23480788332287,0.6534893810749054,-188.5914443551788,17,3,14,True,True,15.5,1.5,2017
2017_08_DAL_WAS,Q1,home,WAS,DAL,-3.0,10.0,7.0,3.0,0.5953347086906433,-147.11780858801762,0.4388296604156494,127.87885373400304,19,33,-14,False,False,-11.0,3.0,2017
2017_08_LAC_NE,Q1,away,LAC,NE,6.5,7.0,0.0,7.0,0.487360417842865,105.18695474412132,0.3225787878036499,210.00178493096973,13,21,-8,False,False,-1.5,6.5,2017
2017_08_MIN_CLE,Q1,home,CLE,MIN,-11.0,6.0,3.0,3.0,0.7285948395729065,-268.452832078197,0.3344213366508484,199.02398274427298,16,33,-17,False,False,-6.0,11.0,2017
2017_08_OAK_BUF,Q1,away,LV,BUF,2.5,7.0,0.0,7.0,0.6382266283035278,-176.41614287714904,0.6416797637939453,-179.07996784891117,14,34,-20,False,False,-17.5,2.5,2017
2017_09_BUF_NYJ,Q1,home,NYJ,BUF,-3.0,7.0,0.0,7.0,0.6261230707168579,-167.46769369197594,0.4451557397842407,124.64048211187453,34,21,13,True,True,16.0,3.0,2017
2017_09_IND_HOU,Q1,away,IND,HOU,6.0,7.0,0.0,7.0,0.6726275682449341,-205.46249561666872,0.5286547243595123,-112.15869802474411,20,14,6,True,True,12.0,6.0,2017
2017_10_CLE_DET,Q1,away,CLE,DET,10.5,10.0,3.0,7.0,0.6874014139175415,-219.89907968944428,0.404125452041626,147.44791374758483,24,38,-14,False,False,-3.5,10.5,2017
2017_10_DAL_ATL,Q1,away,DAL,ATL,3.5,7.0,3.0,4.0,0.5810055136680603,-138.6666251277996,0.5216504335403442,-109.05213887851208,7,27,-20,False,False,-16.5,3.5,2017
2017_10_MIN_WAS,Q1,home,WAS,MIN,-1.0,10.0,7.0,3.0,0.563567578792572,-129.13054837525902,0.48093122243881226,107.92993953043414,30,38,-8,False,False,-7.0,1.0,2017
2017_11_ATL_SEA,Q1,away,ATL,SEA,1.0,14.0,7.0,7.0,0.6364400386810303,-175.0577913948695,0.6485666632652283,-184.54898709700507,34,31,3,True,True,4.0,1.0,2017
2017_11_DET_CHI,Q1,home,CHI,DET,-3.0,10.0,0.0,10.0,0.758646547794342,-314.33010005089847,0.639869749546051,-177.6773122334174,24,27,-3,False,False,0.0,3.0,2017
2017_11_LA_MIN,Q1,away,LA,MIN,1.0,7.0,0.0,7.0,0.5430682897567749,-118.85108377960883,0.5479357242584229,-121.2074816926367,7,24,-17,False,False,-16.0,1.0,2017
2017_11_TB_MIA,Q1,home,MIA,TB,-1.0,7.0,3.0,4.0,0.6163619756698608,-160.66237874779884,0.4449455142021179,124.74661909856829,20,30,-10,False,False,-9.0,1.0,2017
2017_12_BUF_KC,Q1,away,BUF,KC,8.5,7.0,0.0,7.0,0.6865206956863403,-219.0003251377082,0.4446325898170471,124.90479170936835,16,10,6,True,True,14.5,8.5,2017
2017_12_GB_PIT,Q1,away,GB,PIT,14.0,14.0,6.0,8.0,0.7256930470466614,-264.5551048682701,0.41579723358154297,140.50184061743826,28,31,-3,False,True,11.0,14.0,2017
2017_12_HOU_BAL,Q1,away,HOU,BAL,7.5,7.0,0.0,7.0,0.6508304476737976,-186.39381450584688,0.4597889184951782,117.49110510815561,16,23,-7,False,True,0.5,7.5,2017
2017_12_JAX_ARI,Q1,home,ARI,JAX,-6.5,3.0,0.0,3.0,0.7080248594284058,-242.49491173882777,0.46012890338897705,117.33040298810236,27,24,3,True,True,9.5,6.5,2017
2017_13_DEN_MIA,Q1,home,MIA,DEN,-1.0,2.0,0.0,2.0,0.42019951343536377,137.9821889426873,0.3373212218284607,196.4533315097898,35,9,26,True,True,27.0,1.0,2017
2017_13_HOU_TEN,Q1,away,HOU,TEN,7.0,3.0,0.0,3.0,0.4694330096244812,113.02294033390221,0.322873055934906,209.71924774100958,13,24,-11,False,False,-4.0,7.0,2017
2017_13_PHI_SEA,Q1,home,SEA,PHI,-3.5,10.0,0.0,10.0,0.7811290621757507,-356.89026142108827,0.6260749101638794,-167.4332445673191,24,10,14,True,True,17.5,3.5,2017
2017_13_PIT_CIN,Q1,home,CIN,PIT,-4.5,10.0,0.0,10.0,0.7990370988845825,-397.60428141195956,0.616226315498352,-160.57023719553808,20,23,-3,False,True,1.5,4.5,2017
2017_13_TB_GB,Q1,away,TB,GB,3.0,7.0,3.0,4.0,0.581161379814148,-138.7554422646766,0.5557966828346252,-125.12213694876682,20,26,-6,False,False,-3.0,3.0,2017
2017_14_NE_MIA,Q1,home,MIA,NE,-10.0,6.0,0.0,6.0,0.6792251467704773,-211.7451352349226,0.3450073301792145,189.8489140739557,27,20,7,True,True,17.0,10.0,2017
2017_14_NYJ_DEN,Q1,home,DEN,NYJ,-1.0,10.0,0.0,10.0,0.8275545835494995,-479.89363856884216,0.7562504410743713,-310.25715263144895,23,0,23,True,True,24.0,1.0,2017
2017_15_DEN_IND,Q1,home,IND,DEN,-3.0,7.0,0.0,7.0,0.8265236020088196,-476.44729287660226,0.6773393750190735,-209.92315844522807,13,25,-12,False,False,-9.0,3.0,2017
2017_15_PHI_NYG,Q1,home,NYG,PHI,-7.5,13.0,7.0,6.0,0.7050923705101013,-239.08922659264482,0.4109712839126587,143.32600333519267,29,34,-5,False,True,2.5,7.5,2017
2017_16_BUF_NE,Q1,away,BUF,NE,11.0,3.0,0.0,3.0,0.4226311445236206,136.61294558099246,0.22505122423171997,344.3432838074091,16,37,-21,False,False,-10.0,11.0,2017
2017_16_DEN_WAS,Q1,away,DEN,WAS,3.0,3.0,0.0,3.0,0.5079909563064575,-103.24829651360427,0.5103480219841003,-104.22668444066383,11,27,-16,False,False,-13.0,3.0,2017
2017_16_JAX_SF,Q1,home,SF,JAX,-4.0,10.0,0.0,10.0,0.8107500672340393,-428.4017729277969,0.6549693942070007,-189.8293609929633,44,33,11,True,True,15.0,4.0,2017
2017_17_ARI_SEA,Q1,away,ARI,SEA,8.0,10.0,7.0,3.0,0.6221390962600708,-164.64764946634205,0.41689813137054443,139.86675035278273,26,24,2,True,True,10.0,8.0,2017
2017_17_CIN_BAL,Q1,away,CIN,BAL,8.0,7.0,0.0,7.0,0.6187704205513,-162.30913179562572,0.4041239023208618,147.44886265253152,31,27,4,True,True,12.0,8.0,2017
2017_17_HOU_IND,Q1,away,HOU,IND,5.5,3.0,0.0,3.0,0.4161439538002014,140.3014607969335,0.3123575448989868,220.14594055136067,13,22,-9,False,False,-3.5,5.5,2017
2017_17_KC_DEN,Q1,away,KC,DEN,3.0,7.0,3.0,4.0,0.5480580925941467,-121.26737609707416,0.5150226354598999,-106.19519035662448,27,24,3,True,True,6.0,3.0,2017
2017_17_WAS_NYG,Q1,home,NYG,WAS,-5.0,15.0,7.0,8.0,0.7778241038322449,-350.0938298207401,0.5334059000015259,-114.31904089727458,18,10,8,True,True,13.0,5.0,2017
2017_01_BAL_CIN,H1,away,BAL,CIN,2.5,17.0,0.0,17.0,0.9162692427635193,-1094.3042592767922,0.8838486075401306,-760.9453393729245,20,0,20,True,True,22.5,2.5,2017
2017_01_JAX_HOU,H1,away,JAX,HOU,5.5,19.0,0.0,19.0,0.9040041565895081,-941.7117705022467,0.8352611660957336,-507.02141462353904,29,7,22,True,True,27.5,5.5,2017
2017_01_OAK_TEN,H1,away,LV,TEN,2.5,13.0,10.0,3.0,0.5506046414375305,-122.52121232377885,0.5523067712783813,-123.36723806511104,26,16,10,True,True,12.5,2.5,2017
2017_01_SEA_GB,H1,away,SEA,GB,2.5,3.0,0.0,3.0,0.5506046414375305,-122.52121232377885,0.5523067712783813,-123.36723806511104,9,17,-8,False,False,-5.5,2.5,2017
2017_02_ARI_IND,H1,home,IND,ARI,-7.0,10.0,3.0,7.0,0.7868565320968628,-369.1675564059269,0.606988251209259,-154.44531952973492,13,16,-3,False,True,4.0,7.0,2017
2017_02_DAL_DEN,H1,home,DEN,DAL,-2.5,21.0,10.0,11.0,0.8782480359077454,-721.3419861073238,0.8009990453720093,-402.5101522097642,42,17,25,True,True,27.5,2.5,2017
2017_02_DET_NYG,H1,away,DET,NYG,3.0,17.0,7.0,10.0,0.773473858833313,-341.450154427943,0.7538536638021469,-306.26239473911863,24,10,14,True,True,17.0,3.0,2017
2017_02_HOU_CIN,H1,away,HOU,CIN,5.5,10.0,6.0,4.0,0.6024054288864136,-151.51248851290677,0.4815226197242737,107.67456377700665,13,9,4,True,True,9.5,5.5,2017
2017_02_WAS_LA,H1,away,WAS,LA,3.0,20.0,10.0,10.0,0.8049947023391724,-412.8065811521173,0.7635661363601685,-322.9512577450991,27,20,7,True,True,10.0,3.0,2017
2017_03_BAL_JAX,H1,home,JAX,BAL,-3.0,23.0,0.0,23.0,0.9745413064956665,-3827.9313364206346,0.9772233366966248,-4290.458719437677,44,7,37,True,True,40.0,3.0,2017
2017_03_CIN_GB,H1,away,CIN,GB,7.0,21.0,7.0,14.0,0.8602129220962524,-615.3737062080693,0.7514871805906296,-302.39372857169155,24,27,-3,False,True,4.0,7.0,2017
2017_03_MIA_NYJ,H1,home,NYJ,MIA,-5.5,10.0,0.0,10.0,0.817753255367279,-448.706646044781,0.6768661737442017,-209.46930303990604,20,6,14,True,True,19.5,5.5,2017
2017_03_NO_CAR,H1,away,NO,CAR,5.5,17.0,6.0,11.0,0.8531333804130554,-580.889914136005,0.7436628937721252,-290.1112931777559,34,13,21,True,True,26.5,5.5,2017
2017_03_OAK_WAS,H1,home,WAS,LV,-3.5,14.0,0.0,14.0,0.9166976809501648,-1100.4467719581191,0.8393943905830383,-522.6432586198258,27,10,17,True,True,20.5,3.5,2017
2017_03_PIT_CHI,H1,home,CHI,PIT,-7.0,17.0,7.0,10.0,0.8532896637916565,-581.6152330125526,0.6870520710945129,-219.54197731789702,23,17,6,True,True,13.0,7.0,2017
2017_04_CAR_NE,H1,away,CAR,NE,9.0,17.0,16.0,1.0,0.5368156433105469,-115.89675591536884,0.4239720106124878,135.86462666612306,33,30,3,True,True,12.0,9.0,2017
2017_04_IND_SEA,H1,away,IND,SEA,12.5,15.0,10.0,5.0,0.6439070105552673,-180.82552300715957,0.34929317235946655,186.29245548804326,18,46,-28,False,False,-15.5,12.5,2017
2017_04_PHI_LAC,H1,away,PHI,LAC,1.5,16.0,10.0,6.0,0.7424898743629456,-288.3342441490794,0.7169361710548401,-253.27721091264456,26,24,2,True,True,3.5,1.5,2017
2017_04_TEN_HOU,H1,home,HOU,TEN,-2.5,30.0,14.0,16.0,0.9260119795799255,-1251.5701519278377,0.8650965690612793,-641.2709914355296,57,14,43,True,True,45.5,2.5,2017
2017_04_WAS_KC,H1,away,WAS,KC,6.5,10.0,7.0,3.0,0.5506046414375305,-122.52121232377885,0.44011855125427246,127.21150861515576,20,29,-9,False,False,-2.5,6.5,2017
2017_05_BAL_OAK,H1,away,BAL,LV,3.0,24.0,10.0,14.0,0.8602129220962524,-615.3737062080693,0.8287119269371033,-483.8118101969665,30,17,13,True,True,16.0,3.0,2017
2017_05_CAR_DET,H1,away,CAR,DET,2.0,17.0,10.0,7.0,0.7313575148582458,-272.2419406120114,0.7217602729797363,-259.4023077542669,27,24,3,True,True,5.0,2.0,2017
2017_05_JAX_PIT,H1,away,JAX,PIT,7.5,7.0,6.0,1.0,0.46048271656036377,117.16341657068729,0.3404091000556946,193.76417958168253,30,9,21,True,True,28.5,7.5,2017
2017_05_LAC_NYG,H1,away,LAC,NYG,3.0,10.0,9.0,1.0,0.46048271656036377,117.16341657068729,0.4680348038673401,113.65932442140355,27,22,5,True,True,8.0,3.0,2017
2017_06_CHI_BAL,H1,away,CHI,BAL,5.5,10.0,3.0,7.0,0.7313575148582458,-272.2419406120114,0.6504951119422913,-186.11903128372967,27,24,3,True,True,8.5,5.5,2017
2017_06_GB_MIN,H1,home,MIN,GB,-3.0,14.0,10.0,4.0,0.6962094306945801,-229.17414200393975,0.5761141180992126,-135.91255163201097,23,10,13,True,True,16.0,3.0,2017
2017_06_IND_TEN,H1,away,IND,TEN,7.0,13.0,9.0,4.0,0.6154525876045227,-160.0459573425961,0.48935526609420776,104.35051368334227,22,36,-14,False,False,-7.0,7.0,2017
2017_06_LA_JAX,H1,away,LA,JAX,1.0,24.0,14.0,10.0,0.7062244415283203,-240.39591489582725,0.7260538637638092,-265.0352634058764,27,17,10,True,True,11.0,1.0,2017
2017_06_NE_NYJ,H1,home,NYJ,NE,-9.0,14.0,7.0,7.0,0.7745179533958435,-343.4942892617714,0.5115373134613037,-104.7239282668891,17,24,-7,False,True,2.0,9.0,2017
2017_06_NYG_DEN,H1,away,NYG,DEN,14.0,17.0,3.0,14.0,0.8951838612556458,-854.0515534911968,0.6980120539665222,-231.13904483099535,23,10,13,True,True,27.0,14.0,2017
2017_06_PIT_KC,H1,away,PIT,KC,3.5,12.0,3.0,9.0,0.7687192559242249,-332.3749493266795,0.7228044867515564,-260.7561999402654,19,13,6,True,True,9.5,3.5,2017
2017_06_TB_ARI,H1,home,ARI,TB,-2.5,24.0,0.0,24.0,0.9702783226966858,-3264.547665984153,0.9599334001541138,-2395.84442864241,38,33,5,True,True,7.5,2.5,2017
2017_07_CAR_CHI,H1,home,CHI,CAR,-2.5,17.0,3.0,14.0,0.9166976809501648,-1100.4467719581191,0.8561092019081116,-594.971473687568,17,3,14,True,True,16.5,2.5,2017
2017_07_DEN_LAC,H1,home,LAC,DEN,-1.0,14.0,0.0,14.0,0.9166976809501648,-1100.4467719581191,0.8675886392593384,-655.2222063170101,21,0,21,True,True,22.0,1.0,2017
2017_07_NO_GB,H1,home,GB,NO,-3.5,14.0,7.0,7.0,0.748828649520874,-298.13457947828596,0.6241867542266846,-166.08960999825538,17,26,-9,False,False,-5.5,3.5,2017
2017_07_NYJ_MIA,H1,away,NYJ,MIA,3.0,21.0,14.0,7.0,0.7069733738899231,-241.2659160960837,0.6638984382152557,-197.52911432183362,28,31,-3,False,False,0.0,3.0,2017
2017_07_SEA_NYG,H1,home,NYG,SEA,-4.0,7.0,3.0,4.0,0.6962094306945801,-229.17414200393975,0.5284324288368225,-112.058687058014,7,24,-17,False,False,-13.0,4.0,2017
2017_08_ATL_NYJ,H1,home,NYJ,ATL,-6.5,17.0,13.0,4.0,0.6569479703903198,-191.50097177322812,0.43960386514663696,127.47752676524668,20,25,-5,False,True,1.5,6.5,2017
2017_08_CAR_TB,H1,away,CAR,TB,1.5,10.0,0.0,10.0,0.8049947023391724,-412.8065811521173,0.7896943688392639,-375.4984421866015,17,3,14,True,True,15.5,1.5,2017
2017_08_IND_CIN,H1,away,IND,CIN,11.0,13.0,10.0,3.0,0.5506046414375305,-122.52121232377885,0.33733004331588745,196.44557898555323,23,24,-1,False,True,10.0,11.0,2017
2017_08_MIN_CLE,H1,home,CLE,MIN,-11.0,13.0,12.0,1.0,0.6210339069366455,-163.87585018927348,0.38508525490760803,159.68275524855554,16,33,-17,False,False,-6.0,11.0,2017
2017_08_PIT_DET,H1,home,DET,PIT,-3.0,12.0,10.0,2.0,0.6806350350379944,-213.1213845322603,0.5449121594429016,-119.73779804264694,15,20,-5,False,False,-2.0,3.0,2017
2017_09_ATL_CAR,H1,home,CAR,ATL,-3.0,14.0,10.0,4.0,0.6962094306945801,-229.17414200393975,0.5761141180992126,-135.91255163201097,20,17,3,True,True,6.0,3.0,2017
2017_09_BUF_NYJ,H1,home,NYJ,BUF,-3.0,10.0,7.0,3.0,0.6287232637405396,-169.34087227624383,0.4987946152687073,100.48331906335571,34,21,13,True,True,16.0,3.0,2017
2017_09_IND_HOU,H1,away,IND,HOU,6.0,10.0,7.0,3.0,0.5896167755126953,-143.67467779642033,0.5001258254051208,-100.05034283086252,20,14,6,True,True,12.0,6.0,2017
2017_09_WAS_SEA,H1,away,WAS,SEA,8.0,7.0,2.0,5.0,0.6439070105552673,-180.82552300715957,0.4106065630912781,143.5421373860747,17,14,3,True,True,11.0,8.0,2017
2017_10_GB_CHI,H1,away,GB,CHI,4.5,10.0,6.0,4.0,0.6154525876045227,-160.0459573425961,0.5327525734901428,-114.01937030869955,23,16,7,True,True,11.5,4.5,2017
2017_10_LAC_JAX,H1,away,LAC,JAX,5.0,7.0,6.0,1.0,0.46048271656036377,117.16341657068729,0.40341025590896606,147.88660807514546,17,20,-3,False,True,2.0,5.0,2017
2017_10_NYG_SF,H1,home,SF,NYG,-3.0,17.0,13.0,4.0,0.6569479703903198,-191.50097177322812,0.5285124778747559,-112.09469033082149,31,21,10,True,True,13.0,3.0,2017
2017_10_PIT_IND,H1,home,IND,PIT,-10.5,10.0,3.0,7.0,0.7868565320968628,-369.1675564059269,0.5511232614517212,-122.77830729970991,17,20,-3,False,True,7.5,10.5,2017
2017_11_ARI_HOU,H1,away,ARI,HOU,2.5,14.0,10.0,4.0,0.6024054288864136,-151.51248851290677,0.5840194225311279,-140.39583917228208,21,31,-10,False,False,-7.5,2.5,2017
2017_11_ATL_SEA,H1,away,ATL,SEA,1.0,24.0,17.0,7.0,0.7069733738899231,-241.2659160960837,0.6909032464027405,-223.52329436075516,34,31,3,True,True,4.0,1.0,2017
2017_11_CIN_DEN,H1,away,CIN,DEN,2.5,13.0,7.0,6.0,0.7424898743629456,-288.3342441490794,0.7137266397476196,-249.3164711932657,20,17,3,True,True,5.5,2.5,2017
2017_11_KC_NYG,H1,home,NYG,KC,-10.0,6.0,3.0,3.0,0.6789292693138123,-211.45785162752594,0.4341238737106323,130.34899957300104,12,9,3,True,True,13.0,10.0,2017
2017_11_PHI_DAL,H1,home,DAL,PHI,-6.0,9.0,7.0,2.0,0.5897396802902222,-143.74767725706687,0.3751024603843689,166.59382585102114,9,37,-28,False,False,-22.0,6.0,2017
2017_11_WAS_NO,H1,away,WAS,NO,9.5,17.0,13.0,4.0,0.6154525876045227,-160.0459573425961,0.461833655834198,116.52817792019212,31,34,-3,False,True,6.5,9.5,2017
2017_12_BUF_KC,H1,away,BUF,KC,8.5,13.0,3.0,10.0,0.773473858833313,-341.450154427943,0.5956623256206512,-147.31803721604288,16,10,6,True,True,14.5,8.5,2017
2017_12_JAX_ARI,H1,home,ARI,JAX,-6.5,13.0,3.0,10.0,0.8532896637916565,-581.6152330125526,0.6999284625053406,-233.25386617776024,27,24,3,True,True,9.5,6.5,2017
2017_12_TEN_IND,H1,home,IND,TEN,-3.0,13.0,6.0,7.0,0.748828649520874,-298.13457947828596,0.6305502653121948,-170.6728158419241,16,20,-4,False,False,-1.0,3.0,2017
2017_13_DEN_MIA,H1,home,MIA,DEN,-1.0,16.0,3.0,13.0,0.8822607398033142,-749.3343667434974,0.8277058005332947,-480.4025922493364,35,9,26,True,True,27.0,1.0,2017
2017_13_KC_NYJ,H1,home,NYJ,KC,-3.5,21.0,17.0,4.0,0.6962094306945801,-229.17414200393975,0.5418837070465088,-118.28518552635757,38,31,7,True,True,10.5,3.5,2017
2017_13_MIN_ATL,H1,away,MIN,ATL,2.0,7.0,6.0,1.0,0.46048271656036377,117.16341657068729,0.483664333820343,106.75496001560656,14,9,5,True,True,7.0,2.0,2017
2017_13_PHI_SEA,H1,home,SEA,PHI,-3.5,10.0,3.0,7.0,0.748828649520874,-298.13457947828596,0.6241867542266846,-166.08960999825538,24,10,14,True,True,17.5,3.5,2017
2017_13_PIT_CIN,H1,home,CIN,PIT,-4.5,17.0,3.0,14.0,0.9166976809501648,-1100.4467719581191,0.8197091221809387,-454.65923295553165,20,23,-3,False,True,1.5,4.5,2017
2017_13_WAS_DAL,H1,home,DAL,WAS,-1.5,17.0,7.0,10.0,0.817753255367279,-448.706646044781,0.7370336055755615,-280.27672782627855,38,14,24,True,True,25.5,1.5,2017
2017_14_CHI_CIN,H1,away,CHI,CIN,6.0,12.0,7.0,5.0,0.7004455924034119,-233.82917247764436,0.5791123509407043,-137.59309693098587,33,7,26,True,True,32.0,6.0,2017
2017_14_GB_CLE,H1,home,CLE,GB,-2.5,14.0,7.0,7.0,0.7868565320968628,-369.1675564059269,0.6885666847229004,-221.09602632276003,21,27,-6,False,False,-3.5,2.5,2017
2017_14_MIN_CAR,H1,home,CAR,MIN,-2.5,14.0,13.0,1.0,0.6210339069366455,-163.87585018927348,0.5099170207977295,-104.04707823718826,31,24,7,True,True,9.5,2.5,2017
2017_14_NE_MIA,H1,home,MIA,NE,-10.0,13.0,10.0,3.0,0.6287232637405396,-169.34087227624383,0.33448338508605957,198.96851221554965,27,20,7,True,True,17.0,10.0,2017
2017_14_NYJ_DEN,H1,home,DEN,NYJ,-1.0,13.0,0.0,13.0,0.8822607398033142,-749.3343667434974,0.8277058005332947,-480.4025922493364,23,0,23,True,True,24.0,1.0,2017
2017_14_SF_HOU,H1,away,SF,HOU,1.0,13.0,9.0,4.0,0.6024054288864136,-151.51248851290677,0.6073305010795593,-154.66709350975373,26,16,10,True,True,11.0,1.0,2017
2017_15_DEN_IND,H1,home,IND,DEN,-3.0,10.0,7.0,3.0,0.6789292693138123,-211.45785162752594,0.5608662366867065,-127.7210461921519,13,25,-12,False,False,-9.0,3.0,2017
2017_15_GB_CAR,H1,away,GB,CAR,3.0,14.0,10.0,4.0,0.6024054288864136,-151.51248851290677,0.5697760581970215,-132.43708748732328,24,31,-7,False,False,-4.0,3.0,2017
2017_15_NE_PIT,H1,home,PIT,NE,-2.5,17.0,10.0,7.0,0.748828649520874,-298.13457947828596,0.6422690153121948,-179.53966606295185,24,27,-3,False,False,-0.5,2.5,2017
2017_15_PHI_NYG,H1,home,NYG,PHI,-7.5,23.0,21.0,2.0,0.5897396802902222,-143.74767725706687,0.3471018075942993,188.09991135765657,29,34,-5,False,True,2.5,7.5,2017
2017_17_ARI_SEA,H1,away,ARI,SEA,8.0,20.0,7.0,13.0,0.8463419079780579,-550.7955336691292,0.6908356249332428,-223.45253226024897,26,24,2,True,True,10.0,8.0,2017
2017_17_CIN_BAL,H1,away,CIN,BAL,8.0,17.0,10.0,7.0,0.7069733738899231,-241.2659160960837,0.49136513471603394,103.51464305213932,31,27,4,True,True,12.0,8.0,2017
2017_17_HOU_IND,H1,away,HOU,IND,5.5,13.0,7.0,6.0,0.7424898743629456,-288.3342441490794,0.6459400653839111,-182.4380570154912,13,22,-9,False,False,-3.5,5.5,2017
2017_17_KC_DEN,H1,away,KC,DEN,3.0,14.0,10.0,4.0,0.6024054288864136,-151.51248851290677,0.5697760581970215,-132.43708748732328,27,24,3,True,True,6.0,3.0,2017
2017_17_WAS_NYG,H1,home,NYG,WAS,-5.0,15.0,10.0,5.0,0.6956327557563782,-228.55046622545865,0.4825661778450012,107.22546376244316,18,10,8,True,True,13.0,5.0,2017
2017_01_BAL_CIN,Q3,away,BAL,CIN,2.5,20.0,0.0,20.0,0.9777231812477112,-4388.9712984591015,0.9846225380897522,-6403.023748890465,20,0,20,True,True,22.5,2.5,2017
2017_01_JAX_HOU,Q3,away,JAX,HOU,5.5,26.0,7.0,19.0,0.9843012690544128,-6269.941643474662,0.9775260090827942,-4349.58798677102,29,7,22,True,True,27.5,5.5,2017
2017_01_OAK_TEN,Q3,away,LV,TEN,2.5,16.0,13.0,3.0,0.6445004940032959,-181.29434306703965,0.6480182409286499,-184.10563167771724,26,16,10,True,True,12.5,2.5,2017
2017_02_ARI_IND,Q3,home,IND,ARI,-7.0,10.0,3.0,7.0,0.8490952849388123,-562.6698175696679,0.7544109225273132,-307.18423241408817,13,16,-3,False,True,4.0,7.0,2017
2017_02_DAL_DEN,Q3,home,DEN,DAL,-2.5,35.0,10.0,25.0,0.9946312308311462,-18526.243158327135,0.9917457699775696,-12015.000397160662,42,17,25,True,True,27.5,2.5,2017
2017_02_DET_NYG,Q3,away,DET,NYG,3.0,17.0,10.0,7.0,0.7831257581710815,-361.0967128078084,0.7619214653968811,-320.0294670273478,24,10,14,True,True,17.0,3.0,2017
2017_02_HOU_CIN,Q3,away,HOU,CIN,5.5,10.0,9.0,1.0,0.5379102826118469,-116.40819139024575,0.48600149154663086,105.76068538753692,13,9,4,True,True,9.5,5.5,2017
2017_02_WAS_LA,Q3,away,WAS,LA,3.0,20.0,17.0,3.0,0.6064816117286682,-154.11773116698623,0.608411431312561,-155.370069497148,27,20,7,True,True,10.0,3.0,2017
2017_03_BAL_JAX,Q3,home,JAX,BAL,-3.0,37.0,0.0,37.0,0.9998947381973267,-949912.2310305776,0.9999748468399048,-3975543.6018957347,44,7,37,True,True,40.0,3.0,2017
2017_03_CIN_GB,Q3,away,CIN,GB,7.0,21.0,14.0,7.0,0.5865763425827026,-141.88262622586936,0.4868205785751343,105.41448821388788,24,27,-3,False,True,4.0,7.0,2017
2017_03_DEN_BUF,Q3,home,BUF,DEN,-3.5,20.0,16.0,4.0,0.786279022693634,-367.89978812726196,0.6864035129547119,-218.88112313438793,26,16,10,True,True,13.5,3.5,2017
2017_03_MIA_NYJ,Q3,home,NYJ,MIA,-5.5,20.0,0.0,20.0,0.9774962663650513,-4343.707058667726,0.9527571201324463,-2016.7210864441763,20,6,14,True,True,19.5,5.5,2017
2017_03_NO_CAR,Q3,away,NO,CAR,5.5,24.0,13.0,11.0,0.9312154650688171,-1353.8151649938086,0.9098567366600037,-1009.3452388430479,34,13,21,True,True,26.5,5.5,2017
2017_03_OAK_WAS,Q3,home,WAS,LV,-3.5,21.0,7.0,14.0,0.961725652217865,-2512.715978054527,0.9386242628097534,-1529.3083322165185,27,10,17,True,True,20.5,3.5,2017
2017_03_PIT_CHI,Q3,home,CHI,PIT,-7.0,17.0,14.0,3.0,0.6808234453201294,-213.30622044059135,0.49838221073150635,100.64921629771621,23,17,6,True,True,13.0,7.0,2017
2017_04_BUF_ATL,Q3,away,BUF,ATL,8.0,14.0,10.0,4.0,0.7758181095123291,-346.066360589905,0.6834805011749268,-215.93630209576983,23,17,6,True,True,14.0,8.0,2017
2017_04_CAR_NE,Q3,away,CAR,NE,9.0,23.0,16.0,7.0,0.8099334836006165,-426.13159800262605,0.7123523950576782,-247.64760172451878,33,30,3,True,True,12.0,9.0,2017
2017_04_DET_MIN,Q3,away,DET,MIN,2.5,14.0,7.0,7.0,0.783451497554779,-361.7903096572854,0.7744711637496948,-343.4022791170443,14,7,7,True,True,9.5,2.5,2017
2017_04_JAX_NYJ,Q3,home,NYJ,JAX,-4.0,20.0,10.0,10.0,0.8060598969459534,-415.62311468986024,0.706620991230011,-240.85601563403137,23,20,3,True,True,7.0,4.0,2017
2017_04_LA_DAL,Q3,away,LA,DAL,5.0,26.0,24.0,2.0,0.5658207535743713,-130.3196221911753,0.5135616660118103,-105.57590348631511,35,30,5,True,True,10.0,5.0,2017
2017_04_NYG_TB,Q3,away,NYG,TB,2.5,17.0,16.0,1.0,0.5807107090950012,-138.49881733005597,0.6089826822280884,-155.7431485894751,23,25,-2,False,True,0.5,2.5,2017
2017_04_PHI_LAC,Q3,away,PHI,LAC,1.5,19.0,10.0,9.0,0.7918885946273804,-380.511867290271,0.7787120640277863,-351.8999174566688,26,24,2,True,True,3.5,1.5,2017
2017_04_SF_ARI,Q3,away,SF,ARI,6.5,12.0,9.0,3.0,0.6048629283905029,-153.07673510023682,0.5257985889911652,-110.88085711777205,15,18,-3,False,True,3.5,6.5,2017
2017_04_TEN_HOU,Q3,home,HOU,TEN,-2.5,37.0,14.0,23.0,0.999256432056427,-134386.7014028056,0.9993637204170227,-157063.61592505855,57,14,43,True,True,45.5,2.5,2017
2017_05_BAL_OAK,Q3,away,BAL,LV,3.0,24.0,17.0,7.0,0.8735918402671814,-691.0881719294391,0.8595372438430786,-611.9324918292402,30,17,13,True,True,16.0,3.0,2017
2017_05_BUF_CIN,Q3,away,BUF,CIN,3.0,13.0,10.0,3.0,0.3737172484397888,167.58197652766736,0.3548048734664917,181.84505760303247,16,20,-4,False,False,-1.0,3.0,2017
2017_05_CAR_DET,Q3,away,CAR,DET,2.0,27.0,10.0,17.0,0.9750784635543823,-3912.5936945426365,0.9753214120864868,-3952.0957013607444,27,24,3,True,True,5.0,2.0,2017
2017_05_JAX_PIT,Q3,away,JAX,PIT,7.5,20.0,9.0,11.0,0.9049921035766602,-952.5440912239142,0.7939147055149078,-385.23598081004184,30,9,21,True,True,28.5,7.5,2017
2017_05_LAC_NYG,Q3,away,LAC,NYG,3.0,17.0,16.0,1.0,0.42366164922714233,136.03741377682715,0.44771522283554077,123.3562650978544,27,22,5,True,True,8.0,3.0,2017
2017_05_SEA_LA,Q3,away,SEA,LA,2.0,13.0,10.0,3.0,0.600955069065094,-150.59834682203356,0.6060734391212463,-153.85442346645652,16,10,6,True,True,8.0,2.0,2017
2017_05_SF_IND,Q3,home,IND,SF,-1.0,16.0,6.0,10.0,0.7965785264968872,-391.59018602069943,0.7179160118103027,-254.5043468853379,26,23,3,True,True,4.0,1.0,2017
2017_06_CHI_BAL,Q3,away,CHI,BAL,5.5,17.0,10.0,7.0,0.6633371114730835,-197.03303633362876,0.5721820592880249,-133.74428812774866,27,24,3,True,True,8.5,5.5,2017
2017_06_GB_MIN,Q3,home,MIN,GB,-3.0,17.0,10.0,7.0,0.8702925443649292,-670.9657051738637,0.8103793859481812,-427.3688227413521,23,10,13,True,True,16.0,3.0,2017
2017_06_IND_TEN,Q3,away,IND,TEN,7.0,19.0,15.0,4.0,0.6342939138412476,-173.44363078658242,0.5467694401741028,-120.63825536921811,22,36,-14,False,False,-7.0,7.0,2017
2017_06_LA_JAX,Q3,away,LA,JAX,1.0,24.0,17.0,7.0,0.7321003675460815,-273.27412167017826,0.7222407162189484,-260.0239698156288,27,17,10,True,True,11.0,1.0,2017
2017_06_NYG_DEN,Q3,away,NYG,DEN,14.0,20.0,3.0,17.0,0.9681060910224915,-3035.3949141361004,0.9205607026815414,-1158.82281661074,23,10,13,True,True,27.0,14.0,2017
2017_06_PHI_CAR,Q3,away,PHI,CAR,3.0,21.0,16.0,5.0,0.8155356645584106,-442.11021203968727,0.7937791347503662,-384.9169839286065,28,23,5,True,True,8.0,3.0,2017
2017_06_PIT_KC,Q3,away,PIT,KC,3.5,12.0,3.0,9.0,0.6870205402374268,-219.50978532540177,0.6510291695594788,-186.55690182977642,19,13,6,True,True,9.5,3.5,2017
2017_06_TB_ARI,Q3,home,ARI,TB,-2.5,31.0,6.0,25.0,0.9941474795341492,-16986.655327989898,0.9892197251319885,-9176.201323653815,38,33,5,True,True,7.5,2.5,2017
2017_07_CAR_CHI,Q3,home,CHI,CAR,-2.5,17.0,3.0,14.0,0.9275179505348206,-1279.6519377951674,0.8856081962585449,-774.188505900449,17,3,14,True,True,16.5,2.5,2017
2017_07_DEN_LAC,Q3,home,LAC,DEN,-1.0,14.0,0.0,14.0,0.9260237812995911,-1251.785773276449,0.887336015701294,-787.5950963607853,21,0,21,True,True,22.0,1.0,2017
2017_07_NYJ_MIA,Q3,away,NYJ,MIA,3.0,28.0,14.0,14.0,0.9221308827400208,-1184.206159241963,0.9071511328220367,-977.0190637687607,28,31,-3,False,False,0.0,3.0,2017
2017_08_ATL_NYJ,Q3,home,NYJ,ATL,-6.5,17.0,16.0,1.0,0.7046714425086975,-238.60592707139412,0.5461571216583252,-120.34057329575452,20,25,-5,False,True,1.5,6.5,2017
2017_08_CAR_TB,Q3,away,CAR,TB,1.5,10.0,3.0,7.0,0.8189965486526489,-452.47565311943686,0.8042606115341187,-410.88337806588504,17,3,14,True,True,15.5,1.5,2017
2017_08_IND_CIN,Q3,away,IND,CIN,11.0,20.0,17.0,3.0,0.7021427154541016,-235.73125516287467,0.5649203658103943,-129.8429807827329,23,24,-1,False,True,10.0,11.0,2017
2017_09_ATL_CAR,Q3,home,CAR,ATL,-3.0,17.0,10.0,7.0,0.8238368034362793,-467.6554578403588,0.761012852191925,-318.43254299309723,20,17,3,True,True,6.0,3.0,2017
2017_09_BUF_NYJ,Q3,home,NYJ,BUF,-3.0,24.0,7.0,17.0,0.9867334961891174,-7437.780972705829,0.9729548096656799,-3597.5151131808093,34,21,13,True,True,16.0,3.0,2017
2017_09_IND_HOU,Q3,away,IND,HOU,6.0,17.0,7.0,10.0,0.85027015209198,-567.8695089667801,0.791463777422905,-379.53299798086823,20,14,6,True,True,12.0,6.0,2017
2017_09_WAS_SEA,Q3,away,WAS,SEA,8.0,10.0,2.0,8.0,0.7963933348655701,-391.143057296163,0.6933407783508301,-226.09487320229323,17,14,3,True,True,11.0,8.0,2017
2017_10_GB_CHI,Q3,away,GB,CHI,4.5,13.0,6.0,7.0,0.8422625064849854,-533.9646825342844,0.8068451881408691,-417.7194346725915,23,16,7,True,True,11.5,4.5,2017
2017_10_NYG_SF,Q3,home,SF,NYG,-3.0,17.0,13.0,4.0,0.8336244821548462,-501.0499699425146,0.7436115741729736,-290.03320714432505,31,21,10,True,True,13.0,3.0,2017
2017_10_PIT_IND,Q3,home,IND,PIT,-10.5,17.0,9.0,8.0,0.8384056687355042,-518.833589133279,0.6634961366653442,-197.17340837941347,17,20,-3,False,True,7.5,10.5,2017
2017_11_ARI_HOU,Q3,away,ARI,HOU,2.5,21.0,17.0,4.0,0.4628782272338867,116.03954153901307,0.46181201934814453,116.53832254334067,21,31,-10,False,False,-7.5,2.5,2017
2017_11_ATL_SEA,Q3,away,ATL,SEA,1.0,31.0,23.0,8.0,0.8659900426864624,-646.2132068741288,0.8488703370094299,-561.683471141199,34,31,3,True,True,4.0,1.0,2017
2017_11_CIN_DEN,Q3,away,CIN,DEN,2.5,13.0,10.0,3.0,0.6500514149665833,-185.75626328207886,0.6205631792545319,-163.5484869484543,20,17,3,True,True,5.5,2.5,2017
2017_11_KC_NYG,Q3,home,NYG,KC,-10.0,6.0,3.0,3.0,0.4586038589477539,118.05311501182206,0.3275275230407715,205.3178525932666,12,9,3,True,True,13.0,10.0,2017
2017_11_WAS_NO,Q3,away,WAS,NO,9.5,24.0,13.0,11.0,0.8805707097053528,-737.3155341816678,0.7632455974817276,-322.37862923069457,31,34,-3,False,True,6.5,9.5,2017
2017_12_BUF_KC,Q3,away,BUF,KC,8.5,16.0,10.0,6.0,0.7795201539993286,-353.5561948809393,0.7132774591445923,-248.76923070526686,16,10,6,True,True,14.5,8.5,2017
2017_12_JAX_ARI,Q3,home,ARI,JAX,-6.5,16.0,10.0,6.0,0.8390129804611206,-521.1680934676187,0.7525911927223206,-304.1893297992619,27,24,3,True,True,9.5,6.5,2017
2017_12_TEN_IND,Q3,home,IND,TEN,-3.0,16.0,13.0,3.0,0.7434563636779785,-289.7972346290317,0.6587837934494019,-193.0693152324558,16,20,-4,False,False,-1.0,3.0,2017
2017_13_DEN_MIA,Q3,home,MIA,DEN,-1.0,26.0,9.0,17.0,0.9821116328239441,-5490.225145526578,0.9647029638290405,-2733.099060092606,35,9,26,True,True,27.0,1.0,2017
2017_13_KC_NYJ,Q3,home,NYJ,KC,-3.5,27.0,24.0,3.0,0.7197467684745789,-256.8201496043382,0.598202645778656,-148.88167866061042,38,31,7,True,True,10.5,3.5,2017
2017_13_PHI_SEA,Q3,home,SEA,PHI,-3.5,17.0,3.0,14.0,0.9572027921676636,-2236.601032286099,0.9148827195167542,-1074.849565590663,24,10,14,True,True,17.5,3.5,2017
2017_13_PIT_CIN,Q3,home,CIN,PIT,-4.5,20.0,10.0,10.0,0.8866319060325623,-782.0823963814951,0.8127593398094177,-434.0720327423292,20,23,-3,False,True,1.5,4.5,2017
2017_13_WAS_DAL,Q3,home,DAL,WAS,-1.5,17.0,7.0,10.0,0.9227837324142456,-1195.063891672083,0.889080822467804,-801.5573521627801,38,14,24,True,True,25.5,1.5,2017
2017_14_BAL_PIT,Q3,away,BAL,PIT,6.0,31.0,20.0,11.0,0.817309558391571,-447.37401212448657,0.7122826278209686,-247.56330228741024,38,39,-1,False,True,5.0,6.0,2017
2017_14_CHI_CIN,Q3,away,CHI,CIN,6.0,19.0,7.0,12.0,0.9550343155860901,-2123.9181122986643,0.9471747875213623,-1793.035452350326,33,7,26,True,True,32.0,6.0,2017
2017_14_GB_CLE,Q3,home,CLE,GB,-2.5,21.0,7.0,14.0,0.8631466627120972,-630.7092540215277,0.7947115898132324,-387.11955978918564,21,27,-6,False,False,-3.5,2.5,2017
2017_14_MIN_CAR,Q3,home,CAR,MIN,-2.5,24.0,13.0,11.0,0.8537319898605347,-583.6764915626516,0.7871162295341492,-369.7398950665487,31,24,7,True,True,9.5,2.5,2017
2017_14_NE_MIA,Q3,home,MIA,NE,-10.0,27.0,10.0,17.0,0.9429728388786316,-1653.550379040864,0.8666588068008423,-649.9557908608222,27,20,7,True,True,17.0,10.0,2017
2017_14_NO_ATL,Q3,away,NO,ATL,2.5,17.0,10.0,7.0,0.6976804733276367,-230.7758552704216,0.6588571965694427,-193.13237446134758,17,20,-3,False,False,-0.5,2.5,2017
2017_14_NYJ_DEN,Q3,home,DEN,NYJ,-1.0,20.0,0.0,20.0,0.9915267825126648,-11701.892274035046,0.9894894957542419,-9414.291385245297,23,0,23,True,True,24.0,1.0,2017
2017_14_SF_HOU,Q3,away,SF,HOU,1.0,23.0,16.0,7.0,0.7390882968902588,-283.2714240416396,0.7299848794937134,-270.3496300966292,26,16,10,True,True,11.0,1.0,2017
2017_15_NE_PIT,Q3,home,PIT,NE,-2.5,24.0,16.0,8.0,0.86421138048172,-636.4387409987468,0.7829129099845886,-360.64461959898597,24,27,-3,False,False,-0.5,2.5,2017
2017_16_DET_CIN,Q3,home,CIN,DET,-3.0,13.0,10.0,3.0,0.794366717338562,-386.3025999766953,0.7270881533622742,-266.4186851248859,26,17,9,True,True,12.0,3.0,2017
2017_16_JAX_SF,Q3,home,SF,JAX,-4.0,23.0,19.0,4.0,0.808327853679657,-421.7242146016839,0.7207393646240234,-258.08842111014735,44,33,11,True,True,15.0,4.0,2017
2017_16_SEA_DAL,Q3,away,SEA,DAL,4.5,14.0,12.0,2.0,0.7144427299499512,-250.19244995048902,0.6669119596481323,-200.22092625830084,21,12,9,True,True,13.5,4.5,2017
2017_16_TB_CAR,Q3,away,TB,CAR,10.0,16.0,15.0,1.0,0.6106210350990295,-156.81921473450083,0.47987687587738037,108.38678633381849,19,22,-3,False,True,7.0,10.0,2017
2017_17_ARI_SEA,Q3,away,ARI,SEA,8.0,23.0,14.0,9.0,0.8232042193412781,-465.62435838350234,0.7165089249610901,-252.74479094720965,26,24,2,True,True,10.0,8.0,2017
2017_17_CIN_BAL,Q3,away,CIN,BAL,8.0,24.0,17.0,7.0,0.7012962102890015,-234.77981681033194,0.5885594487190247,-143.04847854364596,31,27,4,True,True,12.0,8.0,2017
2017_17_KC_DEN,Q3,away,KC,DEN,3.0,24.0,10.0,14.0,0.959030032157898,-2340.8122648618923,0.9503952860832214,-1915.9374402958802,27,24,3,True,True,6.0,3.0,2017
2017_17_WAS_NYG,Q3,home,NYG,WAS,-5.0,15.0,10.0,5.0,0.8537814617156982,-583.9078079522571,0.7681577205657959,-331.327712288041,18,10,8,True,True,13.0,5.0,2017
2018_01_ATL_PHI,Q1,away,ATL,PHI,1.0,3.0,0.0,3.0,0.4900345802307129,104.06723124094438,0.537948489189148,-116.42608596714783,12,18,-6,False,False,-5.0,1.0,2018
2018_01_CHI_GB,Q1,away,CHI,GB,6.5,7.0,0.0,7.0,0.7354278564453125,-277.968740988523,0.5920615196228027,-145.13500150202978,23,24,-1,False,True,5.5,6.5,2018
2018_01_KC_LAC,Q1,away,KC,LAC,3.5,14.0,6.0,8.0,0.8005110621452332,-401.280928533504,0.7372709512710571,-280.62026442751613,38,28,10,True,True,13.5,3.5,2018
2018_01_TB_NO,Q1,away,TB,NO,10.0,14.0,10.0,4.0,0.49733108282089233,101.07329594762885,0.2793707847595215,257.9472351988366,48,40,8,True,True,18.0,10.0,2018
2018_02_DET_SF,Q1,away,DET,SF,6.0,7.0,3.0,4.0,0.5327817797660828,-114.03274887253765,0.39899587631225586,150.629156682661,27,30,-3,False,True,3.0,6.0,2018
2018_02_HOU_TEN,Q1,home,TEN,HOU,-3.5,14.0,0.0,14.0,0.8564401865005493,-596.5737664488024,0.7005860805511475,-233.9858086226433,20,17,3,True,True,6.5,3.5,2018
2018_02_IND_WAS,Q1,away,IND,WAS,6.0,7.0,0.0,7.0,0.662642776966095,-196.42169537881753,0.5030723810195923,-101.23655071774685,21,9,12,True,True,18.0,6.0,2018
2018_02_KC_PIT,Q1,away,KC,PIT,4.5,21.0,0.0,21.0,0.9063630104064941,-967.9540257981066,0.7834943532943726,-361.8817177362829,42,37,5,True,True,9.5,4.5,2018
2018_02_MIA_NYJ,Q1,away,MIA,NYJ,3.0,7.0,0.0,7.0,0.6618951559066772,-195.7662445451337,0.6312365233898163,-171.17653005996857,20,12,8,True,True,11.0,3.0,2018
2018_02_NE_JAX,Q1,home,JAX,NE,-2.0,14.0,0.0,14.0,0.884453535079956,-765.4526996494284,0.7922288179397583,-381.2987008516212,31,20,11,True,True,13.0,2.0,2018
2018_02_OAK_DEN,Q1,away,LV,DEN,5.5,3.0,0.0,3.0,0.611441433429718,-157.36146003079338,0.49906492233276367,100.37473187370715,19,20,-1,False,True,4.5,5.5,2018
2018_02_PHI_TB,Q1,home,TB,PHI,-3.0,7.0,0.0,7.0,0.6946476697921753,-227.490541604642,0.5475071668624878,-120.99797538585563,27,21,6,True,True,9.0,3.0,2018
2018_03_BUF_MIN,Q1,away,BUF,MIN,16.5,17.0,0.0,17.0,0.9119651317596436,-1035.9135533317988,0.5833137631416321,-139.9887280990039,27,6,21,True,True,37.5,16.5,2018
2018_03_CHI_ARI,Q1,home,ARI,CHI,-6.0,14.0,0.0,14.0,0.8501203656196594,-567.2020545915931,0.6624056696891785,-196.21350544581261,14,16,-2,False,True,4.0,6.0,2018
2018_03_DEN_BAL,Q1,away,DEN,BAL,5.5,14.0,10.0,4.0,0.5930202007293701,-145.71244120522766,0.4409354329109192,126.79057416599743,14,27,-13,False,False,-7.5,5.5,2018
2018_03_GB_WAS,Q1,home,WAS,GB,-2.5,14.0,0.0,14.0,0.7986122369766235,-396.5545001281548,0.6596705317497253,-193.83291583337436,31,17,14,True,True,16.5,2.5,2018
2018_03_NE_DET,Q1,home,DET,NE,-7.0,3.0,0.0,3.0,0.7889429330825806,-373.80550417260906,0.534698486328125,-114.91440939201155,26,10,16,True,True,23.0,7.0,2018
2018_03_NYG_HOU,Q1,away,NYG,HOU,6.5,7.0,3.0,4.0,0.7143946886062622,-250.1335444778868,0.5227062106132507,-109.51456361601721,27,22,5,True,True,11.5,6.5,2018
2018_03_OAK_MIA,Q1,away,LV,MIA,3.0,7.0,0.0,7.0,0.6385056972503662,-176.629532580099,0.627221405506134,-168.2557461105656,20,28,-8,False,False,-5.0,3.0,2018
2018_03_TEN_JAX,Q1,away,TEN,JAX,10.0,3.0,0.0,3.0,0.5063329935073853,-102.56569445561276,0.28123939037323,255.5689687255082,9,6,3,True,True,13.0,10.0,2018
2018_04_BAL_PIT,Q1,away,BAL,PIT,3.0,14.0,0.0,14.0,0.7439353466033936,-290.52637165471924,0.6869770288467407,-219.4653722427258,26,14,12,True,True,15.0,3.0,2018
2018_04_CIN_ATL,Q1,away,CIN,ATL,3.5,14.0,7.0,7.0,0.670890748500824,-203.85046772302712,0.5763626396656036,-136.05094678397916,37,36,1,True,True,4.5,3.5,2018
2018_04_DET_DAL,Q1,away,DET,DAL,2.5,7.0,3.0,4.0,0.569706916809082,-132.39973847227918,0.5543004274368286,-124.36638075488948,24,26,-2,False,True,0.5,2.5,2018
2018_04_NO_NYG,Q1,home,NYG,NO,-3.5,7.0,0.0,7.0,0.762843906879425,-321.6632121239996,0.5598392486572266,-127.18972487877593,18,33,-15,False,False,-11.5,3.5,2018
2018_04_PHI_TEN,Q1,home,TEN,PHI,-3.0,3.0,0.0,3.0,0.5825999975204468,-139.578340694664,0.43858563899993896,128.00564156186135,26,23,3,True,True,6.0,3.0,2018
2018_04_SF_LAC,Q1,away,SF,LAC,10.0,14.0,6.0,8.0,0.7683830261230469,-331.74728659189356,0.5193195939064026,-108.0384362089603,27,29,-2,False,True,8.0,10.0,2018
2018_05_ARI_SF,Q1,away,ARI,SF,3.0,7.0,6.0,1.0,0.48062872886657715,108.06080451291555,0.44718027114868164,123.62346116730023,28,18,10,True,True,13.0,3.0,2018
2018_05_DAL_HOU,Q1,away,DAL,HOU,3.5,6.0,0.0,6.0,0.49057650566101074,103.84180417539233,0.4333488345146179,130.7609759975638,16,19,-3,False,True,0.5,3.5,2018
2018_05_MIN_PHI,Q1,away,MIN,PHI,3.5,3.0,0.0,3.0,0.48674386739730835,105.44686168254124,0.4488604664802551,122.78638344818208,23,21,2,True,True,5.5,3.5,2018
2018_05_TEN_BUF,Q1,home,BUF,TEN,-6.0,7.0,3.0,4.0,0.7476775050163269,-296.31821176495043,0.4842393398284912,106.50945054447287,13,12,1,True,True,7.0,6.0,2018
2018_06_CAR_WAS,Q1,home,WAS,CAR,-1.0,14.0,0.0,14.0,0.8723588585853577,-683.4464569315463,0.7820409536361694,-358.80178716268506,23,17,6,True,True,7.0,1.0,2018
2018_06_CHI_MIA,Q1,home,MIA,CHI,-7.5,7.0,0.0,7.0,0.75865638256073,-314.34698402647126,0.4585219621658325,118.0920615615643,31,28,3,True,True,10.5,7.5,2018
2018_06_JAX_DAL,Q1,home,DAL,JAX,-3.0,10.0,0.0,10.0,0.7803030014038086,-355.1723539191471,0.6544481515884399,-189.392172143434,40,7,33,True,True,36.0,3.0,2018
2018_06_LAC_CLE,Q1,away,LAC,CLE,1.0,7.0,0.0,7.0,0.6249731779098511,-166.647594544483,0.6127747297286987,-158.24760850431352,38,14,24,True,True,25.0,1.0,2018
2018_07_DAL_WAS,Q1,home,WAS,DAL,-1.5,7.0,0.0,7.0,0.818462610244751,-450.8507097894337,0.6928851008415222,-225.6110344174409,20,17,3,True,True,4.5,1.5,2018
2018_07_HOU_JAX,Q1,away,HOU,JAX,4.0,6.0,0.0,6.0,0.7074481844902039,-241.8197895157191,0.6272931694984436,-168.30739824496564,20,7,13,True,True,17.0,4.0,2018
2018_07_NE_CHI,Q1,home,CHI,NE,-1.0,10.0,7.0,3.0,0.644096851348877,-180.97531696193508,0.5180425047874451,-107.48717676005344,31,38,-7,False,False,-6.0,1.0,2018
2018_08_CLE_PIT,Q1,away,CLE,PIT,8.5,6.0,0.0,6.0,0.7569105625152588,-311.3712263054499,0.4892072081565857,104.41236010568338,18,33,-15,False,False,-6.5,8.5,2018
2018_08_DEN_KC,Q1,away,DEN,KC,8.5,7.0,3.0,4.0,0.6547195911407471,-189.61967558594708,0.37383413314819336,167.4983131097837,23,30,-7,False,True,1.5,8.5,2018
2018_08_GB_LA,Q1,away,GB,LA,7.5,7.0,0.0,7.0,0.7313389778137207,-272.21625670233556,0.5209097862243652,-108.72895568439125,27,29,-2,False,True,5.5,7.5,2018
2018_08_PHI_JAX,Q1,home,JAX,PHI,-4.0,3.0,0.0,3.0,0.643926739692688,-180.84108285383226,0.44132915139198303,126.5882498008414,18,24,-6,False,False,-2.0,4.0,2018
2018_09_ATL_WAS,Q1,away,ATL,WAS,1.5,7.0,0.0,7.0,0.6513770222663879,-186.8428255937033,0.6446572840213776,-181.41846027319733,38,14,24,True,True,25.5,1.5,2018
2018_09_HOU_DEN,Q1,away,HOU,DEN,1.0,7.0,3.0,4.0,0.6412937045097351,-178.77960676247443,0.6736218929290771,-206.39310000737802,19,17,2,True,True,3.0,1.0,2018
2018_09_LA_NO,Q1,home,NO,LA,-2.5,14.0,7.0,7.0,0.6222333908081055,-164.71370832355086,0.46675485372543335,114.24522787892549,45,35,10,True,True,12.5,2.5,2018
2018_09_OAK_SF,Q1,home,SF,LV,-1.5,7.0,3.0,4.0,0.7879951000213623,-371.68721105067067,0.6906699538230896,-223.27929742333706,34,3,31,True,True,32.5,1.5,2018
2018_09_PIT_BAL,Q1,away,PIT,BAL,1.5,7.0,3.0,4.0,0.6003015041351318,-150.188582230263,0.5639377534389496,-129.3250580361802,23,16,7,True,True,8.5,1.5,2018
2018_10_ATL_CLE,Q1,home,CLE,ATL,-5.5,7.0,0.0,7.0,0.6485086679458618,-184.50203712163685,0.3911837339401245,155.63435113410475,28,16,12,True,True,17.5,5.5,2018
2018_10_BUF_NYJ,Q1,away,BUF,NYJ,6.5,14.0,0.0,14.0,0.8645795583724976,-638.4409532134554,0.712741494178772,-248.11849944744137,41,10,31,True,True,37.5,6.5,2018
2018_10_DAL_PHI,Q1,away,DAL,PHI,7.5,3.0,0.0,3.0,0.6064879894256592,-154.12184968394598,0.4095994234085083,144.14096867579423,27,20,7,True,True,14.5,7.5,2018
2018_10_LAC_OAK,Q1,home,LV,LAC,-10.5,3.0,0.0,3.0,0.6576977968215942,-192.1395161102151,0.2506366968154907,298.9838729546305,6,20,-14,False,False,-3.5,10.5,2018
2018_10_NE_TEN,Q1,home,TEN,NE,-6.0,17.0,3.0,14.0,0.8151445388793945,-440.96319034230146,0.5737721920013428,-134.61632048257874,34,10,24,True,True,30.0,6.0,2018
2018_10_NYG_SF,Q1,away,NYG,SF,3.0,7.0,3.0,4.0,0.48515409231185913,106.12007934114172,0.48245638608932495,107.27262169866974,27,23,4,True,True,7.0,3.0,2018
2018_10_SEA_LA,Q1,away,SEA,LA,10.0,14.0,7.0,7.0,0.5679665803909302,-131.46357541156445,0.297979474067688,235.5935851382983,31,36,-5,False,True,5.0,10.0,2018
2018_10_WAS_TB,Q1,away,WAS,TB,3.5,3.0,0.0,3.0,0.5420869588851929,-118.38207480736104,0.48458826541900635,106.36075434788651,16,3,13,True,True,16.5,3.5,2018
2018_11_DAL_ATL,Q1,away,DAL,ATL,3.5,3.0,0.0,3.0,0.47279834747314453,111.50666142224642,0.4208846688270569,137.59477929829367,22,19,3,True,True,6.5,3.5,2018
2018_11_GB_SEA,Q1,away,GB,SEA,3.0,14.0,3.0,11.0,0.7643343806266785,-324.33003280630624,0.7021338045597076,-235.72121150634268,24,27,-3,False,False,0.0,3.0,2018
2018_12_ARI_LAC,Q1,away,ARI,LAC,14.0,10.0,0.0,10.0,0.6526186466217041,-187.8680707167972,0.3090131878852844,223.61078400680813,10,45,-35,False,False,-21.0,14.0,2018
2018_12_JAX_BUF,Q1,home,BUF,JAX,-3.0,14.0,0.0,14.0,0.830435037612915,-489.74447664322764,0.7102641463279724,-245.14195855510874,24,21,3,True,True,6.0,3.0,2018
2018_12_NYG_PHI,Q1,away,NYG,PHI,4.5,9.0,0.0,9.0,0.6976616978645325,-230.7553138113258,0.6030289530754089,-151.90754029725517,22,25,-3,False,True,1.5,4.5,2018
2018_12_OAK_BAL,Q1,away,LV,BAL,13.0,7.0,3.0,4.0,0.5132181644439697,-105.43083717529072,0.20708632469177246,382.8904088613293,17,34,-17,False,False,-4.0,13.0,2018
2018_12_PIT_DEN,Q1,home,DEN,PIT,-3.0,3.0,0.0,3.0,0.48449432849884033,106.40076491677519,0.369587242603302,170.57210983696052,24,17,7,True,True,10.0,3.0,2018
2018_12_TEN_HOU,Q1,away,TEN,HOU,3.5,10.0,7.0,3.0,0.3674668073654175,172.13342265375738,0.3509039878845215,184.97823750270078,17,34,-17,False,False,-13.5,3.5,2018
2018_13_BAL_ATL,Q1,away,BAL,ATL,2.5,7.0,3.0,4.0,0.6003015041351318,-150.188582230263,0.5466734766960144,-120.591549047624,26,16,10,True,True,12.5,2.5,2018
2018_13_CAR_TB,Q1,home,TB,CAR,-3.5,10.0,7.0,3.0,0.5946438312530518,-146.6966280767939,0.43532419204711914,129.71385883644177,24,17,7,True,True,10.5,3.5,2018
2018_13_NO_DAL,Q1,home,DAL,NO,-7.0,10.0,0.0,10.0,0.7924776077270508,-381.875709434153,0.5483424663543701,-121.40669102280471,13,10,3,True,True,10.0,7.0,2018
2018_13_NYJ_TEN,Q1,away,NYJ,TEN,10.5,10.0,0.0,10.0,0.7967312335968018,-391.95949662843327,0.5031731128692627,-101.27735150872691,22,26,-4,False,True,6.5,10.5,2018
2018_14_DEN_SF,Q1,home,SF,DEN,-3.0,3.0,0.0,3.0,0.7251941561698914,-263.89328045666423,0.5948761701583862,-146.8381088298256,20,14,6,True,True,9.0,3.0,2018
2018_14_NE_MIA,Q1,home,MIA,NE,-8.5,7.0,6.0,1.0,0.41407012939453125,141.50498406205665,0.16606217622756958,502.18408713951345,34,33,1,True,True,9.5,8.5,2018
2018_14_NO_TB,Q1,home,TB,NO,-8.5,7.0,0.0,7.0,0.7747780680656433,-344.0064923568192,0.42342567443847656,136.16895723816089,14,28,-14,False,False,-5.5,8.5,2018
2018_14_PIT_OAK,Q1,home,LV,PIT,-10.5,7.0,0.0,7.0,0.650661289691925,-186.2551359161198,0.25766700506210327,288.0978085490529,24,21,3,True,True,13.5,10.5,2018
2018_15_NO_CAR,Q1,home,CAR,NO,-6.0,7.0,3.0,4.0,0.5651049613952637,-129.94053995379593,0.35140514373779297,184.5718162697605,9,12,-3,False,True,3.0,6.0,2018
2018_15_SEA_SF,Q1,home,SF,SEA,-3.5,7.0,6.0,1.0,0.5328325629234314,-114.05601517472638,0.3797372579574585,163.3399749550066,26,23,3,True,True,6.5,3.5,2018
2018_15_WAS_JAX,Q1,away,WAS,JAX,7.5,3.0,0.0,3.0,0.5733424425125122,-134.3800039284025,0.3997403383255005,150.1623939652846,16,13,3,True,True,10.5,7.5,2018
2018_16_BAL_LAC,Q1,away,BAL,LAC,4.0,3.0,0.0,3.0,0.6708201766014099,-203.78532611008234,0.632383406162262,-172.02254108294935,22,10,12,True,True,16.0,4.0,2018
2018_16_DEN_OAK,Q1,home,LV,DEN,-2.5,7.0,0.0,7.0,0.6790497303009033,-211.5747498631295,0.5441835522651672,-119.38655460316808,27,14,13,True,True,15.5,2.5,2018
2018_16_GB_NYJ,Q1,home,NYJ,GB,-3.0,7.0,0.0,7.0,0.6959339380264282,-228.87590068730395,0.541828989982605,-118.25911682234845,38,44,-6,False,False,-3.0,3.0,2018
2018_16_KC_SEA,Q1,home,SEA,KC,-1.0,7.0,3.0,4.0,0.6747863292694092,-207.49014878541396,0.5304059982299805,-112.9499091195256,38,31,7,True,True,8.0,1.0,2018
2018_16_MIN_DET,Q1,home,DET,MIN,-6.5,3.0,0.0,3.0,0.6917767524719238,-224.44016083144723,0.4583970904350281,118.15147191509872,9,27,-18,False,False,-11.5,6.5,2018
2018_16_NYG_IND,Q1,away,NYG,IND,10.0,14.0,0.0,14.0,0.8118830919265747,-431.5843271300646,0.5915947556495667,-144.85483813766774,27,28,-1,False,True,9.0,10.0,2018
2018_17_ATL_TB,Q1,home,TB,ATL,-2.5,7.0,0.0,7.0,0.7757839560508728,-345.9984140237939,0.6379638314247131,-176.21549635089733,32,34,-2,False,True,0.5,2.5,2018
2018_17_CAR_NO,Q1,away,CAR,NO,8.0,13.0,0.0,13.0,0.7926973104476929,-382.3864090521978,0.6036355495452881,-152.29305979706137,33,14,19,True,True,27.0,8.0,2018
2018_17_CHI_MIN,Q1,away,CHI,MIN,6.0,7.0,0.0,7.0,0.7125548720359802,-247.89248545731917,0.5475408434867859,-121.01442430877071,24,10,14,True,True,20.0,6.0,2018
2018_17_DET_GB,Q1,away,DET,GB,7.5,7.0,0.0,7.0,0.6527625918388367,-187.98740472566536,0.4551360011100769,119.71454632483469,31,0,31,True,True,38.5,7.5,2018
2018_01_ATL_PHI,H1,away,ATL,PHI,1.0,6.0,3.0,3.0,0.5506046414375305,-122.52121232377885,0.5761050581932068,-135.9075094733707,12,18,-6,False,False,-5.0,1.0,2018
2018_01_CHI_GB,H1,away,CHI,GB,6.5,17.0,0.0,17.0,0.9162692427635193,-1094.3042592767922,0.823798656463623,-467.5325624254102,23,24,-1,False,True,5.5,6.5,2018
2018_01_CIN_IND,H1,home,IND,CIN,-1.0,16.0,10.0,6.0,0.7503747344017029,-300.6004751174601,0.6834853291511536,-215.94112124981285,23,34,-11,False,False,-10.0,1.0,2018
2018_01_KC_LAC,H1,away,KC,LAC,3.5,17.0,12.0,5.0,0.7004455924034119,-233.82917247764436,0.6319049596786499,-171.66896873345306,38,28,10,True,True,13.5,3.5,2018
2018_01_LA_OAK,H1,home,LV,LA,-6.0,13.0,10.0,3.0,0.6287232637405396,-169.34087227624383,0.4162442088127136,140.2435826920882,13,33,-20,False,False,-14.0,6.0,2018
2018_01_NYJ_DET,H1,away,NYJ,DET,7.0,17.0,10.0,7.0,0.7069733738899231,-241.2659160960837,0.5629414021968842,-128.80227160076953,48,17,31,True,True,38.0,7.0,2018
2018_01_TB_NO,H1,away,TB,NO,10.0,31.0,24.0,7.0,0.7313575148582458,-272.2419406120114,0.5741090178489685,-134.80187228885143,48,40,8,True,True,18.0,10.0,2018
2018_01_TEN_MIA,H1,home,MIA,TEN,-1.0,7.0,3.0,4.0,0.6962094306945801,-229.17414200393975,0.5907531380653381,-144.3512933178348,27,20,7,True,True,8.0,1.0,2018
2018_01_WAS_ARI,H1,away,WAS,ARI,2.0,21.0,0.0,21.0,0.9193190336227417,-1139.449705304809,0.9198915064334869,-1148.307083904546,24,6,18,True,True,20.0,2.0,2018
2018_02_CLE_NO,H1,away,CLE,NO,10.0,6.0,3.0,3.0,0.5506046414375305,-122.52121232377885,0.3451525568962097,189.72695697013435,18,21,-3,False,True,7.0,10.0,2018
2018_02_HOU_TEN,H1,home,TEN,HOU,-3.5,14.0,7.0,7.0,0.7868565320968628,-369.1675564059269,0.666599690914154,-199.93973393183444,20,17,3,True,True,6.5,3.5,2018
2018_02_IND_WAS,H1,away,IND,WAS,6.0,14.0,3.0,11.0,0.7993437051773071,-398.3646293696572,0.6920375227928162,-224.71488379645785,21,9,12,True,True,18.0,6.0,2018
2018_02_MIA_NYJ,H1,away,MIA,NYJ,3.0,20.0,0.0,20.0,0.9263617396354675,-1257.9897122089612,0.9060408398509026,-964.2921865342001,20,12,8,True,True,11.0,3.0,2018
2018_02_MIN_GB,H1,home,GB,MIN,-2.0,17.0,7.0,10.0,0.817753255367279,-448.706646044781,0.7369672060012817,-280.18073138244233,29,29,0,False,True,2.0,2.0,2018
2018_02_NE_JAX,H1,home,JAX,NE,-2.0,21.0,3.0,18.0,0.946153461933136,-1757.129605543533,0.8946571946144104,-849.2817248787597,31,20,11,True,True,13.0,2.0,2018
2018_02_OAK_DEN,H1,away,LV,DEN,5.5,12.0,0.0,12.0,0.811280369758606,-429.88658292774596,0.7155071794986725,-251.50271920318417,19,20,-1,False,True,4.5,5.5,2018
2018_02_PHI_TB,H1,home,TB,PHI,-3.0,20.0,7.0,13.0,0.8822607398033142,-749.3343667434974,0.7981939911842346,-395.5253839408366,27,21,6,True,True,9.0,3.0,2018
2018_03_BUF_MIN,H1,away,BUF,MIN,16.5,27.0,0.0,27.0,0.9890382289886475,-9022.61348065337,0.9847112940624356,-6440.7759432601715,27,6,21,True,True,37.5,16.5,2018
2018_03_CHI_ARI,H1,home,ARI,CHI,-6.0,14.0,3.0,11.0,0.8392153382301331,-521.9498731982982,0.6789571642875671,-211.48491377509768,14,16,-2,False,True,4.0,6.0,2018
2018_03_GB_WAS,H1,home,WAS,GB,-2.5,28.0,10.0,18.0,0.9169089794158936,-1103.499479210006,0.8740655183792114,-694.0636965586441,31,17,14,True,True,16.5,2.5,2018
2018_03_NE_DET,H1,home,DET,NE,-7.0,13.0,3.0,10.0,0.8532896637916565,-581.6152330125526,0.6870520710945129,-219.54197731789702,26,10,16,True,True,23.0,7.0,2018
2018_03_NO_ATL,H1,away,NO,ATL,1.5,16.0,14.0,2.0,0.5087411403656006,-103.5586698109041,0.5227130651473999,-109.5175725496925,43,37,6,True,True,7.5,1.5,2018
2018_03_NYG_HOU,H1,away,NYG,HOU,6.5,20.0,6.0,14.0,0.8951838612556458,-854.0515534911968,0.8038029074668884,-409.69154898726805,27,22,5,True,True,11.5,6.5,2018
2018_03_NYJ_CLE,H1,away,NYJ,CLE,3.0,14.0,3.0,11.0,0.8531333804130554,-580.889914136005,0.804050624370575,-410.3358950687227,17,21,-4,False,False,-1.0,3.0,2018
2018_03_OAK_MIA,H1,away,LV,MIA,3.0,10.0,7.0,3.0,0.5506046414375305,-122.52121232377885,0.5378367900848389,-116.373778471802,20,28,-8,False,False,-5.0,3.0,2018
2018_03_PIT_TB,H1,away,PIT,TB,1.0,30.0,10.0,20.0,0.9263617396354675,-1257.9897122089612,0.9222098514437675,-1185.5098216930726,30,27,3,True,True,4.0,1.0,2018
2018_04_CIN_ATL,H1,away,CIN,ATL,3.5,28.0,24.0,4.0,0.6154525876045227,-160.0459573425961,0.5701364278793335,-132.63194763553753,37,36,1,True,True,4.5,3.5,2018
2018_04_CLE_OAK,H1,away,CLE,LV,2.5,17.0,14.0,3.0,0.5896167755126953,-143.67467779642033,0.5985202789306641,-149.07858293228688,42,45,-3,False,False,-0.5,2.5,2018
2018_04_KC_DEN,H1,home,DEN,KC,-3.5,13.0,10.0,3.0,0.6287232637405396,-169.34087227624383,0.4942575693130493,102.32365917832351,23,27,-4,False,False,-0.5,3.5,2018
2018_04_SEA_ARI,H1,home,ARI,SEA,-3.5,10.0,7.0,3.0,0.6789292693138123,-211.45785162752594,0.5283975601196289,-112.04300814339823,17,20,-3,False,True,0.5,3.5,2018
2018_05_ARI_SF,H1,away,ARI,SF,3.0,14.0,6.0,8.0,0.8325953483581543,-497.35496606118954,0.7975792288780212,-394.0204478311171,28,18,10,True,True,13.0,3.0,2018
2018_05_BAL_CLE,H1,home,CLE,BAL,-3.0,6.0,3.0,3.0,0.6789292693138123,-211.45785162752594,0.5608662366867065,-127.7210461921519,12,9,3,True,True,6.0,3.0,2018
2018_05_DEN_NYJ,H1,home,NYJ,DEN,-1.0,21.0,10.0,11.0,0.8782480359077454,-721.3419861073238,0.818759024143219,-451.7516087477994,34,16,18,True,True,19.0,1.0,2018
2018_05_MIA_CIN,H1,away,MIA,CIN,6.0,14.0,0.0,14.0,0.8602129220962524,-615.3737062080693,0.7626800835132599,-321.37213547177083,17,27,-10,False,False,-4.0,6.0,2018
2018_05_MIN_PHI,H1,away,MIN,PHI,3.5,17.0,3.0,14.0,0.8602129220962524,-615.3737062080693,0.8181064575910568,-449.77212866179957,23,21,2,True,True,5.5,3.5,2018
2018_05_TEN_BUF,H1,home,BUF,TEN,-6.0,7.0,6.0,1.0,0.6210339069366455,-163.87585018927348,0.4421566426753998,126.16419238874343,13,12,1,True,True,7.0,6.0,2018
2018_06_CAR_WAS,H1,home,WAS,CAR,-1.0,17.0,6.0,11.0,0.8782480359077454,-721.3419861073238,0.818759024143219,-451.7516087477994,23,17,6,True,True,7.0,1.0,2018
2018_06_CHI_MIA,H1,home,MIA,CHI,-7.5,7.0,0.0,7.0,0.748828649520874,-298.13457947828596,0.5100955963134766,-104.12145562991773,31,28,3,True,True,10.5,7.5,2018
2018_06_JAX_DAL,H1,home,DAL,JAX,-3.0,17.0,0.0,17.0,0.9711208343505859,-3362.7039165180636,0.9451048374176025,-1721.65413664456,40,7,33,True,True,36.0,3.0,2018
2018_06_LAC_CLE,H1,away,LAC,CLE,1.0,21.0,6.0,15.0,0.9066586494445801,-971.3365448963224,0.8930214643478394,-834.7669547950136,38,14,24,True,True,25.0,1.0,2018
2018_06_SF_GB,H1,away,SF,GB,9.0,24.0,20.0,4.0,0.6024054288864136,-151.51248851290677,0.39241379499435425,154.8330391938406,30,33,-3,False,True,6.0,9.0,2018
2018_07_HOU_JAX,H1,away,HOU,JAX,4.0,13.0,0.0,13.0,0.904052197933197,-942.2333586169666,0.837779700756073,-516.445663496356,20,7,13,True,True,17.0,4.0,2018
2018_08_BAL_CAR,H1,home,CAR,BAL,-2.5,24.0,7.0,17.0,0.941237211227417,-1601.7572189605994,0.8766075372695923,-710.4222720514429,36,21,15,True,True,17.5,2.5,2018
2018_08_GB_LA,H1,away,GB,LA,7.5,10.0,8.0,2.0,0.5087411403656006,-103.5586698109041,0.36968356370925903,170.50161223463508,27,29,-2,False,True,5.5,7.5,2018
2018_08_IND_OAK,H1,home,LV,IND,-3.5,14.0,13.0,1.0,0.6210339069366455,-163.87585018927348,0.4807509481906891,108.00791007558276,28,42,-14,False,False,-10.5,3.5,2018
2018_08_SEA_DET,H1,away,SEA,DET,3.0,21.0,7.0,14.0,0.8602129220962524,-615.3737062080693,0.8287119269371033,-483.8118101969665,28,14,14,True,True,17.0,3.0,2018
2018_09_ATL_WAS,H1,away,ATL,WAS,1.5,21.0,7.0,14.0,0.8951838612556458,-854.0515534911968,0.880596399307251,-737.4956820382777,38,14,24,True,True,25.5,1.5,2018
2018_09_HOU_DEN,H1,away,HOU,DEN,1.0,16.0,10.0,6.0,0.6658905744552612,-199.30313949376907,0.6781402826309204,-210.69436342457558,19,17,2,True,True,3.0,1.0,2018
2018_09_LAC_SEA,H1,away,LAC,SEA,1.0,19.0,10.0,9.0,0.8049947023391724,-412.8065811521173,0.7946657538414001,-387.01082196858755,25,17,8,True,True,9.0,1.0,2018
2018_09_LA_NO,H1,home,NO,LA,-2.5,35.0,17.0,18.0,0.9169089794158936,-1103.499479210006,0.8740655183792114,-694.0636965586441,45,35,10,True,True,12.5,2.5,2018
2018_09_OAK_SF,H1,home,SF,LV,-1.5,17.0,3.0,14.0,0.9166976809501648,-1100.4467719581191,0.8641977906227112,-636.3650448585686,34,3,31,True,True,32.5,1.5,2018
2018_09_PIT_BAL,H1,away,PIT,BAL,1.5,14.0,6.0,8.0,0.7881978750228882,-372.13879469248195,0.7632721066474915,-322.42592786094394,23,16,7,True,True,8.5,1.5,2018
2018_10_ATL_CLE,H1,home,CLE,ATL,-5.5,14.0,10.0,4.0,0.6569479703903198,-191.50097177322812,0.4522619843482971,121.11077972670759,28,16,12,True,True,17.5,5.5,2018
2018_10_BUF_NYJ,H1,away,BUF,NYJ,6.5,31.0,3.0,28.0,0.9895234704017639,-9445.14556202245,0.9904960803687572,-10421.974498949314,41,10,31,True,True,37.5,6.5,2018
2018_10_DAL_PHI,H1,away,DAL,PHI,7.5,13.0,3.0,10.0,0.8049947023391724,-412.8065811521173,0.6873963475227356,-219.89389505700987,27,20,7,True,True,14.5,7.5,2018
2018_10_NE_TEN,H1,home,TEN,NE,-6.0,24.0,10.0,14.0,0.8932299613952637,-836.5923372023956,0.7519040107727051,-303.06979694211935,34,10,24,True,True,30.0,6.0,2018
2018_10_WAS_TB,H1,away,WAS,TB,3.5,6.0,3.0,3.0,0.5896167755126953,-143.67467779642033,0.5555530786514282,-124.99874607427371,16,3,13,True,True,16.5,3.5,2018
2018_11_CAR_DET,H1,home,DET,CAR,-4.0,10.0,7.0,3.0,0.6789292693138123,-211.45785162752594,0.5149047374725342,-106.14507649276014,20,19,1,True,True,5.0,4.0,2018
2018_11_GB_SEA,H1,away,GB,SEA,3.0,21.0,17.0,4.0,0.6154525876045227,-160.0459573425961,0.6060760617256165,-153.85611353820812,24,27,-3,False,False,0.0,3.0,2018
2018_11_PIT_JAX,H1,home,JAX,PIT,-4.0,9.0,0.0,9.0,0.8103330731391907,-427.2400499924106,0.6898816823959351,-222.4575728792398,16,20,-4,False,False,0.0,4.0,2018
2018_12_NYG_PHI,H1,away,NYG,PHI,4.5,19.0,11.0,8.0,0.7524437308311462,-303.9485662622899,0.6471017897129059,-183.3678298301563,22,25,-3,False,True,1.5,4.5,2018
2018_13_CAR_TB,H1,home,TB,CAR,-3.5,17.0,7.0,10.0,0.817753255367279,-448.706646044781,0.7242529392242432,-262.651190981586,24,17,7,True,True,10.5,3.5,2018
2018_13_IND_JAX,H1,home,JAX,IND,-4.0,3.0,0.0,3.0,0.6287232637405396,-169.34087227624383,0.47875773906707764,108.87390811658344,6,0,6,True,True,10.0,4.0,2018
2018_13_NO_DAL,H1,home,DAL,NO,-7.0,13.0,0.0,13.0,0.8822607398033142,-749.3343667434974,0.7317923903465271,-272.84549878805103,13,10,3,True,True,10.0,7.0,2018
2018_13_NYJ_TEN,H1,away,NYJ,TEN,10.5,16.0,6.0,10.0,0.8049947023391724,-412.8065811521173,0.63446044921875,-173.56820838203373,22,26,-4,False,True,6.5,10.5,2018
2018_14_DEN_SF,H1,home,SF,DEN,-3.0,20.0,0.0,20.0,0.9447823166847229,-1711.0140447042797,0.8835673332214355,-758.8654951121523,20,14,6,True,True,9.0,3.0,2018
2018_14_IND_HOU,H1,away,IND,HOU,4.0,17.0,7.0,10.0,0.773473858833313,-341.450154427943,0.7299180030822754,-270.2579258937541,24,21,3,True,True,7.0,4.0,2018
2018_14_NO_TB,H1,home,TB,NO,-8.5,14.0,3.0,11.0,0.8392153382301331,-521.9498731982982,0.6047407388687134,-152.9984995513734,14,28,-14,False,False,-5.5,8.5,2018
2018_15_DET_BUF,H1,away,DET,BUF,2.5,13.0,7.0,6.0,0.7424898743629456,-288.3342441490794,0.7137266397476196,-249.3164711932657,13,14,-1,False,True,1.5,2.5,2018
2018_15_NE_PIT,H1,home,PIT,NE,-2.5,14.0,7.0,7.0,0.748828649520874,-298.13457947828596,0.6422690153121948,-179.53966606295185,17,10,7,True,True,9.5,2.5,2018
2018_15_NO_CAR,H1,home,CAR,NO,-6.0,7.0,6.0,1.0,0.5511130094528198,-122.77321933100113,0.34904658794403076,186.49470716509308,9,12,-3,False,True,3.0,6.0,2018
2018_15_SEA_SF,H1,home,SF,SEA,-3.5,17.0,13.0,4.0,0.6569479703903198,-191.50097177322812,0.5177196860313416,-107.3482933132921,26,23,3,True,True,6.5,3.5,2018
2018_16_BAL_LAC,H1,away,BAL,LAC,4.0,6.0,3.0,3.0,0.5896167755126953,-143.67467779642033,0.5380533337593079,-116.47520657264819,22,10,12,True,True,16.0,4.0,2018
2018_16_CHI_SF,H1,home,SF,CHI,-3.5,9.0,7.0,2.0,0.6806350350379944,-213.1213845322603,0.5241839289665222,-110.16524259636479,9,14,-5,False,False,-1.5,3.5,2018
2018_16_DEN_OAK,H1,home,LV,DEN,-2.5,17.0,0.0,17.0,0.941237211227417,-1601.7572189605994,0.8766075372695923,-710.4222720514429,27,14,13,True,True,15.5,2.5,2018
2018_16_GB_NYJ,H1,home,NYJ,GB,-3.0,21.0,17.0,4.0,0.6569479703903198,-191.50097177322812,0.5285124778747559,-112.09469033082149,38,44,-6,False,False,-3.0,3.0,2018
2018_16_HOU_PHI,H1,away,HOU,PHI,1.0,16.0,13.0,3.0,0.5506046414375305,-122.52121232377885,0.5761050581932068,-135.9075094733707,30,32,-2,False,False,-1.0,1.0,2018
2018_16_KC_SEA,H1,home,SEA,KC,-1.0,14.0,10.0,4.0,0.6962094306945801,-229.17414200393975,0.5907531380653381,-144.3512933178348,38,31,7,True,True,8.0,1.0,2018
2018_16_NYG_IND,H1,away,NYG,IND,10.0,17.0,7.0,10.0,0.8049947023391724,-412.8065811521173,0.6397114396095276,-177.55530148285118,27,28,-1,False,True,9.0,10.0,2018
2018_16_WAS_TEN,H1,away,WAS,TEN,12.5,10.0,9.0,1.0,0.46048271656036377,117.16341657068729,0.2654131054878235,276.7711463087031,16,25,-9,False,True,3.5,12.5,2018
2018_17_ATL_TB,H1,home,TB,ATL,-2.5,17.0,7.0,10.0,0.817753255367279,-448.706646044781,0.737452507019043,-280.8834693662573,32,34,-2,False,True,0.5,2.5,2018
2018_17_CAR_NO,H1,away,CAR,NO,8.0,23.0,0.0,23.0,0.9620376229286194,-2534.18699550795,0.9331120774149895,-1395.038209220895,33,14,19,True,True,27.0,8.0,2018
2018_17_CHI_MIN,H1,away,CHI,MIN,6.0,13.0,3.0,10.0,0.8049947023391724,-412.8065811521173,0.7069746851921082,-241.2674432772481,24,10,14,True,True,20.0,6.0,2018
2018_17_CIN_PIT,H1,away,CIN,PIT,14.0,10.0,3.0,7.0,0.7313575148582458,-272.2419406120114,0.5011903643608093,-100.47728202334503,13,16,-3,False,True,11.0,14.0,2018
2018_17_DAL_NYG,H1,away,DAL,NYG,7.5,14.0,7.0,7.0,0.7313575148582458,-272.2419406120114,0.6253920197486877,-166.94572799253572,36,35,1,True,True,8.5,7.5,2018
2018_17_DET_GB,H1,away,DET,GB,7.5,21.0,0.0,21.0,0.9193190336227417,-1139.449705304809,0.831542894244194,-493.62292585602876,31,0,31,True,True,38.5,7.5,2018
2018_01_CHI_GB,Q3,away,CHI,GB,6.5,20.0,3.0,17.0,0.9630756378173828,-2608.239061935017,0.9428415112197399,-1649.5214120240248,23,24,-1,False,True,5.5,6.5,2018
2018_01_CIN_IND,Q3,home,IND,CIN,-1.0,23.0,17.0,6.0,0.7099277377128601,-244.74168337064546,0.6642551422119141,-197.8452169269487,23,34,-11,False,False,-10.0,1.0,2018
2018_01_KC_LAC,Q3,away,KC,LAC,3.5,31.0,12.0,19.0,0.9753823280334473,-3962.1225327832335,0.9771115034818649,-4269.006934149988,38,28,10,True,True,13.5,3.5,2018
2018_01_NYJ_DET,Q3,away,NYJ,DET,7.0,48.0,17.0,31.0,0.9996051788330078,-253179.2270531401,0.9996494078659452,-285131.7273735055,48,17,31,True,True,38.0,7.0,2018
2018_01_TB_NO,Q3,away,TB,NO,10.0,41.0,24.0,17.0,0.9764869809150696,-4152.962992068099,0.9573280215263367,-2243.458250048539,48,40,8,True,True,18.0,10.0,2018
2018_01_TEN_MIA,Q3,home,MIA,TEN,-1.0,10.0,3.0,7.0,0.7281509637832642,-267.85122136785304,0.6265900731086731,-167.80220020530652,27,20,7,True,True,8.0,1.0,2018
2018_01_WAS_ARI,Q3,away,WAS,ARI,2.0,21.0,0.0,21.0,0.9890769720077515,-9054.970587914306,0.9886423945426941,-8704.672813816918,24,6,18,True,True,20.0,2.0,2018
2018_02_CLE_NO,Q3,away,CLE,NO,10.0,12.0,3.0,9.0,0.907665491104126,-983.0187022792354,0.7979569435119629,-394.9440071746339,18,21,-3,False,True,7.0,10.0,2018
2018_02_HOU_TEN,Q3,home,TEN,HOU,-3.5,14.0,10.0,4.0,0.6441800594329834,-181.0410227168412,0.5362502336502075,-115.63353182279128,20,17,3,True,True,6.5,3.5,2018
2018_02_IND_WAS,Q3,away,IND,WAS,6.0,14.0,6.0,8.0,0.7104840278625488,-245.40408690310116,0.619579017162323,-162.86667799990755,21,9,12,True,True,18.0,6.0,2018
2018_02_KC_PIT,Q3,away,KC,PIT,4.5,35.0,28.0,7.0,0.8474739193916321,-555.6255795804785,0.8111774921417236,-429.5978807518886,42,37,5,True,True,9.5,4.5,2018
2018_02_MIA_NYJ,Q3,away,MIA,NYJ,3.0,20.0,6.0,14.0,0.9156091213226318,-1084.9621850994884,0.9010649099946022,-910.7637239178142,20,12,8,True,True,11.0,3.0,2018
2018_02_MIN_GB,Q3,home,GB,MIN,-2.0,20.0,7.0,13.0,0.8515987396240234,-573.8487243750402,0.7842139601707458,-363.42200857445357,29,29,0,False,True,2.0,2.0,2018
2018_02_NE_JAX,Q3,home,JAX,NE,-2.0,24.0,10.0,14.0,0.893168568611145,-836.0541059869422,0.836891770362854,-513.0898497424814,31,20,11,True,True,13.0,2.0,2018
2018_02_OAK_DEN,Q3,away,LV,DEN,5.5,19.0,10.0,9.0,0.8988929390907288,-889.0506073530843,0.8398893475532532,-524.5680625982098,19,20,-1,False,True,4.5,5.5,2018
2018_02_PHI_TB,Q3,home,TB,PHI,-3.0,27.0,14.0,13.0,0.9542537331581116,-2085.9707229363057,0.9230167865753174,-1198.984487025033,27,21,6,True,True,9.0,3.0,2018
2018_03_BUF_MIN,Q3,away,BUF,MIN,16.5,27.0,0.0,27.0,0.9993429780006409,-152101.9051075025,0.9990585714112967,-106121.5458505888,27,6,21,True,True,37.5,16.5,2018
2018_03_CHI_ARI,Q3,home,ARI,CHI,-6.0,14.0,13.0,1.0,0.6418967247009277,-179.24905159408092,0.4629788398742676,115.99259272228785,14,16,-2,False,True,4.0,6.0,2018
2018_03_GB_WAS,Q3,home,WAS,GB,-2.5,28.0,17.0,11.0,0.9123952984809875,-1041.4912472282947,0.8840203881263733,-762.2205091439833,31,17,14,True,True,16.5,2.5,2018
2018_03_NE_DET,Q3,home,DET,NE,-7.0,20.0,10.0,10.0,0.9290426969528198,-1309.298207592657,0.8636501431465149,-633.4074439656737,26,10,16,True,True,23.0,7.0,2018
2018_03_NO_ATL,Q3,away,NO,ATL,1.5,23.0,21.0,2.0,0.3346050977706909,198.85976234746806,0.34177547693252563,192.58974604471786,43,37,6,True,True,7.5,1.5,2018
2018_03_NYG_HOU,Q3,away,NYG,HOU,6.5,20.0,9.0,11.0,0.7731979489326477,-340.9131201829541,0.6581937372684479,-192.56339307784427,27,22,5,True,True,11.5,6.5,2018
2018_03_OAK_MIA,Q3,away,LV,MIA,3.0,17.0,14.0,3.0,0.5952500104904175,-147.0660965826473,0.5742111802101135,-134.85820987349288,20,28,-8,False,False,-5.0,3.0,2018
2018_03_PIT_TB,Q3,away,PIT,TB,1.0,30.0,13.0,17.0,0.9612322449684143,-2479.463265761091,0.9608566649258137,-2454.7133326906155,30,27,3,True,True,4.0,1.0,2018
2018_03_TEN_JAX,Q3,away,TEN,JAX,10.0,6.0,3.0,3.0,0.5498719215393066,-122.15899159628258,0.44246095418930054,126.00864336882582,9,6,3,True,True,13.0,10.0,2018
2018_04_BAL_PIT,Q3,away,BAL,PIT,3.0,17.0,14.0,3.0,0.6766684055328369,-209.2800138037726,0.6740841269493103,-206.82764562512423,26,14,12,True,True,15.0,3.0,2018
2018_04_CIN_ATL,Q3,away,CIN,ATL,3.5,28.0,27.0,1.0,0.4329736828804016,130.9609196908685,0.4440525770187378,125.19855795315038,37,36,1,True,True,4.5,3.5,2018
2018_04_CLE_OAK,Q3,away,CLE,LV,2.5,28.0,21.0,7.0,0.7180553674697876,-254.67956634813495,0.6937165856361389,-226.4949889882094,42,45,-3,False,False,-0.5,2.5,2018
2018_04_KC_DEN,Q3,home,DEN,KC,-3.5,20.0,13.0,7.0,0.8421755433082581,-533.6153603577235,0.7671284675598145,-329.42131634610854,23,27,-4,False,False,-0.5,3.5,2018
2018_05_ARI_SF,Q3,away,ARI,SF,3.0,14.0,6.0,8.0,0.7816956639289856,-358.0761051281638,0.708506315946579,-243.0606063549334,28,18,10,True,True,13.0,3.0,2018
2018_05_BAL_CLE,Q3,home,CLE,BAL,-3.0,9.0,6.0,3.0,0.6886880993843079,-221.22125688811317,0.5714744925498962,-133.35833751190108,12,9,3,True,True,6.0,3.0,2018
2018_05_DEN_NYJ,Q3,home,NYJ,DEN,-1.0,24.0,10.0,14.0,0.9740160703659058,-3748.5325894966713,0.9685431122779846,-3078.954030153915,34,16,18,True,True,19.0,1.0,2018
2018_05_LA_SEA,Q3,home,SEA,LA,-7.5,31.0,24.0,7.0,0.7577692270278931,-312.8294632966187,0.5818616151809692,-139.15527402077603,31,33,-2,False,True,5.5,7.5,2018
2018_05_MIA_CIN,Q3,away,MIA,CIN,6.0,17.0,3.0,14.0,0.8661661148071289,-647.1949264260519,0.8330780267715454,-499.08230214327085,17,27,-10,False,False,-4.0,6.0,2018
2018_05_MIN_PHI,Q3,away,MIN,PHI,3.5,20.0,6.0,14.0,0.8684507012367249,-660.1712889397567,0.861026719212532,-619.5627780632893,23,21,2,True,True,5.5,3.5,2018
2018_05_TEN_BUF,Q3,home,BUF,TEN,-6.0,10.0,6.0,4.0,0.6399590969085693,-177.74622033598632,0.5041688680648804,-101.68156769366627,13,12,1,True,True,7.0,6.0,2018
2018_06_CAR_WAS,Q3,home,WAS,CAR,-1.0,17.0,9.0,8.0,0.8883993625640869,-796.0522296068893,0.8566292524337769,-597.4923525024508,23,17,6,True,True,7.0,1.0,2018
2018_06_JAX_DAL,Q3,home,DAL,JAX,-3.0,30.0,7.0,23.0,0.9992101192474365,-126501.38846966496,0.9995498061180115,-222026.51926386866,40,7,33,True,True,36.0,3.0,2018
2018_06_LAC_CLE,Q3,away,LAC,CLE,1.0,35.0,6.0,29.0,0.9996669292449951,-300136.50680028636,0.9998006224632263,-501461.0164424514,38,14,24,True,True,25.0,1.0,2018
2018_06_PIT_CIN,Q3,away,PIT,CIN,1.0,17.0,14.0,3.0,0.6227296590805054,-165.06191755301248,0.6376033127307892,-175.9407122441872,28,21,7,True,True,8.0,1.0,2018
2018_06_SF_GB,Q3,away,SF,GB,9.0,27.0,23.0,4.0,0.7193014025688171,-256.25400666462673,0.6185340285301208,-162.14658050540186,30,33,-3,False,True,6.0,9.0,2018
2018_07_DAL_WAS,Q3,home,WAS,DAL,-1.5,10.0,7.0,3.0,0.7731061577796936,-340.7347463528927,0.7056331038475037,-239.71211201749787,20,17,3,True,True,4.5,1.5,2018
2018_07_HOU_JAX,Q3,away,HOU,JAX,4.0,20.0,7.0,13.0,0.9559906721115112,-2172.245562426695,0.9419012069702148,-1621.206152229937,20,7,13,True,True,17.0,4.0,2018
2018_08_BAL_CAR,Q3,home,CAR,BAL,-2.5,27.0,14.0,13.0,0.9487176537513733,-1849.9887839604824,0.9066974520683289,-971.7820918806381,36,21,15,True,True,17.5,2.5,2018
2018_08_IND_OAK,Q3,home,LV,IND,-3.5,28.0,21.0,7.0,0.8037495017051697,-409.55284633096,0.6990009546279907,-232.2269672862533,28,42,-14,False,False,-10.5,3.5,2018
2018_08_SEA_DET,Q3,away,SEA,DET,3.0,21.0,7.0,14.0,0.9609925746917725,-2463.6144710865537,0.9509292244911194,-1937.8728268091552,28,14,14,True,True,17.0,3.0,2018
2018_09_ATL_WAS,Q3,away,ATL,WAS,1.5,28.0,14.0,14.0,0.9219210743904114,-1180.7553282690062,0.9283720105886459,-1296.1022893677448,38,14,24,True,True,25.5,1.5,2018
2018_09_LAC_SEA,Q3,away,LAC,SEA,1.0,19.0,10.0,9.0,0.8033035397529602,-408.39755771103137,0.7857223153114319,-366.68415400017193,25,17,8,True,True,9.0,1.0,2018
2018_09_LA_NO,Q3,home,NO,LA,-2.5,35.0,27.0,8.0,0.8919186592102051,-825.229084588133,0.8290596604347229,-484.99942292329973,45,35,10,True,True,12.5,2.5,2018
2018_09_OAK_SF,Q3,home,SF,LV,-1.5,31.0,3.0,28.0,0.9994184970855713,-171868.18368183682,0.9994633197784424,-186230.69746779208,34,3,31,True,True,32.5,1.5,2018
2018_09_PIT_BAL,Q3,away,PIT,BAL,1.5,20.0,13.0,7.0,0.8176687955856323,-448.45247318576924,0.7981942147016525,-395.5259327781961,23,16,7,True,True,8.5,1.5,2018
2018_09_TEN_DAL,Q3,away,TEN,DAL,4.5,21.0,14.0,7.0,0.8335781097412109,-500.8824911464362,0.7931210994720459,-383.3745720071037,28,14,14,True,True,18.5,4.5,2018
2018_10_ATL_CLE,Q3,home,CLE,ATL,-5.5,28.0,10.0,18.0,0.9735934138298035,-3686.9340381780876,0.9454817175865173,-1734.2470740653682,28,16,12,True,True,17.5,5.5,2018
2018_10_BUF_NYJ,Q3,away,BUF,NYJ,6.5,38.0,10.0,28.0,0.9994171857833862,-171481.26406218042,0.9996302364452276,-270343.094537976,41,10,31,True,True,37.5,6.5,2018
2018_10_NE_TEN,Q3,home,TEN,NE,-6.0,27.0,10.0,17.0,0.9831521511077881,-5835.4758366942615,0.9567445516586304,-2211.8474974714277,34,10,24,True,True,30.0,6.0,2018
2018_10_SEA_LA,Q3,away,SEA,LA,10.0,21.0,20.0,1.0,0.2784688472747803,259.106596585738,0.2360903024673462,323.56674100932656,31,36,-5,False,True,5.0,10.0,2018
2018_10_WAS_TB,Q3,away,WAS,TB,3.5,6.0,3.0,3.0,0.7214059829711914,-258.94525326313556,0.7004033923149109,-233.78215051457337,16,3,13,True,True,16.5,3.5,2018
2018_11_CAR_DET,Q3,home,DET,CAR,-4.0,13.0,7.0,6.0,0.8452187180519104,-546.0729536633371,0.8012438416481018,-403.12906442350226,20,19,1,True,True,5.0,4.0,2018
2018_11_GB_SEA,Q3,away,GB,SEA,3.0,21.0,17.0,4.0,0.5292091369628906,-112.40854029088847,0.49141520261764526,103.4939079363543,24,27,-3,False,False,0.0,3.0,2018
2018_11_OAK_ARI,Q3,away,LV,ARI,4.5,20.0,14.0,6.0,0.7589943408966064,-314.9280160973279,0.6918604969978333,-224.52833546400842,23,21,2,True,True,6.5,4.5,2018
2018_11_PIT_JAX,Q3,home,JAX,PIT,-4.0,16.0,6.0,10.0,0.8680440187454224,-657.8284746871293,0.7929511666297913,-382.977848134973,16,20,-4,False,False,0.0,4.0,2018
2018_12_CHI_DET,Q3,home,DET,CHI,-3.0,13.0,9.0,4.0,0.6017986536026001,-151.12923626381027,0.508436918258667,-103.43268995254066,16,23,-7,False,False,-4.0,3.0,2018
2018_12_MIA_IND,Q3,away,MIA,IND,9.0,17.0,14.0,3.0,0.715441107749939,-251.42110376267306,0.6383925080299377,-176.54294288869178,24,27,-3,False,True,6.0,9.0,2018
2018_12_NYG_PHI,Q3,away,NYG,PHI,4.5,19.0,14.0,5.0,0.7157179713249207,-251.76335439161784,0.6642927527427673,-197.87858563379746,22,25,-3,False,True,1.5,4.5,2018
2018_13_ARI_GB,Q3,away,ARI,GB,13.5,17.0,10.0,7.0,0.7876750230789185,-370.9761491563412,0.5952165424823761,-147.04566884541248,20,17,3,True,True,16.5,13.5,2018
2018_13_BAL_ATL,Q3,away,BAL,ATL,2.5,16.0,10.0,6.0,0.7481249570846558,-297.02226486016013,0.7154586613178253,-251.44278319326182,26,16,10,True,True,12.5,2.5,2018
2018_13_CAR_TB,Q3,home,TB,CAR,-3.5,24.0,17.0,7.0,0.8155197501182556,-442.0634461634893,0.7393566370010376,-283.66601339623634,24,17,7,True,True,10.5,3.5,2018
2018_13_CHI_NYG,Q3,home,NYG,CHI,-3.5,24.0,14.0,10.0,0.869610071182251,-666.930397974017,0.7843631505966187,-363.7426315431593,30,27,3,True,True,6.5,3.5,2018
2018_13_IND_JAX,Q3,home,JAX,IND,-4.0,3.0,0.0,3.0,0.7337662577629089,-275.6097899527186,0.6230354309082031,-165.27692043028162,6,0,6,True,True,10.0,4.0,2018
2018_13_NO_DAL,Q3,home,DAL,NO,-7.0,13.0,10.0,3.0,0.6515413522720337,-186.97809812448023,0.47955307364463806,108.52749256717878,13,10,3,True,True,10.0,7.0,2018
2018_13_NYJ_TEN,Q3,away,NYJ,TEN,10.5,22.0,13.0,9.0,0.796238124370575,-390.7689413983736,0.6306388974189758,-170.73776664954508,22,26,-4,False,True,6.5,10.5,2018
2018_14_DEN_SF,Q3,home,SF,DEN,-3.0,20.0,7.0,13.0,0.9274660348892212,-1278.6644621905502,0.8762266635894775,-707.9284513130293,20,14,6,True,True,9.0,3.0,2018
2018_14_IND_HOU,Q3,away,IND,HOU,4.0,24.0,14.0,10.0,0.7988914847373962,-397.24398725445246,0.7409399449825287,-286.01088073287053,24,21,3,True,True,7.0,4.0,2018
2018_14_LA_CHI,Q3,home,CHI,LA,-3.0,15.0,6.0,9.0,0.8560080528259277,-594.483281617893,0.7990940809249878,-397.74541467174504,15,6,9,True,True,12.0,3.0,2018
2018_14_NE_MIA,Q3,home,MIA,NE,-8.5,28.0,27.0,1.0,0.620682954788208,-163.63170667472883,0.47191321849823,111.90336714498086,34,33,1,True,True,9.5,8.5,2018
2018_14_NO_TB,Q3,home,TB,NO,-8.5,14.0,11.0,3.0,0.46607130765914917,114.55944263604565,0.3390308618545532,194.95839833867618,14,28,-14,False,False,-5.5,8.5,2018
2018_15_DET_BUF,Q3,away,DET,BUF,2.5,13.0,7.0,6.0,0.8175588846206665,-448.1220600525213,0.8125212788581848,-433.39386673304995,13,14,-1,False,True,1.5,2.5,2018
2018_15_NE_PIT,Q3,home,PIT,NE,-2.5,14.0,10.0,4.0,0.7436218857765198,-290.04889439522043,0.6426138281822205,-179.80937116668014,17,10,7,True,True,9.5,2.5,2018
2018_15_NO_CAR,Q3,home,CAR,NO,-6.0,7.0,6.0,1.0,0.5510933995246887,-122.76348775918643,0.4089565873146057,144.52473221337578,9,12,-3,False,True,3.0,6.0,2018
2018_15_PHI_LA,Q3,away,PHI,LA,13.5,30.0,13.0,17.0,0.9824408888816833,-5595.049101641926,0.9630160927772522,-2603.878727515645,30,23,7,True,True,20.5,13.5,2018
2018_15_SEA_SF,Q3,home,SF,SEA,-3.5,20.0,13.0,7.0,0.6186131238937378,-162.20094676812622,0.4678272008895874,113.75413787365723,26,23,3,True,True,6.5,3.5,2018
2018_16_BAL_LAC,Q3,away,BAL,LAC,4.0,16.0,10.0,6.0,0.736740231513977,-279.85295123173836,0.6970238387584686,-230.05897094418728,22,10,12,True,True,16.0,4.0,2018
2018_16_DEN_OAK,Q3,home,LV,DEN,-2.5,17.0,7.0,10.0,0.9163829684257507,-1095.928605898945,0.8723505735397339,-683.3956075872175,27,14,13,True,True,15.5,2.5,2018
2018_16_GB_NYJ,Q3,home,NYJ,GB,-3.0,35.0,20.0,15.0,0.9756219387054443,-4002.048919793837,0.9480763673782349,-1825.905314222611,38,44,-6,False,False,-3.0,3.0,2018
2018_16_KC_SEA,Q3,home,SEA,KC,-1.0,24.0,17.0,7.0,0.8040108680725098,-410.232373685888,0.7641310691833496,-323.96427394557395,38,31,7,True,True,8.0,1.0,2018
2018_16_NYG_IND,Q3,away,NYG,IND,10.0,24.0,21.0,3.0,0.6249638795852661,-166.6409835122413,0.5092801451683044,-103.78225787154558,27,28,-1,False,True,9.0,10.0,2018
2018_16_PIT_NO,Q3,away,PIT,NO,6.5,28.0,24.0,4.0,0.639856219291687,-177.66688016470795,0.5648717284202576,-129.81728959359012,28,31,-3,False,True,3.5,6.5,2018
2018_16_WAS_TEN,Q3,away,WAS,TEN,12.5,13.0,9.0,4.0,0.5307575464248657,-113.10944744684781,0.38929885625839233,156.8720621506944,16,25,-9,False,True,3.5,12.5,2018
2018_17_CAR_NO,Q3,away,CAR,NO,8.0,30.0,0.0,30.0,0.9991002082824707,-111036.83094859566,0.9991476733703166,-117225.91299787063,33,14,19,True,True,27.0,8.0,2018
2018_17_CHI_MIN,Q3,away,CHI,MIN,6.0,13.0,10.0,3.0,0.6686959862709045,-201.83757472304325,0.6041285991668701,-152.6072855718936,24,10,14,True,True,20.0,6.0,2018
2018_17_DAL_NYG,Q3,away,DAL,NYG,7.5,21.0,18.0,3.0,0.5697317123413086,-132.41313122133835,0.5023261308670044,-100.93480128705845,36,35,1,True,True,8.5,7.5,2018
2018_17_DET_GB,Q3,away,DET,GB,7.5,24.0,0.0,24.0,0.999495267868042,-198024.8937175248,0.9992812275886536,-139026.09669126794,31,0,31,True,True,38.5,7.5,2018
2019_01_CIN_SEA,Q1,away,CIN,SEA,9.5,3.0,0.0,3.0,0.391845703125,155.202492211838,0.2089281678199768,378.63340325735834,20,21,-1,False,True,8.5,9.5,2019
2019_01_SF_TB,Q1,away,SF,TB,1.0,3.0,0.0,3.0,0.5060508251190186,-102.44997883455379,0.5213726758956909,-108.93082146352057,31,17,14,True,True,15.0,1.0,2019
2019_01_WAS_PHI,Q1,away,WAS,PHI,10.5,10.0,0.0,10.0,0.7092631459236145,-243.95364260812607,0.42877399921417236,133.22309697713283,27,32,-5,False,True,5.5,10.5,2019
2019_02_CHI_DEN,Q1,home,DEN,CHI,-3.0,3.0,0.0,3.0,0.4829093813896179,107.07818869088945,0.3883269429206848,157.51496727958133,14,16,-2,False,True,1.0,3.0,2019
2019_02_IND_TEN,Q1,away,IND,TEN,3.0,7.0,0.0,7.0,0.5274598598480225,-111.62223375952395,0.46782535314559937,113.75498212658306,19,17,2,True,True,5.0,3.0,2019
2019_02_KC_OAK,Q1,home,LV,KC,-7.0,10.0,0.0,10.0,0.7617278099060059,-319.6880884863306,0.4705977439880371,112.49570631716004,10,28,-18,False,False,-11.0,7.0,2019
2019_02_PHI_ATL,Q1,home,ATL,PHI,-1.0,3.0,0.0,3.0,0.4868307113647461,105.41021276095589,0.42836105823516846,133.44792454289907,24,20,4,True,True,5.0,1.0,2019
2019_02_SF_CIN,Q1,away,SF,CIN,1.0,14.0,7.0,7.0,0.7211918830871582,-258.66961517214725,0.7396499216556549,-284.09821358969464,41,17,24,True,True,25.0,1.0,2019
2019_03_BAL_KC,Q1,away,BAL,KC,4.5,6.0,0.0,6.0,0.5342104434967041,-114.68922736418718,0.421494722366333,137.25089471722296,28,33,-5,False,False,-0.5,4.5,2019
2019_03_PIT_SF,Q1,away,PIT,SF,6.0,6.0,0.0,6.0,0.5994933843612671,-149.6837657488348,0.4539374113082886,120.29468712832234,20,24,-4,False,True,2.0,6.0,2019
2019_03_TEN_JAX,Q1,home,JAX,TEN,-1.5,14.0,0.0,14.0,0.8559770584106445,-594.3338255451301,0.7476058006286621,-296.20561902404836,20,7,13,True,True,14.5,1.5,2019
2019_04_CAR_HOU,Q1,away,CAR,HOU,5.5,3.0,0.0,3.0,0.391845703125,155.202492211838,0.3333442211151123,199.9902013164567,16,10,6,True,True,11.5,5.5,2019
2019_04_CIN_PIT,Q1,away,CIN,PIT,3.5,3.0,0.0,3.0,0.451255738735199,121.60382997074952,0.43371057510375977,130.56850752619133,3,27,-24,False,False,-20.5,3.5,2019
2019_04_CLE_BAL,Q1,away,CLE,BAL,7.5,7.0,0.0,7.0,0.6604974865913391,-194.54862939300097,0.4748317003250122,110.60093488187947,40,25,15,True,True,22.5,7.5,2019
2019_04_KC_DET,Q1,home,DET,KC,-7.5,10.0,0.0,10.0,0.7247456312179565,-263.30031905573014,0.39956384897232056,150.2728919475581,30,34,-4,False,True,3.5,7.5,2019
2019_04_MIN_CHI,Q1,home,CHI,MIN,-1.0,7.0,0.0,7.0,0.7081488370895386,-242.64040274076117,0.6024614572525024,-151.54793622996317,16,6,10,True,True,11.0,1.0,2019
2019_04_OAK_IND,Q1,away,LV,IND,5.5,14.0,7.0,7.0,0.7457057237625122,-293.24518616616075,0.6416774392127991,-179.078157346022,31,24,7,True,True,12.5,5.5,2019
2019_04_TB_LA,Q1,away,TB,LA,9.0,7.0,0.0,7.0,0.5596114993095398,-127.07223245660515,0.32792335748672485,204.9493051255071,55,40,15,True,True,24.0,9.0,2019
2019_04_TEN_ATL,Q1,away,TEN,ATL,3.5,14.0,7.0,7.0,0.6755427718162537,-208.20703412829528,0.6254716515541077,-167.0024856995488,24,10,14,True,True,17.5,3.5,2019
2019_05_ARI_CIN,Q1,away,ARI,CIN,3.0,7.0,3.0,4.0,0.6573518514633179,-191.8445654151682,0.610151469707489,-156.50988070922838,26,23,3,True,True,6.0,3.0,2019
2019_05_DEN_LAC,Q1,away,DEN,LAC,4.0,14.0,0.0,14.0,0.8589873313903809,-609.1561416856878,0.788524866104126,-372.8688340693423,20,13,7,True,True,11.0,4.0,2019
2019_05_GB_DAL,Q1,away,GB,DAL,3.5,14.0,0.0,14.0,0.8088868856430054,-423.25032919092325,0.7299160957336426,-270.2553111102087,34,24,10,True,True,13.5,3.5,2019
2019_05_IND_KC,Q1,away,IND,KC,10.5,7.0,3.0,4.0,0.48297518491744995,107.04997507706733,0.26161158084869385,282.24607517599225,19,13,6,True,True,16.5,10.5,2019
2019_05_NE_WAS,Q1,home,WAS,NE,-15.5,7.0,6.0,1.0,0.6460976004600525,-182.56378066380498,0.17942741513252258,457.3284323699441,7,33,-26,False,False,-10.5,15.5,2019
2019_05_TB_NO,Q1,away,TB,NO,3.0,7.0,3.0,4.0,0.5236165523529053,-109.91493405975785,0.5023236274719238,-100.93379055152663,24,31,-7,False,False,-4.0,3.0,2019
2019_06_DAL_NYJ,Q1,home,NYJ,DAL,-7.0,7.0,0.0,7.0,0.7177033424377441,-254.2372795467713,0.4086799621582031,144.69024483585824,24,22,2,True,True,9.0,7.0,2019
2019_06_DET_GB,Q1,away,DET,GB,3.5,10.0,0.0,10.0,0.7643538117408752,-324.36502257374315,0.7120372653007507,-247.26715630215435,22,23,-1,False,True,2.5,3.5,2019
2019_06_NO_JAX,Q1,away,NO,JAX,2.5,3.0,0.0,3.0,0.5513033270835876,-122.86771005014559,0.5399162173271179,-117.35171672221196,13,6,7,True,True,9.5,2.5,2019
2019_06_PIT_LAC,Q1,away,PIT,LAC,6.0,14.0,0.0,14.0,0.862459123134613,-627.0565833157461,0.726451575756073,-265.56598809294763,24,17,7,True,True,13.0,6.0,2019
2019_07_ARI_NYG,Q1,away,ARI,NYG,3.5,14.0,0.0,14.0,0.8532043695449829,-581.2191867702985,0.7776952981948853,-349.8330408129011,27,21,6,True,True,9.5,3.5,2019
2019_07_BAL_SEA,Q1,away,BAL,SEA,3.0,3.0,0.0,3.0,0.35511642694473267,181.59778712676436,0.3765098452568054,165.59730445240595,30,16,14,True,True,17.0,3.0,2019
2019_07_MIN_DET,Q1,home,DET,MIN,-2.5,14.0,7.0,7.0,0.6937259435653687,-226.5049647499059,0.5630292892456055,-128.8482901459416,30,42,-12,False,False,-9.5,2.5,2019
2019_07_NO_CHI,Q1,away,NO,CHI,4.0,9.0,7.0,2.0,0.4910948872566223,103.62663630775056,0.42687559127807617,134.26029045276988,36,25,11,True,True,15.0,4.0,2019
2019_08_ARI_NO,Q1,away,ARI,NO,12.5,3.0,0.0,3.0,0.4837007522583008,106.73939317464418,0.25028061866760254,299.55151354651997,9,31,-22,False,False,-9.5,12.5,2019
2019_08_MIA_PIT,Q1,away,MIA,PIT,14.0,14.0,0.0,14.0,0.796217143535614,-390.71841338859855,0.4578757882118225,118.39984243442458,14,27,-13,False,True,1.0,14.0,2019
2019_08_PHI_BUF,Q1,away,PHI,BUF,1.0,3.0,0.0,3.0,0.4261639714241028,134.65146447230674,0.4338120222091675,130.5145889935338,31,13,18,True,True,19.0,1.0,2019
2019_09_CLE_DEN,Q1,home,DEN,CLE,-4.0,7.0,0.0,7.0,0.6329268217086792,-172.42524355902916,0.4260202646255493,134.73061800920442,24,19,5,True,True,9.0,4.0,2019
2019_09_GB_LAC,Q1,home,LAC,GB,-4.0,6.0,0.0,6.0,0.6880209445953369,-220.53433801923526,0.49293309450149536,102.8672879047212,26,11,15,True,True,19.0,4.0,2019
2019_09_HOU_JAX,Q1,away,HOU,JAX,1.0,3.0,0.0,3.0,0.5139337778091431,-105.73328372678893,0.5687362253665924,-131.8766515574006,26,3,23,True,True,24.0,1.0,2019
2019_09_NE_BAL,Q1,home,BAL,NE,-3.0,10.0,0.0,10.0,0.802440345287323,-406.17622381166876,0.6819274425506592,-214.3936742041222,37,20,17,True,True,20.0,3.0,2019
2019_09_TB_SEA,Q1,away,TB,SEA,4.0,14.0,7.0,7.0,0.6119225025177002,-157.68049074930192,0.5214774310588837,-108.976559290154,34,40,-6,False,False,-2.0,4.0,2019
2019_10_DET_CHI,Q1,away,DET,CHI,6.0,3.0,0.0,3.0,0.5390763282775879,-116.955661284032,0.42508459091186523,135.24729462784376,13,20,-7,False,False,-1.0,6.0,2019
2019_10_LAC_OAK,Q1,home,LV,LAC,-1.0,10.0,0.0,10.0,0.7671447992324829,-329.4514344983006,0.68372642993927,-216.18196860647657,26,24,2,True,True,3.0,1.0,2019
2019_10_MIA_IND,Q1,away,MIA,IND,11.0,3.0,0.0,3.0,0.6572664976119995,-191.7718848704565,0.3703480362892151,170.01628252703145,16,12,4,True,True,15.0,11.0,2019
2019_10_MIN_DAL,Q1,away,MIN,DAL,3.5,14.0,0.0,14.0,0.8329547643661499,-498.6402402951023,0.7545797377824783,-307.46431894595435,28,24,4,True,True,7.5,3.5,2019
2019_10_NYG_NYJ,Q1,home,NYJ,NYG,-3.0,14.0,0.0,14.0,0.8354741334915161,-507.8071620114727,0.7128159999847412,-248.20881384299528,34,27,7,True,True,10.0,3.0,2019
2019_11_ARI_SF,Q1,away,ARI,SF,10.0,9.0,0.0,9.0,0.7523226737976074,-303.75112866925804,0.4595101475715637,117.62305039069041,26,36,-10,False,False,0.0,10.0,2019
2019_11_ATL_CAR,Q1,away,ATL,CAR,3.5,10.0,0.0,10.0,0.6888212561607361,-221.35871096534132,0.620496541261673,-163.50220978868973,29,3,26,True,True,29.5,3.5,2019
2019_11_DAL_DET,Q1,home,DET,DAL,-7.5,7.0,3.0,4.0,0.5855506062507629,-141.28398185208852,0.29292452335357666,241.38486889093366,27,35,-8,False,False,-0.5,7.5,2019
2019_11_DEN_MIN,Q1,away,DEN,MIN,10.0,10.0,0.0,10.0,0.8221089839935303,-462.14193524176113,0.5568164587020874,-125.64014833930612,23,27,-4,False,True,6.0,10.0,2019
2019_11_KC_LAC,Q1,home,LAC,KC,-5.5,3.0,0.0,3.0,0.6508713960647583,-186.4274048956142,0.40967872738838196,144.09370883736028,17,24,-7,False,False,-1.5,5.5,2019
2019_11_NE_PHI,Q1,home,PHI,NE,-4.5,3.0,0.0,3.0,0.7060530781745911,-240.1974729961467,0.5107805132865906,-104.40722971156131,10,17,-7,False,False,-2.5,4.5,2019
2019_11_NYJ_WAS,Q1,away,NYJ,WAS,1.0,6.0,0.0,6.0,0.7601369619369507,-316.9045835803783,0.7696012258529663,-334.03008705325385,34,17,17,True,True,18.0,1.0,2019
2019_12_DET_WAS,Q1,home,WAS,DET,-4.0,3.0,0.0,3.0,0.5330493450164795,-114.15539079504916,0.37404024600982666,167.3509096060557,19,16,3,True,True,7.0,4.0,2019
2019_13_CHI_DET,Q1,home,DET,CHI,-5.5,14.0,7.0,7.0,0.7753289937973022,-345.09526035495736,0.5460699796676636,-120.29827400881497,20,24,-4,False,True,1.5,5.5,2019
2019_13_LAC_DEN,Q1,home,DEN,LAC,-4.5,14.0,0.0,14.0,0.8491936326026917,-563.1019745773999,0.6831451654434204,-215.601938471112,23,20,3,True,True,7.5,4.5,2019
2019_13_NE_HOU,Q1,home,HOU,NE,-3.5,7.0,3.0,4.0,0.6616727113723755,-195.57178318555228,0.46187812089920044,116.50733272517111,28,22,6,True,True,9.5,3.5,2019
2019_13_NYJ_CIN,Q1,home,CIN,NYJ,-2.5,7.0,3.0,4.0,0.7307649850845337,-271.4227142089885,0.5562862157821655,-125.37050584596338,22,6,16,True,True,18.5,2.5,2019
2019_14_DEN_HOU,Q1,away,DEN,HOU,8.0,14.0,0.0,14.0,0.8353183269500732,-507.23211118752033,0.6662623286247253,-199.63653664843247,38,24,14,True,True,22.0,8.0,2019
2019_14_MIA_NYJ,Q1,away,MIA,NYJ,5.0,3.0,0.0,3.0,0.4712362289428711,112.20779273344706,0.39546769857406616,152.86515273072612,21,22,-1,False,True,4.0,5.0,2019
2019_15_CLE_ARI,Q1,home,ARI,CLE,-3.0,7.0,0.0,7.0,0.7998776435852051,-399.69429598724764,0.6708977222442627,-203.85690637553384,38,24,14,True,True,17.0,3.0,2019
2019_15_LA_DAL,Q1,home,DAL,LA,-1.0,7.0,0.0,7.0,0.7122704386711121,-247.5485783877989,0.5655909180641174,-130.1977655585932,44,21,23,True,True,24.0,1.0,2019
2019_15_NE_CIN,Q1,home,CIN,NE,-10.5,10.0,7.0,3.0,0.6739515066146851,-206.70284337680656,0.30312442779541016,229.89752995919446,13,34,-21,False,False,-10.5,10.5,2019
2019_15_PHI_WAS,Q1,home,WAS,PHI,-7.0,7.0,3.0,4.0,0.5543356537818909,-124.3841151947564,0.28342926502227783,252.8217172356563,27,37,-10,False,False,-3.0,7.0,2019
2019_16_CIN_MIA,Q1,home,MIA,CIN,-1.5,14.0,0.0,14.0,0.820719301700592,-457.7845297824246,0.7201457023620605,-257.3287987500362,38,35,3,True,True,4.5,1.5,2019
2019_16_DAL_PHI,Q1,home,PHI,DAL,-2.0,10.0,0.0,10.0,0.7872408628463745,-370.015066510604,0.7011294960975647,-234.59307189659796,17,9,8,True,True,10.0,2.0,2019
2019_16_DET_DEN,Q1,away,DET,DEN,9.5,3.0,0.0,3.0,0.5676575303077698,-131.29811899160998,0.32790952920913696,204.96216514714686,17,27,-10,False,False,-0.5,9.5,2019
2019_16_LA_SF,Q1,away,LA,SF,7.0,7.0,3.0,4.0,0.711049497127533,-246.0800344899784,0.5146205425262451,-106.02437631058405,31,34,-3,False,True,4.0,7.0,2019
2019_16_NO_TEN,Q1,home,TEN,NO,-3.5,14.0,0.0,14.0,0.8128175735473633,-434.2381862183161,0.6490058898925781,-184.90506569866648,28,38,-10,False,False,-6.5,3.5,2019
2019_16_OAK_LAC,Q1,away,LV,LAC,7.5,7.0,0.0,7.0,0.6970364451408386,-230.07270477297834,0.5050657987594604,-102.0470594865997,24,17,7,True,True,14.5,7.5,2019
2019_16_PIT_NYJ,Q1,home,NYJ,PIT,-3.0,7.0,0.0,7.0,0.7788659334182739,-352.2143582207506,0.64750736951828,-183.69387428990782,16,10,6,True,True,9.0,3.0,2019
2019_17_ARI_LA,Q1,away,ARI,LA,7.0,7.0,3.0,4.0,0.6045020818710327,-152.84583158637807,0.3999793529510498,150.012905071723,24,31,-7,False,False,0.0,7.0,2019
2019_17_ATL_TB,Q1,away,ATL,TB,1.0,10.0,0.0,10.0,0.6888212561607361,-221.35871096534132,0.7109913229942322,-246.01037254671863,28,22,6,True,True,7.0,1.0,2019
2019_17_CLE_CIN,Q1,home,CIN,CLE,-2.5,13.0,7.0,6.0,0.7279127836227417,-267.5292111531861,0.6205674409866333,-163.55144708727326,33,23,10,True,True,12.5,2.5,2019
2019_17_GB_DET,Q1,home,DET,GB,-13.5,7.0,0.0,7.0,0.6986680626869202,-231.85994452390668,0.2969242334365845,236.78625298651306,20,23,-3,False,True,10.5,13.5,2019
2019_17_MIA_NE,Q1,away,MIA,NE,17.5,3.0,0.0,3.0,0.5256367325782776,-110.80890293956332,0.20964562892913818,376.9953969982401,27,24,3,True,True,20.5,17.5,2019
2019_17_PIT_BAL,Q1,home,BAL,PIT,-2.0,6.0,0.0,6.0,0.6135741472244263,-158.78185758466176,0.48505812883377075,106.16085795826332,28,10,18,True,True,20.0,2.0,2019
2019_01_CIN_SEA,H1,away,CIN,SEA,9.5,17.0,14.0,3.0,0.5506046414375305,-122.52121232377885,0.3451525568962097,189.72695697013435,20,21,-1,False,True,8.5,9.5,2019
2019_01_DEN_OAK,H1,home,LV,DEN,-3.0,14.0,0.0,14.0,0.8932299613952637,-836.5923372023956,0.8082552552223206,-421.52667921066677,24,16,8,True,True,11.0,3.0,2019
2019_01_GB_CHI,H1,away,GB,CHI,3.5,7.0,3.0,4.0,0.6024054288864136,-151.51248851290677,0.553270012140274,-123.84886333487016,10,3,7,True,True,10.5,3.5,2019
2019_01_HOU_NO,H1,away,HOU,NO,6.5,14.0,3.0,11.0,0.7993437051773071,-398.3646293696572,0.6920375227928162,-224.71488379645785,28,30,-2,False,True,4.5,6.5,2019
2019_01_TEN_CLE,H1,away,TEN,CLE,5.5,12.0,6.0,6.0,0.7424898743629456,-288.3342441490794,0.6459400653839111,-182.4380570154912,43,13,30,True,True,35.5,5.5,2019
2019_01_WAS_PHI,H1,away,WAS,PHI,10.5,20.0,7.0,13.0,0.8463419079780579,-550.7955336691292,0.6554138362407684,-190.20317852887374,27,32,-5,False,True,5.5,10.5,2019
2019_02_IND_TEN,H1,away,IND,TEN,3.0,13.0,7.0,6.0,0.7424898743629456,-288.3342441490794,0.704981803894043,-238.9621430811155,19,17,2,True,True,5.0,3.0,2019
2019_02_PHI_ATL,H1,home,ATL,PHI,-1.0,10.0,6.0,4.0,0.6569479703903198,-191.50097177322812,0.5600970983505249,-127.32289244975777,24,20,4,True,True,5.0,1.0,2019
2019_02_SF_CIN,H1,away,SF,CIN,1.0,24.0,10.0,14.0,0.8951838612556458,-854.0515534911968,0.8888626098632812,-799.78719022448,41,17,24,True,True,25.0,1.0,2019
2019_02_TB_CAR,H1,away,TB,CAR,6.5,10.0,9.0,1.0,0.46048271656036377,117.16341657068729,0.37455207109451294,166.98557481682275,20,14,6,True,True,12.5,6.5,2019
2019_03_CAR_ARI,H1,away,CAR,ARI,2.5,14.0,10.0,4.0,0.6024054288864136,-151.51248851290677,0.5840194225311279,-140.39583917228208,38,20,18,True,True,20.5,2.5,2019
2019_03_DET_PHI,H1,away,DET,PHI,4.0,20.0,10.0,10.0,0.8049947023391724,-412.8065811521173,0.7354599237442017,-278.01455800331934,27,24,3,True,True,7.0,4.0,2019
2019_03_LA_CLE,H1,home,CLE,LA,-4.0,6.0,3.0,3.0,0.6287232637405396,-169.34087227624383,0.47875773906707764,108.87390811658344,13,20,-7,False,False,-3.0,4.0,2019
2019_03_NO_SEA,H1,away,NO,SEA,5.0,20.0,7.0,13.0,0.904052197933197,-942.2333586169666,0.812143862247467,-432.32223975419004,33,27,6,True,True,11.0,5.0,2019
2019_03_PIT_SF,H1,away,PIT,SF,6.0,6.0,3.0,3.0,0.5896167755126953,-143.67467779642033,0.5001258254051208,-100.05034283086252,20,24,-4,False,True,2.0,6.0,2019
2019_03_TEN_JAX,H1,home,JAX,TEN,-1.5,14.0,0.0,14.0,0.8932299613952637,-836.5923372023956,0.8256085515022278,-473.42261252722756,20,7,13,True,True,14.5,1.5,2019
2019_04_CAR_HOU,H1,away,CAR,HOU,5.5,10.0,3.0,7.0,0.7069733738899231,-241.2659160960837,0.5892340838909149,-143.44765735977833,16,10,6,True,True,11.5,5.5,2019
2019_04_CLE_BAL,H1,away,CLE,BAL,7.5,10.0,7.0,3.0,0.5506046414375305,-122.52121232377885,0.40253323316574097,148.4266931541166,40,25,15,True,True,22.5,7.5,2019
2019_04_DAL_NO,H1,home,NO,DAL,-2.5,9.0,3.0,6.0,0.7503747344017029,-300.6004751174601,0.6794758439064026,-211.9889658824923,12,10,2,True,True,4.5,2.5,2019
2019_04_MIN_CHI,H1,home,CHI,MIN,-1.0,10.0,0.0,10.0,0.817753255367279,-448.706646044781,0.7529876232147217,-304.83801379283716,16,6,10,True,True,11.0,1.0,2019
2019_04_OAK_IND,H1,away,LV,IND,5.5,21.0,10.0,11.0,0.7993437051773071,-398.3646293696572,0.7043778896331787,-238.26969124845053,31,24,7,True,True,12.5,5.5,2019
2019_04_PHI_GB,H1,away,PHI,GB,3.5,21.0,20.0,1.0,0.46048271656036377,117.16341657068729,0.4518364667892456,121.31901108071465,34,27,7,True,True,10.5,3.5,2019
2019_04_TB_LA,H1,away,TB,LA,9.0,28.0,17.0,11.0,0.7993437051773071,-398.3646293696572,0.6114641726016998,-157.37652218488176,55,40,15,True,True,24.0,9.0,2019
2019_04_TEN_ATL,H1,away,TEN,ATL,3.5,24.0,7.0,17.0,0.8876581192016602,-790.1399842103923,0.8559160679578781,-594.0399153652035,24,10,14,True,True,17.5,3.5,2019
2019_05_ARI_CIN,H1,away,ARI,CIN,3.0,13.0,6.0,7.0,0.7069733738899231,-241.2659160960837,0.6638984382152557,-197.52911432183362,26,23,3,True,True,6.0,3.0,2019
2019_05_ATL_HOU,H1,away,ATL,HOU,4.0,17.0,16.0,1.0,0.46048271656036377,117.16341657068729,0.4346389174461365,130.07603780071696,32,53,-21,False,False,-17.0,4.0,2019
2019_05_BUF_TEN,H1,away,BUF,TEN,3.5,7.0,0.0,7.0,0.7313575148582458,-272.2419406120114,0.6977853178977966,-230.89060830665358,14,7,7,True,True,10.5,3.5,2019
2019_05_CHI_OAK,H1,home,LV,CHI,-6.5,17.0,0.0,17.0,0.91569584608078,-1086.181170809445,0.792688250541687,-382.36532787596957,24,21,3,True,True,9.5,6.5,2019
2019_05_DEN_LAC,H1,away,DEN,LAC,4.0,17.0,0.0,17.0,0.8876581192016602,-790.1399842103923,0.8401636332273483,-525.6398466704275,20,13,7,True,True,11.0,4.0,2019
2019_05_GB_DAL,H1,away,GB,DAL,3.5,17.0,0.0,17.0,0.8876581192016602,-790.1399842103923,0.8559160679578781,-594.0399153652035,34,24,10,True,True,13.5,3.5,2019
2019_05_IND_KC,H1,away,IND,KC,10.5,13.0,10.0,3.0,0.5896167755126953,-143.67467779642033,0.43613219261169434,129.28827932001326,19,13,6,True,True,16.5,10.5,2019
2019_06_ATL_ARI,H1,home,ARI,ATL,-3.0,20.0,10.0,10.0,0.8532896637916565,-581.6152330125526,0.7467864751815796,-294.9236126771272,34,33,1,True,True,4.0,3.0,2019
2019_06_DAL_NYJ,H1,home,NYJ,DAL,-7.0,21.0,6.0,15.0,0.9049818515777588,-952.4305268044212,0.7642107009887695,-324.10745703619517,24,22,2,True,True,9.0,7.0,2019
2019_06_DET_GB,H1,away,DET,GB,3.5,13.0,10.0,3.0,0.5506046414375305,-122.52121232377885,0.5273993909358978,-111.59515684508204,22,23,-1,False,True,2.5,3.5,2019
2019_06_HOU_KC,H1,away,HOU,KC,3.5,23.0,17.0,6.0,0.7424898743629456,-288.3342441490794,0.6907109618186951,-223.32216035855788,31,24,7,True,True,10.5,3.5,2019
2019_06_PIT_LAC,H1,away,PIT,LAC,6.0,21.0,0.0,21.0,0.9491243958473206,-1865.578623890078,0.8816519379615784,-744.9652514591668,24,17,7,True,True,13.0,6.0,2019
2019_07_ARI_NYG,H1,away,ARI,NYG,3.5,17.0,14.0,3.0,0.5506046414375305,-122.52121232377885,0.5273993909358978,-111.59515684508204,27,21,6,True,True,9.5,3.5,2019
2019_07_JAX_CIN,H1,home,CIN,JAX,-4.0,7.0,6.0,1.0,0.6210339069366455,-163.87585018927348,0.46726933121681213,114.00933748335429,17,27,-10,False,False,-6.0,4.0,2019
2019_07_MIA_BUF,H1,away,MIA,BUF,17.0,14.0,9.0,5.0,0.7004455924034119,-233.82917247764436,0.40204834938049316,148.72630407285007,21,31,-10,False,True,7.0,17.0,2019
2019_07_NO_CHI,H1,away,NO,CHI,4.0,12.0,10.0,2.0,0.5843797922134399,-140.60427795983048,0.5342375040054321,-114.70170067356881,36,25,11,True,True,15.0,4.0,2019
2019_08_DEN_IND,H1,away,DEN,IND,6.0,6.0,3.0,3.0,0.5896167755126953,-143.67467779642033,0.5001258254051208,-100.05034283086252,13,15,-2,False,True,4.0,6.0,2019
2019_08_GB_KC,H1,home,KC,GB,-5.0,17.0,14.0,3.0,0.6789292693138123,-211.45785162752594,0.49271881580352783,102.95551294691191,24,31,-7,False,False,-2.0,5.0,2019
2019_08_MIA_PIT,H1,away,MIA,PIT,14.0,14.0,10.0,4.0,0.6024054288864136,-151.51248851290677,0.32950347661972046,203.48693441984489,14,27,-13,False,True,1.0,14.0,2019
2019_08_OAK_HOU,H1,away,LV,HOU,5.0,14.0,10.0,4.0,0.6024054288864136,-151.51248851290677,0.49723708629608154,101.11130636875838,24,27,-3,False,True,2.0,5.0,2019
2019_08_PHI_BUF,H1,away,PHI,BUF,1.0,11.0,7.0,4.0,0.6154525876045227,-160.0459573425961,0.6341259479522705,-173.31809796381697,31,13,18,True,True,19.0,1.0,2019
2019_09_CLE_DEN,H1,home,DEN,CLE,-4.0,17.0,12.0,5.0,0.6956327557563782,-228.55046622545865,0.5189450979232788,-107.8764805603238,24,19,5,True,True,9.0,4.0,2019
2019_09_GB_LAC,H1,home,LAC,GB,-4.0,9.0,0.0,9.0,0.8103330731391907,-427.2400499924106,0.6898816823959351,-222.4575728792398,26,11,15,True,True,19.0,4.0,2019
2019_09_HOU_JAX,H1,away,HOU,JAX,1.0,9.0,3.0,6.0,0.6658905744552612,-199.30313949376907,0.6781402826309204,-210.69436342457558,26,3,23,True,True,24.0,1.0,2019
2019_09_IND_PIT,H1,away,IND,PIT,1.0,16.0,13.0,3.0,0.5896167755126953,-143.67467779642033,0.6176401972770691,-161.53376816250457,24,26,-2,False,False,-1.0,1.0,2019
2019_09_NE_BAL,H1,home,BAL,NE,-3.0,17.0,13.0,4.0,0.6830085515975952,-215.46592346256296,0.5869932770729065,-142.12680919882413,37,20,17,True,True,20.0,3.0,2019
2019_09_NYJ_MIA,H1,home,MIA,NYJ,-3.5,21.0,12.0,9.0,0.8532896637916565,-581.6152330125526,0.720842182636261,-258.22031044791163,26,18,8,True,True,11.5,3.5,2019
2019_09_TB_SEA,H1,away,TB,SEA,4.0,21.0,13.0,8.0,0.7524437308311462,-303.9485662622899,0.6675164997577667,-200.7668047501433,34,40,-6,False,False,-2.0,4.0,2019
2019_10_ATL_NO,H1,away,ATL,NO,14.0,13.0,6.0,7.0,0.7069733738899231,-241.2659160960837,0.42129290103912354,137.3645503006315,26,9,17,True,True,31.0,14.0,2019
2019_10_LAC_OAK,H1,home,LV,LAC,-1.0,17.0,14.0,3.0,0.6789292693138123,-211.45785162752594,0.574863612651825,-135.21863330438177,26,24,2,True,True,3.0,1.0,2019
2019_10_LA_PIT,H1,home,PIT,LA,-4.0,14.0,7.0,7.0,0.748828649520874,-298.13457947828596,0.6086026430130005,-155.4948269702331,17,12,5,True,True,9.0,4.0,2019
2019_10_MIA_IND,H1,away,MIA,IND,11.0,10.0,0.0,10.0,0.773473858833313,-341.450154427943,0.5587375164031982,-126.62248370829954,16,12,4,True,True,15.0,11.0,2019
2019_10_MIN_DAL,H1,away,MIN,DAL,3.5,17.0,14.0,3.0,0.5896167755126953,-143.67467779642033,0.5555530786514282,-124.99874607427371,28,24,4,True,True,7.5,3.5,2019
2019_10_NYG_NYJ,H1,home,NYJ,NYG,-3.0,14.0,13.0,1.0,0.5511130094528198,-122.77321933100113,0.4261784553527832,134.64348970250435,34,27,7,True,True,10.0,3.0,2019
2019_11_ARI_SF,H1,away,ARI,SF,10.0,16.0,10.0,6.0,0.6658905744552612,-199.30313949376907,0.4400450587272644,127.24945551991533,26,36,-10,False,False,0.0,10.0,2019
2019_11_ATL_CAR,H1,away,ATL,CAR,3.5,20.0,0.0,20.0,0.9263617396354675,-1257.9897122089612,0.8924365341663361,-829.6836916229523,29,3,26,True,True,29.5,3.5,2019
2019_11_DEN_MIN,H1,away,DEN,MIN,10.0,20.0,0.0,20.0,0.9263617396354675,-1257.9897122089612,0.7918933182954788,-380.52277409326194,23,27,-4,False,True,6.0,10.0,2019
2019_11_NE_PHI,H1,home,PHI,NE,-4.5,10.0,9.0,1.0,0.511756420135498,-104.81580121903936,0.319938987493515,212.5595938882783,10,17,-7,False,False,-2.5,4.5,2019
2019_11_NYJ_WAS,H1,away,NYJ,WAS,1.0,20.0,3.0,17.0,0.8876581192016602,-790.1399842103923,0.8896384239196777,-806.1124673248504,34,17,17,True,True,18.0,1.0,2019
2019_12_DET_WAS,H1,home,WAS,DET,-4.0,13.0,6.0,7.0,0.748828649520874,-298.13457947828596,0.6086026430130005,-155.4948269702331,19,16,3,True,True,7.0,4.0,2019
2019_12_NYG_CHI,H1,away,NYG,CHI,6.0,7.0,3.0,4.0,0.6024054288864136,-151.51248851290677,0.4669199585914612,114.16946986302752,14,19,-5,False,True,1.0,6.0,2019
2019_12_OAK_NYJ,H1,home,NYJ,LV,-3.5,13.0,3.0,10.0,0.8532896637916565,-581.6152330125526,0.7360524535179138,-278.86315418653413,34,3,31,True,True,34.5,3.5,2019
2019_12_PIT_CIN,H1,home,CIN,PIT,-5.5,7.0,3.0,4.0,0.6569479703903198,-191.50097177322812,0.4522619843482971,121.11077972670759,10,16,-6,False,False,-0.5,5.5,2019
2019_12_TB_ATL,H1,away,TB,ATL,3.5,19.0,10.0,9.0,0.8049947023391724,-412.8065811521173,0.7456275224685669,-293.1242914738796,35,22,13,True,True,16.5,3.5,2019
2019_13_BUF_DAL,H1,away,BUF,DAL,6.5,13.0,7.0,6.0,0.7424898743629456,-288.3342441490794,0.6373465061187744,-175.74530974393835,26,15,11,True,True,17.5,6.5,2019
2019_13_CHI_DET,H1,home,DET,CHI,-5.5,17.0,10.0,7.0,0.7868565320968628,-369.1675564059269,0.6252846717834473,-166.86925372374608,20,24,-4,False,True,1.5,5.5,2019
2019_13_LAC_DEN,H1,home,DEN,LAC,-4.5,17.0,10.0,7.0,0.748828649520874,-298.13457947828596,0.5834193229675293,-140.04954025317267,23,20,3,True,True,7.5,4.5,2019
2019_13_MIN_SEA,H1,away,MIN,SEA,2.5,14.0,10.0,4.0,0.7290472388267517,-269.06802339637204,0.6946510672569275,-227.49418542799447,30,37,-7,False,False,-4.5,2.5,2019
2019_13_NE_HOU,H1,home,HOU,NE,-3.5,14.0,3.0,11.0,0.8392153382301331,-521.9498731982982,0.7357598543167114,-278.4436302871912,28,22,6,True,True,9.5,3.5,2019
2019_13_NYJ_CIN,H1,home,CIN,NYJ,-2.5,17.0,6.0,11.0,0.8782480359077454,-721.3419861073238,0.8009990453720093,-402.5101522097642,22,6,16,True,True,18.5,2.5,2019
2019_13_TEN_IND,H1,home,IND,TEN,-1.0,10.0,7.0,3.0,0.6789292693138123,-211.45785162752594,0.574863612651825,-135.21863330438177,17,31,-14,False,False,-13.0,1.0,2019
2019_14_DAL_CHI,H1,home,CHI,DAL,-3.0,17.0,7.0,10.0,0.8532896637916565,-581.6152330125526,0.7467864751815796,-294.9236126771272,31,24,7,True,True,10.0,3.0,2019
2019_14_DEN_HOU,H1,away,DEN,HOU,8.0,31.0,3.0,28.0,0.9973148703575134,-37142.149659259914,0.9948069453239441,-19156.488952654232,38,24,14,True,True,22.0,8.0,2019
2019_14_IND_TB,H1,away,IND,TB,3.0,27.0,21.0,6.0,0.7424898743629456,-288.3342441490794,0.704981803894043,-238.9621430811155,35,38,-3,False,False,0.0,3.0,2019
2019_14_KC_NE,H1,away,KC,NE,3.0,20.0,7.0,13.0,0.904052197933197,-942.2333586169666,0.8638957142829895,-634.7307211759744,23,16,7,True,True,10.0,3.0,2019
2019_14_NYG_PHI,H1,away,NYG,PHI,9.5,17.0,3.0,14.0,0.8951838612556458,-854.0515534911968,0.75779128074646,-312.86705246693316,17,23,-6,False,True,3.5,9.5,2019
2019_14_SF_NO,H1,away,SF,NO,1.0,28.0,27.0,1.0,0.5368156433105469,-115.89675591536884,0.5636016726493835,-129.14844932404333,48,46,2,True,True,3.0,1.0,2019
2019_15_BUF_PIT,H1,away,BUF,PIT,1.0,7.0,3.0,4.0,0.6024054288864136,-151.51248851290677,0.6073305010795593,-154.66709350975373,17,10,7,True,True,8.0,1.0,2019
2019_15_CLE_ARI,H1,home,ARI,CLE,-3.0,21.0,10.0,11.0,0.8392153382301331,-521.9498731982982,0.741558313369751,-286.9344814448197,38,24,14,True,True,17.0,3.0,2019
2019_15_HOU_TEN,H1,away,HOU,TEN,3.0,14.0,0.0,14.0,0.8602129220962524,-615.3737062080693,0.8287119269371033,-483.8118101969665,24,21,3,True,True,6.0,3.0,2019
2019_15_LA_DAL,H1,home,DAL,LA,-1.0,28.0,7.0,21.0,0.9661402106285095,-2853.3556426726846,0.9240538477897644,-1216.7224025145879,44,21,23,True,True,24.0,1.0,2019
2019_15_MIA_NYG,H1,away,MIA,NYG,3.5,10.0,7.0,3.0,0.5506046414375305,-122.52121232377885,0.5273993909358978,-111.59515684508204,20,36,-16,False,False,-12.5,3.5,2019
2019_15_PHI_WAS,H1,home,WAS,PHI,-7.0,14.0,10.0,4.0,0.6569479703903198,-191.50097177322812,0.4292025566101074,132.99022445209047,27,37,-10,False,False,-3.0,7.0,2019
2019_16_ARI_SEA,H1,away,ARI,SEA,8.0,17.0,7.0,10.0,0.773473858833313,-341.450154427943,0.5975543260574341,-148.48074280522957,27,13,14,True,True,22.0,8.0,2019
2019_16_CIN_MIA,H1,home,MIA,CIN,-1.5,21.0,6.0,15.0,0.9049818515777588,-952.4305268044212,0.8481762409210205,-558.6584379588408,38,35,3,True,True,4.5,1.5,2019
2019_16_DAL_PHI,H1,home,PHI,DAL,-2.0,10.0,6.0,4.0,0.6569479703903198,-191.50097177322812,0.5460591316223145,-120.293009433992,17,9,8,True,True,10.0,2.0,2019
2019_16_NO_TEN,H1,home,TEN,NO,-3.5,14.0,10.0,4.0,0.6569479703903198,-191.50097177322812,0.5177196860313416,-107.3482933132921,28,38,-10,False,False,-6.5,3.5,2019
2019_16_OAK_LAC,H1,away,LV,LAC,7.5,14.0,7.0,7.0,0.7313575148582458,-272.2419406120114,0.6253920197486877,-166.94572799253572,24,17,7,True,True,14.5,7.5,2019
2019_17_CLE_CIN,H1,home,CIN,CLE,-2.5,20.0,16.0,4.0,0.6962094306945801,-229.17414200393975,0.5884734392166138,-142.9976811451464,33,23,10,True,True,12.5,2.5,2019
2019_17_GB_DET,H1,home,DET,GB,-13.5,17.0,3.0,14.0,0.8932299613952637,-836.5923372023956,0.6357306241989136,-174.52211644221822,20,23,-3,False,True,10.5,13.5,2019
2019_17_PIT_BAL,H1,home,BAL,PIT,-2.0,16.0,7.0,9.0,0.8103330731391907,-427.2400499924106,0.7266522645950317,-265.83438253786403,28,10,18,True,True,20.0,2.0,2019
2019_01_CIN_SEA,Q3,away,CIN,SEA,9.5,17.0,14.0,3.0,0.5125113129615784,-105.13296545919323,0.3985883593559265,150.88540006935636,20,21,-1,False,True,8.5,9.5,2019
2019_01_DEN_OAK,Q3,home,LV,DEN,-3.0,14.0,6.0,8.0,0.9246605634689331,-1227.326093801672,0.8478951454162598,-557.4412123378069,24,16,8,True,True,11.0,3.0,2019
2019_01_GB_CHI,Q3,away,GB,CHI,3.5,7.0,3.0,4.0,0.6156377196311951,-160.17121113978087,0.5676647424697876,-131.30197747754082,10,3,7,True,True,10.5,3.5,2019
2019_01_HOU_NO,Q3,away,HOU,NO,6.5,21.0,17.0,4.0,0.4957665801048279,101.70782786297414,0.43511801958084106,129.8227044155336,28,30,-2,False,True,4.5,6.5,2019
2019_01_SF_TB,Q3,away,SF,TB,1.0,20.0,14.0,6.0,0.5645826458930969,-129.66470917336963,0.5350549817085266,-115.07919445501003,31,17,14,True,True,15.0,1.0,2019
2019_01_TEN_CLE,Q3,away,TEN,CLE,5.5,22.0,13.0,9.0,0.7934186458587646,-384.07079339615564,0.7170554101467133,-253.42608972255766,43,13,30,True,True,35.5,5.5,2019
2019_02_PHI_ATL,Q3,home,ATL,PHI,-1.0,17.0,12.0,5.0,0.7452518343925476,-292.5445341737707,0.6728214025497437,-205.64346439318612,24,20,4,True,True,5.0,1.0,2019
2019_02_SEA_PIT,Q3,away,SEA,PIT,4.0,21.0,13.0,8.0,0.8279472589492798,-481.21712789522223,0.754732146859169,-307.71751666363195,28,26,2,True,True,6.0,4.0,2019
2019_02_SF_CIN,Q3,away,SF,CIN,1.0,34.0,10.0,24.0,0.999395489692688,-165323.1512522185,0.9998239874839783,-568041.4155096512,41,17,24,True,True,25.0,1.0,2019
2019_02_TB_CAR,Q3,away,TB,CAR,6.5,17.0,12.0,5.0,0.6518086791038513,-187.19842798673875,0.5800767838954926,-138.13877433990868,20,14,6,True,True,12.5,6.5,2019
2019_03_CAR_ARI,Q3,away,CAR,ARI,2.5,28.0,20.0,8.0,0.8918721675872803,-824.8312647043907,0.8747801184654236,-698.5952292439075,38,20,18,True,True,20.5,2.5,2019
2019_03_DET_PHI,Q3,away,DET,PHI,4.0,20.0,17.0,3.0,0.744032621383667,-290.67478262489465,0.7316350340843201,-272.6268801845764,27,24,3,True,True,7.0,4.0,2019
2019_03_HOU_LAC,Q3,away,HOU,LAC,3.0,21.0,17.0,4.0,0.6686217784881592,-201.76998217858682,0.6022988855838776,-151.44510883961982,27,20,7,True,True,10.0,3.0,2019
2019_03_LA_CLE,Q3,home,CLE,LA,-4.0,13.0,10.0,3.0,0.46541422605514526,114.8623621748755,0.376653790473938,165.49580152683836,13,20,-7,False,False,-3.0,4.0,2019
2019_03_NO_SEA,Q3,away,NO,SEA,5.0,27.0,7.0,20.0,0.985202431678772,-6657.867092023749,0.9806936029344797,-5079.630340173215,33,27,6,True,True,11.0,5.0,2019
2019_03_TEN_JAX,Q3,home,JAX,TEN,-1.5,17.0,0.0,17.0,0.9799368381500244,-4884.259248256111,0.9596231579780579,-2376.667193181097,20,7,13,True,True,14.5,1.5,2019
2019_04_CLE_BAL,Q3,away,CLE,BAL,7.5,24.0,10.0,14.0,0.9120904803276062,-1037.5332315847356,0.8599990010261536,-614.2806175167435,40,25,15,True,True,22.5,7.5,2019
2019_04_JAX_DEN,Q3,away,JAX,DEN,2.5,20.0,17.0,3.0,0.6382498741149902,-176.43390518622016,0.6476354598999023,-183.79700174027894,26,24,2,True,True,4.5,2.5,2019
2019_04_KC_DET,Q3,home,DET,KC,-7.5,23.0,20.0,3.0,0.6177063584327698,-161.57903016656368,0.45990443229675293,117.43647805393424,30,34,-4,False,True,3.5,7.5,2019
2019_04_MIN_CHI,Q3,home,CHI,MIN,-1.0,16.0,0.0,16.0,0.9627382755279541,-2583.7190553276982,0.9500731229782104,-1902.929202969316,16,6,10,True,True,11.0,1.0,2019
2019_04_OAK_IND,Q3,away,LV,IND,5.5,24.0,10.0,14.0,0.9517396092414856,-1972.092629758854,0.9187064170837402,-1130.1093937883097,31,24,7,True,True,12.5,5.5,2019
2019_04_TB_LA,Q3,away,TB,LA,9.0,31.0,20.0,11.0,0.9361315369606018,-1465.7179653487754,0.9158998131752014,-1089.0580006477826,55,40,15,True,True,24.0,9.0,2019
2019_04_TEN_ATL,Q3,away,TEN,ATL,3.5,24.0,10.0,14.0,0.9654880166053772,-2797.5442777820954,0.9615800380706787,-2502.8136150671753,24,10,14,True,True,17.5,3.5,2019
2019_05_ARI_CIN,Q3,away,ARI,CIN,3.0,13.0,9.0,4.0,0.7845456004142761,-364.1353353297969,0.7780710458755493,-350.59465266493885,26,23,3,True,True,6.0,3.0,2019
2019_05_BAL_PIT,Q3,home,PIT,BAL,-3.5,20.0,17.0,3.0,0.47510337829589844,110.48050712390251,0.37896376848220825,163.8774688158476,23,26,-3,False,True,0.5,3.5,2019
2019_05_DEN_LAC,Q3,away,DEN,LAC,4.0,17.0,7.0,10.0,0.856842577457428,-598.5317158127941,0.8229073286056519,-464.67610552511815,20,13,7,True,True,11.0,4.0,2019
2019_05_GB_DAL,Q3,away,GB,DAL,3.5,31.0,10.0,21.0,0.9703812599182129,-3276.240843596555,0.9699234049767256,-3224.844448735509,34,24,10,True,True,13.5,3.5,2019
2019_05_IND_KC,Q3,away,IND,KC,10.5,13.0,10.0,3.0,0.6884790658950806,-221.00571439067483,0.5606217384338379,-127.59432759269971,19,13,6,True,True,16.5,10.5,2019
2019_05_LA_SEA,Q3,away,LA,SEA,1.5,26.0,21.0,5.0,0.5306674242019653,-113.06852572499135,0.481087327003479,107.86246984069246,29,30,-1,False,True,0.5,1.5,2019
2019_06_ATL_ARI,Q3,home,ARI,ATL,-3.0,27.0,20.0,7.0,0.8325731158256531,-497.27564359297776,0.7620903253555298,-320.32758923923114,34,33,1,True,True,4.0,3.0,2019
2019_06_DAL_NYJ,Q3,home,NYJ,DAL,-7.0,21.0,9.0,12.0,0.8453128337860107,-546.4660414146007,0.6659972667694092,-199.39874752749822,24,22,2,True,True,9.0,7.0,2019
2019_06_DET_GB,Q3,away,DET,GB,3.5,19.0,13.0,6.0,0.7015713453292847,-235.08846565132794,0.6548431813716888,-189.72337964352067,22,23,-1,False,True,2.5,3.5,2019
2019_06_PIT_LAC,Q3,away,PIT,LAC,6.0,24.0,0.0,24.0,0.9937020540237427,-15778.192727754538,0.9927085447125137,-13614.683291224625,24,17,7,True,True,13.0,6.0,2019
2019_06_SEA_CLE,Q3,away,SEA,CLE,1.0,25.0,20.0,5.0,0.5214300751686096,-108.95588044993,0.4985232949256897,100.59243172358893,32,28,4,True,True,5.0,1.0,2019
2019_06_SF_LA,Q3,away,SF,LA,3.0,17.0,7.0,10.0,0.9166142344474792,-1099.2454507959721,0.9119617342948914,-1035.8697175493912,20,7,13,True,True,16.0,3.0,2019
2019_07_ARI_NYG,Q3,away,ARI,NYG,3.5,24.0,14.0,10.0,0.9021660685539246,-922.1402587211622,0.8621378540992737,-625.3622765455093,27,21,6,True,True,9.5,3.5,2019
2019_07_BAL_SEA,Q3,away,BAL,SEA,3.0,20.0,13.0,7.0,0.7686545252799988,-332.25397047869893,0.7231979668140411,-261.26902266219565,30,16,14,True,True,17.0,3.0,2019
2019_07_JAX_CIN,Q3,home,CIN,JAX,-4.0,10.0,9.0,1.0,0.5040431022644043,-101.63042485460491,0.4063838720321655,146.07275751357804,17,27,-10,False,False,-6.0,4.0,2019
2019_07_MIA_BUF,Q3,away,MIA,BUF,17.0,14.0,9.0,5.0,0.5086323022842407,-103.5135815090695,0.2953904867172241,238.53493763910384,21,31,-10,False,True,7.0,17.0,2019
2019_07_NO_CHI,Q3,away,NO,CHI,4.0,26.0,10.0,16.0,0.977238655090332,-4293.413499811455,0.9748319387435913,-3873.2897572528123,36,25,11,True,True,15.0,4.0,2019
2019_08_DEN_IND,Q3,away,DEN,IND,6.0,13.0,12.0,1.0,0.5746930241584778,-135.1242882911518,0.5337935090065002,-114.49722801348616,13,15,-2,False,True,4.0,6.0,2019
2019_08_OAK_HOU,Q3,away,LV,HOU,5.0,21.0,13.0,8.0,0.6460622549057007,-182.53556278197198,0.5574563443660736,-125.96640744234358,24,27,-3,False,True,2.0,5.0,2019
2019_08_PHI_BUF,Q3,away,PHI,BUF,1.0,24.0,13.0,11.0,0.8717421293258667,-679.6792467736464,0.8772042989730835,-714.3607566365882,31,13,18,True,True,19.0,1.0,2019
2019_08_TB_TEN,Q3,away,TB,TEN,2.0,23.0,17.0,6.0,0.624295711517334,-166.1667781431612,0.5905279517173767,-144.2169139979455,23,27,-4,False,False,-2.0,2.0,2019
2019_09_CLE_DEN,Q3,home,DEN,CLE,-4.0,24.0,12.0,12.0,0.9074684381484985,-980.7123320849614,0.8200700283050537,-455.7717764194408,24,19,5,True,True,9.0,4.0,2019
2019_09_GB_LAC,Q3,home,LAC,GB,-4.0,19.0,3.0,16.0,0.9830567240715027,-5802.046358804057,0.9652529358863831,-2777.9409872735478,26,11,15,True,True,19.0,4.0,2019
2019_09_HOU_JAX,Q3,away,HOU,JAX,1.0,19.0,3.0,16.0,0.9570392370223999,-2227.7054006731764,0.9576307497918606,-2260.2022577399616,26,3,23,True,True,24.0,1.0,2019
2019_09_MIN_KC,Q3,home,KC,MIN,-5.5,20.0,16.0,4.0,0.7092878818511963,-243.98290871663653,0.562840461730957,-128.74944098430393,26,23,3,True,True,8.5,5.5,2019
2019_09_NE_BAL,Q3,home,BAL,NE,-3.0,24.0,20.0,4.0,0.8323286771774292,-496.40490882164534,0.7707529067993164,-336.2105473348781,37,20,17,True,True,20.0,3.0,2019
2019_09_NYJ_MIA,Q3,home,MIA,NYJ,-3.5,24.0,15.0,9.0,0.9014415740966797,-914.6265941594256,0.8352336883544922,-506.9201829021242,26,18,8,True,True,11.5,3.5,2019
2019_09_TB_SEA,Q3,away,TB,SEA,4.0,24.0,21.0,3.0,0.4159805178642273,140.3958736179063,0.3926994800567627,154.6476506298035,34,40,-6,False,False,-2.0,4.0,2019
2019_10_ATL_NO,Q3,away,ATL,NO,14.0,13.0,9.0,4.0,0.7653830051422119,-326.2265828637627,0.590320348739624,-144.0931583796043,26,9,17,True,True,31.0,14.0,2019
2019_10_LAC_OAK,Q3,home,LV,LAC,-1.0,20.0,17.0,3.0,0.7220736145973206,-259.8075074991995,0.6507320404052734,-186.31312221148227,26,24,2,True,True,3.0,1.0,2019
2019_10_LA_PIT,Q3,home,PIT,LA,-4.0,14.0,10.0,4.0,0.7328438758850098,-274.312961498714,0.6108776926994324,-156.98860775606354,17,12,5,True,True,9.0,4.0,2019
2019_10_MIA_IND,Q3,away,MIA,IND,11.0,10.0,6.0,4.0,0.6709958910942078,-203.94757175702696,0.5275482535362244,-111.66182736858042,16,12,4,True,True,15.0,11.0,2019
2019_10_MIN_DAL,Q3,away,MIN,DAL,3.5,28.0,21.0,7.0,0.8012957572937012,-403.26051743046173,0.7437905371189117,-290.305646307888,28,24,4,True,True,7.5,3.5,2019
2019_10_SEA_SF,Q3,away,SEA,SF,6.5,21.0,10.0,11.0,0.8360530734062195,-509.9534896910571,0.7614546418190002,-319.20748641909665,27,24,3,True,True,9.5,6.5,2019
2019_11_ARI_SF,Q3,away,ARI,SF,10.0,19.0,17.0,2.0,0.39647430181503296,152.22315681547747,0.317949116230011,214.51573505132163,26,36,-10,False,False,0.0,10.0,2019
2019_11_ATL_CAR,Q3,away,ATL,CAR,3.5,26.0,0.0,26.0,0.9988199472427368,-84641.9739367613,0.998863659449853,-87901.78783293793,29,3,26,True,True,29.5,3.5,2019
2019_11_DEN_MIN,Q3,away,DEN,MIN,10.0,23.0,7.0,16.0,0.9212003946304321,-1169.041888357218,0.8718649595975876,-680.4266474334158,23,27,-4,False,True,6.0,10.0,2019
2019_11_NYJ_WAS,Q3,away,NYJ,WAS,1.0,20.0,3.0,17.0,0.9804726243019104,-5021.015826503671,0.9821229577064514,-5493.766483177573,34,17,17,True,True,18.0,1.0,2019
2019_12_IND_HOU,Q3,away,IND,HOU,3.5,17.0,13.0,4.0,0.6358926296234131,-174.6442619290364,0.5969640016555786,-148.11679455626015,17,20,-3,False,True,0.5,3.5,2019
2019_12_OAK_NYJ,Q3,home,NYJ,LV,-3.5,34.0,3.0,31.0,0.9997045397758484,-338355.03328626184,0.999778687953949,-451750.68677619175,34,3,31,True,True,34.5,3.5,2019
2019_12_TB_ATL,Q3,away,TB,ATL,3.5,25.0,13.0,12.0,0.9386425614356995,-1529.7942407619144,0.9341529011726379,-1418.6697938231116,35,22,13,True,True,16.5,3.5,2019
2019_13_BUF_DAL,Q3,away,BUF,DAL,6.5,23.0,7.0,16.0,0.9769822359085083,-4244.470627230212,0.9594186544418335,-2364.1864044815097,26,15,11,True,True,17.5,6.5,2019
2019_13_CLE_PIT,Q3,home,PIT,CLE,-1.0,17.0,10.0,7.0,0.8914380669593811,-821.133192816165,0.8755224943161011,-703.3579999099783,20,13,7,True,True,8.0,1.0,2019
2019_13_LAC_DEN,Q3,home,DEN,LAC,-4.5,17.0,10.0,7.0,0.7415128350257874,-286.8664040242627,0.6421909928321838,-179.47871069969727,23,20,3,True,True,7.5,4.5,2019
2019_13_NE_HOU,Q3,home,HOU,NE,-3.5,21.0,9.0,12.0,0.9232070446014404,-1202.202779942439,0.8780444264411926,-719.97072443581,28,22,6,True,True,9.5,3.5,2019
2019_13_NYJ_CIN,Q3,home,CIN,NYJ,-2.5,22.0,6.0,16.0,0.9677817225456238,-3003.828258404205,0.944427490234375,-1699.45085118067,22,6,16,True,True,18.5,2.5,2019
2019_13_WAS_CAR,Q3,away,WAS,CAR,10.5,15.0,14.0,1.0,0.42366164922714233,136.03741377682715,0.3370167016983032,196.7211995609637,29,21,8,True,True,18.5,10.5,2019
2019_14_DAL_CHI,Q3,home,CHI,DAL,-3.0,24.0,7.0,17.0,0.9560486674308777,-2175.243869858323,0.9157602787017822,-1087.0884478118005,31,24,7,True,True,10.0,3.0,2019
2019_14_DEN_HOU,Q3,away,DEN,HOU,8.0,38.0,10.0,28.0,0.9991621375083923,-119251.32674112542,0.9991881831665523,-123080.49574719327,38,24,14,True,True,22.0,8.0,2019
2019_14_IND_TB,Q3,away,IND,TB,3.0,35.0,28.0,7.0,0.7321003675460815,-273.27412167017826,0.6870185732841492,-219.507777344206,35,38,-3,False,False,0.0,3.0,2019
2019_14_KC_NE,Q3,away,KC,NE,3.0,23.0,13.0,10.0,0.8009273409843445,-402.3291520516425,0.7549498379230499,-308.0797137714124,23,16,7,True,True,10.0,3.0,2019
2019_14_NYG_PHI,Q3,away,NYG,PHI,9.5,17.0,10.0,7.0,0.8075424432754517,-419.59508216725067,0.7014241218566895,-234.92323834680968,17,23,-6,False,True,3.5,9.5,2019
2019_14_SF_NO,Q3,away,SF,NO,1.0,35.0,33.0,2.0,0.6380667090415955,-176.2940091396361,0.6465285420417786,-182.90827377586876,48,46,2,True,True,3.0,1.0,2019
2019_15_CLE_ARI,Q3,home,ARI,CLE,-3.0,28.0,17.0,11.0,0.8604398965835571,-616.5371589157054,0.7805631160736084,-355.7119031709556,38,24,14,True,True,17.0,3.0,2019
2019_15_HOU_TEN,Q3,away,HOU,TEN,3.0,14.0,7.0,7.0,0.7752195596694946,-344.87856618202744,0.7165005505084991,-252.73437101682254,24,21,3,True,True,6.0,3.0,2019
2019_15_LA_DAL,Q3,home,DAL,LA,-1.0,31.0,7.0,24.0,0.9994589686393738,-184732.16921890492,0.9996663331985474,-299600.17863522685,44,21,23,True,True,24.0,1.0,2019
2019_16_ARI_SEA,Q3,away,ARI,SEA,8.0,20.0,7.0,13.0,0.8898797035217285,-808.097809378234,0.8211819529533386,-459.2276710968981,27,13,14,True,True,22.0,8.0,2019
2019_16_BUF_NE,Q3,away,BUF,NE,7.0,17.0,13.0,4.0,0.451518714427948,121.4747624064599,0.39508360624313354,153.11098314330013,17,24,-7,False,False,0.0,7.0,2019
2019_16_CIN_MIA,Q3,home,MIA,CIN,-1.5,28.0,12.0,16.0,0.9773082137107849,-4306.880918296319,0.9610275626182556,-2465.915983659836,38,35,3,True,True,4.5,1.5,2019
2019_16_DAL_PHI,Q3,home,PHI,DAL,-2.0,17.0,6.0,11.0,0.887762188911438,-790.9653443000088,0.845103919506073,-545.5941278896382,17,9,8,True,True,10.0,2.0,2019
2019_16_DET_DEN,Q3,away,DET,DEN,9.5,17.0,13.0,4.0,0.5249117612838745,-110.48721448091237,0.3982979655265808,151.0683173281898,17,27,-10,False,False,-0.5,9.5,2019
2019_16_GB_MIN,Q3,away,GB,MIN,4.0,17.0,10.0,7.0,0.7340536117553711,-276.01563480537175,0.6843843758106232,-216.84109510370004,23,10,13,True,True,17.0,4.0,2019
2019_16_LA_SF,Q3,away,LA,SF,7.0,28.0,24.0,4.0,0.6744937300682068,-207.21374436490598,0.5884156823158264,-142.96358170948173,31,34,-3,False,True,4.0,7.0,2019
2019_16_OAK_LAC,Q3,away,LV,LAC,7.5,21.0,14.0,7.0,0.8286115527153015,-483.46989884263905,0.7594950199127197,-315.79180590651214,24,17,7,True,True,14.5,7.5,2019
2019_16_PIT_NYJ,Q3,home,NYJ,PIT,-3.0,13.0,10.0,3.0,0.6772332787513733,-209.82128396988657,0.5653979778289795,-130.09556996642078,16,10,6,True,True,9.0,3.0,2019
2019_17_CLE_CIN,Q3,home,CIN,CLE,-2.5,23.0,16.0,7.0,0.8959304094314575,-860.8954878527925,0.8686065077781677,-661.0727008546932,33,23,10,True,True,12.5,2.5,2019
2019_17_GB_DET,Q3,home,DET,GB,-13.5,17.0,10.0,7.0,0.789095938205719,-374.14923709502335,0.5224710702896118,-109.41139641664854,20,23,-3,False,True,10.5,13.5,2019
2019_17_IND_JAX,Q3,home,JAX,IND,-5.0,24.0,20.0,4.0,0.6898133158683777,-222.3865017931161,0.5423073172569275,-118.48721592111485,38,20,18,True,True,23.0,5.0,2019
2019_17_PIT_BAL,Q3,home,BAL,PIT,-2.0,16.0,10.0,6.0,0.8463951349258423,-551.0210464474661,0.8082646131515503,-421.55213309185007,28,10,18,True,True,20.0,2.0,2019
2020_01_HOU_KC,Q1,away,HOU,KC,9.5,7.0,0.0,7.0,0.5091486573219299,-103.72766926622432,0.2552163004875183,291.82450262376807,20,34,-14,False,False,-4.5,9.5,2020
2020_01_LAC_CIN,Q1,home,CIN,LAC,-2.5,7.0,0.0,7.0,0.72905433177948,-269.0776850457376,0.5717681646347046,-133.5183695875782,13,16,-3,False,False,-0.5,2.5,2020
2020_01_SEA_ATL,Q1,away,SEA,ATL,1.0,14.0,3.0,11.0,0.7518312931060791,-302.9516906124057,0.7282314300537109,-267.96013615468297,38,25,13,True,True,14.0,1.0,2020
2020_01_TB_NO,Q1,away,TB,NO,4.0,7.0,0.0,7.0,0.6588686108589172,-193.14218269912033,0.5487383306026459,-121.60091756418593,23,34,-11,False,False,-7.0,4.0,2020
2020_01_TEN_DEN,Q1,home,DEN,TEN,-3.0,7.0,0.0,7.0,0.7703078389167786,-335.3653147256004,0.6144323348999023,-159.35784831448169,14,16,-2,False,True,1.0,3.0,2020
2020_02_ATL_DAL,Q1,away,ATL,DAL,3.0,20.0,0.0,20.0,0.765261709690094,-326.0063403715605,0.7920987457036972,-380.99757905971586,39,40,-1,False,True,2.0,3.0,2020
2020_02_DET_GB,Q1,away,DET,GB,7.0,14.0,3.0,11.0,0.7555609345436096,-309.099911314465,0.5521120429039001,-123.27012462749423,21,42,-21,False,False,-14.0,7.0,2020
2020_02_KC_LAC,Q1,home,LAC,KC,-8.5,7.0,0.0,7.0,0.7649391293525696,-325.4217204444493,0.41321033239364624,142.0075011694883,20,23,-3,False,True,5.5,8.5,2020
2020_02_LA_PHI,Q1,away,LA,PHI,2.0,14.0,3.0,11.0,0.8163393139839172,-444.48233952062674,0.7920770049095154,-380.9472851065928,37,19,18,True,True,20.0,2.0,2020
2020_02_MIN_IND,Q1,away,MIN,IND,3.5,3.0,0.0,3.0,0.37793081998825073,164.59869031879654,0.34923481941223145,186.3402915216238,11,28,-17,False,False,-13.5,3.5,2020
2020_03_CAR_LAC,Q1,away,CAR,LAC,6.0,6.0,0.0,6.0,0.5443017482757568,-119.4434576424775,0.404801607131958,147.03459234884363,21,16,5,True,True,11.0,6.0,2020
2020_03_HOU_PIT,Q1,away,HOU,PIT,4.0,7.0,3.0,4.0,0.5829032063484192,-139.7525023496929,0.5170872807502747,-107.0767573804319,21,28,-7,False,False,-3.0,4.0,2020
2020_03_KC_BAL,Q1,away,KC,BAL,3.5,6.0,3.0,3.0,0.6708201766014099,-203.78532611008234,0.6406646370887756,-178.29156359627623,34,20,14,True,True,17.5,3.5,2020
2020_03_LV_NE,Q1,away,LV,NE,7.0,3.0,0.0,3.0,0.5441054105758667,-119.34895109484795,0.3698275089263916,170.39632689926114,20,36,-16,False,False,-9.0,7.0,2020
2020_03_MIA_JAX,Q1,away,MIA,JAX,3.0,14.0,0.0,14.0,0.7453429698944092,-292.685016229617,0.7010968029499054,-234.5564750959841,31,13,18,True,True,21.0,3.0,2020
2020_03_TEN_MIN,Q1,home,MIN,TEN,-3.0,7.0,6.0,1.0,0.4581063389778137,118.28992854177257,0.3243980407714844,208.26326744199721,30,31,-1,False,True,2.0,3.0,2020
2020_03_WAS_CLE,Q1,away,WAS,CLE,7.5,7.0,0.0,7.0,0.6444751024246216,-181.2742530325826,0.4577316641807556,118.46860906810802,20,34,-14,False,False,-6.5,7.5,2020
2020_04_ARI_CAR,Q1,home,CAR,ARI,-3.0,14.0,0.0,14.0,0.8939749002456665,-843.1728923783706,0.7641974687576294,-324.08365793671055,31,21,10,True,True,13.0,3.0,2020
2020_04_JAX_CIN,Q1,away,JAX,CIN,1.0,7.0,3.0,4.0,0.5530915260314941,-123.75946267478274,0.5894263982772827,-143.56168925720522,25,33,-8,False,False,-7.0,1.0,2020
2020_04_LAC_TB,Q1,away,LAC,TB,7.5,14.0,7.0,7.0,0.6690322756767273,-202.1442655910611,0.48705732822418213,105.31463999238325,31,38,-7,False,True,0.5,7.5,2020
2020_04_MIN_HOU,Q1,away,MIN,HOU,3.5,7.0,0.0,7.0,0.7841737866401672,-363.3357479764361,0.7443302869796753,-291.1296289993113,31,23,8,True,True,11.5,3.5,2020
2020_04_NO_DET,Q1,home,DET,NO,-3.0,14.0,7.0,7.0,0.6964083909988403,-229.38986795125163,0.544073224067688,-119.33346598368296,29,35,-6,False,False,-3.0,3.0,2020
2020_04_PHI_SF,Q1,away,PHI,SF,8.5,8.0,7.0,1.0,0.5014614462852478,-100.58629218316544,0.2821606993675232,254.40796760199,25,20,5,True,True,13.5,8.5,2020
2020_05_IND_CLE,Q1,away,IND,CLE,1.0,7.0,3.0,4.0,0.4060743451118469,146.26032450401794,0.3924017548561096,154.8408582848187,23,32,-9,False,False,-8.0,1.0,2020
2020_05_LAC_NO,Q1,away,LAC,NO,7.0,6.0,3.0,3.0,0.5476730465888977,-121.07902092916825,0.3775966167449951,164.83288134844088,27,30,-3,False,True,4.0,7.0,2020
2020_05_LA_WAS,Q1,home,WAS,LA,-7.0,7.0,6.0,1.0,0.49584031105041504,101.67783411589625,0.24888825416564941,301.78673893322525,10,30,-20,False,False,-13.0,7.0,2020
2020_05_MIA_SF,Q1,away,MIA,SF,8.5,14.0,0.0,14.0,0.8313236832618713,-492.85145617242046,0.6105082631111145,-156.74485625487884,43,17,26,True,True,34.5,8.5,2020
2020_05_MIN_SEA,Q1,away,MIN,SEA,6.5,7.0,0.0,7.0,0.6927432417869568,-225.4607012766268,0.5236366391181946,-109.9237855213887,26,27,-1,False,True,5.5,6.5,2020
2020_05_NYG_DAL,Q1,away,NYG,DAL,7.5,14.0,3.0,11.0,0.8325722217559814,-497.2724541220062,0.6521373391151428,-187.4697725407789,34,37,-3,False,True,4.5,7.5,2020
2020_06_ATL_MIN,Q1,away,ATL,MIN,3.5,10.0,0.0,10.0,0.7219666838645935,-259.66912667149023,0.6376785635948181,-175.99802261815555,40,23,17,True,True,20.5,3.5,2020
2020_06_CHI_CAR,Q1,away,CHI,CAR,2.0,7.0,3.0,4.0,0.6480785012245178,-184.1542797128109,0.6028919219970703,-151.82061393186328,23,16,7,True,True,9.0,2.0,2020
2020_06_CIN_IND,Q1,away,CIN,IND,7.5,14.0,0.0,14.0,0.9116325974464417,-1031.639010656574,0.802911639213562,-407.3866341014349,27,31,-4,False,True,3.5,7.5,2020
2020_06_DEN_NE,Q1,away,DEN,NE,7.0,6.0,0.0,6.0,0.7074481844902039,-241.8197895157191,0.5021331906318665,-100.85693225245274,18,12,6,True,True,13.0,7.0,2020
2020_06_LA_SF,Q1,home,SF,LA,-2.0,7.0,0.0,7.0,0.7362300157546997,-279.1181937782663,0.603615939617157,-152.2805783446896,24,16,8,True,True,10.0,2.0,2020
2020_07_BUF_NYJ,Q1,home,NYJ,BUF,-9.5,3.0,0.0,3.0,0.642593264579773,-179.79327217329381,0.3273412585258484,205.49158529646067,10,18,-8,False,True,1.5,9.5,2020
2020_07_CLE_CIN,Q1,home,CIN,CLE,-4.5,7.0,3.0,4.0,0.698181688785553,-231.32515915824706,0.49394309520721436,102.4524706799453,34,37,-3,False,True,1.5,4.5,2020
2020_07_DAL_WAS,Q1,home,WAS,DAL,-1.0,9.0,3.0,6.0,0.6941713690757751,-226.98050440142407,0.6248477697372437,-166.5584579624119,25,3,22,True,True,23.0,1.0,2020
2020_07_DET_ATL,Q1,away,DET,ATL,1.0,7.0,0.0,7.0,0.6529473662376404,-188.14073218782679,0.6667633354663849,-200.08702715817918,23,22,1,True,True,2.0,1.0,2020
2020_07_PIT_TEN,Q1,away,PIT,TEN,1.0,7.0,0.0,7.0,0.7278491258621216,-267.4432438138615,0.7617744207382202,-319.7702039801219,27,24,3,True,True,4.0,1.0,2020
2020_07_SF_NE,Q1,away,SF,NE,3.0,7.0,0.0,7.0,0.6028362512588501,-151.78531604900994,0.5674386322498322,-131.18107037648463,33,6,27,True,True,30.0,3.0,2020
2020_08_IND_DET,Q1,home,DET,IND,-3.5,7.0,0.0,7.0,0.7594462037086487,-315.70742819989874,0.5882899165153503,-142.88936319852957,21,41,-20,False,False,-16.5,3.5,2020
2020_08_LAC_DEN,Q1,home,DEN,LAC,-3.0,3.0,0.0,3.0,0.5172507166862488,-107.14686371684869,0.41250258684158325,142.42272215956748,31,30,1,True,True,4.0,3.0,2020
2020_08_TB_NYG,Q1,home,NYG,TB,-13.0,7.0,3.0,4.0,0.696689248085022,-229.6948735534153,0.28612953424453735,249.49205877690395,23,25,-2,False,True,11.0,13.0,2020
2020_08_TEN_CIN,Q1,home,CIN,TEN,-7.5,3.0,0.0,3.0,0.6865598559379578,-219.0401800613199,0.3661336302757263,173.12432328243773,31,20,11,True,True,18.5,7.5,2020
2020_09_CAR_KC,Q1,away,CAR,KC,10.0,7.0,3.0,4.0,0.5506834387779236,-122.560236213004,0.2897648811340332,245.10738364372096,31,33,-2,False,True,8.0,10.0,2020
2020_09_MIA_ARI,Q1,away,MIA,ARI,6.0,14.0,7.0,7.0,0.6116628646850586,-157.5082084768947,0.4608798027038574,116.97631229081202,34,31,3,True,True,9.0,6.0,2020
2020_09_NO_TB,Q1,away,NO,TB,3.0,14.0,0.0,14.0,0.8353427052497864,-507.32201480475413,0.7837803065776825,-362.4925621584399,38,3,35,True,True,38.0,3.0,2020
2020_09_NYG_WAS,Q1,away,NYG,WAS,3.0,10.0,0.0,10.0,0.6584376096725464,-192.7722806487291,0.6288395524024963,-169.42525974223062,23,20,3,True,True,6.0,3.0,2020
2020_09_PIT_DAL,Q1,home,DAL,PIT,-14.0,3.0,0.0,3.0,0.6752946972846985,-207.97156425769566,0.2437760829925537,310.21251458476576,19,24,-5,False,True,9.0,14.0,2020
2020_09_SEA_BUF,Q1,home,BUF,SEA,-3.0,14.0,0.0,14.0,0.9040770530700684,-942.5034175925235,0.8029375076293945,-407.4532388027198,44,34,10,True,True,13.0,3.0,2020
2020_10_BUF_ARI,Q1,away,BUF,ARI,3.0,7.0,3.0,4.0,0.7066969871520996,-240.94433271934201,0.6320953369140625,-171.80954750943553,30,32,-2,False,True,1.0,3.0,2020
2020_10_IND_TEN,Q1,home,TEN,IND,-1.0,7.0,3.0,4.0,0.6802067756652832,-212.70205992648977,0.5736361145973206,-134.54144082948062,17,34,-17,False,False,-16.0,1.0,2020
2020_10_JAX_GB,Q1,away,JAX,GB,13.5,3.0,0.0,3.0,0.5702790021896362,-132.70913106305798,0.3117666244506836,220.75274310133338,20,24,-4,False,True,9.5,13.5,2020
2020_10_PHI_NYG,Q1,home,NYG,PHI,-4.5,7.0,3.0,4.0,0.7199031114578247,-257.0193175671161,0.5516865253448486,-123.05820737804349,27,17,10,True,True,14.5,4.5,2020
2020_10_SF_NO,Q1,away,SF,NO,9.5,7.0,0.0,7.0,0.70243901014328,-236.06555767996161,0.4373617172241211,128.64369710885356,13,27,-14,False,False,-4.5,9.5,2020
2020_10_TB_CAR,Q1,home,CAR,TB,-6.0,14.0,7.0,7.0,0.6922735571861267,-224.96394877733815,0.44757944345474243,123.42402329322265,23,46,-23,False,False,-17.0,6.0,2020
2020_11_DET_CAR,Q1,home,CAR,DET,-3.0,7.0,0.0,7.0,0.8315093517303467,-493.5047495333953,0.7002350687980652,-233.59472570404046,20,0,20,True,True,23.0,3.0,2020
2020_11_KC_LV,Q1,home,LV,KC,-7.5,14.0,7.0,7.0,0.7037214040756226,-237.5201630344034,0.3822328448295593,161.62063609314055,31,35,-4,False,True,3.5,7.5,2020
2020_11_LA_TB,Q1,away,LA,TB,4.0,7.0,0.0,7.0,0.5903810262680054,-144.1293162982923,0.47525835037231445,110.41187371386661,27,24,3,True,True,7.0,4.0,2020
2020_11_PIT_JAX,Q1,home,JAX,PIT,-11.0,3.0,0.0,3.0,0.5916100144386292,-144.86398671735424,0.22857379913330078,337.49546264347435,3,27,-24,False,False,-13.0,11.0,2020
2020_11_TEN_BAL,Q1,away,TEN,BAL,6.0,7.0,3.0,4.0,0.6435009837150574,-180.5056828545972,0.4826839566230774,107.1748990780916,30,24,6,True,True,12.0,6.0,2020
2020_12_BAL_PIT,Q1,away,BAL,PIT,10.5,7.0,6.0,1.0,0.3750823736190796,166.60810273520468,0.1753394603729248,470.32227535839723,14,19,-5,False,True,5.5,10.5,2020
2020_12_LV_ATL,Q1,home,ATL,LV,-3.5,6.0,0.0,6.0,0.5655601024627686,-130.1814372180907,0.3900607228279114,156.37033966149528,43,6,37,True,True,40.5,3.5,2020
2020_12_SF_LA,Q1,away,SF,LA,5.0,7.0,3.0,4.0,0.5544840097427368,-124.45883467000816,0.43818557262420654,128.21381224653248,23,20,3,True,True,8.0,5.0,2020
2020_12_TEN_IND,Q1,away,TEN,IND,3.0,14.0,7.0,7.0,0.6286271810531616,-169.2711875995289,0.604673445224762,-152.95543340582006,45,26,19,True,True,22.0,3.0,2020
2020_12_WAS_DAL,Q1,away,WAS,DAL,2.5,7.0,3.0,4.0,0.5267273187637329,-111.29468056086259,0.5251929461956024,-110.6118668599144,41,16,25,True,True,27.5,2.5,2020
2020_13_CIN_MIA,Q1,away,CIN,MIA,10.5,7.0,0.0,7.0,0.5340560674667358,-114.6180967660973,0.2661111354827881,275.7828465861698,7,19,-12,False,False,-1.5,10.5,2020
2020_13_CLE_TEN,Q1,away,CLE,TEN,4.0,10.0,0.0,10.0,0.8304623365402222,-489.83943720402056,0.7788833975791931,-352.2500748708596,41,35,6,True,True,10.0,4.0,2020
2020_13_JAX_MIN,Q1,away,JAX,MIN,10.5,9.0,0.0,9.0,0.7028453350067139,-236.52508871856136,0.43648964166641235,129.10051111000956,24,27,-3,False,True,7.5,10.5,2020
2020_13_LA_ARI,Q1,home,ARI,LA,-2.5,7.0,0.0,7.0,0.6781548857688904,-210.70846061746423,0.5515518188476562,-122.99120434168665,28,38,-10,False,False,-7.5,2.5,2020
2020_13_NE_LAC,Q1,away,NE,LAC,2.5,7.0,0.0,7.0,0.6314280033111572,-171.3174112476656,0.6369556784629822,-175.44846198566282,45,0,45,True,True,47.5,2.5,2020
2020_13_PHI_GB,Q1,away,PHI,GB,8.0,3.0,0.0,3.0,0.4647561311721802,115.166607372744,0.31118184328079224,221.35551015990953,16,30,-14,False,False,-6.0,8.0,2020
2020_14_DEN_CAR,Q1,away,DEN,CAR,4.0,6.0,0.0,6.0,0.5745711326599121,-135.05692179571818,0.49209487438201904,103.21284615203861,32,27,5,True,True,9.0,4.0,2020
2020_14_HOU_CHI,Q1,home,CHI,HOU,-1.0,7.0,0.0,7.0,0.8608276844024658,-618.5337081635205,0.7830989360809326,-361.03969336597237,36,7,29,True,True,30.0,1.0,2020
2020_14_KC_MIA,Q1,home,MIA,KC,-7.5,7.0,0.0,7.0,0.7723740935325623,-339.3173059776707,0.4640715718269348,115.4840030522119,27,33,-6,False,True,1.5,7.5,2020
2020_15_CHI_MIN,Q1,away,CHI,MIN,2.5,10.0,7.0,3.0,0.46946364641189575,113.00903864292503,0.48916172981262207,104.43136473146811,33,27,6,True,True,8.5,2.5,2020
2020_15_CLE_NYG,Q1,home,NYG,CLE,-6.0,3.0,0.0,3.0,0.4540196657180786,120.25477650145342,0.26685553789138794,274.7345878229467,6,20,-14,False,False,-8.0,6.0,2020
2020_15_LAC_LV,Q1,away,LAC,LV,3.5,7.0,3.0,4.0,0.6881079077720642,-220.62371086637998,0.6135189533233643,-158.74490058413875,30,27,3,True,True,6.5,3.5,2020
2020_15_NYJ_LA,Q1,away,NYJ,LA,17.5,7.0,0.0,7.0,0.7045003175735474,-238.40983915402057,0.36712366342544556,172.38778090998136,23,20,3,True,True,20.5,17.5,2020
2020_15_PIT_CIN,Q1,home,CIN,PIT,-14.5,3.0,0.0,3.0,0.7516982555389404,-302.73579316589417,0.3023609519004822,230.73053703347773,27,17,10,True,True,24.5,14.5,2020
2020_15_SF_DAL,Q1,home,DAL,SF,-4.0,14.0,7.0,7.0,0.8367106318473816,-512.4097430919998,0.6642612814903259,-197.85066328928212,41,33,8,True,True,12.0,4.0,2020
2020_15_TB_ATL,Q1,home,ATL,TB,-6.0,7.0,0.0,7.0,0.7261247634887695,-265.1297622737039,0.45704153180122375,118.7984965083916,27,31,-4,False,True,2.0,6.0,2020
2020_16_CIN_HOU,Q1,away,CIN,HOU,7.5,7.0,3.0,4.0,0.6815643310546875,-214.03517178590255,0.4780126214027405,109.19949708973667,37,31,6,True,True,13.5,7.5,2020
2020_16_CLE_NYJ,Q1,home,NYJ,CLE,-6.5,7.0,3.0,4.0,0.6747863292694092,-207.49014878541396,0.3991965055465698,150.50319481900902,23,16,7,True,True,13.5,6.5,2020
2020_16_LA_SEA,Q1,away,LA,SEA,1.5,3.0,0.0,3.0,0.40937525033950806,144.27465978235563,0.4721922278404236,111.77815750452123,9,20,-11,False,False,-9.5,1.5,2020
2020_16_MIA_LV,Q1,home,LV,MIA,-2.0,7.0,3.0,4.0,0.7198124527931213,-256.9037988906917,0.5835379362106323,-140.11790915625053,25,26,-1,False,True,1.0,2.0,2020
2020_16_SF_ARI,Q1,away,SF,ARI,6.0,7.0,3.0,4.0,0.5587611198425293,-126.63460655215081,0.4255734086036682,134.9770873328434,20,12,8,True,True,14.0,6.0,2020
2020_17_ARI_LA,Q1,away,ARI,LA,1.0,7.0,0.0,7.0,0.551255464553833,-122.84393925950405,0.5442752242088318,-119.43068560710445,7,18,-11,False,False,-10.0,1.0,2020
2020_17_DAL_NYG,Q1,home,NYG,DAL,-1.5,6.0,3.0,3.0,0.6693843603134155,-202.46603002446452,0.5386068820953369,-116.73491892148863,23,19,4,True,True,5.5,1.5,2020
2020_17_GB_CHI,Q1,home,CHI,GB,-4.5,7.0,0.0,7.0,0.6120142936706543,-157.74145379240844,0.38586586713790894,159.1574132786922,16,35,-19,False,False,-14.5,4.5,2020
2020_17_LV_DEN,Q1,home,DEN,LV,-2.5,10.0,3.0,7.0,0.7735413908958435,-341.58179896798003,0.6418708562850952,-179.22888085200577,31,32,-1,False,True,1.5,2.5,2020
2020_01_DAL_LA,H1,away,DAL,LA,1.0,14.0,13.0,1.0,0.5368156433105469,-115.89675591536884,0.5636016726493835,-129.14844932404333,17,20,-3,False,False,-2.0,1.0,2020
2020_01_GB_MIN,H1,away,GB,MIN,1.0,22.0,10.0,12.0,0.811280369758606,-429.88658292774596,0.8017793446779251,-404.48829279429526,43,34,9,True,True,10.0,1.0,2020
2020_01_LAC_CIN,H1,home,CIN,LAC,-2.5,7.0,6.0,1.0,0.5511130094528198,-122.77321933100113,0.43598127365112305,129.36764958400732,13,16,-3,False,False,-0.5,2.5,2020
2020_01_SEA_ATL,H1,away,SEA,ATL,1.0,14.0,12.0,2.0,0.5843797922134399,-140.60427795983048,0.5995689630508423,-149.7308918956172,38,25,13,True,True,14.0,1.0,2020
2020_02_ATL_DAL,H1,away,ATL,DAL,3.0,29.0,10.0,19.0,0.9040041565895081,-941.7117705022467,0.8856679052114487,-774.6450433270074,39,40,-1,False,True,2.0,3.0,2020
2020_02_KC_LAC,H1,home,LAC,KC,-8.5,14.0,6.0,8.0,0.7897358536720276,-375.59225738856526,0.5122120380401611,-105.00710923291157,20,23,-3,False,True,5.5,8.5,2020
2020_02_LA_PHI,H1,away,LA,PHI,2.0,21.0,16.0,5.0,0.7004455924034119,-233.82917247764436,0.6645165085792542,-198.07726030424917,37,19,18,True,True,20.0,2.0,2020
2020_03_CAR_LAC,H1,away,CAR,LAC,6.0,18.0,7.0,11.0,0.7993437051773071,-398.3646293696572,0.6920375227928162,-224.71488379645785,21,16,5,True,True,11.0,6.0,2020
2020_03_DET_ARI,H1,away,DET,ARI,4.5,17.0,13.0,4.0,0.6024054288864136,-151.51248851290677,0.5047553777694702,-101.92041571215958,26,23,3,True,True,7.5,4.5,2020
2020_03_HOU_PIT,H1,away,HOU,PIT,4.0,21.0,17.0,4.0,0.6024054288864136,-151.51248851290677,0.530104249715805,-112.81316108843201,21,28,-7,False,False,-3.0,4.0,2020
2020_03_KC_BAL,H1,away,KC,BAL,3.5,27.0,10.0,17.0,0.9162692427635193,-1094.3042592767922,0.8664073348045349,-648.5440900043858,34,20,14,True,True,17.5,3.5,2020
2020_03_MIA_JAX,H1,away,MIA,JAX,3.0,21.0,7.0,14.0,0.8602129220962524,-615.3737062080693,0.8287119269371033,-483.8118101969665,31,13,18,True,True,21.0,3.0,2020
2020_03_TEN_MIN,H1,home,MIN,TEN,-3.0,17.0,9.0,8.0,0.8468554615974426,-552.9779059906069,0.7108852863311768,-245.88346864472823,30,31,-1,False,True,2.0,3.0,2020
2020_04_ARI_CAR,H1,home,CAR,ARI,-3.0,21.0,7.0,14.0,0.9166976809501648,-1100.4467719581191,0.8505706191062927,-569.21243601439,31,21,10,True,True,13.0,3.0,2020
2020_04_CLE_DAL,H1,away,CLE,DAL,3.5,31.0,14.0,17.0,0.9162692427635193,-1094.3042592767922,0.8664073348045349,-648.5440900043858,49,38,11,True,True,14.5,3.5,2020
2020_04_DEN_NYJ,H1,away,DEN,NYJ,1.0,17.0,13.0,4.0,0.6154525876045227,-160.0459573425961,0.6341259479522705,-173.31809796381697,37,28,9,True,True,10.0,1.0,2020
2020_04_JAX_CIN,H1,away,JAX,CIN,1.0,13.0,10.0,3.0,0.5506046414375305,-122.52121232377885,0.5761050581932068,-135.9075094733707,25,33,-8,False,False,-7.0,1.0,2020
2020_04_LAC_TB,H1,away,LAC,TB,7.5,24.0,14.0,10.0,0.8049947023391724,-412.8065811521173,0.6873963475227356,-219.89389505700987,31,38,-7,False,True,0.5,7.5,2020
2020_04_MIN_HOU,H1,away,MIN,HOU,3.5,17.0,6.0,11.0,0.8531333804130554,-580.889914136005,0.783857524394989,-362.65778959034753,31,23,8,True,True,11.5,3.5,2020
2020_04_PHI_SF,H1,away,PHI,SF,8.5,8.0,7.0,1.0,0.46048271656036377,117.16341657068729,0.31751978397369385,214.94100540294173,25,20,5,True,True,13.5,8.5,2020
2020_05_BUF_TEN,H1,home,TEN,BUF,-3.0,21.0,10.0,11.0,0.8782480359077454,-721.3419861073238,0.7914495468139648,-379.50027665869464,42,16,26,True,True,29.0,3.0,2020
2020_05_CAR_ATL,H1,away,CAR,ATL,2.5,20.0,7.0,13.0,0.8463419079780579,-550.7955336691292,0.827081710100174,-478.3078242210895,23,16,7,True,True,9.5,2.5,2020
2020_05_LAC_NO,H1,away,LAC,NO,7.0,20.0,10.0,10.0,0.773473858833313,-341.450154427943,0.6700496971607208,-203.07594549689082,27,30,-3,False,True,4.0,7.0,2020
2020_05_MIA_SF,H1,away,MIA,SF,8.5,30.0,7.0,23.0,0.9956686496734619,-22987.488302966918,0.9892181158065796,-9174.816739454918,43,17,26,True,True,34.5,8.5,2020
2020_05_MIN_SEA,H1,away,MIN,SEA,6.5,13.0,0.0,13.0,0.8463419079780579,-550.7955336691292,0.753335490822792,-305.40895134677976,26,27,-1,False,True,5.5,6.5,2020
2020_05_TB_CHI,H1,home,CHI,TB,-3.5,14.0,13.0,1.0,0.6210339069366455,-163.87585018927348,0.4807509481906891,108.00791007558276,20,19,1,True,True,4.5,3.5,2020
2020_06_ARI_DAL,H1,away,ARI,DAL,1.0,21.0,3.0,18.0,0.8892259001731873,-802.7380963270542,0.9040339961647987,-942.0356793404274,38,10,28,True,True,29.0,1.0,2020
2020_06_ATL_MIN,H1,away,ATL,MIN,3.5,20.0,0.0,20.0,0.9491243958473206,-1865.578623890078,0.9113792181015015,-1028.4034947303287,40,23,17,True,True,20.5,3.5,2020
2020_06_CHI_CAR,H1,away,CHI,CAR,2.0,13.0,6.0,7.0,0.7313575148582458,-272.2419406120114,0.7217602729797363,-259.4023077542669,23,16,7,True,True,9.0,2.0,2020
2020_06_CIN_IND,H1,away,CIN,IND,7.5,24.0,21.0,3.0,0.5896167755126953,-143.67467779642033,0.47695183753967285,109.66477562146304,27,31,-4,False,True,3.5,7.5,2020
2020_06_DEN_NE,H1,away,DEN,NE,7.0,12.0,3.0,9.0,0.7687192559242249,-332.3749493266795,0.6468793153762817,-183.189301432622,18,12,6,True,True,13.0,7.0,2020
2020_06_GB_TB,H1,home,TB,GB,-3.0,28.0,10.0,18.0,0.946153461933136,-1757.129605543533,0.8829261660575867,-754.1618279041612,38,10,28,True,True,31.0,3.0,2020
2020_06_LA_SF,H1,home,SF,LA,-2.0,21.0,6.0,15.0,0.9049818515777588,-952.4305268044212,0.8447912931442261,-544.2937514641105,24,16,8,True,True,10.0,2.0,2020
2020_07_BUF_NYJ,H1,home,NYJ,BUF,-9.5,10.0,6.0,4.0,0.6569479703903198,-191.50097177322812,0.351739764213562,184.30109465611653,10,18,-8,False,True,1.5,9.5,2020
2020_07_CLE_CIN,H1,home,CIN,CLE,-4.5,17.0,10.0,7.0,0.748828649520874,-298.13457947828596,0.5834193229675293,-140.04954025317267,34,37,-3,False,True,1.5,4.5,2020
2020_07_DAL_WAS,H1,home,WAS,DAL,-1.0,22.0,3.0,19.0,0.9275802373886108,-1280.83855006,0.8976008892059326,-876.5709802022385,25,3,22,True,True,23.0,1.0,2020
2020_07_PIT_TEN,H1,away,PIT,TEN,1.0,24.0,7.0,17.0,0.8876581192016602,-790.1399842103923,0.8896384239196777,-806.1124673248504,27,24,3,True,True,4.0,1.0,2020
2020_07_SF_NE,H1,away,SF,NE,3.0,23.0,3.0,20.0,0.9263617396354675,-1257.9897122089612,0.9060408398509026,-964.2921865342001,33,6,27,True,True,30.0,3.0,2020
2020_08_ATL_CAR,H1,away,ATL,CAR,1.5,16.0,14.0,2.0,0.5087411403656006,-103.5586698109041,0.5227130651473999,-109.5175725496925,25,17,8,True,True,9.5,1.5,2020
2020_08_DAL_PHI,H1,away,DAL,PHI,10.0,9.0,7.0,2.0,0.5087411403656006,-103.5586698109041,0.3196321129798889,212.85967817098512,9,23,-14,False,False,-4.0,10.0,2020
2020_08_LA_MIA,H1,home,MIA,LA,-3.5,28.0,10.0,18.0,0.946153461933136,-1757.129605543533,0.873810887336731,-692.4613929796486,28,17,11,True,True,14.5,3.5,2020
2020_08_LV_CLE,H1,away,LV,CLE,1.0,6.0,3.0,3.0,0.5506046414375305,-122.52121232377885,0.5761050581932068,-135.9075094733707,16,6,10,True,True,11.0,1.0,2020
2020_08_NO_CHI,H1,home,CHI,NO,-5.5,13.0,10.0,3.0,0.6789292693138123,-211.45785162752594,0.4875132739543915,105.12261992143283,23,26,-3,False,True,2.5,5.5,2020
2020_08_TB_NYG,H1,home,NYG,TB,-13.0,14.0,6.0,8.0,0.8346096873283386,-504.63033405422897,0.544883668422699,-119.7240421002451,23,25,-2,False,True,11.0,13.0,2020
2020_08_TEN_CIN,H1,home,CIN,TEN,-7.5,17.0,7.0,10.0,0.817753255367279,-448.706646044781,0.6205941438674927,-163.56999604422302,31,20,11,True,True,18.5,7.5,2020
2020_09_CAR_KC,H1,away,CAR,KC,10.0,17.0,13.0,4.0,0.6024054288864136,-151.51248851290677,0.3650447130203247,173.93904481622303,31,33,-2,False,True,8.0,10.0,2020
2020_09_LV_LAC,H1,home,LAC,LV,-1.0,17.0,14.0,3.0,0.6287232637405396,-169.34087227624383,0.530601978302002,-113.0388186091209,26,31,-5,False,False,-4.0,1.0,2020
2020_09_MIA_ARI,H1,away,MIA,ARI,6.0,24.0,17.0,7.0,0.7069733738899231,-241.2659160960837,0.5749874114990234,-135.28714844118136,34,31,3,True,True,9.0,6.0,2020
2020_09_NE_NYJ,H1,home,NYJ,NE,-9.5,20.0,10.0,10.0,0.817753255367279,-448.706646044781,0.5652971267700195,-130.04218779822693,27,30,-3,False,True,6.5,9.5,2020
2020_09_NO_TB,H1,away,NO,TB,3.0,31.0,0.0,31.0,0.9973148703575134,-37142.149659259914,0.9968265295028687,-31411.24300364374,38,3,35,True,True,38.0,3.0,2020
2020_09_NYG_WAS,H1,away,NYG,WAS,3.0,20.0,3.0,17.0,0.8876581192016602,-790.1399842103923,0.8690290153026581,-663.5278930756143,23,20,3,True,True,6.0,3.0,2020
2020_09_PIT_DAL,H1,home,DAL,PIT,-14.0,13.0,9.0,4.0,0.6962094306945801,-229.17414200393975,0.37920406460762024,163.7102534844255,19,24,-5,False,True,9.0,14.0,2020
2020_09_SEA_BUF,H1,home,BUF,SEA,-3.0,24.0,10.0,14.0,0.8932299613952637,-836.5923372023956,0.8082552552223206,-421.52667921066677,44,34,10,True,True,13.0,3.0,2020
2020_10_BAL_NE,H1,home,NE,BAL,-7.0,13.0,10.0,3.0,0.6789292693138123,-211.45785162752594,0.46821096539497375,113.57893640026548,23,17,6,True,True,13.0,7.0,2020
2020_10_BUF_ARI,H1,away,BUF,ARI,3.0,16.0,9.0,7.0,0.7313575148582458,-272.2419406120114,0.7118659019470215,-247.0606244652559,30,32,-2,False,True,1.0,3.0,2020
2020_10_IND_TEN,H1,home,TEN,IND,-1.0,17.0,13.0,4.0,0.6569479703903198,-191.50097177322812,0.5600970983505249,-127.32289244975777,17,34,-17,False,False,-16.0,1.0,2020
2020_10_PHI_NYG,H1,home,NYG,PHI,-4.5,14.0,3.0,11.0,0.8392153382301331,-521.9498731982982,0.7033720016479492,-237.1225931320068,27,17,10,True,True,14.5,4.5,2020
2020_11_CIN_WAS,H1,away,CIN,WAS,2.0,9.0,7.0,2.0,0.5843797922134399,-140.60427795983048,0.5823934078216553,-139.45982145151004,9,20,-11,False,False,-9.0,2.0,2020
2020_11_DAL_MIN,H1,away,DAL,MIN,7.0,16.0,7.0,9.0,0.7687192559242249,-332.3749493266795,0.6468793153762817,-183.189301432622,31,28,3,True,True,10.0,7.0,2020
2020_11_DET_CAR,H1,home,CAR,DET,-3.0,7.0,0.0,7.0,0.7392780780792236,-283.55040981320417,0.6107743382453918,-156.92036734989526,20,0,20,True,True,23.0,3.0,2020
2020_11_GB_IND,H1,away,GB,IND,1.5,28.0,14.0,14.0,0.8602129220962524,-615.3737062080693,0.8478125929832458,-557.0845903760691,31,34,-3,False,False,-1.5,1.5,2020
2020_11_KC_LV,H1,home,LV,KC,-7.5,17.0,14.0,3.0,0.6287232637405396,-169.34087227624383,0.380232036113739,162.99730296814587,31,35,-4,False,True,3.5,7.5,2020
2020_11_LA_TB,H1,away,LA,TB,4.0,17.0,14.0,3.0,0.5896167755126953,-143.67467779642033,0.5380533337593079,-116.47520657264819,27,24,3,True,True,7.0,4.0,2020
2020_11_MIA_DEN,H1,home,DEN,MIA,-4.0,13.0,10.0,3.0,0.6789292693138123,-211.45785162752594,0.5149047374725342,-106.14507649276014,20,13,7,True,True,11.0,4.0,2020
2020_11_NE_HOU,H1,home,HOU,NE,-2.5,21.0,10.0,11.0,0.8392153382301331,-521.9498731982982,0.75157231092453,-302.5316194509258,27,20,7,True,True,9.5,2.5,2020
2020_12_LV_ATL,H1,home,ATL,LV,-3.5,16.0,3.0,13.0,0.8822607398033142,-749.3343667434974,0.7924187183380127,-381.7390045930726,43,6,37,True,True,40.5,3.5,2020
2020_12_SF_LA,H1,away,SF,LA,5.0,7.0,3.0,4.0,0.6024054288864136,-151.51248851290677,0.49723708629608154,101.11130636875838,23,20,3,True,True,8.0,5.0,2020
2020_12_TEN_IND,H1,away,TEN,IND,3.0,35.0,14.0,21.0,0.9193190336227417,-1139.449705304809,0.9079089090228081,-985.8813696187709,45,26,19,True,True,22.0,3.0,2020
2020_12_WAS_DAL,H1,away,WAS,DAL,2.5,17.0,13.0,4.0,0.6024054288864136,-151.51248851290677,0.5840194225311279,-140.39583917228208,41,16,25,True,True,27.5,2.5,2020
2020_13_BUF_SF,H1,away,BUF,SF,1.5,17.0,7.0,10.0,0.773473858833313,-341.450154427943,0.7654875963926315,-326.41667759042986,34,24,10,True,True,11.5,1.5,2020
2020_13_CIN_MIA,H1,away,CIN,MIA,10.5,7.0,6.0,1.0,0.46048271656036377,117.16341657068729,0.28495359420776367,250.93433468710205,7,19,-12,False,False,-1.5,10.5,2020
2020_13_CLE_TEN,H1,away,CLE,TEN,4.0,38.0,7.0,31.0,0.9927867650985718,-13763.405443818276,0.9927024506032467,-13603.230298720571,41,35,6,True,True,10.0,4.0,2020
2020_13_DEN_KC,H1,away,DEN,KC,13.0,10.0,9.0,1.0,0.46048271656036377,117.16341657068729,0.2611003518104553,282.99450501160015,16,22,-6,False,True,7.0,13.0,2020
2020_13_JAX_MIN,H1,away,JAX,MIN,10.5,9.0,6.0,3.0,0.5506046414375305,-122.52121232377885,0.3369141221046448,196.81154169293094,24,27,-3,False,True,7.5,10.5,2020
2020_13_NE_LAC,H1,away,NE,LAC,2.5,28.0,0.0,28.0,0.9895234704017639,-9445.14556202245,0.9947928972542286,-19104.537510078546,45,0,45,True,True,47.5,2.5,2020
2020_14_ATL_LAC,H1,away,ATL,LAC,1.0,17.0,10.0,7.0,0.7069733738899231,-241.2659160960837,0.6909032464027405,-223.52329436075516,17,20,-3,False,False,-2.0,1.0,2020
2020_14_DEN_CAR,H1,away,DEN,CAR,4.0,13.0,7.0,6.0,0.6658905744552612,-199.30313949376907,0.6134776473045349,-158.7172496044192,32,27,5,True,True,9.0,4.0,2020
2020_14_HOU_CHI,H1,home,CHI,HOU,-1.0,30.0,7.0,23.0,0.9970312118530273,-33583.777706392546,0.9942723512649536,-17359.171228172414,36,7,29,True,True,30.0,1.0,2020
2020_14_NO_PHI,H1,home,PHI,NO,-7.5,17.0,0.0,17.0,0.941237211227417,-1601.7572189605994,0.8236549496650696,-467.0700697868808,24,21,3,True,True,10.5,7.5,2020
2020_14_WAS_SF,H1,away,WAS,SF,3.0,13.0,7.0,6.0,0.7424898743629456,-288.3342441490794,0.704981803894043,-238.9621430811155,23,15,8,True,True,11.0,3.0,2020
2020_15_CHI_MIN,H1,away,CHI,MIN,2.5,20.0,10.0,10.0,0.773473858833313,-341.450154427943,0.7609290331602097,-318.2858392295432,33,27,6,True,True,8.5,2.5,2020
2020_15_LAC_LV,H1,away,LAC,LV,3.5,17.0,10.0,7.0,0.7313575148582458,-272.2419406120114,0.6977853178977966,-230.89060830665358,30,27,3,True,True,6.5,3.5,2020
2020_15_NYJ_LA,H1,away,NYJ,LA,17.5,13.0,3.0,10.0,0.8049947023391724,-412.8065811521173,0.535973310470581,-115.50484542475886,23,20,3,True,True,20.5,17.5,2020
2020_15_PIT_CIN,H1,home,CIN,PIT,-14.5,17.0,0.0,17.0,0.941237211227417,-1601.7572189605994,0.7509282827377319,-301.490787870956,27,17,10,True,True,24.5,14.5,2020
2020_15_SF_DAL,H1,home,DAL,SF,-4.0,17.0,14.0,3.0,0.6789292693138123,-211.45785162752594,0.5149047374725342,-106.14507649276014,41,33,8,True,True,12.0,4.0,2020
2020_15_TB_ATL,H1,home,ATL,TB,-6.0,17.0,0.0,17.0,0.91569584608078,-1086.181170809445,0.7950072288513184,-387.82207996724827,27,31,-4,False,True,2.0,6.0,2020
2020_16_CLE_NYJ,H1,home,NYJ,CLE,-6.5,13.0,3.0,10.0,0.8654706478118896,-643.332205005875,0.7276464104652405,-267.16975227248605,23,16,7,True,True,13.5,6.5,2020
2020_16_MIA_LV,H1,home,LV,MIA,-2.0,13.0,6.0,7.0,0.748828649520874,-298.13457947828596,0.6450319886207581,-181.7155258904771,25,26,-1,False,True,1.0,2.0,2020
2020_16_PHI_DAL,H1,home,DAL,PHI,-3.0,20.0,17.0,3.0,0.6789292693138123,-211.45785162752594,0.5608662366867065,-127.7210461921519,37,17,20,True,True,23.0,3.0,2020
2020_16_SF_ARI,H1,away,SF,ARI,6.0,7.0,6.0,1.0,0.5368156433105469,-115.89675591536884,0.46129071712493896,116.78303136743017,20,12,8,True,True,14.0,6.0,2020
2020_17_DAL_NYG,H1,home,NYG,DAL,-1.5,20.0,9.0,11.0,0.8392153382301331,-521.9498731982982,0.7551537156105042,-308.4195120597472,23,19,4,True,True,5.5,1.5,2020
2020_17_MIA_BUF,H1,home,BUF,MIA,-3.5,28.0,6.0,22.0,0.968712329864502,-3096.1472224338945,0.9528753757476807,-2022.0328349902609,56,26,30,True,True,33.5,3.5,2020
2020_01_GB_MIN,Q3,away,GB,MIN,1.0,29.0,10.0,19.0,0.9709539413452148,-3342.8078930951833,0.9786485861986876,-4583.5306050718345,43,34,9,True,True,10.0,1.0,2020
2020_01_LAC_CIN,Q3,home,CIN,LAC,-2.5,13.0,6.0,7.0,0.7253775000572205,-264.136223437031,0.5934324264526367,-145.9615731955329,13,16,-3,False,False,-0.5,2.5,2020
2020_01_SEA_ATL,Q3,away,SEA,ATL,1.0,28.0,12.0,16.0,0.9802913665771484,-4973.918513500435,0.9788539409637451,-4629.013563640873,38,25,13,True,True,14.0,1.0,2020
2020_02_ATL_DAL,Q3,away,ATL,DAL,3.0,29.0,24.0,5.0,0.8536568284034729,-583.3253571659856,0.8275713920593262,-479.9501671695118,39,40,-1,False,True,2.0,3.0,2020
2020_02_KC_LAC,Q3,home,LAC,KC,-8.5,17.0,9.0,8.0,0.883948802947998,-761.6886558713436,0.7693522572517395,-333.5615809999258,20,23,-3,False,True,5.5,8.5,2020
2020_02_LA_PHI,Q3,away,LA,PHI,2.0,24.0,16.0,8.0,0.7704963088035583,-335.72283948324775,0.7228754162788391,-260.8485348258337,37,19,18,True,True,20.0,2.0,2020
2020_02_NO_LV,Q3,home,LV,NO,-4.0,24.0,17.0,7.0,0.857485830783844,-601.6846152913164,0.8064035177230835,-416.53831115051986,34,24,10,True,True,14.0,4.0,2020
2020_03_CAR_LAC,Q3,away,CAR,LAC,6.0,18.0,10.0,8.0,0.8854849338531494,-773.2475416969422,0.8234246373176575,-466.33042391026595,21,16,5,True,True,11.0,6.0,2020
2020_03_CIN_PHI,Q3,away,CIN,PHI,5.5,17.0,16.0,1.0,0.6436386108398438,-180.61401442976728,0.5779218077659607,-136.9229252776716,23,23,0,False,True,5.5,5.5,2020
2020_03_HOU_PIT,Q3,away,HOU,PIT,4.0,21.0,20.0,1.0,0.5346183776855469,-114.87741501840209,0.5109331011772156,-104.47100435688134,21,28,-7,False,False,-3.0,4.0,2020
2020_03_KC_BAL,Q3,away,KC,BAL,3.5,27.0,13.0,14.0,0.8449960947036743,-545.1450355965352,0.8324480205774307,-496.82971424526175,34,20,14,True,True,17.5,3.5,2020
2020_03_MIA_JAX,Q3,away,MIA,JAX,3.0,28.0,7.0,21.0,0.9759306311607361,-4054.658174371064,0.9710885044187307,-3358.8317895524733,31,13,18,True,True,21.0,3.0,2020
2020_03_WAS_CLE,Q3,away,WAS,CLE,7.5,20.0,17.0,3.0,0.530272364616394,-112.88932663783851,0.4344900846481323,130.15484940463958,20,34,-14,False,False,-6.5,7.5,2020
2020_04_ARI_CAR,Q3,home,CAR,ARI,-3.0,28.0,14.0,14.0,0.9602351784706116,-2414.785585699018,0.9235019683837891,-1207.223177998853,31,21,10,True,True,13.0,3.0,2020
2020_04_CLE_DAL,Q3,away,CLE,DAL,3.5,41.0,14.0,27.0,0.9991179704666138,-113274.88849844574,0.9992795355501585,-138699.35369745953,49,38,11,True,True,14.5,3.5,2020
2020_04_DEN_NYJ,Q3,away,DEN,NYJ,1.0,24.0,16.0,8.0,0.8413631916046143,-530.370725505019,0.8488889932632446,-561.7651629719212,37,28,9,True,True,10.0,1.0,2020
2020_04_LAC_TB,Q3,away,LAC,TB,7.5,31.0,28.0,3.0,0.5859532356262207,-141.51861239936014,0.48561275005340576,105.92540041216462,31,38,-7,False,True,0.5,7.5,2020
2020_04_MIN_HOU,Q3,away,MIN,HOU,3.5,24.0,16.0,8.0,0.8245289325714111,-469.8945214469435,0.7935182601213455,-384.30432666233907,31,23,8,True,True,11.5,3.5,2020
2020_05_BUF_TEN,Q3,home,TEN,BUF,-3.0,28.0,10.0,18.0,0.98032546043396,-4982.711067485852,0.9654044508934021,-2790.545245918021,42,16,26,True,True,29.0,3.0,2020
2020_05_CAR_ATL,Q3,away,CAR,ATL,2.5,20.0,10.0,10.0,0.7108628153800964,-245.85658752767776,0.6827199459075928,-215.17896795011004,23,16,7,True,True,9.5,2.5,2020
2020_05_LAC_NO,Q3,away,LAC,NO,7.0,20.0,13.0,7.0,0.7379927635192871,-281.6688475600989,0.645697295665741,-182.24452925896162,27,30,-3,False,True,4.0,7.0,2020
2020_05_MIA_SF,Q3,away,MIA,SF,8.5,37.0,17.0,20.0,0.9857006072998047,-6893.303988261971,0.9808195233345032,-5113.634767476188,43,17,26,True,True,34.5,8.5,2020
2020_06_ARI_DAL,Q3,away,ARI,DAL,1.0,28.0,3.0,25.0,0.9964019060134888,-27692.492462644535,0.9968798728659749,-31949.976076133713,38,10,28,True,True,29.0,1.0,2020
2020_06_ATL_MIN,Q3,away,ATL,MIN,3.5,30.0,7.0,23.0,0.9986739158630371,-75309.99640417116,0.9989272952079773,-93122.29260432294,40,23,17,True,True,20.5,3.5,2020
2020_06_CHI_CAR,Q3,away,CHI,CAR,2.0,20.0,6.0,14.0,0.9087518453598022,-995.9125737316201,0.903020367026329,-931.1443437525593,23,16,7,True,True,9.0,2.0,2020
2020_06_CIN_IND,Q3,away,CIN,IND,7.5,27.0,21.0,6.0,0.5881730318069458,-142.8204263522696,0.4852001667022705,106.1005062707701,27,31,-4,False,True,3.5,7.5,2020
2020_06_DEN_NE,Q3,away,DEN,NE,7.0,18.0,3.0,15.0,0.9761391282081604,-4090.96170803784,0.9612738490104675,-2482.2344189854966,18,12,6,True,True,13.0,7.0,2020
2020_06_GB_TB,Q3,home,TB,GB,-3.0,38.0,10.0,28.0,0.9996097683906555,-256158.07239957232,0.9997099041938782,-344613.7045407849,38,10,28,True,True,31.0,3.0,2020
2020_06_HOU_TEN,Q3,away,HOU,TEN,4.0,23.0,21.0,2.0,0.4701414704322815,112.70193396905168,0.4506259560585022,121.91353750385734,36,42,-6,False,False,-2.0,4.0,2020
2020_06_LA_SF,Q3,home,SF,LA,-2.0,21.0,9.0,12.0,0.9326252341270447,-1384.2352133521945,0.8699709177017212,-669.0587231140037,24,16,8,True,True,10.0,2.0,2020
2020_07_CLE_CIN,Q3,home,CIN,CLE,-4.5,20.0,17.0,3.0,0.6627011299133301,-196.47297654541418,0.5163284540176392,-106.7518770344347,34,37,-3,False,True,1.5,4.5,2020
2020_07_DAL_WAS,Q3,home,WAS,DAL,-1.0,22.0,3.0,19.0,0.9921501874923706,-12639.157770049658,0.9903265833854675,-10237.609139026328,25,3,22,True,True,23.0,1.0,2020
2020_07_NYG_PHI,Q3,away,NYG,PHI,5.0,14.0,10.0,4.0,0.46332985162734985,115.82895997046332,0.4318218231201172,131.57699459803268,21,22,-1,False,True,4.0,5.0,2020
2020_07_PIT_TEN,Q3,away,PIT,TEN,1.0,27.0,17.0,10.0,0.8261896371841431,-475.33968849685226,0.8207369744777679,-457.83951938040946,27,24,3,True,True,4.0,1.0,2020
2020_07_SF_NE,Q3,away,SF,NE,3.0,30.0,6.0,24.0,0.9992997646331787,-142709.12495743958,0.9996016621589661,-250943.18419871316,33,6,27,True,True,30.0,3.0,2020
2020_08_ATL_CAR,Q3,away,ATL,CAR,1.5,19.0,17.0,2.0,0.7032012939453125,-236.92869261220503,0.6936072111129761,-226.37843848496368,25,17,8,True,True,9.5,1.5,2020
2020_08_LA_MIA,Q3,home,MIA,LA,-3.5,28.0,10.0,18.0,0.9827507138252258,-5697.341350057879,0.9654820561408997,-2797.0439377325747,28,17,11,True,True,14.5,3.5,2020
2020_08_MIN_GB,Q3,away,MIN,GB,5.5,28.0,14.0,14.0,0.9378212690353394,-1508.2669821105728,0.9164727404713631,-1097.2139462532643,28,22,6,True,True,11.5,5.5,2020
2020_08_PIT_BAL,Q3,away,PIT,BAL,4.0,21.0,17.0,4.0,0.6742157340049744,-206.95159477568782,0.6164911091327667,-160.7501478619408,28,24,4,True,True,8.0,4.0,2020
2020_08_TB_NYG,Q3,home,NYG,TB,-13.0,17.0,15.0,2.0,0.6067169308662415,-154.26978135687108,0.35344767570495605,182.92730968041784,23,25,-2,False,True,11.0,13.0,2020
2020_08_TEN_CIN,Q3,home,CIN,TEN,-7.5,17.0,7.0,10.0,0.9348762631416321,-1435.5384200000915,0.8759703040122986,-706.2585270701287,31,20,11,True,True,18.5,7.5,2020
2020_09_BAL_IND,Q3,away,BAL,IND,1.0,14.0,10.0,4.0,0.7598443031311035,-316.396534847104,0.7732605338096619,-341.03482150766934,24,10,14,True,True,15.0,1.0,2020
2020_09_NE_NYJ,Q3,home,NYJ,NE,-9.5,27.0,17.0,10.0,0.8525794148445129,-578.3313191609452,0.7187352180480957,-255.53686923057361,27,30,-3,False,True,6.5,9.5,2020
2020_09_NO_TB,Q3,away,NO,TB,3.0,31.0,0.0,31.0,0.9997953772544861,-488604.22371103993,0.999835729598999,-608652.3947750363,38,3,35,True,True,38.0,3.0,2020
2020_09_NYG_WAS,Q3,away,NYG,WAS,3.0,23.0,10.0,13.0,0.9140383005142212,-1063.3087828439645,0.8878467157483101,-791.6368403049527,23,20,3,True,True,6.0,3.0,2020
2020_09_PIT_DAL,Q3,home,DAL,PIT,-14.0,19.0,9.0,10.0,0.799984335899353,-399.96084281519296,0.5500199198722839,-122.23205963165613,19,24,-5,False,True,9.0,14.0,2020
2020_09_SEA_BUF,Q3,home,BUF,SEA,-3.0,27.0,20.0,7.0,0.8705062866210938,-672.2382607671007,0.8296725749969482,-487.1045135462378,44,34,10,True,True,13.0,3.0,2020
2020_10_BAL_NE,Q3,home,NE,BAL,-7.0,23.0,17.0,6.0,0.7869603037834167,-369.39608803392525,0.6675302386283875,-200.77923353825452,23,17,6,True,True,13.0,7.0,2020
2020_10_PHI_NYG,Q3,home,NYG,PHI,-4.5,21.0,17.0,4.0,0.7774761319160461,-349.38999515446125,0.6488485932350159,-184.77744378488913,27,17,10,True,True,14.5,4.5,2020
2020_11_DAL_MIN,Q3,away,DAL,MIN,7.0,16.0,14.0,2.0,0.3218280076980591,210.72497609909882,0.25534701347351074,291.6239263568823,31,28,3,True,True,10.0,7.0,2020
2020_11_DET_CAR,Q3,home,CAR,DET,-3.0,17.0,0.0,17.0,0.9541483521461487,-2080.94669833334,0.9182421565055847,-1123.1242376987452,20,0,20,True,True,23.0,3.0,2020
2020_11_GB_IND,Q3,away,GB,IND,1.5,28.0,25.0,3.0,0.530272364616394,-112.88932663783851,0.5290141105651855,-112.3205859096979,31,34,-3,False,False,-1.5,1.5,2020
2020_11_LA_TB,Q3,away,LA,TB,4.0,24.0,17.0,7.0,0.825900137424469,-474.38299215552956,0.793243408203125,-383.66051660516604,27,24,3,True,True,7.0,4.0,2020
2020_11_MIA_DEN,Q3,home,DEN,MIA,-4.0,20.0,10.0,10.0,0.8381739854812622,-517.9476167499696,0.7478423714637756,-296.5773337118541,20,13,7,True,True,11.0,4.0,2020
2020_11_NE_HOU,Q3,home,HOU,NE,-2.5,24.0,17.0,7.0,0.7573306560516357,-312.0833656734088,0.6737691164016724,-206.53137096341,27,20,7,True,True,9.5,2.5,2020
2020_12_ARI_NE,Q3,home,NE,ARI,-1.0,17.0,10.0,7.0,0.822547435760498,-463.53088177995136,0.7468712329864502,-295.05584916252155,20,17,3,True,True,4.0,1.0,2020
2020_12_CAR_MIN,Q3,away,CAR,MIN,3.0,21.0,10.0,11.0,0.7600913047790527,-316.82524223602485,0.6915200650691986,-224.1701928601357,27,28,-1,False,True,2.0,3.0,2020
2020_12_LV_ATL,Q3,home,ATL,LV,-3.5,30.0,6.0,24.0,0.9990909099578857,-109900.10490427485,0.999508261680603,-203260.19393939394,43,6,37,True,True,40.5,3.5,2020
2020_12_SF_LA,Q3,away,SF,LA,5.0,17.0,13.0,4.0,0.4151232838630676,140.8922936565176,0.3731189966201782,168.01101232000906,23,20,3,True,True,8.0,5.0,2020
2020_12_TEN_IND,Q3,away,TEN,IND,3.0,38.0,14.0,24.0,0.9951515793800354,-20525.273225723173,0.9946547923609614,-18608.34713129814,45,26,19,True,True,22.0,3.0,2020
2020_12_WAS_DAL,Q3,away,WAS,DAL,2.5,20.0,16.0,4.0,0.6635257601737976,-197.1995718057126,0.6250773370265961,-166.72167322969685,41,16,25,True,True,27.5,2.5,2020
2020_13_BUF_SF,Q3,away,BUF,SF,1.5,27.0,17.0,10.0,0.9032721519470215,-933.828437341326,0.8800524473190308,-733.6977100814655,34,24,10,True,True,11.5,1.5,2020
2020_13_CLE_TEN,Q3,away,CLE,TEN,4.0,41.0,21.0,20.0,0.9853288531303406,-6716.099715203887,0.9803336262702942,-4984.821501635111,41,35,6,True,True,10.0,4.0,2020
2020_13_NE_LAC,Q3,away,NE,LAC,2.5,35.0,0.0,35.0,0.9998471736907959,-654237.5975039002,0.9999211603862932,-1268297.894133375,45,0,45,True,True,47.5,2.5,2020
2020_13_NYG_SEA,Q3,away,NYG,SEA,11.0,14.0,5.0,9.0,0.8514713644981384,-573.270845464319,0.7286853492259979,-268.5757467011885,17,12,5,True,True,16.0,11.0,2020
2020_14_DEN_CAR,Q3,away,DEN,CAR,4.0,25.0,10.0,15.0,0.8774697780609131,-716.1251846072123,0.8652352839708328,-642.0339903981763,32,27,5,True,True,9.0,4.0,2020
2020_14_HOU_CHI,Q3,home,CHI,HOU,-1.0,33.0,7.0,26.0,0.9996806383132935,-313024.5987308697,0.9998637437820435,-733811.4610673665,36,7,29,True,True,30.0,1.0,2020
2020_14_NO_PHI,Q3,home,PHI,NO,-7.5,17.0,14.0,3.0,0.724541425704956,-263.0309938832759,0.5800933241844177,-138.14815471978525,24,21,3,True,True,10.5,7.5,2020
2020_14_WAS_SF,Q3,away,WAS,SF,3.0,23.0,7.0,16.0,0.9457681179046631,-1743.9337920119578,0.9450113065540791,-1718.5556654177603,23,15,8,True,True,11.0,3.0,2020
2020_15_CHI_MIN,Q3,away,CHI,MIN,2.5,27.0,20.0,7.0,0.8500162363052368,-566.7388358350124,0.8391538262367249,-521.7120224891062,33,27,6,True,True,8.5,2.5,2020
2020_15_LAC_LV,Q3,away,LAC,LV,3.5,24.0,17.0,7.0,0.8001426458358765,-400.3568691191602,0.7416588366031647,-287.08504167565036,30,27,3,True,True,6.5,3.5,2020
2020_15_NYJ_LA,Q3,away,NYJ,LA,17.5,23.0,10.0,13.0,0.8443243503570557,-542.3612185294149,0.694956362247467,-227.82194946522742,23,20,3,True,True,20.5,17.5,2020
2020_15_PIT_CIN,Q3,home,CIN,PIT,-14.5,17.0,10.0,7.0,0.8582152724266052,-605.294580816083,0.6848539710044861,-217.31321609457277,27,17,10,True,True,24.5,14.5,2020
2020_15_TB_ATL,Q3,home,ATL,TB,-6.0,24.0,21.0,3.0,0.6758416295051575,-208.49118548857905,0.517966091632843,-107.4542854023284,27,31,-4,False,True,2.0,6.0,2020
2020_16_CLE_NYJ,Q3,home,NYJ,CLE,-6.5,20.0,10.0,10.0,0.8194451332092285,-453.84826660962204,0.6973006725311279,-230.36082648807155,23,16,7,True,True,13.5,6.5,2020
2020_16_MIA_LV,Q3,home,LV,MIA,-2.0,16.0,13.0,3.0,0.7506976127624512,-301.1193037823364,0.6567201018333435,-191.30747397114328,25,26,-1,False,True,1.0,2.0,2020
2020_16_PHI_DAL,Q3,home,DAL,PHI,-3.0,30.0,17.0,13.0,0.9218201637268066,-1179.1021926748192,0.8593130707740784,-610.7980858649302,37,17,20,True,True,23.0,3.0,2020
2020_16_SF_ARI,Q3,away,SF,ARI,6.0,14.0,6.0,8.0,0.6758025884628296,-208.45403584764475,0.6111337244510651,-157.15781050654778,20,12,8,True,True,14.0,6.0,2020
2020_17_DAL_NYG,Q3,home,NYG,DAL,-1.5,20.0,16.0,4.0,0.537371039390564,-116.15594464355793,0.46071767807006836,117.05266535223221,23,19,4,True,True,5.5,1.5,2020
2020_17_MIA_BUF,Q3,home,BUF,MIA,-3.5,35.0,13.0,22.0,0.9993584752082825,-155778.62120226704,0.9987523555755615,-80051.04146760941,56,26,30,True,True,33.5,3.5,2020
2020_17_SEA_SF,Q3,home,SF,SEA,-7.0,9.0,6.0,3.0,0.8166044354438782,-445.2694575358636,0.6899569034576416,-222.53580587735453,23,26,-3,False,True,4.0,7.0,2020
2021_01_ARI_TEN,Q1,away,ARI,TEN,2.5,10.0,0.0,10.0,0.7262706756591797,-265.32439569934434,0.7053491473197937,-239.38472972461784,38,13,25,True,True,27.5,2.5,2021
2021_01_CLE_KC,Q1,away,CLE,KC,5.5,8.0,3.0,5.0,0.7349244356155396,-277.2509179871515,0.6032584309577942,-152.05324524328302,29,33,-4,False,True,1.5,5.5,2021
2021_01_GB_NO,Q1,home,NO,GB,-4.0,3.0,0.0,3.0,0.7531259059906006,-305.06477766027825,0.5879705548286438,-142.70110103031996,38,3,35,True,True,39.0,4.0,2021
2021_01_JAX_HOU,Q1,home,HOU,JAX,-3.5,14.0,0.0,14.0,0.8774852156639099,-716.2280213110758,0.7603937983512878,-317.35146800002485,37,21,16,True,True,19.5,3.5,2021
2021_01_LAC_WAS,Q1,away,LAC,WAS,2.5,7.0,3.0,4.0,0.5160489678382874,-106.63247592079712,0.5087678730487823,-103.56974740361518,20,16,4,True,True,6.5,2.5,2021
2021_01_MIA_NE,Q1,away,MIA,NE,3.5,7.0,0.0,7.0,0.6332688331604004,-172.6793058298693,0.5512661635875702,-122.84925246441706,17,16,1,True,True,4.5,3.5,2021
2021_01_PHI_ATL,Q1,away,PHI,ATL,3.5,7.0,3.0,4.0,0.49173372983932495,103.3620919855858,0.4361298084259033,129.28953276760396,32,6,26,True,True,29.5,3.5,2021
2021_02_DAL_LAC,Q1,away,DAL,LAC,3.0,14.0,3.0,11.0,0.726929247379303,-266.2054578906252,0.6803037822246552,-212.79694422369252,20,17,3,True,True,6.0,3.0,2021
2021_02_DEN_JAX,Q1,home,JAX,DEN,-6.0,7.0,3.0,4.0,0.6212555766105652,-164.03029014945366,0.369548499584198,170.6004762907067,13,23,-10,False,False,-4.0,6.0,2021
2021_02_LV_PIT,Q1,away,LV,PIT,5.5,3.0,0.0,3.0,0.48945891857147217,104.30723847439245,0.3954997658729553,152.84465031041907,26,17,9,True,True,14.5,5.5,2021
2021_02_MIN_ARI,Q1,away,MIN,ARI,4.0,14.0,7.0,7.0,0.6152148842811584,-159.8853123858069,0.5214774310588837,-108.976559290154,33,34,-1,False,True,3.0,4.0,2021
2021_02_NO_CAR,Q1,home,CAR,NO,-3.0,7.0,0.0,7.0,0.8118236064910889,-431.4162851955417,0.6801308989524841,-212.6278833201373,26,7,19,True,True,22.0,3.0,2021
2021_02_NYG_WAS,Q1,away,NYG,WAS,4.0,7.0,0.0,7.0,0.6465600728988647,-182.93351240813675,0.5313505232334137,-113.37909238679381,29,30,-1,False,True,3.0,4.0,2021
2021_02_SF_PHI,Q1,home,PHI,SF,-3.0,3.0,0.0,3.0,0.7544800639152527,-307.298900426084,0.619070291519165,-162.51562367977166,11,17,-6,False,False,-3.0,3.0,2021
2021_03_CHI_CLE,Q1,away,CHI,CLE,7.5,3.0,0.0,3.0,0.5135987997055054,-105.59159792256759,0.35769814252853394,179.56533207891317,6,26,-20,False,False,-12.5,7.5,2021
2021_03_CIN_PIT,Q1,away,CIN,PIT,2.5,7.0,0.0,7.0,0.6525582075119019,-187.81799473195375,0.6429168283939362,-180.04680128225297,24,10,14,True,True,16.5,2.5,2021
2021_03_GB_SF,Q1,away,GB,SF,3.5,10.0,0.0,10.0,0.7419359683990479,-287.5007275505613,0.6702382564544678,-203.2492457275972,30,28,2,True,True,5.5,3.5,2021
2021_03_MIA_LV,Q1,away,MIA,LV,4.0,14.0,2.0,12.0,0.7878544330596924,-371.3744502996731,0.6710087060928345,-203.95941124271184,28,31,-3,False,True,1.0,4.0,2021
2021_03_NO_NE,Q1,away,NO,NE,3.0,7.0,0.0,7.0,0.6222171783447266,-164.70234819530765,0.589520275592804,-143.61739217306618,28,13,15,True,True,18.0,3.0,2021
2021_04_CLE_MIN,Q1,home,MIN,CLE,-1.0,7.0,0.0,7.0,0.6388598680496216,-176.9008236773316,0.5005460977554321,-100.2186779412386,7,14,-7,False,False,-6.0,1.0,2021
2021_04_JAX_CIN,Q1,away,JAX,CIN,7.5,7.0,0.0,7.0,0.6767981648445129,-209.4041837723219,0.46746891736984253,113.91796605994242,21,24,-3,False,True,4.5,7.5,2021
2021_04_KC_PHI,Q1,home,PHI,KC,-7.5,10.0,7.0,3.0,0.5936844348907471,-146.1141255396192,0.3001246452331543,233.19489614827924,30,42,-12,False,False,-4.5,7.5,2021
2021_04_PIT_GB,Q1,away,PIT,GB,6.5,7.0,0.0,7.0,0.5604519844055176,-127.50643036063177,0.3916545510292053,155.32704710622164,17,27,-10,False,False,-3.5,6.5,2021
2021_04_WAS_ATL,Q1,home,ATL,WAS,-1.0,3.0,0.0,3.0,0.5221574306488037,-109.27394588510127,0.4435129761695862,125.47254617813701,30,34,-4,False,False,-3.0,1.0,2021
2021_05_BUF_KC,Q1,away,BUF,KC,2.5,7.0,3.0,4.0,0.6287734508514404,-169.37728518975464,0.5726680755615234,-134.01013189314648,38,20,18,True,True,20.5,2.5,2021
2021_05_DEN_PIT,Q1,home,PIT,DEN,-2.0,7.0,3.0,4.0,0.698181688785553,-231.32515915824706,0.5466878414154053,-120.59853923229488,27,19,8,True,True,10.0,2.0,2021
2021_05_GB_CIN,Q1,home,CIN,GB,-2.0,7.0,0.0,7.0,0.7443456649780273,-291.1531560433166,0.6044532656669617,-152.8146267434559,22,25,-3,False,False,-1.0,2.0,2021
2021_05_IND_BAL,Q1,away,IND,BAL,7.5,7.0,0.0,7.0,0.74782794713974,-296.55464935844634,0.5432827472686768,-118.95384814557862,25,31,-6,False,True,1.5,7.5,2021
2021_05_MIA_TB,Q1,away,MIA,TB,11.0,10.0,7.0,3.0,0.37835896015167236,164.29927801871827,0.16796660423278809,495.35644276887393,17,45,-28,False,False,-17.0,11.0,2021
2021_05_NE_HOU,Q1,home,HOU,NE,-8.0,6.0,0.0,6.0,0.5947539806365967,-146.76368236038184,0.27245402336120605,267.03440369983065,22,25,-3,False,True,5.0,8.0,2021
2021_06_ARI_CLE,Q1,away,ARI,CLE,3.0,7.0,0.0,7.0,0.7720745801925659,-338.7400057636677,0.7415706515312195,-286.95295481147906,37,14,23,True,True,26.0,3.0,2021
2021_06_DAL_NE,Q1,home,NE,DAL,-3.5,14.0,7.0,7.0,0.7020556926727295,-235.63319567021347,0.5033812522888184,-101.36170948213369,29,35,-6,False,False,-2.5,3.5,2021
2021_06_GB_CHI,Q1,home,CHI,GB,-5.5,7.0,0.0,7.0,0.768703818321228,-332.3460909479331,0.533039927482605,-114.15107176272515,14,24,-10,False,False,-4.5,5.5,2021
2021_06_LA_NYG,Q1,home,NYG,LA,-7.5,3.0,0.0,3.0,0.6024984121322632,-151.5713221082116,0.3056100904941559,227.21432672038125,11,38,-27,False,False,-19.5,7.5,2021
2021_06_LV_DEN,Q1,away,LV,DEN,5.0,10.0,7.0,3.0,0.6258638501167297,-167.28237843683323,0.5299723744392395,-112.75345226931347,34,24,10,True,True,15.0,5.0,2021
2021_06_MIN_CAR,Q1,home,CAR,MIN,-2.5,7.0,6.0,1.0,0.5177731513977051,-107.37128239508831,0.38932472467422485,156.8549944616977,28,34,-6,False,False,-3.5,2.5,2021
2021_07_ATL_MIA,Q1,home,MIA,ATL,-1.5,7.0,0.0,7.0,0.686491847038269,-218.970971106473,0.5391440987586975,-116.98756537705776,28,30,-2,False,False,-0.5,1.5,2021
2021_07_CIN_BAL,Q1,away,CIN,BAL,6.5,3.0,0.0,3.0,0.37347668409347534,167.75433182054164,0.2744324207305908,264.38843389487715,41,17,24,True,True,30.5,6.5,2021
2021_07_DET_LA,Q1,away,DET,LA,17.0,10.0,3.0,7.0,0.719246506690979,-256.18434813180244,0.2924931049346924,241.88840117215042,19,28,-9,False,True,8.0,17.0,2021
2021_07_HOU_ARI,Q1,away,HOU,ARI,20.5,2.0,0.0,2.0,0.6225862503051758,-164.96119995855938,0.2257751226425171,342.9185945270677,5,31,-26,False,False,-5.5,20.5,2021
2021_07_KC_TEN,Q1,home,TEN,KC,-4.0,14.0,0.0,14.0,0.8680597543716431,-657.918855795337,0.7014213800430298,-234.92016278463456,27,3,24,True,True,28.0,4.0,2021
2021_07_NO_SEA,Q1,home,SEA,NO,-6.0,7.0,0.0,7.0,0.775688111782074,-345.8078472543857,0.5126641392707825,-105.19729422408302,10,13,-3,False,True,3.0,6.0,2021
2021_07_PHI_LV,Q1,away,PHI,LV,1.0,7.0,0.0,7.0,0.5966743230819702,-147.93859087806993,0.6351549327373505,-174.08894616632068,22,33,-11,False,False,-10.0,1.0,2021
2021_08_CIN_NYJ,Q1,home,NYJ,CIN,-11.5,7.0,0.0,7.0,0.5896121263504028,-143.6719172783924,0.19562560319900513,411.18053242894007,34,31,3,True,True,14.5,11.5,2021
2021_09_ARI_SF,Q1,away,ARI,SF,5.5,14.0,0.0,14.0,0.8250794410705566,-471.6880886502106,0.6919288635253906,-224.60035414009585,31,17,14,True,True,19.5,5.5,2021
2021_09_ATL_NO,Q1,away,ATL,NO,7.0,3.0,0.0,3.0,0.4207582473754883,137.66616726768314,0.3129870891571045,219.50199693318595,27,25,2,True,True,9.0,7.0,2021
2021_09_DEN_DAL,Q1,away,DEN,DAL,10.5,6.0,0.0,6.0,0.7221271395683289,-259.87681504646247,0.42431139945983887,135.6759684686836,30,16,14,True,True,24.5,10.5,2021
2021_09_MIN_BAL,Q1,away,MIN,BAL,7.5,7.0,3.0,4.0,0.7443916201591492,-291.2234804753385,0.5624396800994873,-128.53991884533045,31,34,-3,False,True,4.5,7.5,2021
2021_10_CAR_ARI,Q1,away,CAR,ARI,7.0,17.0,0.0,17.0,0.876483142375946,-709.6060887848055,0.7095849514007568,-244.33477356744868,34,10,24,True,True,31.0,7.0,2021
2021_10_LA_SF,Q1,home,SF,LA,-3.5,14.0,0.0,14.0,0.8564401865005493,-596.5737664488024,0.7131490707397461,-248.61312897917117,31,10,21,True,True,24.5,3.5,2021
2021_10_PHI_DEN,Q1,away,PHI,DEN,1.0,10.0,0.0,10.0,0.6340523958206177,-173.26316351829814,0.6420142650604248,-179.34073969980707,30,13,17,True,True,18.0,1.0,2021
2021_10_TB_WAS,Q1,home,WAS,TB,-10.0,6.0,0.0,6.0,0.7775064706802368,-349.4512730582921,0.4518999457359314,121.28792212432614,29,19,10,True,True,20.0,10.0,2021
2021_11_ARI_SEA,Q1,away,ARI,SEA,2.5,7.0,0.0,7.0,0.6444751024246216,-181.2742530325826,0.6245955228805542,-166.37934839594922,23,13,10,True,True,12.5,2.5,2021
2021_11_GB_MIN,Q1,home,MIN,GB,-1.0,9.0,3.0,6.0,0.7444115877151489,-291.2540443678286,0.6334386467933655,-172.80562755787554,34,31,3,True,True,4.0,1.0,2021
2021_11_HOU_TEN,Q1,away,HOU,TEN,10.5,3.0,0.0,3.0,0.7242645025253296,-262.6663991972459,0.46010810136795044,117.34022874774284,22,13,9,True,True,19.5,10.5,2021
2021_11_IND_BUF,Q1,away,IND,BUF,7.5,14.0,0.0,14.0,0.7852620482444763,-365.68386809355746,0.5997930467128754,-149.87072108228955,41,15,26,True,True,33.5,7.5,2021
2021_12_CHI_DET,Q1,home,DET,CHI,-2.0,7.0,0.0,7.0,0.712128758430481,-247.37752703182284,0.5519654154777527,-123.19705543855056,14,16,-2,False,False,0.0,2.0,2021
2021_12_LAC_DEN,Q1,home,DEN,LAC,-2.5,7.0,0.0,7.0,0.7998776435852051,-399.69429598724764,0.6790632605552673,-211.58788542880623,28,13,15,True,True,17.5,2.5,2021
2021_12_LA_GB,Q1,home,GB,LA,-2.0,7.0,0.0,7.0,0.836480438709259,-511.5476289848775,0.717266321182251,-253.6897352241517,36,28,8,True,True,10.0,2.0,2021
2021_12_LV_DAL,Q1,away,LV,DAL,7.0,14.0,6.0,8.0,0.7434892654418945,-289.84723260128413,0.5574512481689453,-125.96380531240438,36,33,3,True,True,10.0,7.0,2021
2021_12_NYJ_HOU,Q1,away,NYJ,HOU,3.0,3.0,0.0,3.0,0.4226311445236206,136.61294558099246,0.4106624126434326,143.50901597324267,21,14,7,True,True,10.0,3.0,2021
2021_12_PHI_NYG,Q1,home,NYG,PHI,-4.0,3.0,0.0,3.0,0.6460548639297485,-182.5296629592669,0.4707517623901367,112.42618294676663,13,7,6,True,True,10.0,4.0,2021
2021_12_TB_IND,Q1,home,IND,TB,-3.0,3.0,0.0,3.0,0.4991942048072815,100.32283836028489,0.3707030415534973,169.75770034400617,31,38,-7,False,False,-4.0,3.0,2021
2021_13_LAC_CIN,Q1,away,LAC,CIN,2.5,16.0,0.0,16.0,0.8689168691635132,-662.8746686310084,0.8292741626501083,-485.7344239879545,41,22,19,True,True,21.5,2.5,2021
2021_13_NE_BUF,Q1,away,NE,BUF,3.0,8.0,7.0,1.0,0.5612329840660095,-127.91138888854927,0.5138104557991028,-105.68109946576564,14,10,4,True,True,7.0,3.0,2021
2021_13_PHI_NYJ,Q1,home,NYJ,PHI,-5.0,12.0,7.0,5.0,0.5821950435638428,-139.34613139344248,0.34859466552734375,186.86612243111335,18,33,-15,False,False,-10.0,5.0,2021
2021_13_WAS_LV,Q1,away,WAS,LV,1.0,7.0,0.0,7.0,0.6583369970321655,-192.6860653080849,0.6818150281906128,-214.28259930486686,17,15,2,True,True,3.0,1.0,2021
2021_14_CHI_GB,Q1,away,CHI,GB,11.5,3.0,0.0,3.0,0.5303210020065308,-112.91137229301974,0.286112904548645,249.51237224952908,30,45,-15,False,False,-3.5,11.5,2021
2021_15_ARI_DET,Q1,home,DET,ARI,-13.0,3.0,0.0,3.0,0.6874224543571472,-219.92061296129938,0.28266721963882446,253.77289283056632,30,12,18,True,True,31.0,13.0,2021
2021_15_CIN_DEN,Q1,away,CIN,DEN,3.0,3.0,0.0,3.0,0.554308295249939,-124.37034150339166,0.5293024182319641,-112.45063470345366,15,10,5,True,True,8.0,3.0,2021
2021_15_GB_BAL,Q1,home,BAL,GB,-9.5,7.0,0.0,7.0,0.6741331219673157,-206.87377804003154,0.3174114227294922,215.0485232701379,30,31,-1,False,True,8.5,9.5,2021
2021_15_HOU_JAX,Q1,away,HOU,JAX,6.0,14.0,3.0,11.0,0.7245503664016724,-263.04277734427575,0.5822285413742065,-139.36532267890533,30,16,14,True,True,20.0,6.0,2021
2021_15_NE_IND,Q1,home,IND,NE,-1.0,14.0,0.0,14.0,0.8520063161849976,-575.7045126669303,0.7777062058448792,-349.8551135000111,27,17,10,True,True,11.0,1.0,2021
2021_15_NO_TB,Q1,away,NO,TB,11.5,3.0,0.0,3.0,0.5982058048248291,-148.88363545521813,0.3053246736526489,227.52020596201305,9,0,9,True,True,20.5,11.5,2021
2021_15_NYJ_MIA,Q1,away,NYJ,MIA,10.5,10.0,0.0,10.0,0.7219666838645935,-259.66912667149023,0.4746173620223999,110.69604275302602,24,31,-7,False,True,3.5,10.5,2021
2021_15_TEN_PIT,Q1,away,TEN,PIT,1.0,10.0,0.0,10.0,0.7322590351104736,-273.49532986579544,0.7483987510204315,-297.4543067873268,13,19,-6,False,False,-5.0,1.0,2021
2021_15_WAS_PHI,Q1,away,WAS,PHI,10.0,10.0,0.0,10.0,0.7123372554779053,-247.62930516474728,0.44633835554122925,124.0452758731437,17,27,-10,False,False,0.0,10.0,2021
2021_16_BUF_NE,Q1,away,BUF,NE,1.0,7.0,0.0,7.0,0.6801851987838745,-212.68096291897908,0.6416549384593964,-179.0606338205923,33,21,12,True,True,13.0,1.0,2021
2021_16_DET_ATL,Q1,away,DET,ATL,7.5,3.0,0.0,3.0,0.5028866529464722,-101.16136610033982,0.3324413299560547,200.8049571129407,16,20,-4,False,True,3.5,7.5,2021
2021_16_IND_ARI,Q1,away,IND,ARI,3.0,7.0,6.0,1.0,0.6324316263198853,-172.05822687842948,0.585483729839325,-141.24505405116653,22,16,6,True,True,9.0,3.0,2021
2021_16_LAC_HOU,Q1,home,HOU,LAC,-13.5,7.0,6.0,1.0,0.5968720316886902,-148.06018897397968,0.18240046501159668,448.2442163381666,41,29,12,True,True,25.5,13.5,2021
2021_17_ARI_DAL,Q1,away,ARI,DAL,6.5,3.0,0.0,3.0,0.5601824522018433,-127.36700820744082,0.41664570569992065,140.01207412425046,25,22,3,True,True,9.5,6.5,2021
2021_17_LA_BAL,Q1,home,BAL,LA,-7.0,7.0,0.0,7.0,0.7195762991905212,-256.6032389963375,0.42298805713653564,136.4132942120424,19,20,-1,False,True,6.0,7.0,2021
2021_17_LV_IND,Q1,away,LV,IND,8.5,7.0,0.0,7.0,0.7126381397247314,-247.99329286151053,0.461368203163147,116.74662301042547,23,20,3,True,True,11.5,8.5,2021
2021_17_PHI_WAS,Q1,home,WAS,PHI,-6.5,10.0,0.0,10.0,0.745545506477356,-292.9975793141218,0.5174522399902344,-107.23337312347329,16,20,-4,False,True,2.5,6.5,2021
2021_18_CAR_TB,Q1,away,CAR,TB,11.0,7.0,0.0,7.0,0.5966743230819702,-147.93859087806993,0.27805858850479126,259.63643683056705,17,41,-24,False,False,-13.0,11.0,2021
2021_18_CHI_MIN,Q1,away,CHI,MIN,3.5,3.0,0.0,3.0,0.4898245930671692,104.1547145965517,0.47352033853530884,111.1841706933214,17,31,-14,False,False,-10.5,3.5,2021
2021_18_IND_JAX,Q1,home,JAX,IND,-14.0,7.0,0.0,7.0,0.6641676425933838,-197.76761468795237,0.23585760593414307,323.98463091295145,26,11,15,True,True,29.0,14.0,2021
2021_18_LAC_LV,Q1,home,LV,LAC,-3.5,10.0,0.0,10.0,0.7321507930755615,-273.34439458769975,0.5809532403945923,-138.6368530666226,35,32,3,True,True,6.5,3.5,2021
2021_18_NE_MIA,Q1,home,MIA,NE,-6.0,14.0,0.0,14.0,0.9047902226448059,-950.3122975168325,0.709151566028595,-243.8216896496392,33,24,9,True,True,15.0,6.0,2021
2021_18_PIT_BAL,Q1,away,PIT,BAL,3.0,3.0,0.0,3.0,0.4703882932662964,112.59032469880785,0.49741119146347046,101.04091286282193,16,13,3,True,True,6.0,3.0,2021
2021_01_ARI_TEN,H1,away,ARI,TEN,2.5,24.0,6.0,18.0,0.9231036901473999,-1200.4525209556425,0.8897820711135864,-807.2934050780088,38,13,25,True,True,27.5,2.5,2021
2021_01_CLE_KC,H1,away,CLE,KC,5.5,22.0,10.0,12.0,0.811280369758606,-429.88658292774596,0.7155071794986725,-251.50271920318417,29,33,-4,False,True,1.5,5.5,2021
2021_01_GB_NO,H1,home,NO,GB,-4.0,17.0,3.0,14.0,0.8932299613952637,-836.5923372023956,0.7936211824417114,-384.5458520555605,38,3,35,True,True,39.0,4.0,2021
2021_01_JAX_HOU,H1,home,HOU,JAX,-3.5,27.0,7.0,20.0,0.9447823166847229,-1711.0140447042797,0.8758283853530884,-705.3370352343018,37,21,16,True,True,19.5,3.5,2021
2021_01_LAC_WAS,H1,away,LAC,WAS,2.5,13.0,9.0,4.0,0.6024054288864136,-151.51248851290677,0.5840194225311279,-140.39583917228208,20,16,4,True,True,6.5,2.5,2021
2021_01_MIN_CIN,H1,home,CIN,MIN,-3.0,14.0,7.0,7.0,0.7868565320968628,-369.1675564059269,0.6793984770774841,-211.91367741621227,27,24,3,True,True,6.0,3.0,2021
2021_01_PHI_ATL,H1,away,PHI,ATL,3.5,15.0,6.0,9.0,0.8049947023391724,-412.8065811521173,0.7456275224685669,-293.1242914738796,32,6,26,True,True,29.5,3.5,2021
2021_02_DAL_LAC,H1,away,DAL,LAC,3.0,14.0,11.0,3.0,0.5506046414375305,-122.52121232377885,0.5378367900848389,-116.373778471802,20,17,3,True,True,6.0,3.0,2021
2021_02_DET_GB,H1,away,DET,GB,11.5,17.0,14.0,3.0,0.5506046414375305,-122.52121232377885,0.3365442156791687,197.13777667577295,17,35,-18,False,False,-6.5,11.5,2021
2021_02_LV_PIT,H1,away,LV,PIT,5.5,9.0,7.0,2.0,0.5843797922134399,-140.60427795983048,0.5011247992515564,-100.45093412134695,26,17,9,True,True,14.5,5.5,2021
2021_02_NO_CAR,H1,home,CAR,NO,-3.0,17.0,0.0,17.0,0.91569584608078,-1086.181170809445,0.8530372381210327,-580.4444794141529,26,7,19,True,True,22.0,3.0,2021
2021_03_ARI_JAX,H1,home,JAX,ARI,-8.0,13.0,7.0,6.0,0.7156428694725037,-251.67044981251263,0.4489557147026062,122.73911819173799,19,31,-12,False,False,-4.0,8.0,2021
2021_03_ATL_NYG,H1,away,ATL,NYG,3.0,7.0,6.0,1.0,0.46048271656036377,117.16341657068729,0.4680348038673401,113.65932442140355,17,14,3,True,True,6.0,3.0,2021
2021_03_CIN_PIT,H1,away,CIN,PIT,2.5,14.0,7.0,7.0,0.7313575148582458,-272.2419406120114,0.7204875946044922,-257.7658739636289,24,10,14,True,True,16.5,2.5,2021
2021_03_GB_SF,H1,away,GB,SF,3.5,17.0,7.0,10.0,0.773473858833313,-341.450154427943,0.7441672086715698,-290.88030694088434,30,28,2,True,True,5.5,3.5,2021
2021_03_LAC_KC,H1,away,LAC,KC,6.5,14.0,3.0,11.0,0.7993437051773071,-398.3646293696572,0.6920375227928162,-224.71488379645785,30,24,6,True,True,12.5,6.5,2021
2021_03_MIA_LV,H1,away,MIA,LV,4.0,14.0,12.0,2.0,0.5843797922134399,-140.60427795983048,0.5342375040054321,-114.70170067356881,28,31,-3,False,True,1.0,4.0,2021
2021_03_NO_NE,H1,away,NO,NE,3.0,14.0,3.0,11.0,0.7993437051773071,-398.3646293696572,0.7638116776943207,-323.39095779078417,28,13,15,True,True,18.0,3.0,2021
2021_03_SEA_MIN,H1,home,MIN,SEA,-2.0,21.0,17.0,4.0,0.6962094306945801,-229.17414200393975,0.5878463387489319,-142.62795506039157,30,17,13,True,True,15.0,2.0,2021
2021_03_TB_LA,H1,home,LA,TB,-1.0,14.0,7.0,7.0,0.7868565320968628,-369.1675564059269,0.7032411694526672,-236.97396574707855,34,24,10,True,True,11.0,1.0,2021
2021_04_ARI_LA,H1,away,ARI,LA,3.5,24.0,13.0,11.0,0.8531333804130554,-580.889914136005,0.783857524394989,-362.65778959034753,37,20,17,True,True,20.5,3.5,2021
2021_04_BAL_DEN,H1,away,BAL,DEN,1.0,17.0,7.0,10.0,0.8049947023391724,-412.8065811521173,0.7997393012046814,-399.3491014540375,23,7,16,True,True,17.0,1.0,2021
2021_04_CAR_DAL,H1,away,CAR,DAL,4.5,14.0,13.0,1.0,0.5368156433105469,-115.89675591536884,0.4790804386138916,108.73321459195216,28,36,-8,False,False,-3.5,4.5,2021
2021_04_IND_MIA,H1,away,IND,MIA,2.5,7.0,3.0,4.0,0.6154525876045227,-160.0459573425961,0.6181409358978271,-161.87672207053677,27,17,10,True,True,12.5,2.5,2021
2021_04_JAX_CIN,H1,away,JAX,CIN,7.5,14.0,0.0,14.0,0.8602129220962524,-615.3737062080693,0.7282107472419739,-267.9321348627054,21,24,-3,False,True,4.5,7.5,2021
2021_04_TB_NE,H1,home,NE,TB,-6.0,7.0,6.0,1.0,0.5511130094528198,-122.77321933100113,0.34904658794403076,186.49470716509308,17,19,-2,False,True,4.0,6.0,2021
2021_04_WAS_ATL,H1,home,ATL,WAS,-1.0,17.0,13.0,4.0,0.6569479703903198,-191.50097177322812,0.5600970983505249,-127.32289244975777,30,34,-4,False,False,-3.0,1.0,2021
2021_05_BUF_KC,H1,away,BUF,KC,2.5,24.0,13.0,11.0,0.14686661958694458,580.889914136005,0.1868407130241394,435.21525571934757,38,20,18,True,True,20.5,2.5,2021
2021_05_CHI_LV,H1,away,CHI,LV,5.5,14.0,3.0,11.0,0.7993437051773071,-398.3646293696572,0.7043778896331787,-238.26969124845053,20,9,11,True,True,16.5,5.5,2021
2021_05_CLE_LAC,H1,away,CLE,LAC,2.5,20.0,13.0,7.0,0.7313575148582458,-272.2419406120114,0.7204875946044922,-257.7658739636289,42,47,-5,False,False,-2.5,2.5,2021
2021_05_DEN_PIT,H1,home,PIT,DEN,-2.0,10.0,3.0,7.0,0.5764498114585876,-136.0995289469044,0.4432641267776489,125.59912692903798,27,19,8,True,True,10.0,2.0,2021
2021_05_IND_BAL,H1,away,IND,BAL,7.5,10.0,3.0,7.0,0.7313575148582458,-272.2419406120114,0.6253920197486877,-166.94572799253572,25,31,-6,False,True,1.5,7.5,2021
2021_05_LA_SEA,H1,home,SEA,LA,-2.5,7.0,3.0,4.0,0.6962094306945801,-229.17414200393975,0.5884734392166138,-142.9976811451464,17,26,-9,False,False,-6.5,2.5,2021
2021_05_NE_HOU,H1,home,HOU,NE,-8.0,15.0,9.0,6.0,0.7156428694725037,-251.67044981251263,0.4489557147026062,122.73911819173799,22,25,-3,False,True,5.0,8.0,2021
2021_06_ARI_CLE,H1,away,ARI,CLE,3.0,23.0,14.0,9.0,0.8049947023391724,-412.8065811521173,0.7578536868095398,-312.97345676019023,37,14,23,True,True,26.0,3.0,2021
2021_06_DAL_NE,H1,home,NE,DAL,-3.5,14.0,10.0,4.0,0.6962094306945801,-229.17414200393975,0.5418837070465088,-118.28518552635757,29,35,-6,False,False,-2.5,3.5,2021
2021_06_KC_WAS,H1,home,WAS,KC,-6.0,13.0,10.0,3.0,0.6287232637405396,-169.34087227624383,0.4162442088127136,140.2435826920882,13,31,-18,False,False,-12.0,6.0,2021
2021_06_LV_DEN,H1,away,LV,DEN,5.0,17.0,7.0,10.0,0.773473858833313,-341.450154427943,0.7066134810447693,-240.84729031213425,34,24,10,True,True,15.0,5.0,2021
2021_07_CAR_NYG,H1,home,NYG,CAR,-3.0,5.0,3.0,2.0,0.6806350350379944,-213.1213845322603,0.5449121594429016,-119.73779804264694,25,3,22,True,True,25.0,3.0,2021
2021_07_CIN_BAL,H1,away,CIN,BAL,6.5,13.0,10.0,3.0,0.5506046414375305,-122.52121232377885,0.44011855125427246,127.21150861515576,41,17,24,True,True,30.5,6.5,2021
2021_07_IND_SF,H1,away,IND,SF,3.5,13.0,12.0,1.0,0.5368156433105469,-115.89675591536884,0.5118422508239746,-104.85181310507248,30,18,12,True,True,15.5,3.5,2021
2021_07_KC_TEN,H1,home,TEN,KC,-4.0,27.0,0.0,27.0,0.9950525164604187,-20112.295644840673,0.9912111163139343,-11278.009263968857,27,3,24,True,True,28.0,4.0,2021
2021_08_GB_ARI,H1,away,GB,ARI,6.5,10.0,7.0,3.0,0.5506046414375305,-122.52121232377885,0.44011855125427246,127.21150861515576,24,21,3,True,True,9.5,6.5,2021
2021_08_SF_CHI,H1,home,CHI,SF,-4.5,13.0,9.0,4.0,0.6962094306945801,-229.17414200393975,0.510725736618042,-104.38434531336418,22,33,-11,False,False,-6.5,4.5,2021
2021_08_TB_NO,H1,home,NO,TB,-4.0,16.0,7.0,9.0,0.8532896637916565,-581.6152330125526,0.705293595790863,-239.32075642657392,36,27,9,True,True,13.0,4.0,2021
2021_09_ARI_SF,H1,away,ARI,SF,5.5,17.0,7.0,10.0,0.8049947023391724,-412.8065811521173,0.7102693915367126,-245.1482069167411,31,17,14,True,True,19.5,5.5,2021
2021_09_ATL_NO,H1,away,ATL,NO,7.0,10.0,0.0,10.0,0.773473858833313,-341.450154427943,0.6700496971607208,-203.07594549689082,27,25,2,True,True,9.0,7.0,2021
2021_09_CLE_CIN,H1,away,CLE,CIN,2.5,24.0,10.0,14.0,0.8951838612556458,-854.0515534911968,0.8695886731147766,-666.8045589936465,41,16,25,True,True,27.5,2.5,2021
2021_09_DEN_DAL,H1,away,DEN,DAL,10.5,16.0,0.0,16.0,0.9066586494445801,-971.3365448963224,0.761570155620575,-319.41058284996035,30,16,14,True,True,24.5,10.5,2021
2021_09_LAC_PHI,H1,home,PHI,LAC,-1.0,10.0,7.0,3.0,0.6287232637405396,-169.34087227624383,0.530601978302002,-113.0388186091209,24,27,-3,False,False,-2.0,1.0,2021
2021_09_MIN_BAL,H1,away,MIN,BAL,7.5,17.0,10.0,7.0,0.7313575148582458,-272.2419406120114,0.6253920197486877,-166.94572799253572,31,34,-3,False,True,4.5,7.5,2021
2021_09_TEN_LA,H1,away,TEN,LA,7.0,21.0,3.0,18.0,0.9231036901473999,-1200.4525209556425,0.8187639117240906,-451.7664884035812,28,16,12,True,True,19.0,7.0,2021
2021_10_BAL_MIA,H1,home,MIA,BAL,-8.5,6.0,3.0,3.0,0.6789292693138123,-211.45785162752594,0.4552556574344635,119.65679803637704,22,10,12,True,True,20.5,8.5,2021
2021_10_CAR_ARI,H1,away,CAR,ARI,7.0,23.0,0.0,23.0,0.9956686496734619,-22987.488302966918,0.9889209270477295,-8926.025952785729,34,10,24,True,True,31.0,7.0,2021
2021_10_LA_SF,H1,home,SF,LA,-3.5,21.0,7.0,14.0,0.9166976809501648,-1100.4467719581191,0.8393943905830383,-522.6432586198258,31,10,21,True,True,24.5,3.5,2021
2021_10_MIN_LAC,H1,away,MIN,LAC,3.0,13.0,10.0,3.0,0.5506046414375305,-122.52121232377885,0.5378367900848389,-116.373778471802,27,20,7,True,True,10.0,3.0,2021
2021_10_PHI_DEN,H1,away,PHI,DEN,1.0,20.0,10.0,10.0,0.773473858833313,-341.450154427943,0.7762466073036194,-346.9205976943275,30,13,17,True,True,18.0,1.0,2021
2021_10_TB_WAS,H1,home,WAS,TB,-10.0,16.0,6.0,10.0,0.8532896637916565,-581.6152330125526,0.640981137752533,-178.536897404213,29,19,10,True,True,20.0,10.0,2021
2021_11_ARI_SEA,H1,away,ARI,SEA,2.5,13.0,6.0,7.0,0.7313575148582458,-272.2419406120114,0.7204875946044922,-257.7658739636289,23,13,10,True,True,12.5,2.5,2021
2021_11_GB_MIN,H1,home,MIN,GB,-1.0,16.0,10.0,6.0,0.7503747344017029,-300.6004751174601,0.6834853291511536,-215.94112124981285,34,31,3,True,True,4.0,1.0,2021
2021_11_HOU_TEN,H1,away,HOU,TEN,10.5,12.0,0.0,12.0,0.8644286394119263,-637.6189157225073,0.6899204850196838,-222.49792446414267,22,13,9,True,True,19.5,10.5,2021
2021_11_IND_BUF,H1,away,IND,BUF,7.5,24.0,7.0,17.0,0.8761488795280457,-707.4210359900995,0.7545540630817413,-307.4216964255684,41,15,26,True,True,33.5,7.5,2021
2021_12_CAR_MIA,H1,home,MIA,CAR,-1.0,21.0,10.0,11.0,0.8392153382301331,-521.9498731982982,0.7703509330749512,-335.44701199520773,33,10,23,True,True,24.0,1.0,2021
2021_12_LAC_DEN,H1,home,DEN,LAC,-2.5,14.0,7.0,7.0,0.748828649520874,-298.13457947828596,0.6422690153121948,-179.53966606295185,28,13,15,True,True,17.5,2.5,2021
2021_12_LA_GB,H1,home,GB,LA,-2.0,20.0,17.0,3.0,0.6789292693138123,-211.45785162752594,0.5689985752105713,-132.0177944860769,36,28,8,True,True,10.0,2.0,2021
2021_12_LV_DAL,H1,away,LV,DAL,7.0,17.0,13.0,4.0,0.6154525876045227,-160.0459573425961,0.48935526609420776,104.35051368334227,36,33,3,True,True,10.0,7.0,2021
2021_12_PHI_NYG,H1,home,NYG,PHI,-4.0,3.0,0.0,3.0,0.6287232637405396,-169.34087227624383,0.47875773906707764,108.87390811658344,13,7,6,True,True,10.0,4.0,2021
2021_12_TB_IND,H1,home,IND,TB,-3.0,24.0,14.0,10.0,0.8532896637916565,-581.6152330125526,0.7467864751815796,-294.9236126771272,31,38,-7,False,False,-4.0,3.0,2021
2021_13_LAC_CIN,H1,away,LAC,CIN,2.5,24.0,13.0,11.0,0.7993437051773071,-398.3646293696572,0.7727387845516205,-340.0222880208707,41,22,19,True,True,21.5,2.5,2021
2021_13_MIN_DET,H1,home,DET,MIN,-7.0,20.0,6.0,14.0,0.9166976809501648,-1100.4467719581191,0.7964028716087341,-391.1660630489026,29,27,2,True,True,9.0,7.0,2021
2021_13_NE_BUF,H1,away,NE,BUF,3.0,11.0,7.0,4.0,0.6024054288864136,-151.51248851290677,0.5697760581970215,-132.43708748732328,14,10,4,True,True,7.0,3.0,2021
2021_13_WAS_LV,H1,away,WAS,LV,1.0,7.0,3.0,4.0,0.6024054288864136,-151.51248851290677,0.6073305010795593,-154.66709350975373,17,15,2,True,True,3.0,1.0,2021
2021_14_ATL_CAR,H1,away,ATL,CAR,2.5,17.0,7.0,10.0,0.773473858833313,-341.450154427943,0.7609290331602097,-318.2858392295432,29,21,8,True,True,10.5,2.5,2021
2021_14_CHI_GB,H1,away,CHI,GB,11.5,27.0,21.0,6.0,0.6658905744552612,-199.30313949376907,0.43062645196914673,132.2198265868831,30,45,-15,False,False,-3.5,11.5,2021
2021_15_ARI_DET,H1,home,DET,ARI,-13.0,17.0,0.0,17.0,0.91569584608078,-1086.181170809445,0.697857141494751,-230.9692656471069,30,12,18,True,True,31.0,13.0,2021
2021_15_CIN_DEN,H1,away,CIN,DEN,3.0,6.0,3.0,3.0,0.5506046414375305,-122.52121232377885,0.5378367900848389,-116.373778471802,15,10,5,True,True,8.0,3.0,2021
2021_15_HOU_JAX,H1,away,HOU,JAX,6.0,20.0,10.0,10.0,0.773473858833313,-341.450154427943,0.6808174252510071,-213.30031120477236,30,16,14,True,True,20.0,6.0,2021
2021_15_KC_LAC,H1,home,LAC,KC,-3.0,14.0,10.0,4.0,0.6569479703903198,-191.50097177322812,0.5285124778747559,-112.09469033082149,28,34,-6,False,False,-3.0,3.0,2021
2021_15_NE_IND,H1,home,IND,NE,-1.0,17.0,0.0,17.0,0.91569584608078,-1086.181170809445,0.874640166759491,-697.7036776057691,27,17,10,True,True,11.0,1.0,2021
2021_15_NO_TB,H1,away,NO,TB,11.5,6.0,0.0,6.0,0.6658905744552612,-199.30313949376907,0.43062645196914673,132.2198265868831,9,0,9,True,True,20.5,11.5,2021
2021_15_NYJ_MIA,H1,away,NYJ,MIA,10.5,17.0,10.0,7.0,0.7313575148582458,-272.2419406120114,0.568546712398529,-131.77480129058372,24,31,-7,False,True,3.5,10.5,2021
2021_15_TEN_PIT,H1,away,TEN,PIT,1.0,13.0,3.0,10.0,0.8049947023391724,-412.8065811521173,0.7997393012046814,-399.3491014540375,13,19,-6,False,False,-5.0,1.0,2021
2021_16_BUF_NE,H1,away,BUF,NE,1.0,17.0,7.0,10.0,0.7580159902572632,-313.25044620226817,0.7527216374874115,-304.40254854449375,33,21,12,True,True,13.0,1.0,2021
2021_16_IND_ARI,H1,away,IND,ARI,3.0,12.0,6.0,6.0,0.7424898743629456,-288.3342441490794,0.704981803894043,-238.9621430811155,22,16,6,True,True,9.0,3.0,2021
2021_16_LAC_HOU,H1,home,HOU,LAC,-13.5,17.0,12.0,5.0,0.7198485136032104,-256.94973917920277,0.4481661915779114,123.13151210250432,41,29,12,True,True,25.5,13.5,2021
2021_17_ARI_DAL,H1,away,ARI,DAL,6.5,10.0,7.0,3.0,0.7174030542373657,-253.86086615385588,0.5910102128982544,-144.50488289362272,25,22,3,True,True,9.5,6.5,2021
2021_17_ATL_BUF,H1,away,ATL,BUF,14.0,15.0,14.0,1.0,0.46048271656036377,117.16341657068729,0.2611003518104553,282.99450501160015,15,29,-14,False,False,0.0,14.0,2021
2021_17_CAR_NO,H1,away,CAR,NO,7.0,10.0,9.0,1.0,0.46048271656036377,117.16341657068729,0.3641037940979004,174.64695952361308,10,18,-8,False,False,-1.0,7.0,2021
2021_17_CLE_PIT,H1,home,PIT,CLE,-1.0,10.0,0.0,10.0,0.817753255367279,-448.706646044781,0.7529876232147217,-304.83801379283716,26,14,12,True,True,13.0,1.0,2021
2021_17_HOU_SF,H1,away,HOU,SF,14.0,7.0,3.0,4.0,0.6024054288864136,-151.51248851290677,0.32950347661972046,203.48693441984489,7,23,-16,False,False,-2.0,14.0,2021
2021_17_LA_BAL,H1,home,BAL,LA,-7.0,13.0,7.0,6.0,0.7156428694725037,-251.67044981251263,0.5143002271652222,-105.88850477806862,19,20,-1,False,True,6.0,7.0,2021
2021_17_LV_IND,H1,away,LV,IND,8.5,13.0,10.0,3.0,0.5506046414375305,-122.52121232377885,0.3723265528678894,168.5814353817587,23,20,3,True,True,11.5,8.5,2021
2021_17_PHI_WAS,H1,home,WAS,PHI,-6.5,16.0,7.0,9.0,0.8103330731391907,-427.2400499924106,0.6406312584877014,-178.26571554103216,16,20,-4,False,True,2.5,6.5,2021
2021_17_TB_NYJ,H1,home,NYJ,TB,-14.5,17.0,10.0,7.0,0.748828649520874,-298.13457947828596,0.4064139723777771,146.05453256180434,24,28,-4,False,True,10.5,14.5,2021
2021_18_CHI_MIN,H1,away,CHI,MIN,3.5,14.0,3.0,11.0,0.7993437051773071,-398.3646293696572,0.7539651691913605,-306.446516825814,17,31,-14,False,False,-10.5,3.5,2021
2021_18_GB_DET,H1,home,DET,GB,-4.0,17.0,13.0,4.0,0.6962094306945801,-229.17414200393975,0.5284324288368225,-112.058687058014,37,30,7,True,True,11.0,4.0,2021
2021_18_IND_JAX,H1,home,JAX,IND,-14.0,13.0,3.0,10.0,0.817753255367279,-448.706646044781,0.526199460029602,-111.05927824870733,26,11,15,True,True,29.0,14.0,2021
2021_18_KC_DEN,H1,home,DEN,KC,-11.5,14.0,10.0,4.0,0.6569479703903198,-191.50097177322812,0.3428509831428528,191.67190679553588,24,28,-4,False,True,7.5,11.5,2021
2021_18_LAC_LV,H1,home,LV,LAC,-3.5,17.0,14.0,3.0,0.6287232637405396,-169.34087227624383,0.4942575693130493,102.32365917832351,35,32,3,True,True,6.5,3.5,2021
2021_18_NE_MIA,H1,home,MIA,NE,-6.0,17.0,7.0,10.0,0.817753255367279,-448.706646044781,0.6660990715026855,-199.49003271730732,33,24,9,True,True,15.0,6.0,2021
2021_18_SEA_ARI,H1,away,SEA,ARI,5.5,17.0,10.0,7.0,0.7069733738899231,-241.2659160960837,0.5892340838909149,-143.44765735977833,38,30,8,True,True,13.5,5.5,2021
2021_01_ARI_TEN,Q3,away,ARI,TEN,2.5,38.0,13.0,25.0,0.9990259408950806,-102563.17464202669,0.9996114373207092,-257258.73600245436,38,13,25,True,True,27.5,2.5,2021
2021_01_CLE_KC,Q3,away,CLE,KC,5.5,22.0,20.0,2.0,0.6606379151344299,-194.67051406055728,0.5864867568016052,-141.83022344467489,29,33,-4,False,True,1.5,5.5,2021
2021_01_GB_NO,Q3,home,NO,GB,-4.0,24.0,3.0,21.0,0.9921699166297913,-12671.256099324792,0.9897574186325073,-9663.163836547526,38,3,35,True,True,39.0,4.0,2021
2021_01_JAX_HOU,Q3,home,HOU,JAX,-3.5,34.0,14.0,20.0,0.9837050437927246,-6036.868287829573,0.9716556072235107,-3428.0346553391933,37,21,16,True,True,19.5,3.5,2021
2021_01_MIA_NE,Q3,away,MIA,NE,3.5,17.0,13.0,4.0,0.5866019129753113,-141.8975876732295,0.552949845790863,-123.68854827241253,17,16,1,True,True,4.5,3.5,2021
2021_01_MIN_CIN,Q3,home,CIN,MIN,-3.0,21.0,14.0,7.0,0.8628273606300354,-629.0083537015914,0.8160868883132935,-443.73502292946154,27,24,3,True,True,6.0,3.0,2021
2021_01_PHI_ATL,Q3,away,PHI,ATL,3.5,22.0,6.0,16.0,0.9444138407707214,-1699.00898688693,0.9396638721227646,-1557.3817962509593,32,6,26,True,True,29.5,3.5,2021
2021_02_LV_PIT,Q3,away,LV,PIT,5.5,16.0,7.0,9.0,0.8723529577255249,-683.4102398156112,0.8005962371826172,-401.49504997847816,26,17,9,True,True,14.5,5.5,2021
2021_02_NO_CAR,Q3,home,CAR,NO,-3.0,17.0,0.0,17.0,0.9397623538970947,-1560.0914290237677,0.8843535780906677,-764.7046605419474,26,7,19,True,True,22.0,3.0,2021
2021_02_NYG_WAS,Q3,away,NYG,WAS,4.0,20.0,17.0,3.0,0.7160329222679138,-252.15349891492278,0.6925473213195801,-225.2533054166182,29,30,-1,False,True,3.0,4.0,2021
2021_03_ATL_NYG,Q3,away,ATL,NYG,3.0,7.0,6.0,1.0,0.36237651109695435,175.9560758982109,0.36677074432373047,172.6498815612592,17,14,3,True,True,6.0,3.0,2021
2021_03_CIN_PIT,Q3,away,CIN,PIT,2.5,24.0,7.0,17.0,0.9658461213111877,-2827.92513878539,0.9628477990627289,-2591.630575772428,24,10,14,True,True,16.5,2.5,2021
2021_03_GB_SF,Q3,away,GB,SF,3.5,17.0,14.0,3.0,0.7612466216087341,-318.84224078337996,0.7369850277900696,-280.2064922759724,30,28,2,True,True,5.5,3.5,2021
2021_03_NO_NE,Q3,away,NO,NE,3.0,21.0,6.0,15.0,0.9470967054367065,-1790.2414457451243,0.9325220957398415,-1381.966594790107,28,13,15,True,True,18.0,3.0,2021
2021_03_SEA_MIN,Q3,home,MIN,SEA,-2.0,24.0,17.0,7.0,0.8877131938934326,-790.576582123937,0.8506929278373718,-569.7606386057724,30,17,13,True,True,15.0,2.0,2021
2021_03_TB_LA,Q3,home,LA,TB,-1.0,31.0,17.0,14.0,0.9645467400550842,-2720.615090272979,0.9487079977989197,-1849.621689712354,34,24,10,True,True,11.0,1.0,2021
2021_04_ARI_LA,Q3,away,ARI,LA,3.5,34.0,13.0,21.0,0.9657265543937683,-2817.710730018278,0.963439267128706,-2635.1749307661134,37,20,17,True,True,20.5,3.5,2021
2021_04_BAL_DEN,Q3,away,BAL,DEN,1.0,17.0,7.0,10.0,0.918705403804779,-1130.094061355073,0.9107475876808167,-1020.4178957357619,23,7,16,True,True,17.0,1.0,2021
2021_04_IND_MIA,Q3,away,IND,MIA,2.5,17.0,3.0,14.0,0.9030510187149048,-931.4703535247342,0.9020993784070015,-921.4439742347013,27,17,10,True,True,12.5,2.5,2021
2021_04_SEA_SF,Q3,away,SEA,SF,2.5,21.0,13.0,8.0,0.8655267953872681,-643.6425739089733,0.8461145162582397,-549.8338736603183,28,21,7,True,True,9.5,2.5,2021
2021_04_TEN_NYJ,Q3,home,NYJ,TEN,-5.5,10.0,9.0,1.0,0.5148631930351257,-106.12742336666362,0.3847832679748535,159.88656036502925,27,24,3,True,True,8.5,5.5,2021
2021_04_WAS_ATL,Q3,home,ATL,WAS,-1.0,23.0,22.0,1.0,0.7650737166404724,-325.6654409628638,0.6866876482963562,-219.17030865922612,30,34,-4,False,False,-3.0,1.0,2021
2021_05_BUF_KC,Q3,away,BUF,KC,2.5,31.0,13.0,18.0,0.9599348306655884,-2395.9335418086175,0.9539385326206684,-2071.012034342427,38,20,18,True,True,20.5,2.5,2021
2021_05_CHI_LV,Q3,away,CHI,LV,5.5,14.0,3.0,11.0,0.8280116319656372,-481.43466993081927,0.735395759344101,-277.92289251344096,20,9,11,True,True,16.5,5.5,2021
2021_05_CLE_LAC,Q3,away,CLE,LAC,2.5,27.0,21.0,6.0,0.8109908699989319,-429.0749711372931,0.78883957862854,-373.5735956128178,42,47,-5,False,False,-2.5,2.5,2021
2021_05_DEN_PIT,Q3,home,PIT,DEN,-2.0,24.0,6.0,18.0,0.9829192757606506,-5754.552687504144,0.9764504432678223,-4146.364427885881,27,19,8,True,True,10.0,2.0,2021
2021_05_IND_BAL,Q3,away,IND,BAL,7.5,22.0,9.0,13.0,0.9532244801521301,-2037.8704143798827,0.9254658222198486,-1241.6663734449921,25,31,-6,False,True,1.5,7.5,2021
2021_05_NE_HOU,Q3,home,HOU,NE,-8.0,22.0,15.0,7.0,0.857692301273346,-602.7026710064431,0.7753702402114868,-345.1769885439448,22,25,-3,False,True,5.0,8.0,2021
2021_06_ARI_CLE,Q3,away,ARI,CLE,3.0,30.0,14.0,16.0,0.9281312823295593,-1291.4259672554253,0.9245048314332962,-1224.588074952703,37,14,23,True,True,26.0,3.0,2021
2021_06_LV_DEN,Q3,away,LV,DEN,5.0,31.0,10.0,21.0,0.9741531014442444,-3768.936142736239,0.9790846724063158,-4681.182582585845,34,24,10,True,True,15.0,5.0,2021
2021_06_MIA_JAX,Q3,home,JAX,MIA,-2.5,17.0,13.0,4.0,0.8233704566955566,-466.15670362481404,0.7488951683044434,-298.2400470941218,23,20,3,True,True,5.5,2.5,2021
2021_07_CAR_NYG,Q3,home,NYG,CAR,-3.0,12.0,3.0,9.0,0.9031344652175903,-932.3589316327146,0.859316349029541,-610.8146491094277,25,3,22,True,True,25.0,3.0,2021
2021_07_CIN_BAL,Q3,away,CIN,BAL,6.5,27.0,17.0,10.0,0.9223722815513611,-1188.1996534029702,0.8736461400985718,-691.4281374388759,41,17,24,True,True,30.5,6.5,2021
2021_07_DET_LA,Q3,away,DET,LA,17.0,19.0,17.0,2.0,0.37161076068878174,169.09877371325223,0.21057891845703125,374.88134487880876,19,28,-9,False,True,8.0,17.0,2021
2021_07_IND_SF,Q3,away,IND,SF,3.5,20.0,12.0,8.0,0.8148581981658936,-440.1265354952282,0.7673693895339966,-329.8660429927126,30,18,12,True,True,15.5,3.5,2021
2021_07_KC_TEN,Q3,home,TEN,KC,-4.0,27.0,3.0,24.0,0.9995482563972473,-221264.50719092228,0.9994726777076721,-189537.34599299196,27,3,24,True,True,28.0,4.0,2021
2021_08_CAR_ATL,Q3,away,CAR,ATL,2.5,12.0,10.0,2.0,0.4135553240776062,141.8056162692138,0.4015822410583496,149.01499562444565,19,13,6,True,True,8.5,2.5,2021
2021_08_GB_ARI,Q3,away,GB,ARI,6.5,17.0,14.0,3.0,0.7503655552864075,-300.58574494689924,0.6737434267997742,-206.50723453356858,24,21,3,True,True,9.5,6.5,2021
2021_08_SF_CHI,Q3,home,CHI,SF,-4.5,16.0,15.0,1.0,0.39775848388671875,151.40884242831112,0.29034000635147095,244.42377148309714,22,33,-11,False,False,-6.5,4.5,2021
2021_08_TB_NO,Q3,home,NO,TB,-4.0,23.0,21.0,2.0,0.6147751808166504,-159.58867399040693,0.486738920211792,105.44894983225824,36,27,9,True,True,13.0,4.0,2021
2021_09_ARI_SF,Q3,away,ARI,SF,5.5,31.0,14.0,17.0,0.9554439187049866,-2144.3625447642694,0.9400804452598095,-1568.9042572762294,31,17,14,True,True,19.5,5.5,2021
2021_09_ATL_NO,Q3,away,ATL,NO,7.0,17.0,3.0,14.0,0.9138804078102112,-1061.1759584232793,0.8632580637931824,-631.3045490942393,27,25,2,True,True,9.0,7.0,2021
2021_09_CLE_CIN,Q3,away,CLE,CIN,2.5,34.0,10.0,24.0,0.9937322735786438,-15854.748704293661,0.9923768490552902,-13017.935185239483,41,16,25,True,True,27.5,2.5,2021
2021_09_DEN_DAL,Q3,away,DEN,DAL,10.5,19.0,0.0,19.0,0.9845339059829712,-6365.756634473828,0.9751830101013184,-3929.4975501969448,30,16,14,True,True,24.5,10.5,2021
2021_09_LAC_PHI,Q3,home,PHI,LAC,-1.0,17.0,16.0,1.0,0.558015763759613,-126.25241309649756,0.4908050298690796,103.74689319438032,24,27,-3,False,False,-2.0,1.0,2021
2021_09_LV_NYG,Q3,home,NYG,LV,-3.0,17.0,16.0,1.0,0.7396724224090576,-284.13141214386394,0.6494504809379578,-185.2664019268029,23,16,7,True,True,10.0,3.0,2021
2021_09_MIN_BAL,Q3,away,MIN,BAL,7.5,24.0,17.0,7.0,0.6966242790222168,-229.6242681441314,0.5755630731582642,-135.60626721173116,31,34,-3,False,True,4.5,7.5,2021
2021_09_TEN_LA,Q3,away,TEN,LA,7.0,21.0,6.0,15.0,0.9517854452133179,-1974.0624992273515,0.920559361577034,-1158.8015653596556,28,16,12,True,True,19.0,7.0,2021
2021_10_BAL_MIA,Q3,home,MIA,BAL,-8.5,6.0,3.0,3.0,0.7952504754066467,-388.4016224145425,0.6701234579086304,-203.14371360271466,22,10,12,True,True,20.5,8.5,2021
2021_10_CAR_ARI,Q3,away,CAR,ARI,7.0,31.0,3.0,28.0,0.9993962049484253,-165519.11154985192,0.9994810223579407,-192586.52808085448,34,10,24,True,True,31.0,7.0,2021
2021_10_DET_PIT,Q3,away,DET,PIT,9.0,16.0,13.0,3.0,0.5153262615203857,-106.3243622683016,0.41352832317352295,141.82140471678994,16,16,0,False,True,9.0,9.0,2021
2021_10_LA_SF,Q3,home,SF,LA,-3.5,24.0,7.0,17.0,0.9861786365509033,-7135.176208794052,0.9677929878234863,-3004.913906696475,31,10,21,True,True,24.5,3.5,2021
2021_10_MIN_LAC,Q3,away,MIN,LAC,3.0,20.0,17.0,3.0,0.7066023349761963,-240.83434164987946,0.6792561411857605,-211.7752600772803,27,20,7,True,True,10.0,3.0,2021
2021_10_PHI_DEN,Q3,away,PHI,DEN,1.0,27.0,13.0,14.0,0.9237791895866394,-1211.9776535788603,0.9275074750185013,-1279.4525714964632,30,13,17,True,True,18.0,1.0,2021
2021_10_TB_WAS,Q3,home,WAS,TB,-10.0,23.0,13.0,10.0,0.8877816200256348,-791.1196189326886,0.7636896371841431,-323.1723010722312,29,19,10,True,True,20.0,10.0,2021
2021_11_ARI_SEA,Q3,away,ARI,SEA,2.5,16.0,6.0,10.0,0.8836837410926819,-759.7250370619377,0.861214816570282,-620.538010821889,23,13,10,True,True,12.5,2.5,2021
2021_11_BAL_CHI,Q3,home,CHI,BAL,-5.0,7.0,6.0,1.0,0.6303126811981201,-170.4988646191331,0.5255836248397827,-110.7853042935724,13,16,-3,False,True,2.0,5.0,2021
2021_11_GB_MIN,Q3,home,MIN,GB,-1.0,23.0,17.0,6.0,0.7556930184364319,-309.3210900482606,0.7117672562599182,-246.94184533793464,34,31,3,True,True,4.0,1.0,2021
2021_11_HOU_TEN,Q3,away,HOU,TEN,10.5,19.0,6.0,13.0,0.8952972888946533,-855.0851066252235,0.7744780629873276,-343.41584381824833,22,13,9,True,True,19.5,10.5,2021
2021_11_IND_BUF,Q3,away,IND,BUF,7.5,38.0,7.0,31.0,0.9994837045669556,-193587.55483722003,0.9996057430107612,-253541.66705852485,41,15,26,True,True,33.5,7.5,2021
2021_11_WAS_CAR,Q3,away,WAS,CAR,3.5,21.0,14.0,7.0,0.7478041052818298,-296.5171602485852,0.7336103916168213,-275.3900184280407,27,21,6,True,True,9.5,3.5,2021
2021_12_CAR_MIA,Q3,home,MIA,CAR,-1.0,27.0,10.0,17.0,0.9873560070991516,-7808.894032461074,0.9802207946777344,-4955.814850530376,33,10,23,True,True,24.0,1.0,2021
2021_12_CHI_DET,Q3,home,DET,CHI,-2.0,14.0,13.0,1.0,0.530493974685669,-112.9898118624797,0.45485401153564453,119.8507597248343,14,16,-2,False,False,0.0,2.0,2021
2021_12_LAC_DEN,Q3,home,DEN,LAC,-2.5,14.0,7.0,7.0,0.7281509637832642,-267.85122136785304,0.5993002653121948,-149.56342952887755,28,13,15,True,True,17.5,2.5,2021
2021_12_LA_GB,Q3,home,GB,LA,-2.0,36.0,17.0,19.0,0.9777812957763672,-4400.7125075113745,0.9704848527908325,-3288.0908433666814,36,28,8,True,True,10.0,2.0,2021
2021_12_LV_DAL,Q3,away,LV,DAL,7.0,27.0,19.0,8.0,0.8274295926094055,-479.4736276751135,0.7571457028388977,-311.7695308214496,36,33,3,True,True,10.0,7.0,2021
2021_12_NYJ_HOU,Q3,away,NYJ,HOU,3.0,18.0,14.0,4.0,0.7502065896987915,-300.3308168915143,0.7433791756629944,-289.6799889812358,21,14,7,True,True,10.0,3.0,2021
2021_12_PHI_NYG,Q3,home,NYG,PHI,-4.0,10.0,0.0,10.0,0.6944179534912109,-227.24435595114005,0.5698579549789429,-132.48134228567358,13,7,6,True,True,10.0,4.0,2021
2021_12_SEA_WAS,Q3,home,WAS,SEA,-1.0,17.0,9.0,8.0,0.9129674434661865,-1048.995318334105,0.8836345076560974,-759.3612933331079,17,15,2,True,True,3.0,1.0,2021
2021_13_LAC_CIN,Q3,away,LAC,CIN,2.5,24.0,22.0,2.0,0.48521989583969116,106.09212618321486,0.49801933765411377,100.79541583875678,41,22,19,True,True,21.5,2.5,2021
2021_13_MIN_DET,Q3,home,DET,MIN,-7.0,23.0,15.0,8.0,0.8572501540184021,-600.52614986983,0.7501609325408936,-300.25765792760956,29,27,2,True,True,9.0,7.0,2021
2021_13_NE_BUF,Q3,away,NE,BUF,3.0,11.0,10.0,1.0,0.6964050531387329,-229.38624649011933,0.6976524591445923,-230.74520704576594,14,10,4,True,True,7.0,3.0,2021
2021_13_SF_SEA,Q3,home,SEA,SF,-3.0,30.0,23.0,7.0,0.8133600950241089,-435.79110004860604,0.7418525815010071,-287.3755568870433,30,23,7,True,True,10.0,3.0,2021
2021_13_WAS_LV,Q3,away,WAS,LV,1.0,7.0,6.0,1.0,0.7038832306861877,-237.7046164313111,0.743666410446167,-290.11664516561086,17,15,2,True,True,3.0,1.0,2021
2021_14_ATL_CAR,Q3,away,ATL,CAR,2.5,20.0,14.0,6.0,0.8757556080818176,-704.8653018146056,0.8667497634887695,-650.467711114133,29,21,8,True,True,10.5,2.5,2021
2021_14_LA_ARI,Q3,away,LA,ARI,3.0,27.0,13.0,14.0,0.9066512584686279,-971.2517208000347,0.9086819738149643,-995.0740415410667,30,23,7,True,True,10.0,3.0,2021
2021_15_ARI_DET,Q3,home,DET,ARI,-13.0,24.0,6.0,18.0,0.9893504977226257,-9290.110203784652,0.9605242609977722,-2433.2014682323384,30,12,18,True,True,31.0,13.0,2021
2021_15_CIN_DEN,Q3,away,CIN,DEN,3.0,15.0,10.0,5.0,0.694543719291687,-227.37909257623755,0.6496228873729706,-185.40677000911396,15,10,5,True,True,8.0,3.0,2021
2021_15_HOU_JAX,Q3,away,HOU,JAX,6.0,23.0,13.0,10.0,0.8758774995803833,-705.6557003116551,0.8160191178321838,-443.5347348143819,30,16,14,True,True,20.0,6.0,2021
2021_15_KC_LAC,Q3,home,LAC,KC,-3.0,14.0,13.0,1.0,0.6636149287223816,-197.27835310940435,0.5388556718826294,-116.85184854869985,28,34,-6,False,False,-3.0,3.0,2021
2021_15_NE_IND,Q3,home,IND,NE,-1.0,20.0,0.0,20.0,0.9737218022346497,-3705.436007938758,0.9573088884353638,-2242.407970534934,27,17,10,True,True,11.0,1.0,2021
2021_15_NO_TB,Q3,away,NO,TB,11.5,6.0,0.0,6.0,0.7690969109535217,-333.08212295016585,0.6266270875930786,-167.82874889171057,9,0,9,True,True,20.5,11.5,2021
2021_15_TEN_PIT,Q3,away,TEN,PIT,1.0,13.0,10.0,3.0,0.4285317063331604,133.35496188992693,0.4405021667480469,127.01363931586924,13,19,-6,False,False,-5.0,1.0,2021
2021_16_BUF_NE,Q3,away,BUF,NE,1.0,20.0,14.0,6.0,0.8261817097663879,-475.3134486917334,0.8229990005493164,-464.968561253024,33,21,12,True,True,13.0,1.0,2021
2021_16_DEN_LV,Q3,home,LV,DEN,-1.0,14.0,13.0,1.0,0.6845242977142334,-216.98162259550892,0.59148770570755,-144.79067434971975,17,13,4,True,True,5.0,1.0,2021
2021_16_IND_ARI,Q3,away,IND,ARI,3.0,15.0,13.0,2.0,0.528439998626709,-112.06209116289982,0.5290493369102478,-112.33646714484472,22,16,6,True,True,9.0,3.0,2021
2021_16_LAC_HOU,Q3,home,HOU,LAC,-13.5,17.0,15.0,2.0,0.8133347034454346,-435.71821782507016,0.6079959273338318,-155.0993904728135,41,29,12,True,True,25.5,13.5,2021
2021_17_ARI_DAL,Q3,away,ARI,DAL,6.5,22.0,7.0,15.0,0.9102517366409302,-1014.2276881716859,0.887174554169178,-786.3248823314793,25,22,3,True,True,9.5,6.5,2021
2021_17_CLE_PIT,Q3,home,PIT,CLE,-1.0,13.0,7.0,6.0,0.8086415529251099,-422.579491674407,0.758293628692627,-313.7251304510796,26,14,12,True,True,13.0,1.0,2021
2021_17_LA_BAL,Q3,home,BAL,LA,-7.0,16.0,7.0,9.0,0.7975784540176392,-394.01855674353004,0.6782341599464417,-210.78501056344226,19,20,-1,False,True,6.0,7.0,2021
2021_17_PHI_WAS,Q3,home,WAS,PHI,-6.5,16.0,14.0,2.0,0.5581231117248535,-126.30737803542311,0.42870646715164185,133.25983548698846,16,20,-4,False,True,2.5,6.5,2021
2021_17_TB_NYJ,Q3,home,NYJ,TB,-14.5,24.0,17.0,7.0,0.8158591985702515,-443.06269563050074,0.6234922409057617,-165.59877607985877,24,28,-4,False,True,10.5,14.5,2021
2021_18_CHI_MIN,Q3,away,CHI,MIN,3.5,17.0,10.0,7.0,0.7086058855056763,-243.17783038801895,0.6632854640483856,-196.98747551062044,17,31,-14,False,False,-10.5,3.5,2021
2021_18_GB_DET,Q3,home,DET,GB,-4.0,24.0,16.0,8.0,0.6895167827606201,-222.0786002191573,0.5392484664916992,-117.03671659770706,37,30,7,True,True,11.0,4.0,2021
2021_18_IND_JAX,Q3,home,JAX,IND,-14.0,23.0,3.0,20.0,0.9709357619285583,-3340.6544480606703,0.9078185558319092,-984.8170247544855,26,11,15,True,True,29.0,14.0,2021
2021_18_KC_DEN,Q3,home,DEN,KC,-11.5,21.0,17.0,4.0,0.592524528503418,-145.41354509688276,0.38764840364456177,157.96572115305517,24,28,-4,False,True,7.5,11.5,2021
2021_18_LAC_LV,Q3,home,LV,LAC,-3.5,20.0,14.0,6.0,0.8888347148895264,-799.5614044494392,0.8623406887054443,-626.4310641946015,35,32,3,True,True,6.5,3.5,2021
2021_18_NE_MIA,Q3,home,MIA,NE,-6.0,24.0,10.0,14.0,0.9674198627471924,-2969.3547796942576,0.9286721348762512,-1301.9766304025377,33,24,9,True,True,15.0,6.0,2021
2022_01_DEN_SEA,Q1,home,SEA,DEN,-6.0,7.0,3.0,4.0,0.6155733466148376,-160.1276449471588,0.3731222152709961,168.00870038620104,17,16,1,True,True,7.0,6.0,2022
2022_01_PHI_DET,Q1,home,DET,PHI,-6.0,7.0,0.0,7.0,0.6574379205703735,-191.91789168988652,0.40241706371307373,148.4984087834325,35,38,-3,False,True,3.0,6.0,2022
2022_01_PIT_CIN,Q1,away,PIT,CIN,7.5,10.0,3.0,7.0,0.5835177898406982,-140.106294004132,0.37311869859695435,168.01122638997185,23,20,3,True,True,10.5,7.5,2022
2022_02_CAR_NYG,Q1,home,NYG,CAR,-1.0,6.0,0.0,6.0,0.7129486799240112,-248.36976180262056,0.596502423286438,-147.83296299940056,19,16,3,True,True,4.0,1.0,2022
2022_02_CHI_GB,Q1,away,CHI,GB,10.5,7.0,3.0,4.0,0.525357723236084,-110.68498297664148,0.277290403842926,260.6327468030449,10,27,-17,False,False,-6.5,10.5,2022
2022_02_CIN_DAL,Q1,home,DAL,CIN,-7.5,14.0,3.0,11.0,0.8246484994888306,-470.28311539102145,0.5776504874229431,-136.77072429852797,20,17,3,True,True,10.5,7.5,2022
2022_02_IND_JAX,Q1,home,JAX,IND,-3.0,7.0,0.0,7.0,0.7793663740158081,-353.24006961280173,0.6342109441757202,-173.3816072617511,24,0,24,True,True,27.0,3.0,2022
2022_02_LAC_KC,Q1,away,LAC,KC,4.0,3.0,0.0,3.0,0.7336968183517456,-275.5118484918616,0.6852100491523743,-217.67214846195984,24,27,-3,False,True,1.0,4.0,2022
2022_02_TB_NO,Q1,home,NO,TB,-2.5,3.0,0.0,3.0,0.6204699277877808,-163.48373244079505,0.49197208881378174,103.26356367312412,10,20,-10,False,False,-7.5,2.5,2022
2022_02_WAS_DET,Q1,home,DET,WAS,-1.0,12.0,0.0,12.0,0.8595284223556519,-611.8877831157006,0.7987743020057678,-396.9544198219968,36,27,9,True,True,10.0,1.0,2022
2022_03_DAL_NYG,Q1,away,DAL,NYG,1.0,3.0,0.0,3.0,0.47586286067962646,110.14457790881218,0.5441100895404816,-119.3512023532262,23,16,7,True,True,8.0,1.0,2022
2022_03_DET_MIN,Q1,away,DET,MIN,6.5,7.0,0.0,7.0,0.6822938919067383,-214.75630292460505,0.5315355062484741,-113.46334958960651,24,28,-4,False,True,2.5,6.5,2022
2022_03_GB_TB,Q1,away,GB,TB,1.0,7.0,3.0,4.0,0.6582329273223877,-192.59694100001744,0.6872868537902832,-219.7818870490861,14,12,2,True,True,3.0,1.0,2022
2022_03_KC_IND,Q1,home,IND,KC,-4.5,7.0,6.0,1.0,0.6081959009170532,-155.22959109937625,0.4166654050350189,140.00072670202948,20,17,3,True,True,7.5,4.5,2022
2022_03_LV_TEN,Q1,home,TEN,LV,-1.5,7.0,3.0,4.0,0.7435172200202942,-289.8897228418707,0.6328242421150208,-172.34913485580876,24,22,2,True,True,3.5,1.5,2022
2022_03_NO_CAR,Q1,home,CAR,NO,-2.0,7.0,0.0,7.0,0.7676785588264465,-330.43810117076526,0.6416799426078796,-179.08010711933719,22,14,8,True,True,10.0,2.0,2022
2022_04_BUF_BAL,Q1,home,BAL,BUF,-3.0,14.0,3.0,11.0,0.8957522511482239,-859.2533277834541,0.8070241212844849,-418.199479984853,20,23,-3,False,False,0.0,3.0,2022
2022_04_CLE_ATL,Q1,home,ATL,CLE,-1.0,10.0,0.0,10.0,0.8027322888374329,-406.9253321319808,0.7104179263114929,-245.3252431211138,23,20,3,True,True,4.0,1.0,2022
2022_04_DEN_LV,Q1,away,DEN,LV,2.5,7.0,3.0,4.0,0.5275068283081055,-111.64327019144406,0.492828905582428,102.91017606164849,23,32,-9,False,False,-6.5,2.5,2022
2022_04_JAX_PHI,Q1,away,JAX,PHI,6.5,14.0,0.0,14.0,0.8717020750045776,-679.4358326805985,0.7209621667861938,-258.3743424619319,21,29,-8,False,False,-1.5,6.5,2022
2022_04_KC_TB,Q1,away,KC,TB,1.0,14.0,3.0,11.0,0.8002851605415344,-400.71391926185265,0.8088915348052979,-423.26305848419406,41,31,10,True,True,11.0,1.0,2022
2022_04_NE_GB,Q1,away,NE,GB,10.0,3.0,0.0,3.0,0.39858925342559814,150.88483731201825,0.2120605707168579,371.5633823956809,24,27,-3,False,True,7.0,10.0,2022
2022_04_NYJ_PIT,Q1,away,NYJ,PIT,3.0,3.0,0.0,3.0,0.6836285591125488,-216.08415639379695,0.6292409896850586,-169.71697846278894,24,20,4,True,True,7.0,3.0,2022
2022_04_SEA_DET,Q1,away,SEA,DET,3.0,14.0,6.0,8.0,0.6659408807754517,-199.3482118737847,0.6223416328430176,-164.78957887998465,48,45,3,True,True,6.0,3.0,2022
2022_04_TEN_IND,Q1,away,TEN,IND,4.5,14.0,0.0,14.0,0.7906001210212708,-377.5551948153607,0.6720993220806122,-204.97039723896006,24,17,7,True,True,11.5,4.5,2022
2022_05_DAL_LA,Q1,away,DAL,LA,5.5,9.0,3.0,6.0,0.662837028503418,-196.59247442305136,0.5325044095516205,-113.90576091656617,22,10,12,True,True,17.5,5.5,2022
2022_05_LAC_CLE,Q1,home,CLE,LAC,-1.0,14.0,3.0,11.0,0.742625892162323,-288.5394721331832,0.6065802574157715,-154.18144840199693,28,30,-2,False,False,-1.0,1.0,2022
2022_05_LV_KC,Q1,away,LV,KC,7.5,7.0,0.0,7.0,0.6841248869895935,-216.58081273628386,0.4790332317352295,108.75378444573516,29,30,-1,False,True,6.5,7.5,2022
2022_05_MIA_NYJ,Q1,home,NYJ,MIA,-3.0,5.0,0.0,5.0,0.8005130290985107,-401.2858711929715,0.6992698311805725,-232.5240044674224,40,17,23,True,True,26.0,3.0,2022
2022_05_SEA_NO,Q1,away,SEA,NO,5.5,10.0,3.0,7.0,0.6886292695999146,-221.16056596427137,0.545711100101471,-120.12424257413336,32,39,-7,False,False,-1.5,5.5,2022
2022_06_CAR_LA,Q1,away,CAR,LA,10.0,3.0,0.0,3.0,0.4887561798095703,104.60099356485294,0.2648664712905884,277.5487305461503,10,24,-14,False,False,-4.0,10.0,2022
2022_06_DEN_LAC,Q1,away,DEN,LAC,3.5,10.0,0.0,10.0,0.7219666838645935,-259.66912667149023,0.6478008329868317,-183.9302569851368,16,19,-3,False,True,0.5,3.5,2022
2022_06_JAX_IND,Q1,away,JAX,IND,1.0,7.0,0.0,7.0,0.5948314666748047,-146.8108744262681,0.5847449004650116,-140.8158264931175,27,34,-7,False,False,-6.0,1.0,2022
2022_06_SF_ATL,Q1,home,ATL,SF,-3.5,14.0,0.0,14.0,0.8322641849517822,-496.1755989396405,0.6847004890441895,-217.15875389992303,28,14,14,True,True,17.5,3.5,2022
2022_06_TB_PIT,Q1,home,PIT,TB,-10.0,7.0,3.0,4.0,0.5855506062507629,-141.28398185208852,0.23318493366241455,328.8441728605483,20,18,2,True,True,12.0,10.0,2022
2022_07_CHI_NE,Q1,away,CHI,NE,9.5,10.0,0.0,10.0,0.7219666838645935,-259.66912667149023,0.4852219820022583,106.0912401110768,33,14,19,True,True,28.5,9.5,2022
2022_07_CLE_BAL,Q1,away,CLE,BAL,6.5,10.0,3.0,7.0,0.6734598875045776,-206.24109006332833,0.509229302406311,-103.76114647902308,20,23,-3,False,True,3.5,6.5,2022
2022_07_DET_DAL,Q1,away,DET,DAL,7.0,3.0,0.0,3.0,0.4396737217903137,127.44138447212303,0.29344964027404785,240.77397371014538,6,24,-18,False,False,-11.0,7.0,2022
2022_07_KC_SF,Q1,home,SF,KC,-1.0,10.0,7.0,3.0,0.6734692454338074,-206.24986651825017,0.5700054168701172,-132.56106919327007,23,44,-21,False,False,-20.0,1.0,2022
2022_07_NO_ARI,Q1,away,NO,ARI,2.5,7.0,3.0,4.0,0.450766384601593,121.84440414381024,0.46022284030914307,117.28604328465646,34,42,-8,False,False,-5.5,2.5,2022
2022_07_SEA_LAC,Q1,away,SEA,LAC,5.5,17.0,0.0,17.0,0.8164650797843933,-444.8554415831359,0.6333760917186737,-172.7590801941528,37,23,14,True,True,19.5,5.5,2022
2022_08_CAR_ATL,Q1,away,CAR,ATL,4.5,3.0,0.0,3.0,0.565542459487915,-130.17208973317008,0.4783358573913574,109.05813029647817,34,37,-3,False,True,1.5,4.5,2022
2022_08_LV_NO,Q1,home,NO,LV,-1.0,7.0,0.0,7.0,0.7425228357315063,-288.3839574049424,0.6322531700134277,-171.9262053289524,24,0,24,True,True,25.0,1.0,2022
2022_08_MIA_DET,Q1,home,DET,MIA,-3.5,14.0,7.0,7.0,0.7643632292747498,-324.38198288075694,0.5950741767883301,-146.95881138636656,27,31,-4,False,False,-0.5,3.5,2022
2022_08_SF_LA,Q1,home,LA,SF,-1.0,7.0,0.0,7.0,0.6988623142242432,-232.0740137269479,0.5995901226997375,-149.74408891769477,14,31,-17,False,False,-16.0,1.0,2022
2022_09_LAC_ATL,Q1,home,ATL,LAC,-2.5,10.0,0.0,10.0,0.7864662408828735,-368.31002466990947,0.6795373558998108,-212.04885137481443,17,20,-3,False,False,-0.5,2.5,2022
2022_10_ATL_CAR,Q1,home,CAR,ATL,-2.5,3.0,0.0,3.0,0.7102882266044617,-245.17064608027434,0.5587860345840454,-126.64740429447869,25,15,10,True,True,12.5,2.5,2022
2022_10_IND_LV,Q1,away,IND,LV,4.5,7.0,0.0,7.0,0.7518534660339355,-302.98769602671786,0.6628850102424622,-196.63468857294862,25,20,5,True,True,9.5,4.5,2022
2022_10_LAC_SF,Q1,away,LAC,SF,8.5,7.0,3.0,4.0,0.6349526047706604,-173.9370320316226,0.37214189767837524,168.7147043207301,16,22,-6,False,True,2.5,8.5,2022
2022_11_CLE_BUF,Q1,away,CLE,BUF,7.5,7.0,3.0,4.0,0.7066583037376404,-240.89937187300427,0.49556416273117065,101.79021713127213,23,31,-8,False,False,-0.5,7.5,2022
2022_11_KC_LAC,Q1,home,LAC,KC,-5.5,10.0,6.0,4.0,0.6724758148193359,-205.32096414449356,0.425243616104126,135.15932094678126,27,30,-3,False,True,2.5,5.5,2022
2022_11_LA_NO,Q1,away,LA,NO,2.5,7.0,3.0,4.0,0.45466071367263794,119.94422872437005,0.4743056297302246,110.83452046917083,20,27,-7,False,False,-4.5,2.5,2022
2022_11_PHI_IND,Q1,home,IND,PHI,-6.5,7.0,0.0,7.0,0.6953546404838562,-228.25052762604378,0.3975822329521179,151.52029369492303,16,17,-1,False,True,5.5,6.5,2022
2022_11_SF_ARI,Q1,home,ARI,SF,-10.0,3.0,0.0,3.0,0.4797852635383606,108.426576636622,0.1944931149482727,414.15701798285227,10,38,-28,False,False,-18.0,10.0,2022
2022_11_TEN_GB,Q1,away,TEN,GB,3.0,7.0,6.0,1.0,0.5129433870315552,-105.31494150245477,0.4864877462387085,105.55502327273885,27,17,10,True,True,13.0,3.0,2022
2022_12_DEN_CAR,Q1,home,CAR,DEN,-1.0,7.0,0.0,7.0,0.6674380302429199,-200.6958374496188,0.5756478309631348,-135.65332593201046,23,10,13,True,True,14.0,1.0,2022
2022_12_GB_PHI,Q1,away,GB,PHI,6.5,14.0,13.0,1.0,0.32094019651412964,211.58452909963685,0.21466994285583496,365.8313999140373,33,40,-7,False,False,-0.5,6.5,2022
2022_12_LAC_ARI,Q1,home,ARI,LAC,-2.5,7.0,0.0,7.0,0.8495051264762878,-564.474461213085,0.7302996516227722,-270.7818718132717,24,25,-1,False,True,1.5,2.5,2022
2022_12_NE_MIN,Q1,away,NE,MIN,2.5,10.0,7.0,3.0,0.5483403205871582,-121.40563915291295,0.5351373553276062,-115.11730646904047,26,33,-7,False,False,-4.5,2.5,2022
2022_12_NYG_DAL,Q1,away,NYG,DAL,10.5,3.0,0.0,3.0,0.3534260392189026,182.94463028532735,0.16743433475494385,497.249065709011,20,28,-8,False,True,2.5,10.5,2022
2022_12_PIT_IND,Q1,away,PIT,IND,2.5,3.0,0.0,3.0,0.5671917200088501,-131.04918418391813,0.5668349266052246,-130.85887146044806,24,17,7,True,True,9.5,2.5,2022
2022_12_TB_CLE,Q1,home,CLE,TB,-3.0,10.0,7.0,3.0,0.6211753487586975,-163.97437355865821,0.4623592495918274,116.28203629165071,23,17,6,True,True,9.0,3.0,2022
2022_13_BUF_NE,Q1,home,NE,BUF,-3.5,7.0,3.0,4.0,0.5067633390426636,-102.74243160657865,0.3443618416786194,190.39222090502824,10,24,-14,False,False,-10.5,3.5,2022
2022_13_CLE_HOU,Q1,home,HOU,CLE,-7.5,3.0,0.0,3.0,0.712293267250061,-247.57615521954173,0.42803364992141724,133.62649179184632,14,27,-13,False,False,-5.5,7.5,2022
2022_13_DEN_BAL,Q1,away,DEN,BAL,9.5,3.0,0.0,3.0,0.5488561391830444,-121.65878489161888,0.3145245313644409,217.94022414146633,9,10,-1,False,True,8.5,9.5,2022
2022_13_GB_CHI,Q1,home,CHI,GB,-4.0,10.0,0.0,10.0,0.7365710735321045,-279.60903284547663,0.5496760606765747,-122.0623672599813,19,28,-9,False,False,-5.0,4.0,2022
2022_13_IND_DAL,Q1,away,IND,DAL,11.0,10.0,7.0,3.0,0.6123164296150208,-157.94232110661167,0.36626243591308594,173.0282720659074,19,54,-35,False,False,-24.0,11.0,2022
2022_13_KC_CIN,Q1,home,CIN,KC,-2.5,7.0,3.0,4.0,0.7435172200202942,-289.8897228418707,0.6214568614959717,-164.17068446991766,27,24,3,True,True,5.5,2.5,2022
2022_13_LAC_LV,Q1,away,LAC,LV,2.5,7.0,0.0,7.0,0.7768628001213074,-348.1547678036853,0.7530317902565002,-304.9104137891254,20,27,-7,False,False,-4.5,2.5,2022
2022_13_SEA_LA,Q1,home,LA,SEA,-7.0,10.0,7.0,3.0,0.6176513433456421,-161.54139228583642,0.3540158271789551,182.47324645587096,23,27,-4,False,True,3.0,7.0,2022
2022_14_BAL_PIT,Q1,away,BAL,PIT,1.5,10.0,7.0,3.0,0.5547351241111755,-124.58542188036499,0.5719501972198486,-133.6176756781746,16,14,2,True,True,3.5,1.5,2022
2022_14_CAR_SEA,Q1,away,CAR,SEA,3.5,10.0,0.0,10.0,0.7972646355628967,-393.25385473644906,0.7496966123580933,-299.515168140927,30,24,6,True,True,9.5,3.5,2022
2022_14_HOU_DAL,Q1,away,HOU,DAL,17.0,10.0,7.0,3.0,0.6118202209472656,-157.612594463389,0.2692791819572449,271.36179363422764,23,27,-4,False,True,13.0,17.0,2022
2022_15_CIN_TB,Q1,home,TB,CIN,-3.5,3.0,0.0,3.0,0.7925920486450195,-382.1415926762092,0.6520155668258667,-187.3691765112937,23,34,-11,False,False,-7.5,3.5,2022
2022_15_DET_NYJ,Q1,away,DET,NYJ,2.0,7.0,0.0,7.0,0.6318730115890503,-171.64539180259015,0.6389113962650299,-176.94033809329932,20,17,3,True,True,5.0,2.0,2022
2022_15_IND_MIN,Q1,away,IND,MIN,3.5,17.0,0.0,17.0,0.9032348990440369,-933.4304311376582,0.8328250646591187,-498.1757958876612,36,39,-3,False,True,0.5,3.5,2022
2022_15_KC_HOU,Q1,home,HOU,KC,-14.5,7.0,0.0,7.0,0.6641676425933838,-197.76761468795237,0.21670526266098022,361.45625986223877,24,30,-6,False,True,8.5,14.5,2022
2022_15_PIT_CAR,Q1,away,PIT,CAR,2.5,7.0,0.0,7.0,0.5720655918121338,-133.6806718194516,0.5402795076370239,-117.52347711540381,24,16,8,True,True,10.5,2.5,2022
2022_16_BUF_CHI,Q1,home,CHI,BUF,-8.0,7.0,6.0,1.0,0.4233444333076477,136.21427880528955,0.20466887950897217,388.594065887854,13,35,-22,False,False,-14.0,8.0,2022
2022_16_DEN_LA,Q1,home,LA,DEN,-3.0,17.0,3.0,14.0,0.881803572177887,-746.0492575164889,0.7650007009506226,-325.5331841606398,51,14,37,True,True,40.0,3.0,2022
2022_16_LV_PIT,Q1,away,LV,PIT,2.5,7.0,0.0,7.0,0.5766454339027405,-136.20862512919362,0.5741191804409027,-134.80747525452603,10,13,-3,False,False,-0.5,2.5,2022
2022_16_PHI_DAL,Q1,away,PHI,DAL,4.0,10.0,7.0,3.0,0.5517745614051819,-123.10201829128421,0.4989750385284424,100.41082675180722,34,40,-6,False,False,-2.0,4.0,2022
2022_17_ARI_ATL,Q1,away,ARI,ATL,7.0,3.0,0.0,3.0,0.39838850498199463,151.01125848126455,0.2673603892326355,274.0269839036928,19,20,-1,False,True,6.0,7.0,2022
2022_17_CAR_TB,Q1,away,CAR,TB,3.5,7.0,0.0,7.0,0.600037693977356,-150.02356095611285,0.5369151532649994,-115.94314887445411,24,30,-6,False,False,-2.5,3.5,2022
2022_17_CHI_DET,Q1,away,CHI,DET,4.5,10.0,7.0,3.0,0.36889833211898804,171.0773980071697,0.3185349702835083,213.93727323249996,10,41,-31,False,False,-26.5,4.5,2022
2022_17_CLE_WAS,Q1,away,CLE,WAS,1.0,3.0,0.0,3.0,0.5404065847396851,-117.583622131226,0.5978378653526306,-148.6559309908271,24,10,14,True,True,15.0,1.0,2022
2022_17_IND_NYG,Q1,away,IND,NYG,5.5,3.0,0.0,3.0,0.4364582896232605,129.11696805281764,0.36046165227890015,177.42202081076562,10,38,-28,False,False,-22.5,5.5,2022
2022_17_LA_LAC,Q1,away,LA,LAC,6.5,3.0,0.0,3.0,0.391845703125,155.202492211838,0.30856412649154663,224.0817431923331,10,31,-21,False,False,-14.5,6.5,2022
2022_17_NO_PHI,Q1,away,NO,PHI,5.5,7.0,0.0,7.0,0.6683058142662048,-201.48252306193908,0.5568503737449646,-125.65741698820563,20,10,10,True,True,15.5,5.5,2022
2022_17_NYJ_SEA,Q1,home,SEA,NYJ,-1.0,10.0,3.0,7.0,0.8395792841911316,-523.3608888713846,0.7552083134651184,-308.5106051416109,23,6,17,True,True,18.0,1.0,2022
2022_17_PIT_BAL,Q1,away,PIT,BAL,1.0,3.0,0.0,3.0,0.3740488290786743,167.344774868863,0.41397833824157715,141.5585328081707,16,13,3,True,True,4.0,1.0,2022
2022_17_SF_LV,Q1,home,LV,SF,-10.0,10.0,7.0,3.0,0.5975450277328491,-148.47500190311897,0.24179792404174805,313.56848035938606,34,37,-3,False,True,7.0,10.0,2022
2022_18_DAL_WAS,Q1,home,WAS,DAL,-7.5,7.0,0.0,7.0,0.8486710786819458,-560.8122170502088,0.577606201171875,-136.74589986272667,26,6,20,True,True,27.5,7.5,2022
2022_18_HOU_IND,Q1,away,HOU,IND,3.0,10.0,7.0,3.0,0.5407004356384277,-117.72282788685047,0.5475031137466431,-120.99599585754747,32,31,1,True,True,4.0,3.0,2022
2022_18_TEN_JAX,Q1,away,TEN,JAX,6.0,3.0,0.0,3.0,0.4647561311721802,115.166607372744,0.3636990785598755,174.95258001743076,16,20,-4,False,True,2.0,6.0,2022
2022_01_CLE_CAR,H1,away,CLE,CAR,2.5,17.0,7.0,10.0,0.8049947023391724,-412.8065811521173,0.7740278840065002,-342.53247601078607,26,24,2,True,True,4.5,2.5,2022
2022_01_DEN_SEA,H1,home,SEA,DEN,-6.0,17.0,13.0,4.0,0.6569479703903198,-191.50097177322812,0.4402005076408386,127.1692064507804,17,16,1,True,True,7.0,6.0,2022
2022_01_IND_HOU,H1,home,HOU,IND,-7.0,10.0,3.0,7.0,0.7868565320968628,-369.1675564059269,0.606988251209259,-154.44531952973492,20,20,0,False,True,7.0,7.0,2022
2022_01_NO_ATL,H1,home,ATL,NO,-6.0,16.0,7.0,9.0,0.8103330731391907,-427.2400499924106,0.6411885023117065,-178.69786961752254,26,27,-1,False,True,5.0,6.0,2022
2022_01_PIT_CIN,H1,away,PIT,CIN,7.5,17.0,6.0,11.0,0.7993437051773071,-398.3646293696572,0.6488890647888184,-184.81026926675838,23,20,3,True,True,10.5,7.5,2022
2022_02_CIN_DAL,H1,home,DAL,CIN,-7.5,17.0,3.0,14.0,0.8932299613952637,-836.5923372023956,0.7181644439697266,-254.81683506696535,20,17,3,True,True,10.5,7.5,2022
2022_02_IND_JAX,H1,home,JAX,IND,-3.0,17.0,0.0,17.0,0.941237211227417,-1601.7572189605994,0.8717398643493652,-679.6654782308044,24,0,24,True,True,27.0,3.0,2022
2022_02_LAC_KC,H1,away,LAC,KC,4.0,10.0,7.0,3.0,0.5896167755126953,-143.67467779642033,0.5380533337593079,-116.47520657264819,24,27,-3,False,True,1.0,4.0,2022
2022_02_TB_NO,H1,home,NO,TB,-2.5,3.0,0.0,3.0,0.6166578531265259,-160.86356748298275,0.5471675992012024,-120.83225454627302,10,20,-10,False,False,-7.5,2.5,2022
2022_02_WAS_DET,H1,home,DET,WAS,-1.0,22.0,0.0,22.0,0.968712329864502,-3096.1472224338945,0.9546487927436829,-2105.0129654722837,36,27,9,True,True,10.0,1.0,2022
2022_03_DAL_NYG,H1,away,DAL,NYG,1.0,6.0,3.0,3.0,0.5506046414375305,-122.52121232377885,0.5761050581932068,-135.9075094733707,23,16,7,True,True,8.0,1.0,2022
2022_03_GB_TB,H1,away,GB,TB,1.0,14.0,3.0,11.0,0.8531333804130554,-580.889914136005,0.84177166223526,-531.9980441726176,14,12,2,True,True,3.0,1.0,2022
2022_03_HOU_CHI,H1,away,HOU,CHI,3.0,14.0,13.0,1.0,0.5368156433105469,-115.89675591536884,0.5309191346168518,-113.18285903288631,20,23,-3,False,False,0.0,3.0,2022
2022_03_JAX_LAC,H1,away,JAX,LAC,6.5,16.0,7.0,9.0,0.7687192559242249,-332.3749493266795,0.6580172479152679,-192.41240790770436,38,10,28,True,True,34.5,6.5,2022
2022_03_LV_TEN,H1,home,TEN,LV,-1.5,24.0,10.0,14.0,0.8932299613952637,-836.5923372023956,0.8256085515022278,-473.42261252722756,24,22,2,True,True,3.5,1.5,2022
2022_03_NO_CAR,H1,home,CAR,NO,-2.0,13.0,0.0,13.0,0.8810426592826843,-740.6374873294708,0.8100035786628723,-426.32570285395553,22,14,8,True,True,10.0,2.0,2022
2022_03_PIT_CLE,H1,away,PIT,CLE,4.5,14.0,13.0,1.0,0.5368156433105469,-115.89675591536884,0.4790804386138916,108.73321459195216,17,29,-12,False,False,-7.5,4.5,2022
2022_04_BUF_BAL,H1,home,BAL,BUF,-3.0,20.0,10.0,10.0,0.8532896637916565,-581.6152330125526,0.7467864751815796,-294.9236126771272,20,23,-3,False,False,0.0,3.0,2022
2022_04_KC_TB,H1,away,KC,TB,1.0,28.0,17.0,11.0,0.8531333804130554,-580.889914136005,0.84177166223526,-531.9980441726176,41,31,10,True,True,11.0,1.0,2022
2022_04_NE_GB,H1,away,NE,GB,10.0,10.0,7.0,3.0,0.5506046414375305,-122.52121232377885,0.3451525568962097,189.72695697013435,24,27,-3,False,True,7.0,10.0,2022
2022_04_NYJ_PIT,H1,away,NYJ,PIT,3.0,10.0,6.0,4.0,0.6154525876045227,-160.0459573425961,0.6060760617256165,-153.85611353820812,24,20,4,True,True,7.0,3.0,2022
2022_04_SEA_DET,H1,away,SEA,DET,3.0,24.0,15.0,9.0,0.7687192559242249,-332.3749493266795,0.7330094575881958,-274.5451022222381,48,45,3,True,True,6.0,3.0,2022
2022_04_TEN_IND,H1,away,TEN,IND,4.5,24.0,10.0,14.0,0.8951838612556458,-854.0515534911968,0.8230962753295898,-465.2792228445743,24,17,7,True,True,11.5,4.5,2022
2022_05_DAL_LA,H1,away,DAL,LA,5.5,16.0,10.0,6.0,0.7424898743629456,-288.3342441490794,0.6459400653839111,-182.4380570154912,22,10,12,True,True,17.5,5.5,2022
2022_05_LAC_CLE,H1,home,CLE,LAC,-1.0,21.0,17.0,4.0,0.6569479703903198,-191.50097177322812,0.5600970983505249,-127.32289244975777,28,30,-2,False,False,-1.0,1.0,2022
2022_05_LV_KC,H1,away,LV,KC,7.5,20.0,10.0,10.0,0.773473858833313,-341.450154427943,0.6332773268222809,-172.68562135381947,29,30,-1,False,True,6.5,7.5,2022
2022_05_MIA_NYJ,H1,home,NYJ,MIA,-3.0,19.0,14.0,5.0,0.6956327557563782,-228.55046622545865,0.5421379804611206,-118.40641008116745,40,17,23,True,True,26.0,3.0,2022
2022_05_SEA_NO,H1,away,SEA,NO,5.5,19.0,17.0,2.0,0.5843797922134399,-140.60427795983048,0.5011247992515564,-100.45093412134695,32,39,-7,False,False,-1.5,5.5,2022
2022_06_ARI_SEA,H1,home,SEA,ARI,-2.5,9.0,3.0,6.0,0.7503747344017029,-300.6004751174601,0.6794758439064026,-211.9889658824923,19,9,10,True,True,12.5,2.5,2022
2022_06_CAR_LA,H1,away,CAR,LA,10.0,10.0,7.0,3.0,0.5506046414375305,-122.52121232377885,0.3451525568962097,189.72695697013435,10,24,-14,False,False,-4.0,10.0,2022
2022_06_CIN_NO,H1,home,NO,CIN,-3.0,20.0,14.0,6.0,0.7503747344017029,-300.6004751174601,0.6701682806015015,-203.18490951193587,26,30,-4,False,False,-1.0,3.0,2022
2022_06_DEN_LAC,H1,away,DEN,LAC,3.5,13.0,10.0,3.0,0.5896167755126953,-143.67467779642033,0.5555530786514282,-124.99874607427371,16,19,-3,False,True,0.5,3.5,2022
2022_06_JAX_IND,H1,away,JAX,IND,1.0,14.0,13.0,1.0,0.5368156433105469,-115.89675591536884,0.5636016726493835,-129.14844932404333,27,34,-7,False,False,-6.0,1.0,2022
2022_06_NE_CLE,H1,away,NE,CLE,2.5,10.0,6.0,4.0,0.6154525876045227,-160.0459573425961,0.6181409358978271,-161.87672207053677,38,15,23,True,True,25.5,2.5,2022
2022_06_SF_ATL,H1,home,ATL,SF,-3.5,21.0,14.0,7.0,0.748828649520874,-298.13457947828596,0.6241867542266846,-166.08960999825538,28,14,14,True,True,17.5,3.5,2022
2022_06_TB_PIT,H1,home,PIT,TB,-10.0,10.0,9.0,1.0,0.6210339069366455,-163.87585018927348,0.39276906847953796,154.60253371558377,20,18,2,True,True,12.0,10.0,2022
2022_07_CHI_NE,H1,away,CHI,NE,9.5,20.0,14.0,6.0,0.7424898743629456,-288.3342441490794,0.5769312381744385,-136.3681959606172,33,14,19,True,True,28.5,9.5,2022
2022_07_DET_DAL,H1,away,DET,DAL,7.0,6.0,3.0,3.0,0.5896167755126953,-143.67467779642033,0.47695183753967285,109.66477562146304,6,24,-18,False,False,-11.0,7.0,2022
2022_07_NYG_JAX,H1,away,NYG,JAX,3.0,13.0,11.0,2.0,0.5087411403656006,-103.5586698109041,0.5011539459228516,-100.46264610631684,23,17,6,True,True,9.0,3.0,2022
2022_07_SEA_LAC,H1,away,SEA,LAC,5.5,24.0,14.0,10.0,0.773473858833313,-341.450154427943,0.6934081614017487,-226.16654264902652,37,23,14,True,True,19.5,5.5,2022
2022_07_TB_CAR,H1,home,CAR,TB,-13.0,7.0,0.0,7.0,0.7868565320968628,-369.1675564059269,0.5136205554008484,-105.60079401055846,21,3,18,True,True,31.0,13.0,2022
2022_08_CIN_CLE,H1,home,CLE,CIN,-3.0,11.0,0.0,11.0,0.8782480359077454,-721.3419861073238,0.7914495468139648,-379.50027665869464,32,13,19,True,True,22.0,3.0,2022
2022_08_LV_NO,H1,home,NO,LV,-1.0,17.0,0.0,17.0,0.941237211227417,-1601.7572189605994,0.8915101885795593,-821.7455417307408,24,0,24,True,True,25.0,1.0,2022
2022_08_MIA_DET,H1,home,DET,MIA,-3.5,27.0,17.0,10.0,0.817753255367279,-448.706646044781,0.7242529392242432,-262.651190981586,27,31,-4,False,False,-0.5,3.5,2022
2022_08_NE_NYJ,H1,home,NYJ,NE,-3.0,10.0,6.0,4.0,0.6569479703903198,-191.50097177322812,0.5285124778747559,-112.09469033082149,17,22,-5,False,False,-2.0,3.0,2022
2022_08_SF_LA,H1,home,LA,SF,-1.0,14.0,10.0,4.0,0.6569479703903198,-191.50097177322812,0.5600970983505249,-127.32289244975777,14,31,-17,False,False,-16.0,1.0,2022
2022_08_WAS_IND,H1,away,WAS,IND,3.0,7.0,3.0,4.0,0.6154525876045227,-160.0459573425961,0.6060760617256165,-153.85611353820812,17,16,1,True,True,4.0,3.0,2022
2022_09_GB_DET,H1,home,DET,GB,-4.0,8.0,0.0,8.0,0.7897358536720276,-375.59225738856526,0.6431947946548462,-180.26496951821505,15,9,6,True,True,10.0,4.0,2022
2022_09_LA_TB,H1,away,LA,TB,3.0,7.0,6.0,1.0,0.46048271656036377,117.16341657068729,0.4680348038673401,113.65932442140355,13,16,-3,False,False,0.0,3.0,2022
2022_09_SEA_ARI,H1,away,SEA,ARI,1.5,10.0,7.0,3.0,0.5506046414375305,-122.52121232377885,0.563247561454773,-128.96265979209798,31,21,10,True,True,11.5,1.5,2022
2022_09_TEN_KC,H1,away,TEN,KC,14.0,14.0,9.0,5.0,0.7004455924034119,-233.82917247764436,0.4422398805618286,126.12162402214473,17,20,-3,False,True,11.0,14.0,2022
2022_10_ARI_LA,H1,away,ARI,LA,3.5,17.0,3.0,14.0,0.8951838612556458,-854.0515534911968,0.8503687381744385,-568.3095416022014,27,17,10,True,True,13.5,3.5,2022
2022_10_ATL_CAR,H1,home,CAR,ATL,-2.5,13.0,3.0,10.0,0.8532896637916565,-581.6152330125526,0.7577551007270813,-312.80538950517877,25,15,10,True,True,12.5,2.5,2022
2022_10_DEN_TEN,H1,away,DEN,TEN,2.5,10.0,7.0,3.0,0.5896167755126953,-143.67467779642033,0.5985202789306641,-149.07858293228688,10,17,-7,False,False,-4.5,2.5,2022
2022_10_IND_LV,H1,away,IND,LV,4.5,13.0,7.0,6.0,0.7424898743629456,-288.3342441490794,0.6631155610084534,-196.8376939562628,25,20,5,True,True,9.5,4.5,2022
2022_10_LAC_SF,H1,away,LAC,SF,8.5,16.0,10.0,6.0,0.6658905744552612,-199.30313949376907,0.46933555603027344,113.06717276189005,16,22,-6,False,True,2.5,8.5,2022
2022_10_WAS_PHI,H1,away,WAS,PHI,11.0,20.0,14.0,6.0,0.6658905744552612,-199.30313949376907,0.4314890503883362,131.7555912716694,32,21,11,True,True,22.0,11.0,2022
2022_11_CIN_PIT,H1,home,PIT,CIN,-3.5,20.0,17.0,3.0,0.6789292693138123,-211.45785162752594,0.5283975601196289,-112.04300814339823,30,37,-7,False,False,-3.5,3.5,2022
2022_11_DET_NYG,H1,away,DET,NYG,3.0,17.0,6.0,11.0,0.8531333804130554,-580.889914136005,0.804050624370575,-410.3358950687227,31,18,13,True,True,16.0,3.0,2022
2022_11_KC_LAC,H1,home,LAC,KC,-5.5,20.0,13.0,7.0,0.7868565320968628,-369.1675564059269,0.6252846717834473,-166.86925372374608,27,30,-3,False,True,2.5,5.5,2022
2022_11_LA_NO,H1,away,LA,NO,2.5,14.0,10.0,4.0,0.6024054288864136,-151.51248851290677,0.5840194225311279,-140.39583917228208,20,27,-7,False,False,-4.5,2.5,2022
2022_11_PHI_IND,H1,home,IND,PHI,-6.5,10.0,3.0,7.0,0.748828649520874,-298.13457947828596,0.5529505014419556,-123.68887633818944,16,17,-1,False,True,5.5,6.5,2022
2022_11_TEN_GB,H1,away,TEN,GB,3.0,14.0,6.0,8.0,0.7524437308311462,-303.9485662622899,0.6945571005344391,-227.3934348284797,27,17,10,True,True,13.0,3.0,2022
2022_12_BAL_JAX,H1,home,JAX,BAL,-3.5,10.0,9.0,1.0,0.6210339069366455,-163.87585018927348,0.4807509481906891,108.00791007558276,28,27,1,True,True,4.5,3.5,2022
2022_12_DEN_CAR,H1,home,CAR,DEN,-1.0,10.0,3.0,7.0,0.748828649520874,-298.13457947828596,0.6566942930221558,-191.28557424899918,23,10,13,True,True,14.0,1.0,2022
2022_12_LAC_ARI,H1,home,ARI,LAC,-2.5,17.0,14.0,3.0,0.6789292693138123,-211.45785162752594,0.5696333646774292,-132.36002002117903,24,25,-1,False,True,1.5,2.5,2022
2022_12_LV_SEA,H1,away,LV,SEA,4.0,24.0,20.0,4.0,0.6024054288864136,-151.51248851290677,0.530104249715805,-112.81316108843201,40,34,6,True,True,10.0,4.0,2022
2022_12_NYG_DAL,H1,away,NYG,DAL,10.5,13.0,7.0,6.0,0.6658905744552612,-199.30313949376907,0.4310324788093567,132.0010786106665,20,28,-8,False,True,2.5,10.5,2022
2022_12_PIT_IND,H1,away,PIT,IND,2.5,16.0,3.0,13.0,0.8463419079780579,-550.7955336691292,0.827081710100174,-478.3078242210895,24,17,7,True,True,9.5,2.5,2022
2022_13_DEN_BAL,H1,away,DEN,BAL,9.5,6.0,3.0,3.0,0.5135803818702698,-105.58381338420763,0.3112199902534485,221.31612085252917,9,10,-1,False,True,8.5,9.5,2022
2022_13_GB_CHI,H1,home,CHI,GB,-4.0,16.0,10.0,6.0,0.7156428694725037,-251.67044981251263,0.5850843787193298,-141.01285869001995,19,28,-9,False,False,-5.0,4.0,2022
2022_13_KC_CIN,H1,home,CIN,KC,-2.5,14.0,10.0,4.0,0.6569479703903198,-191.50097177322812,0.540916383266449,-117.82524218902657,27,24,3,True,True,5.5,2.5,2022
2022_13_LAC_LV,H1,away,LAC,LV,2.5,13.0,10.0,3.0,0.5896167755126953,-143.67467779642033,0.5985202789306641,-149.07858293228688,20,27,-7,False,False,-4.5,2.5,2022
2022_13_NO_TB,H1,away,NO,TB,3.5,10.0,3.0,7.0,0.7313575148582458,-272.2419406120114,0.6977853178977966,-230.89060830665358,16,17,-1,False,True,2.5,3.5,2022
2022_14_BAL_PIT,H1,away,BAL,PIT,1.5,13.0,7.0,6.0,0.6658905744552612,-199.30313949376907,0.6674775779247284,-200.73159992009036,16,14,2,True,True,3.5,1.5,2022
2022_14_CAR_SEA,H1,away,CAR,SEA,3.5,20.0,14.0,6.0,0.6658905744552612,-199.30313949376907,0.6345179677009583,-173.6112617382482,30,24,6,True,True,9.5,3.5,2022
2022_14_HOU_DAL,H1,away,HOU,DAL,17.0,20.0,17.0,3.0,0.5896167755126953,-143.67467779642033,0.32791662216186523,204.95556870745727,23,27,-4,False,True,13.0,17.0,2022
2022_14_JAX_TEN,H1,away,JAX,TEN,3.0,20.0,14.0,6.0,0.7424898743629456,-288.3342441490794,0.704981803894043,-238.9621430811155,36,22,14,True,True,17.0,3.0,2022
2022_14_MIA_LAC,H1,home,LAC,MIA,-3.0,17.0,7.0,10.0,0.8532896637916565,-581.6152330125526,0.7467864751815796,-294.9236126771272,23,17,6,True,True,9.0,3.0,2022
2022_14_NE_ARI,H1,home,ARI,NE,-2.0,13.0,10.0,3.0,0.6287232637405396,-169.34087227624383,0.5164353847503662,-106.79759611520858,13,27,-14,False,False,-12.0,2.0,2022
2022_15_ARI_DEN,H1,away,ARI,DEN,1.5,6.0,3.0,3.0,0.5896167755126953,-143.67467779642033,0.6022634506225586,-151.42270720788764,15,24,-9,False,False,-7.5,1.5,2022
2022_15_CIN_TB,H1,home,TB,CIN,-3.5,17.0,3.0,14.0,0.9166976809501648,-1100.4467719581191,0.8393943905830383,-522.6432586198258,23,34,-11,False,False,-7.5,3.5,2022
2022_15_IND_MIN,H1,away,IND,MIN,3.5,33.0,0.0,33.0,0.9934967160224915,-15276.846581795851,0.9942663512192667,-17340.90086857566,36,39,-3,False,True,0.5,3.5,2022
2022_15_KC_HOU,H1,home,HOU,KC,-14.5,14.0,13.0,1.0,0.5511130094528198,-122.77321933100113,0.24468302726745605,308.69201724683927,24,30,-6,False,True,8.5,14.5,2022
2022_15_NYG_WAS,H1,away,NYG,WAS,4.5,14.0,3.0,11.0,0.8531333804130554,-580.889914136005,0.753513753414154,-305.70214924820203,20,12,8,True,True,12.5,4.5,2022
2022_15_PIT_CAR,H1,away,PIT,CAR,2.5,14.0,7.0,7.0,0.7313575148582458,-272.2419406120114,0.7204875946044922,-257.7658739636289,24,16,8,True,True,10.5,2.5,2022
2022_16_BUF_CHI,H1,home,CHI,BUF,-8.0,10.0,6.0,4.0,0.6569479703903198,-191.50097177322812,0.3711714744567871,169.4172555861167,13,35,-22,False,False,-14.0,8.0,2022
2022_16_DEN_LA,H1,home,LA,DEN,-3.0,31.0,6.0,25.0,0.9781139492988586,-4469.120366461776,0.9573332071304321,-2243.7430674880907,51,14,37,True,True,40.0,3.0,2022
2022_16_DET_CAR,H1,home,CAR,DET,-2.5,24.0,7.0,17.0,0.91569584608078,-1086.181170809445,0.8595497608184814,-611.9959395067995,37,23,14,True,True,16.5,2.5,2022
2022_16_HOU_TEN,H1,away,HOU,TEN,3.0,10.0,7.0,3.0,0.5896167755126953,-143.67467779642033,0.5899180173873901,-143.85367863007653,19,14,5,True,True,8.0,3.0,2022
2022_16_JAX_NYJ,H1,away,JAX,NYJ,2.5,13.0,3.0,10.0,0.773473858833313,-341.450154427943,0.7609290331602097,-318.2858392295432,19,3,16,True,True,18.5,2.5,2022
2022_16_LV_PIT,H1,away,LV,PIT,2.5,10.0,3.0,7.0,0.7069733738899231,-241.2659160960837,0.6749164462089539,-207.61322384299075,10,13,-3,False,False,-0.5,2.5,2022
2022_16_PHI_DAL,H1,away,PHI,DAL,4.0,20.0,17.0,3.0,0.5506046414375305,-122.52121232377885,0.5059692859649658,-102.41656471769183,34,40,-6,False,False,-2.0,4.0,2022
2022_17_CAR_TB,H1,away,CAR,TB,3.5,14.0,10.0,4.0,0.6024054288864136,-151.51248851290677,0.553270012140274,-123.84886333487016,24,30,-6,False,False,-2.5,3.5,2022
2022_17_NO_PHI,H1,away,NO,PHI,5.5,13.0,0.0,13.0,0.8463419079780579,-550.7955336691292,0.7661684453487396,-327.65827798194897,20,10,10,True,True,15.5,5.5,2022
2022_17_NYJ_SEA,H1,home,SEA,NYJ,-1.0,17.0,6.0,11.0,0.8392153382301331,-521.9498731982982,0.7703509330749512,-335.44701199520773,23,6,17,True,True,18.0,1.0,2022
2022_17_SF_LV,H1,home,LV,SF,-10.0,17.0,14.0,3.0,0.6287232637405396,-169.34087227624383,0.33448338508605957,198.96851221554965,34,37,-3,False,True,7.0,10.0,2022
2022_18_DAL_WAS,H1,home,WAS,DAL,-7.5,13.0,6.0,7.0,0.7868565320968628,-369.1675564059269,0.606988251209259,-154.44531952973492,26,6,20,True,True,27.5,7.5,2022
2022_18_HOU_IND,H1,away,HOU,IND,3.0,17.0,7.0,10.0,0.773473858833313,-341.450154427943,0.7538536638021469,-306.26239473911863,32,31,1,True,True,4.0,3.0,2022
2022_18_LA_SEA,H1,away,LA,SEA,5.5,13.0,6.0,7.0,0.7313575148582458,-272.2419406120114,0.6504951119422913,-186.11903128372967,16,19,-3,False,True,2.5,5.5,2022
2022_18_TB_ATL,H1,away,TB,ATL,6.0,17.0,10.0,7.0,0.7069733738899231,-241.2659160960837,0.5749874114990234,-135.28714844118136,17,30,-13,False,False,-7.0,6.0,2022
2022_18_TEN_JAX,H1,away,TEN,JAX,6.0,13.0,7.0,6.0,0.6658905744552612,-199.30313949376907,0.5520303547382355,-123.22941087128004,16,20,-4,False,True,2.0,6.0,2022
2022_01_CLE_CAR,Q3,away,CLE,CAR,2.5,20.0,7.0,13.0,0.9018780589103699,-919.1400505280908,0.8784112930297852,-722.4448017569316,26,24,2,True,True,4.5,2.5,2022
2022_01_DEN_SEA,Q3,home,SEA,DEN,-6.0,17.0,13.0,4.0,0.7531882524490356,-305.1670999953149,0.5965876579284668,-147.8853261813888,17,16,1,True,True,7.0,6.0,2022
2022_01_IND_HOU,Q3,home,HOU,IND,-7.0,20.0,3.0,17.0,0.9867774844169617,-7462.857413326001,0.9641693830490112,-2690.9092421374125,20,20,0,False,True,7.0,7.0,2022
2022_01_NO_ATL,Q3,home,ATL,NO,-6.0,23.0,10.0,13.0,0.9655742645263672,-2804.803590226605,0.9142385125160217,-1066.0245517392843,26,27,-1,False,True,5.0,6.0,2022
2022_01_PIT_CIN,Q3,away,PIT,CIN,7.5,17.0,14.0,3.0,0.601273775100708,-150.79865269774376,0.5126298069953918,-105.18283931872396,23,20,3,True,True,10.5,7.5,2022
2022_02_CIN_DAL,Q3,home,DAL,CIN,-7.5,17.0,9.0,8.0,0.8502357602119446,-567.7161393235049,0.7457633018493652,-293.33424610773613,20,17,3,True,True,10.5,7.5,2022
2022_02_HOU_DEN,Q3,away,HOU,DEN,10.5,9.0,6.0,3.0,0.6582556962966919,-192.61643549388003,0.5019108057022095,-100.76725442916036,9,16,-7,False,True,3.5,10.5,2022
2022_02_IND_JAX,Q3,home,JAX,IND,-3.0,24.0,0.0,24.0,0.994882345199585,-19440.200326112277,0.9915523529052734,-11737.615714608264,24,0,24,True,True,27.0,3.0,2022
2022_02_LAC_KC,Q3,away,LAC,KC,4.0,17.0,14.0,3.0,0.4301699995994568,132.46623449592667,0.4041730761528015,147.41875671647668,24,27,-3,False,True,1.0,4.0,2022
2022_02_WAS_DET,Q3,home,DET,WAS,-1.0,29.0,15.0,14.0,0.9553186893463135,-2138.072217153041,0.9322232604026794,-1375.4324358788326,36,27,9,True,True,10.0,1.0,2022
2022_03_ATL_SEA,Q3,away,ATL,SEA,1.0,27.0,23.0,4.0,0.6581008434295654,-192.4839037425324,0.6450941562652588,-181.76487303697544,27,23,4,True,True,5.0,1.0,2022
2022_03_DET_MIN,Q3,away,DET,MIN,6.5,24.0,14.0,10.0,0.8602086901664734,-615.3520495593544,0.7754545211791992,-345.34408140902855,24,28,-4,False,True,2.5,6.5,2022
2022_03_GB_TB,Q3,away,GB,TB,1.0,14.0,6.0,8.0,0.8611776828765869,-620.3452735275984,0.8450122475624084,-545.2122727585632,14,12,2,True,True,3.0,1.0,2022
2022_03_JAX_LAC,Q3,away,JAX,LAC,6.5,31.0,10.0,21.0,0.9680334329605103,-3028.2683522589546,0.9615215584635735,-2498.8578540877907,38,10,28,True,True,34.5,6.5,2022
2022_03_LV_TEN,Q3,home,TEN,LV,-1.5,24.0,13.0,11.0,0.9385161995887756,-1526.4446786172346,0.9170960783958435,-1106.2155572986353,24,22,2,True,True,3.5,1.5,2022
2022_03_NO_CAR,Q3,home,CAR,NO,-2.0,13.0,0.0,13.0,0.9365001320838928,-1474.8064253002062,0.8955353498458862,-857.2616177096539,22,14,8,True,True,10.0,2.0,2022
2022_04_KC_TB,Q3,away,KC,TB,1.0,38.0,24.0,14.0,0.9632859230041504,-2623.7508929151245,0.9627455472946167,-2584.2428954955476,41,31,10,True,True,11.0,1.0,2022
2022_04_MIA_CIN,Q3,away,MIA,CIN,4.0,15.0,14.0,1.0,0.42338377237319946,136.19233075341666,0.42934340238571167,132.91379218670846,15,27,-12,False,False,-8.0,4.0,2022
2022_04_SEA_DET,Q3,away,SEA,DET,3.0,38.0,23.0,15.0,0.8655953407287598,-644.0218258966108,0.8516852259635925,-574.2416637162024,48,45,3,True,True,6.0,3.0,2022
2022_04_TEN_IND,Q3,away,TEN,IND,4.5,24.0,17.0,7.0,0.787166953086853,-369.8518460848237,0.7060594856739044,-240.20488883359812,24,17,7,True,True,11.5,4.5,2022
2022_05_DAL_LA,Q3,away,DAL,LA,5.5,19.0,10.0,9.0,0.8056320548057556,-414.48812663046664,0.7361638844013214,-279.0231666088888,22,10,12,True,True,17.5,5.5,2022
2022_05_LAC_CLE,Q3,home,CLE,LAC,-1.0,28.0,27.0,1.0,0.5866442918777466,-141.9223879942748,0.5131072402000427,-105.38403578045724,28,30,-2,False,False,-1.0,1.0,2022
2022_05_MIA_NYJ,Q3,home,NYJ,MIA,-3.0,19.0,17.0,2.0,0.607670783996582,-154.8879765281839,0.5034886002540588,-101.40524477619,40,17,23,True,True,26.0,3.0,2022
2022_06_ARI_SEA,Q3,home,SEA,ARI,-2.5,12.0,9.0,3.0,0.766189694404602,-327.6971442526881,0.6796778440475464,-212.1857109841734,19,9,10,True,True,12.5,2.5,2022
2022_06_CIN_NO,Q3,home,NO,CIN,-3.0,23.0,21.0,2.0,0.7600654363632202,-316.7803024468914,0.6613076329231262,-195.2531846615332,26,30,-4,False,False,-1.0,3.0,2022
2022_06_JAX_IND,Q3,away,JAX,IND,1.0,21.0,19.0,2.0,0.4487271308898926,122.85258259665544,0.4955027103424072,101.81524321208455,27,34,-7,False,False,-6.0,1.0,2022
2022_06_NE_CLE,Q3,away,NE,CLE,2.5,24.0,6.0,18.0,0.968473494052887,-3071.9341232343972,0.9647206030786037,-2734.5155735741046,38,15,23,True,True,25.5,2.5,2022
2022_06_NYJ_GB,Q3,away,NYJ,GB,7.5,17.0,10.0,7.0,0.8494107127189636,-564.057860990972,0.7905172109603882,-377.3661858258468,27,10,17,True,True,24.5,7.5,2022
2022_06_SF_ATL,Q3,home,ATL,SF,-3.5,28.0,14.0,14.0,0.9184310436248779,-1125.9565948118377,0.8590988516807556,-609.7174238312572,28,14,14,True,True,17.5,3.5,2022
2022_06_TB_PIT,Q3,home,PIT,TB,-10.0,13.0,12.0,1.0,0.5665982961654663,-130.7328261869928,0.4240254759788513,135.83488649863008,20,18,2,True,True,12.0,10.0,2022
2022_06_WAS_CHI,Q3,home,CHI,WAS,-1.0,7.0,3.0,4.0,0.509721577167511,-103.96573730956645,0.45204049348831177,121.21911961541043,7,12,-5,False,False,-4.0,1.0,2022
2022_07_CHI_NE,Q3,away,CHI,NE,9.5,26.0,14.0,12.0,0.943427562713623,-1667.6452491128698,0.9225807785987854,-1191.6688929453783,33,14,19,True,True,28.5,9.5,2022
2022_07_GB_WAS,Q3,home,WAS,GB,-4.0,20.0,14.0,6.0,0.7528306841850281,-304.58096374251744,0.6446253061294556,-181.3931372289213,23,21,2,True,True,6.0,4.0,2022
2022_07_HOU_LV,Q3,away,HOU,LV,7.0,20.0,17.0,3.0,0.5160576701164246,-106.63619159757637,0.45203250646591187,121.2230283654193,20,38,-18,False,False,-11.0,7.0,2022
2022_07_SEA_LAC,Q3,away,SEA,LAC,5.5,27.0,14.0,13.0,0.8965949416160583,-867.0706787737722,0.8498953431844711,-566.2018495728285,37,23,14,True,True,19.5,5.5,2022
2022_07_TB_CAR,Q3,home,CAR,TB,-13.0,14.0,0.0,14.0,0.8940721750259399,-844.0390192519135,0.7050024271011353,-238.98583984039564,21,3,18,True,True,31.0,13.0,2022
2022_08_BAL_TB,Q3,away,BAL,TB,2.0,17.0,10.0,7.0,0.7689522504806519,-332.8109674646535,0.7356506288051605,-278.2872626025454,27,22,5,True,True,7.0,2.0,2022
2022_08_CIN_CLE,Q3,home,CLE,CIN,-3.0,25.0,0.0,25.0,0.9955497980117798,-22370.890144919773,0.9902955889701843,-10204.592385128952,32,13,19,True,True,22.0,3.0,2022
2022_08_DEN_JAX,Q3,away,DEN,JAX,1.0,14.0,10.0,4.0,0.7069886922836304,-241.28375720161094,0.7039612829685211,-237.79365416371073,21,17,4,True,True,5.0,1.0,2022
2022_08_LV_NO,Q3,home,NO,LV,-1.0,24.0,0.0,24.0,0.9964605569839478,-28153.03290559429,0.9955833554267883,-22541.62269396348,24,0,24,True,True,25.0,1.0,2022
2022_08_WAS_IND,Q3,away,WAS,IND,3.0,7.0,6.0,1.0,0.33458834886550903,198.87472274235094,0.3397476077079773,194.33614168654526,17,16,1,True,True,4.0,3.0,2022
2022_09_BUF_NYJ,Q3,home,NYJ,BUF,-11.0,17.0,14.0,3.0,0.5931625366210938,-145.79840600093766,0.40163421630859375,148.98277073874968,20,17,3,True,True,14.0,11.0,2022
2022_09_GB_DET,Q3,home,DET,GB,-4.0,8.0,6.0,2.0,0.813917338848114,-437.3955820546716,0.7292147278785706,-269.2963033645218,15,9,6,True,True,10.0,4.0,2022
2022_09_LAC_ATL,Q3,home,ATL,LAC,-2.5,17.0,14.0,3.0,0.7413084506988525,-286.5607526420904,0.6456373333930969,-182.19677021149263,17,20,-3,False,False,-0.5,2.5,2022
2022_09_LA_TB,Q3,away,LA,TB,3.0,13.0,6.0,7.0,0.761019766330719,-318.44464901807567,0.7088554799556732,-243.47203232530356,13,16,-3,False,False,0.0,3.0,2022
2022_09_MIN_WAS,Q3,home,WAS,MIN,-3.0,10.0,7.0,3.0,0.8102412223815918,-426.98484494400094,0.7408573627471924,-285.88786878187324,17,20,-3,False,False,0.0,3.0,2022
2022_09_SEA_ARI,Q3,away,SEA,ARI,1.5,17.0,14.0,3.0,0.6039668917655945,-152.5041414992295,0.6021577417850494,-151.35590283617108,31,21,10,True,True,11.5,1.5,2022
2022_09_TEN_KC,Q3,away,TEN,KC,14.0,17.0,9.0,8.0,0.8215638995170593,-460.42471074714206,0.6323021054267883,-171.962394878737,17,20,-3,False,True,11.0,14.0,2022
2022_10_ARI_LA,Q3,away,ARI,LA,3.5,17.0,10.0,7.0,0.7431592345237732,-289.34629327467877,0.7251421213150024,-263.8243898207683,27,17,10,True,True,13.5,3.5,2022
2022_10_ATL_CAR,Q3,home,CAR,ATL,-2.5,19.0,9.0,10.0,0.871096134185791,-675.7719240486663,0.8155368566513062,-442.1137154264377,25,15,10,True,True,12.5,2.5,2022
2022_10_IND_LV,Q3,away,IND,LV,4.5,19.0,14.0,5.0,0.6896220445632935,-222.1878301869038,0.6013555824756622,-150.85012006695132,25,20,5,True,True,9.5,4.5,2022
2022_10_LAC_SF,Q3,away,LAC,SF,8.5,16.0,13.0,3.0,0.5794114470481873,-137.76205818767755,0.5056641101837158,-102.29160386708756,16,22,-6,False,True,2.5,8.5,2022
2022_10_WAS_PHI,Q3,away,WAS,PHI,11.0,23.0,14.0,9.0,0.6870205402374268,-219.50978532540177,0.5195673406124115,-108.1457162539092,32,21,11,True,True,22.0,11.0,2022
2022_11_DET_NYG,Q3,away,DET,NYG,3.0,24.0,6.0,18.0,0.9678559303283691,-3010.9937547284567,0.9659264124929905,-2834.8245170670193,31,18,13,True,True,16.0,3.0,2022
2022_11_KC_LAC,Q3,home,LAC,KC,-5.5,20.0,16.0,4.0,0.6202235221862793,-163.3127796004515,0.4832267165184021,106.94220038264757,27,30,-3,False,True,2.5,5.5,2022
2022_11_PHI_IND,Q3,home,IND,PHI,-6.5,13.0,3.0,10.0,0.8407649397850037,-528.0024001308618,0.7191380262374878,-256.04677507734374,16,17,-1,False,True,5.5,6.5,2022
2022_11_TEN_GB,Q3,away,TEN,GB,3.0,20.0,17.0,3.0,0.7612466216087341,-318.84224078337996,0.7593668103218079,-315.57027163931036,27,17,10,True,True,13.0,3.0,2022
2022_12_DEN_CAR,Q3,home,CAR,DEN,-1.0,17.0,3.0,14.0,0.9674198627471924,-2969.3547796942576,0.9523199200630188,-1997.3119200339027,23,10,13,True,True,14.0,1.0,2022
2022_12_NE_MIN,Q3,away,NE,MIN,2.5,26.0,23.0,3.0,0.39865249395370483,150.84503801351588,0.38978874683380127,156.5492226553122,26,33,-7,False,False,-4.5,2.5,2022
2022_13_DEN_BAL,Q3,away,DEN,BAL,9.5,9.0,3.0,6.0,0.7257730960845947,-264.66152143426615,0.5935418009757996,-146.0277594106203,9,10,-1,False,True,8.5,9.5,2022
2022_13_GB_CHI,Q3,home,CHI,GB,-4.0,19.0,10.0,9.0,0.831706702709198,-494.2007293802393,0.7597596049308777,-316.24973173736186,19,28,-9,False,False,-5.0,4.0,2022
2022_13_NO_TB,Q3,away,NO,TB,3.5,13.0,3.0,10.0,0.8642383217811584,-636.584883981801,0.8138272613286972,-437.13556943777337,16,17,-1,False,True,2.5,3.5,2022
2022_13_WAS_NYG,Q3,home,NYG,WAS,-2.5,20.0,13.0,7.0,0.7898675799369812,-375.89039316260653,0.6899515390396118,-222.53022540491182,20,20,0,False,True,2.5,2.5,2022
2022_14_BAL_PIT,Q3,away,BAL,PIT,1.5,13.0,7.0,6.0,0.692958414554596,-225.68878204213576,0.6789244413375854,-211.45316827165303,16,14,2,True,True,3.5,1.5,2022
2022_14_CAR_SEA,Q3,away,CAR,SEA,3.5,20.0,17.0,3.0,0.6032134294509888,-152.024658651213,0.5780264437198639,-136.98167459008468,30,24,6,True,True,9.5,3.5,2022
2022_14_HOU_DAL,Q3,away,HOU,DAL,17.0,23.0,17.0,6.0,0.6951241493225098,-228.00236482417876,0.44908809661865234,122.67345928991746,23,27,-4,False,True,13.0,17.0,2022
2022_14_JAX_TEN,Q3,away,JAX,TEN,3.0,33.0,14.0,19.0,0.9809154272079468,-5139.834346286221,0.978613018989563,-4575.74174920711,36,22,14,True,True,17.0,3.0,2022
2022_14_MIA_LAC,Q3,home,LAC,MIA,-3.0,20.0,14.0,6.0,0.7415352463722229,-286.89994901205375,0.6874075531959534,-219.9053624692555,23,17,6,True,True,9.0,3.0,2022
2022_15_DET_NYJ,Q3,away,DET,NYJ,2.0,13.0,10.0,3.0,0.5318845510482788,-113.62251603517029,0.5457606315612793,-120.1482455026144,20,17,3,True,True,5.0,2.0,2022
2022_15_IND_MIN,Q3,away,IND,MIN,3.5,36.0,14.0,22.0,0.9955392479896545,-22317.74475874878,0.9947056914679706,-18788.207854722146,36,39,-3,False,True,0.5,3.5,2022
2022_15_KC_HOU,Q3,home,HOU,KC,-14.5,21.0,16.0,5.0,0.6969817876815796,-230.0131673106073,0.4126166105270386,142.35573035285512,24,30,-6,False,True,8.5,14.5,2022
2022_15_MIA_BUF,Q3,away,MIA,BUF,7.0,26.0,21.0,5.0,0.7095863223075867,-244.33639901049457,0.621865451335907,-164.45613169515664,29,32,-3,False,True,4.0,7.0,2022
2022_15_NYG_WAS,Q3,away,NYG,WAS,4.5,17.0,9.0,8.0,0.79936283826828,-398.4121542434598,0.7193344533443451,-256.2959586296809,20,12,8,True,True,12.5,4.5,2022
2022_15_PIT_CAR,Q3,away,PIT,CAR,2.5,21.0,7.0,14.0,0.889013409614563,-801.0097494906141,0.878246396780014,-721.3309286569427,24,16,8,True,True,10.5,2.5,2022
2022_16_DEN_LA,Q3,home,LA,DEN,-3.0,34.0,6.0,28.0,0.9996248483657837,-266458.8814744201,0.9997642636299133,-424102.6801517067,51,14,37,True,True,40.0,3.0,2022
2022_16_DET_CAR,Q3,home,CAR,DET,-2.5,31.0,13.0,18.0,0.9847024083137512,-6436.9766726020935,0.9762173295021057,-4104.742272691958,37,23,14,True,True,16.5,2.5,2022
2022_16_JAX_NYJ,Q3,away,JAX,NYJ,2.5,16.0,3.0,13.0,0.9176115393638611,-1113.762209269097,0.8922450393438339,-828.0315206934066,19,3,16,True,True,18.5,2.5,2022
2022_16_LV_PIT,Q3,away,LV,PIT,2.5,10.0,3.0,7.0,0.692486047744751,-225.1884971937662,0.6832291483879089,-215.68561151092675,10,13,-3,False,False,-0.5,2.5,2022
2022_16_NO_CLE,Q3,away,NO,CLE,3.0,17.0,10.0,7.0,0.7539927363395691,-306.49206251906503,0.7078235149383545,-242.25889184374736,17,10,7,True,True,10.0,3.0,2022
2022_16_NYG_MIN,Q3,away,NYG,MIN,4.5,13.0,10.0,3.0,0.40938282012939453,144.270142963969,0.3761501908302307,165.85125420056846,24,27,-3,False,True,1.5,4.5,2022
2022_17_ARI_ATL,Q3,away,ARI,ATL,7.0,16.0,14.0,2.0,0.6779648065567017,-210.52506693684487,0.5934919714927673,-145.99760149194884,19,20,-1,False,True,6.0,7.0,2022
2022_17_CAR_TB,Q3,away,CAR,TB,3.5,14.0,10.0,4.0,0.7842031121253967,-363.39871248796084,0.7474963665008545,-296.0339049946321,24,30,-6,False,False,-2.5,3.5,2022
2022_17_CLE_WAS,Q3,away,CLE,WAS,1.0,17.0,7.0,10.0,0.8293628096580505,-486.0387164111433,0.8225641399621964,-463.5839338152641,24,10,14,True,True,15.0,1.0,2022
2022_17_DEN_KC,Q3,away,DEN,KC,13.5,17.0,13.0,4.0,0.451518714427948,121.4747624064599,0.30580276250839233,227.00816428123548,24,27,-3,False,True,10.5,13.5,2022
2022_17_NO_PHI,Q3,away,NO,PHI,5.5,13.0,10.0,3.0,0.6925254464149475,-225.2301656642242,0.6095018982887268,-156.08319108792514,20,10,10,True,True,15.5,5.5,2022
2022_17_NYJ_SEA,Q3,home,SEA,NYJ,-1.0,20.0,6.0,14.0,0.9713038206100464,-3384.784460018029,0.9530805349349976,-2031.3115966147427,23,6,17,True,True,18.0,1.0,2022
2022_17_SF_LV,Q3,home,LV,SF,-10.0,24.0,21.0,3.0,0.7640917897224426,-323.893682557064,0.5496075749397278,-122.0286009175617,34,37,-3,False,True,7.0,10.0,2022
2022_18_DAL_WAS,Q3,home,WAS,DAL,-7.5,20.0,6.0,14.0,0.973045289516449,-3609.926695781967,0.944719672203064,-1708.9617769151976,26,6,20,True,True,27.5,7.5,2022
2022_18_HOU_IND,Q3,away,HOU,IND,3.0,24.0,21.0,3.0,0.5654676556587219,-130.13246609200817,0.5268667042255402,-111.35692814920698,32,31,1,True,True,4.0,3.0,2022
2022_18_LA_SEA,Q3,away,LA,SEA,5.5,16.0,13.0,3.0,0.6353613138198853,-174.24407719208543,0.5646776556968689,-129.71483386657104,16,19,-3,False,True,2.5,5.5,2022
2022_18_TEN_JAX,Q3,away,TEN,JAX,6.0,16.0,10.0,6.0,0.6100597381591797,-156.4495380085208,0.5470041334629059,-120.75256616455545,16,20,-4,False,True,2.0,6.0,2022
2023_01_DET_KC,Q1,away,DET,KC,4.0,7.0,0.0,7.0,0.5766454339027405,-136.20862512919362,0.48606419563293457,105.73414149500098,21,20,1,True,True,5.0,4.0,2023
2023_01_GB_CHI,Q1,away,GB,CHI,1.0,7.0,3.0,4.0,0.6476186513900757,-183.78346468812975,0.6402376294136047,-177.96125491669636,38,20,18,True,True,19.0,1.0,2023
2023_01_LA_SEA,Q1,away,LA,SEA,4.5,7.0,3.0,4.0,0.636766791343689,-175.30522434863428,0.5151920318603516,-106.26723686850605,30,13,17,True,True,21.5,4.5,2023
2023_01_LV_DEN,Q1,away,LV,DEN,3.0,7.0,6.0,1.0,0.4925711452960968,103.01635805298238,0.47366201877593994,111.12100197188026,17,16,1,True,True,4.0,3.0,2023
2023_01_TB_MIN,Q1,away,TB,MIN,4.0,3.0,0.0,3.0,0.5835176110267639,-140.106190916097,0.5320165157318115,-113.68275454501456,20,17,3,True,True,7.0,4.0,2023
2023_01_TEN_NO,Q1,away,TEN,NO,3.0,6.0,3.0,3.0,0.5807012319564819,-138.49342669573792,0.5587699115276337,-126.63912233687769,15,16,-1,False,True,2.0,3.0,2023
2023_02_BAL_CIN,Q1,away,BAL,CIN,3.5,7.0,0.0,7.0,0.6382660269737244,-176.44624905810602,0.5874856114387512,-142.41578663177305,27,24,3,True,True,6.5,3.5,2023
2023_02_CHI_TB,Q1,away,CHI,TB,2.5,7.0,3.0,4.0,0.5106427669525146,-104.34969230401951,0.4842705726623535,106.49613180134877,17,27,-10,False,False,-7.5,2.5,2023
2023_02_CLE_PIT,Q1,home,PIT,CLE,-2.5,7.0,3.0,4.0,0.5874887704849243,-142.41764307253942,0.4207548499107361,137.6680863481792,26,22,4,True,True,6.5,2.5,2023
2023_02_NYG_ARI,Q1,home,ARI,NYG,-5.0,7.0,0.0,7.0,0.8179495930671692,-449.29841511914844,0.6274036765098572,-168.38697457691242,28,31,-3,False,True,2.0,5.0,2023
2023_03_DAL_ARI,Q1,home,ARI,DAL,-11.5,9.0,3.0,6.0,0.7393592000007629,-283.66978615893106,0.3552842140197754,181.4647993181986,28,16,12,True,True,23.5,11.5,2023
2023_03_HOU_JAX,Q1,away,HOU,JAX,7.5,7.0,0.0,7.0,0.5837377309799194,-140.23315933824398,0.3953765630722046,152.92343891850203,37,17,20,True,True,27.5,7.5,2023
2023_03_LAC_MIN,Q1,away,LAC,MIN,1.0,7.0,0.0,7.0,0.6604974865913391,-194.54862939300097,0.6910841763019562,-223.7127797562972,28,24,4,True,True,5.0,1.0,2023
2023_03_LA_CIN,Q1,away,LA,CIN,3.0,3.0,0.0,3.0,0.4712362289428711,112.20779273344706,0.46592628955841064,114.62622359166866,16,19,-3,False,False,0.0,3.0,2023
2023_04_MIN_CAR,Q1,home,CAR,MIN,-4.5,7.0,0.0,7.0,0.844105064868927,-541.4576581075082,0.6783636808395386,-210.91016170381837,13,21,-8,False,False,-3.5,4.5,2023
2023_04_PIT_HOU,Q1,home,HOU,PIT,-3.0,10.0,0.0,10.0,0.8225346803665161,-463.4903777624175,0.7022867202758789,-235.8936493953712,30,6,24,True,True,27.0,3.0,2023
2023_05_CHI_WAS,Q1,away,CHI,WAS,6.0,10.0,0.0,10.0,0.7854064106941223,-365.99714522441707,0.6398455500602722,-177.65865454872238,40,20,20,True,True,26.0,6.0,2023
2023_05_GB_LV,Q1,away,GB,LV,1.0,3.0,0.0,3.0,0.5256442427635193,-110.8122405482832,0.5863170623779297,-141.731023703369,13,17,-4,False,False,-3.0,1.0,2023
2023_05_JAX_BUF,Q1,away,JAX,BUF,5.5,11.0,0.0,11.0,0.748028039932251,-296.86955633123813,0.5893875360488892,-143.5386374727933,25,20,5,True,True,10.5,5.5,2023
2023_05_NO_NE,Q1,away,NO,NE,2.5,7.0,0.0,7.0,0.7655894756317139,-326.6020063283865,0.7511213421821594,-301.80223116275425,34,0,34,True,True,36.5,2.5,2023
2023_05_TEN_IND,Q1,home,IND,TEN,-2.5,7.0,3.0,4.0,0.644099235534668,-180.97719922077016,0.4997949004173279,100.08207349954986,23,16,7,True,True,9.5,2.5,2023
2023_06_CAR_MIA,Q1,away,CAR,MIA,14.0,14.0,0.0,14.0,0.7736634016036987,-341.8198413714173,0.4451024532318115,124.66737550853155,21,42,-21,False,False,-7.0,14.0,2023
2023_06_IND_JAX,Q1,away,IND,JAX,4.0,3.0,0.0,3.0,0.374251127243042,167.20026399562215,0.3305925130844116,202.48718903826648,20,37,-17,False,False,-13.0,4.0,2023
2023_06_NYG_BUF,Q1,away,NYG,BUF,15.5,3.0,0.0,3.0,0.5253795385360718,-110.69466683243729,0.18750512599945068,433.3187531112774,9,14,-5,False,True,10.5,15.5,2023
2023_07_BUF_NE,Q1,home,NE,BUF,-7.5,10.0,0.0,10.0,0.7502732276916504,-300.4376426109621,0.45573824644088745,119.4241997044475,29,25,4,True,True,11.5,7.5,2023
2023_07_CLE_IND,Q1,home,IND,CLE,-3.5,14.0,7.0,7.0,0.6414526700973511,-178.90320652269682,0.434032678604126,130.39739846687522,38,39,-1,False,True,2.5,3.5,2023
2023_07_JAX_NO,Q1,away,JAX,NO,2.5,7.0,3.0,4.0,0.6045307517051697,-152.86416183098004,0.5771671533584595,-136.50007513436083,31,24,7,True,True,9.5,2.5,2023
2023_07_LV_CHI,Q1,home,CHI,LV,-2.5,7.0,0.0,7.0,0.7404336333274841,-285.2579256778898,0.6143081188201904,-159.27431942333263,30,12,18,True,True,20.5,2.5,2023
2023_07_SF_MIN,Q1,home,MIN,SF,-7.0,7.0,0.0,7.0,0.6529792547225952,-188.1672100613496,0.34834909439086914,187.0683507154287,22,17,5,True,True,12.0,7.0,2023
2023_08_ATL_TEN,Q1,home,TEN,ATL,-2.5,7.0,3.0,4.0,0.6436995267868042,-180.66199042111302,0.5104809999465942,-104.28216267211315,28,23,5,True,True,7.5,2.5,2023
2023_08_CIN_SF,Q1,away,CIN,SF,4.0,14.0,7.0,7.0,0.6802915930747986,-212.78501857912005,0.5812149345874786,-138.7859746180196,31,17,14,True,True,18.0,4.0,2023
2023_08_KC_DEN,Q1,home,DEN,KC,-7.0,7.0,3.0,4.0,0.7162598967552185,-252.4351998763121,0.42959365248680115,132.77811350593083,24,9,15,True,True,22.0,7.0,2023
2023_08_PHI_WAS,Q1,home,WAS,PHI,-7.0,7.0,3.0,4.0,0.6824938058853149,-214.95448546707541,0.4019157886505127,148.80833951749867,31,38,-7,False,False,0.0,7.0,2023
2023_09_TB_HOU,Q1,away,TB,HOU,2.5,10.0,7.0,3.0,0.5800541639328003,-138.12594723286648,0.568413257598877,-131.70313212971342,37,39,-2,False,True,0.5,2.5,2023
2023_09_WAS_NE,Q1,away,WAS,NE,2.5,3.0,0.0,3.0,0.5976851582527161,-148.5615483776149,0.5903164744377136,-144.09085003540486,20,17,3,True,True,5.5,2.5,2023
2023_10_ATL_ARI,Q1,home,ARI,ATL,-2.0,3.0,0.0,3.0,0.4369872808456421,128.8396124630529,0.33200979232788086,201.19593551398515,25,23,2,True,True,4.0,2.0,2023
2023_10_CAR_CHI,Q1,away,CAR,CHI,3.0,7.0,3.0,4.0,0.7437939047813416,-290.31077662166956,0.7097323536872864,-244.50963195625027,13,16,-3,False,False,0.0,3.0,2023
2023_10_DEN_BUF,Q1,away,DEN,BUF,7.5,3.0,0.0,3.0,0.6181483864784241,-161.88183173501153,0.43522942066192627,129.76387912359706,24,22,2,True,True,9.5,7.5,2023
2023_10_TEN_TB,Q1,away,TEN,TB,2.5,3.0,0.0,3.0,0.5811972618103027,-138.77589824807893,0.6048286855220795,-153.05480518522634,6,20,-14,False,False,-11.5,2.5,2023
2023_10_WAS_SEA,Q1,away,WAS,SEA,6.0,6.0,3.0,3.0,0.610957145690918,-157.04109172649967,0.4417840242385864,126.35494837630159,26,29,-3,False,True,3.0,6.0,2023
2023_11_ARI_HOU,Q1,away,ARI,HOU,5.5,10.0,7.0,3.0,0.45722275972366333,118.7117720483514,0.3645384907722473,174.31945468407886,16,21,-5,False,True,0.5,5.5,2023
2023_11_CHI_DET,Q1,away,CHI,DET,8.0,7.0,0.0,7.0,0.6161542534828186,-160.5213185435777,0.4058540463447571,146.3939953306611,26,31,-5,False,True,3.0,8.0,2023
2023_11_LV_MIA,Q1,away,LV,MIA,14.0,10.0,7.0,3.0,0.4710350036621094,112.29844750929308,0.19787156581878662,405.3783224800541,13,20,-7,False,True,7.0,14.0,2023
2023_11_NYG_WAS,Q1,away,NYG,WAS,7.5,7.0,3.0,4.0,0.5542232990264893,-124.32756082050656,0.34763067960739136,187.66160717730216,31,19,12,True,True,19.5,7.5,2023
2023_11_SEA_LA,Q1,away,SEA,LA,2.5,7.0,0.0,7.0,0.6932189464569092,-225.96537121531819,0.6792665719985962,-211.7853995548051,16,17,-1,False,True,1.5,2.5,2023
2023_12_BAL_LAC,Q1,home,LAC,BAL,-3.0,3.0,0.0,3.0,0.5560966730117798,-125.2742746455101,0.42354029417037964,136.10504449376546,10,20,-10,False,False,-7.0,3.0,2023
2023_12_GB_DET,Q1,away,GB,DET,8.5,20.0,6.0,14.0,0.862055242061615,-624.9278732626174,0.6591565608978271,-193.38983394667463,29,22,7,True,True,15.5,8.5,2023
2023_12_KC_LV,Q1,home,LV,KC,-9.0,7.0,0.0,7.0,0.6977516412734985,-230.8537403522777,0.33520036935806274,198.32902687878453,17,31,-14,False,False,-5.0,9.0,2023
2023_12_LA_ARI,Q1,home,ARI,LA,-3.0,8.0,7.0,1.0,0.5962527394294739,-147.67969907385194,0.4215770661830902,137.2045540934861,14,37,-23,False,False,-20.0,3.0,2023
2023_12_NO_ATL,Q1,home,ATL,NO,-2.0,7.0,3.0,4.0,0.6473312377929688,-183.55219037317468,0.4726110100746155,111.59050015405285,24,15,9,True,True,11.0,2.0,2023
2023_13_ATL_NYJ,Q1,home,NYJ,ATL,-2.0,2.0,0.0,2.0,0.6452489495277405,-181.88781926614675,0.5044232606887817,-101.78509616691431,8,13,-5,False,False,-3.0,2.0,2023
2023_13_IND_TEN,Q1,home,TEN,IND,-1.5,10.0,7.0,3.0,0.5947749614715576,-146.77645873795404,0.4854925274848938,105.9763937419439,28,31,-3,False,False,-1.5,1.5,2023
2023_13_KC_GB,Q1,home,GB,KC,-5.5,7.0,3.0,4.0,0.6472925543785095,-183.52109160552124,0.40765491127967834,145.30552001958677,27,19,8,True,True,13.5,5.5,2023
2023_13_SF_PHI,Q1,home,PHI,SF,-3.0,6.0,0.0,6.0,0.6985808610916138,-231.763936298664,0.5713034272193909,-133.265219153446,19,42,-23,False,False,-20.0,3.0,2023
2023_14_BUF_KC,Q1,away,BUF,KC,2.0,7.0,0.0,7.0,0.7919390201568604,-380.6283238471314,0.7937700748443604,-384.8956809955248,20,17,3,True,True,5.0,2.0,2023
2023_14_DEN_LAC,Q1,away,DEN,LAC,3.0,7.0,0.0,7.0,0.7134085893630981,-248.92881045446057,0.6870077848434448,-219.4967643204197,24,7,17,True,True,20.0,3.0,2023
2023_14_DET_CHI,Q1,home,CHI,DET,-3.0,10.0,0.0,10.0,0.7563601732254028,-310.4419270192421,0.605012059211731,-153.1722862233012,28,13,15,True,True,18.0,3.0,2023
2023_14_NE_PIT,Q1,away,NE,PIT,6.0,7.0,3.0,4.0,0.5950565338134766,-146.94805164219738,0.44203585386276245,126.22599304138505,21,18,3,True,True,9.0,6.0,2023
2023_14_SEA_SF,Q1,away,SEA,SF,14.5,10.0,7.0,3.0,0.5614035129547119,-128.00000217437747,0.2424892783164978,312.3893670444252,16,28,-12,False,True,2.5,14.5,2023
2023_15_MIN_CIN,Q1,away,MIN,CIN,3.0,7.0,3.0,4.0,0.5733417868614197,-134.37964375367503,0.5228708386421204,-109.58685425012858,24,27,-3,False,False,0.0,3.0,2023
2023_15_PIT_IND,Q1,away,PIT,IND,1.5,6.0,0.0,6.0,0.6741788387298584,-206.91683624897829,0.6978107690811157,-230.9184767965563,13,30,-17,False,False,-15.5,1.5,2023
2023_16_BUF_LAC,Q1,home,LAC,BUF,-13.0,3.0,0.0,3.0,0.7805419564247131,-355.66796445851935,0.3974588215351105,151.59839103273308,22,24,-2,False,True,11.0,13.0,2023
2023_16_CIN_PIT,Q1,home,PIT,CIN,-3.0,7.0,0.0,7.0,0.8624968528747559,-627.2560817020096,0.7412750720977783,-286.510881695143,34,11,23,True,True,26.0,3.0,2023
2023_16_DAL_MIA,Q1,away,DAL,MIA,1.5,7.0,3.0,4.0,0.4732477068901062,111.30583105650673,0.4928644299507141,102.89555083129024,20,22,-2,False,False,-0.5,1.5,2023
2023_16_JAX_TB,Q1,home,TB,JAX,-2.0,3.0,0.0,3.0,0.6579163670539856,-192.32617514846552,0.5466554760932922,-120.58279018845866,30,12,18,True,True,20.0,2.0,2023
2023_16_LV_KC,Q1,away,LV,KC,11.0,3.0,0.0,3.0,0.6320613622665405,-171.78444921145132,0.3866046071052551,158.66220464562255,20,14,6,True,True,17.0,11.0,2023
2023_17_GB_MIN,Q1,away,GB,MIN,1.0,10.0,0.0,10.0,0.7761248350143433,-346.67750443157377,0.8035083413124084,-408.9274560962063,33,10,23,True,True,24.0,1.0,2023
2023_17_MIA_BAL,Q1,away,MIA,BAL,3.0,10.0,7.0,3.0,0.5156570672988892,-106.46528161836571,0.4940902590751648,102.39217058676567,19,56,-37,False,False,-34.0,3.0,2023
2023_17_NO_TB,Q1,away,NO,TB,2.5,7.0,0.0,7.0,0.5766454339027405,-136.20862512919362,0.5658779144287109,-130.34994837547507,23,13,10,True,True,12.5,2.5,2023
2023_17_PIT_SEA,Q1,away,PIT,SEA,4.5,7.0,0.0,7.0,0.5910086035728455,-144.50392080022885,0.4960562586784363,101.59003792516212,30,23,7,True,True,11.5,4.5,2023
2023_18_ATL_NO,Q1,away,ATL,NO,3.5,14.0,7.0,7.0,0.6249731779098511,-166.647594544483,0.5419643819332123,-118.32363260758176,17,48,-31,False,False,-27.5,3.5,2023
2023_18_CHI_GB,Q1,away,CHI,GB,2.5,3.0,0.0,3.0,0.5762085914611816,-135.96514224955135,0.5578880906105042,-126.18707588784059,9,17,-8,False,False,-5.5,2.5,2023
2023_18_JAX_TEN,Q1,home,TEN,JAX,-3.5,7.0,3.0,4.0,0.6934752464294434,-226.23792641588977,0.48624932765960693,105.65581135364327,28,20,8,True,True,11.5,3.5,2023
2023_18_KC_LAC,Q1,away,KC,LAC,3.5,7.0,0.0,7.0,0.6320738792419434,-171.79369541353842,0.5642000436782837,-129.46307944596944,13,12,1,True,True,4.5,3.5,2023
2023_18_NYJ_NE,Q1,away,NYJ,NE,2.5,3.0,0.0,3.0,0.6026244163513184,-151.6510931089557,0.5794925093650818,-137.80789219476551,17,3,14,True,True,16.5,2.5,2023
2023_18_PHI_NYG,Q1,home,NYG,PHI,-4.5,3.0,0.0,3.0,0.563567578792572,-129.13054837525902,0.381162166595459,162.35552414133895,27,10,17,True,True,21.5,4.5,2023
2023_01_ARI_WAS,H1,away,ARI,WAS,7.0,13.0,10.0,3.0,0.5896167755126953,-143.67467779642033,0.47695183753967285,109.66477562146304,16,20,-4,False,True,3.0,7.0,2023
2023_01_CIN_CLE,H1,home,CLE,CIN,-1.0,10.0,0.0,10.0,0.8532896637916565,-581.6152330125526,0.7700324058532715,-334.84387602975056,24,3,21,True,True,22.0,1.0,2023
2023_01_GB_CHI,H1,away,GB,CHI,1.0,10.0,6.0,4.0,0.6154525876045227,-160.0459573425961,0.6341259479522705,-173.31809796381697,38,20,18,True,True,19.0,1.0,2023
2023_01_MIA_LAC,H1,away,MIA,LAC,3.0,20.0,17.0,3.0,0.5506046414375305,-122.52121232377885,0.5378367900848389,-116.373778471802,36,34,2,True,True,5.0,3.0,2023
2023_01_TEN_NO,H1,away,TEN,NO,3.0,9.0,6.0,3.0,0.5896167755126953,-143.67467779642033,0.5899180173873901,-143.85367863007653,15,16,-1,False,True,2.0,3.0,2023
2023_02_BAL_CIN,H1,away,BAL,CIN,3.5,13.0,10.0,3.0,0.5506046414375305,-122.52121232377885,0.5273993909358978,-111.59515684508204,27,24,3,True,True,6.5,3.5,2023
2023_02_CLE_PIT,H1,home,PIT,CLE,-2.5,16.0,14.0,2.0,0.6806350350379944,-213.1213845322603,0.553744375705719,-124.08681158504685,26,22,4,True,True,6.5,2.5,2023
2023_02_GB_ATL,H1,away,GB,ATL,3.0,10.0,9.0,1.0,0.46048271656036377,117.16341657068729,0.4680348038673401,113.65932442140355,24,25,-1,False,True,2.0,3.0,2023
2023_02_NYG_ARI,H1,home,ARI,NYG,-5.0,20.0,0.0,20.0,0.9447823166847229,-1711.0140447042797,0.8480686545372009,-558.1920254532687,28,31,-3,False,True,2.0,5.0,2023
2023_03_CAR_SEA,H1,away,CAR,SEA,5.0,13.0,12.0,1.0,0.5368156433105469,-115.89675591536884,0.4718819856643677,111.91739256417881,27,37,-10,False,False,-5.0,5.0,2023
2023_03_DAL_ARI,H1,home,ARI,DAL,-11.5,21.0,10.0,11.0,0.8392153382301331,-521.9498731982982,0.5738531351089478,-134.66088393156613,28,16,12,True,True,23.5,11.5,2023
2023_03_HOU_JAX,H1,away,HOU,JAX,7.5,17.0,0.0,17.0,0.8876581192016602,-790.1399842103923,0.7739885598421097,-342.4554789356705,37,17,20,True,True,27.5,7.5,2023
2023_03_IND_BAL,H1,away,IND,BAL,7.5,10.0,7.0,3.0,0.5506046414375305,-122.52121232377885,0.40253323316574097,148.4266931541166,22,19,3,True,True,10.5,7.5,2023
2023_03_LAC_MIN,H1,away,LAC,MIN,1.0,14.0,10.0,4.0,0.6024054288864136,-151.51248851290677,0.6073305010795593,-154.66709350975373,28,24,4,True,True,5.0,1.0,2023
2023_03_PIT_LV,H1,away,PIT,LV,3.0,13.0,7.0,6.0,0.6658905744552612,-199.30313949376907,0.6462624073028564,-182.69542752730874,23,18,5,True,True,8.0,3.0,2023
2023_04_CIN_TEN,H1,home,TEN,CIN,-2.5,24.0,3.0,21.0,0.9661402106285095,-2853.3556426726846,0.9132241010665894,-1052.3937087270874,27,3,24,True,True,26.5,2.5,2023
2023_04_DEN_CHI,H1,home,CHI,DEN,-3.0,21.0,7.0,14.0,0.8932299613952637,-836.5923372023956,0.8082552552223206,-421.52667921066677,28,31,-3,False,False,0.0,3.0,2023
2023_04_MIN_CAR,H1,home,CAR,MIN,-4.5,13.0,7.0,6.0,0.7503747344017029,-300.6004751174601,0.6323904991149902,-172.02778970416367,13,21,-8,False,False,-3.5,4.5,2023
2023_04_PIT_HOU,H1,home,HOU,PIT,-3.0,16.0,0.0,16.0,0.9138400554656982,-1060.6321306322136,0.8516111969947815,-573.9052945691814,30,6,24,True,True,27.0,3.0,2023
2023_04_TB_NO,H1,away,TB,NO,4.0,14.0,3.0,11.0,0.8531333804130554,-580.889914136005,0.7681028842926025,-331.22571703814435,26,9,17,True,True,21.0,4.0,2023
2023_04_WAS_PHI,H1,away,WAS,PHI,9.5,17.0,10.0,7.0,0.7069733738899231,-241.2659160960837,0.4599432349205017,117.41813425581608,31,34,-3,False,True,6.5,9.5,2023
2023_05_CHI_WAS,H1,away,CHI,WAS,6.0,27.0,3.0,24.0,0.9620376229286194,-2534.18699550795,0.947708610445261,-1812.3607318814752,40,20,20,True,True,26.0,6.0,2023
2023_05_HOU_ATL,H1,away,HOU,ATL,2.5,9.0,7.0,2.0,0.5843797922134399,-140.60427795983048,0.5832955837249756,-139.978258195373,19,21,-2,False,True,0.5,2.5,2023
2023_05_JAX_BUF,H1,away,JAX,BUF,5.5,11.0,7.0,4.0,0.6024054288864136,-151.51248851290677,0.4815226197242737,107.67456377700665,25,20,5,True,True,10.5,5.5,2023
2023_05_NO_NE,H1,away,NO,NE,2.5,21.0,0.0,21.0,0.9193190336227417,-1139.449705304809,0.9146029576659203,-1071.0007427282128,34,0,34,True,True,36.5,2.5,2023
2023_05_PHI_LA,H1,home,LA,PHI,-3.5,14.0,10.0,4.0,0.5775822401046753,-136.73247077674964,0.42713695764541626,134.11694588838193,14,23,-9,False,False,-5.5,3.5,2023
2023_05_TEN_IND,H1,home,IND,TEN,-2.5,10.0,6.0,4.0,0.6569479703903198,-191.50097177322812,0.540916383266449,-117.82524218902657,23,16,7,True,True,9.5,2.5,2023
2023_06_ARI_LA,H1,away,ARI,LA,7.0,9.0,6.0,3.0,0.5506046414375305,-122.52121232377885,0.4290961027145386,133.04802669467782,9,26,-17,False,False,-10.0,7.0,2023
2023_06_NO_HOU,H1,home,HOU,NO,-2.0,17.0,10.0,7.0,0.748828649520874,-298.13457947828596,0.6450319886207581,-181.7155258904771,20,13,7,True,True,9.0,2.0,2023
2023_06_NYG_BUF,H1,away,NYG,BUF,15.5,6.0,0.0,6.0,0.7424898743629456,-288.3342441490794,0.4822787046432495,107.34898521793919,9,14,-5,False,True,10.5,15.5,2023
2023_06_WAS_ATL,H1,away,WAS,ATL,1.5,17.0,10.0,7.0,0.7069733738899231,-241.2659160960837,0.6804640889167786,-212.95387007050837,24,16,8,True,True,9.5,1.5,2023
2023_07_BUF_NE,H1,home,NE,BUF,-7.5,13.0,3.0,10.0,0.817753255367279,-448.706646044781,0.6205941438674927,-163.56999604422302,29,25,4,True,True,11.5,7.5,2023
2023_07_JAX_NO,H1,away,JAX,NO,2.5,17.0,6.0,11.0,0.7993437051773071,-398.3646293696572,0.7727387845516205,-340.0222880208707,31,24,7,True,True,9.5,2.5,2023
2023_07_LV_CHI,H1,home,CHI,LV,-2.5,14.0,3.0,11.0,0.8392153382301331,-521.9498731982982,0.75157231092453,-302.5316194509258,30,12,18,True,True,20.5,2.5,2023
2023_07_SF_MIN,H1,home,MIN,SF,-7.0,16.0,7.0,9.0,0.8103330731391907,-427.2400499924106,0.6298345327377319,-170.14945705118524,22,17,5,True,True,12.0,7.0,2023
2023_07_WAS_NYG,H1,home,NYG,WAS,-3.0,14.0,0.0,14.0,0.8932299613952637,-836.5923372023956,0.8082552552223206,-421.52667921066677,14,7,7,True,True,10.0,3.0,2023
2023_08_ATL_TEN,H1,home,TEN,ATL,-2.5,14.0,3.0,11.0,0.8392153382301331,-521.9498731982982,0.75157231092453,-302.5316194509258,28,23,5,True,True,7.5,2.5,2023
2023_08_CIN_SF,H1,away,CIN,SF,4.0,14.0,10.0,4.0,0.6154525876045227,-160.0459573425961,0.5527486205101013,-123.5879073510125,31,17,14,True,True,18.0,4.0,2023
2023_08_KC_DEN,H1,home,DEN,KC,-7.0,14.0,9.0,5.0,0.7198485136032104,-256.94973917920277,0.5434616804122925,-119.03966372485097,24,9,15,True,True,22.0,7.0,2023
2023_08_PHI_WAS,H1,home,WAS,PHI,-7.0,17.0,10.0,7.0,0.748828649520874,-298.13457947828596,0.5414053201675415,-118.05747950790375,31,38,-7,False,False,0.0,7.0,2023
2023_09_DAL_PHI,H1,away,DAL,PHI,3.5,17.0,14.0,3.0,0.5506046414375305,-122.52121232377885,0.5273993909358978,-111.59515684508204,23,28,-5,False,False,-1.5,3.5,2023
2023_09_TB_HOU,H1,away,TB,HOU,2.5,17.0,10.0,7.0,0.7313575148582458,-272.2419406120114,0.7204875946044922,-257.7658739636289,37,39,-2,False,True,0.5,2.5,2023
2023_09_TEN_PIT,H1,away,TEN,PIT,3.5,13.0,10.0,3.0,0.5896167755126953,-143.67467779642033,0.5555530786514282,-124.99874607427371,16,20,-4,False,False,-0.5,3.5,2023
2023_10_CAR_CHI,H1,away,CAR,CHI,3.0,10.0,9.0,1.0,0.5368156433105469,-115.89675591536884,0.5309191346168518,-113.18285903288631,13,16,-3,False,False,0.0,3.0,2023
2023_10_DEN_BUF,H1,away,DEN,BUF,7.5,15.0,8.0,7.0,0.7313575148582458,-272.2419406120114,0.6253920197486877,-166.94572799253572,24,22,2,True,True,9.5,7.5,2023
2023_10_HOU_CIN,H1,away,HOU,CIN,5.5,10.0,7.0,3.0,0.5896167755126953,-143.67467779642033,0.5041149258613586,-101.65962884384302,30,27,3,True,True,8.5,5.5,2023
2023_10_NO_MIN,H1,home,MIN,NO,-3.0,24.0,3.0,21.0,0.9393860697746277,-1549.785777430765,0.8855399489402771,-773.6672670871172,27,19,8,True,True,11.0,3.0,2023
2023_11_MIN_DEN,H1,away,MIN,DEN,2.5,10.0,9.0,1.0,0.46048271656036377,117.16341657068729,0.47848981618881226,108.99086378996196,20,21,-1,False,True,1.5,2.5,2023
2023_11_NYG_WAS,H1,away,NYG,WAS,7.5,14.0,9.0,5.0,0.6439070105552673,-180.82552300715957,0.4450463056564331,124.69571981392428,31,19,12,True,True,19.5,7.5,2023
2023_11_SEA_LA,H1,away,SEA,LA,2.5,13.0,7.0,6.0,0.7424898743629456,-288.3342441490794,0.7137266397476196,-249.3164711932657,16,17,-1,False,True,1.5,2.5,2023
2023_12_BUF_PHI,H1,away,BUF,PHI,2.5,17.0,7.0,10.0,0.773473858833313,-341.450154427943,0.7609290331602097,-318.2858392295432,34,37,-3,False,False,-0.5,2.5,2023
2023_12_GB_DET,H1,away,GB,DET,8.5,23.0,6.0,17.0,0.8876581192016602,-790.1399842103923,0.7466404736042023,-294.6960330348116,29,22,7,True,True,15.5,8.5,2023
2023_12_NE_NYG,H1,home,NYG,NE,-4.5,7.0,0.0,7.0,0.748828649520874,-298.13457947828596,0.5834193229675293,-140.04954025317267,10,7,3,True,True,7.5,4.5,2023
2023_12_NO_ATL,H1,home,ATL,NO,-2.0,14.0,9.0,5.0,0.7198485136032104,-256.94973917920277,0.633821964263916,-173.09120220436472,24,15,9,True,True,11.0,2.0,2023
2023_12_PIT_CIN,H1,home,CIN,PIT,-2.0,7.0,3.0,4.0,0.6962094306945801,-229.17414200393975,0.5878463387489319,-142.62795506039157,10,16,-6,False,False,-4.0,2.0,2023
2023_13_ARI_PIT,H1,away,ARI,PIT,6.0,10.0,3.0,7.0,0.26864248514175415,272.2419406120114,0.3531413674354553,183.17271557905855,24,10,14,True,True,20.0,6.0,2023
2023_13_IND_TEN,H1,home,TEN,IND,-1.5,17.0,13.0,4.0,0.6569479703903198,-191.50097177322812,0.5451273918151855,-119.84177152159944,28,31,-3,False,False,-1.5,1.5,2023
2023_13_KC_GB,H1,home,GB,KC,-5.5,14.0,6.0,8.0,0.7897358536720276,-375.59225738856526,0.6014831066131592,-150.930391306975,27,19,8,True,True,13.5,5.5,2023
2023_13_SEA_DAL,H1,away,SEA,DAL,9.5,21.0,20.0,1.0,0.5368156433105469,-115.89675591536884,0.411374568939209,143.0874622557855,35,41,-6,False,True,3.5,9.5,2023
2023_14_BUF_KC,H1,away,BUF,KC,2.0,14.0,7.0,7.0,0.7313575148582458,-272.2419406120114,0.7217602729797363,-259.4023077542669,20,17,3,True,True,5.0,2.0,2023
2023_14_DEN_LAC,H1,away,DEN,LAC,3.0,10.0,0.0,10.0,0.8049947023391724,-412.8065811521173,0.7635661363601685,-322.9512577450991,24,7,17,True,True,20.0,3.0,2023
2023_14_LA_BAL,H1,away,LA,BAL,7.5,20.0,17.0,3.0,0.5896167755126953,-143.67467779642033,0.47695183753967285,109.66477562146304,31,37,-6,False,True,1.5,7.5,2023
2023_14_NE_PIT,H1,away,NE,PIT,6.0,21.0,10.0,11.0,0.7993437051773071,-398.3646293696572,0.6920375227928162,-224.71488379645785,21,18,3,True,True,9.0,6.0,2023
2023_14_TB_ATL,H1,away,TB,ATL,1.5,12.0,10.0,2.0,0.5087411403656006,-103.5586698109041,0.5227130651473999,-109.5175725496925,29,25,4,True,True,5.5,1.5,2023
2023_14_TEN_MIA,H1,away,TEN,MIA,14.0,10.0,7.0,3.0,0.5506046414375305,-122.52121232377885,0.3106006383895874,221.95683987799688,28,27,1,True,True,15.0,14.0,2023
2023_15_MIN_CIN,H1,away,MIN,CIN,3.0,7.0,3.0,4.0,0.6154525876045227,-160.0459573425961,0.6060760617256165,-153.85611353820812,24,27,-3,False,False,0.0,3.0,2023
2023_15_TB_GB,H1,away,TB,GB,4.0,13.0,10.0,3.0,0.5506046414375305,-122.52121232377885,0.5059692859649658,-102.41656471769183,34,20,14,True,True,18.0,4.0,2023
2023_16_BAL_SF,H1,away,BAL,SF,6.5,16.0,12.0,4.0,0.6024054288864136,-151.51248851290677,0.4669199585914612,114.16946986302752,33,19,14,True,True,20.5,6.5,2023
2023_16_CIN_PIT,H1,home,PIT,CIN,-3.0,24.0,0.0,24.0,0.9970312118530273,-33583.777706392546,0.9928533434867859,-13892.557193017572,34,11,23,True,True,26.0,3.0,2023
2023_16_JAX_TB,H1,home,TB,JAX,-2.0,20.0,0.0,20.0,0.9447823166847229,-1711.0140447042797,0.898616373538971,-886.3525649128273,30,12,18,True,True,20.0,2.0,2023
2023_16_LV_KC,H1,away,LV,KC,11.0,17.0,7.0,10.0,0.8049947023391724,-412.8065811521173,0.6322264671325684,-171.9064616214408,20,14,6,True,True,17.0,11.0,2023
2023_16_SEA_TEN,H1,home,TEN,SEA,-3.0,10.0,3.0,7.0,0.748828649520874,-298.13457947828596,0.6305502653121948,-170.6728158419241,17,20,-3,False,False,0.0,3.0,2023
2023_17_CIN_KC,H1,away,CIN,KC,7.5,17.0,13.0,4.0,0.6024054288864136,-151.51248851290677,0.4287987947463989,133.20961071997,17,25,-8,False,False,-0.5,7.5,2023
2023_17_GB_MIN,H1,away,GB,MIN,1.0,23.0,3.0,20.0,0.9263617396354675,-1257.9897122089612,0.9222098514437675,-1185.5098216930726,33,10,23,True,True,24.0,1.0,2023
2023_17_NO_TB,H1,away,NO,TB,2.5,17.0,0.0,17.0,0.8876581192016602,-790.1399842103923,0.8746320158243179,-697.6518140378398,23,13,10,True,True,12.5,2.5,2023
2023_17_PIT_SEA,H1,away,PIT,SEA,4.5,17.0,14.0,3.0,0.5506046414375305,-122.52121232377885,0.4777284860610962,109.3239212601844,30,23,7,True,True,11.5,4.5,2023
2023_18_BUF_MIA,H1,home,MIA,BUF,-2.5,14.0,7.0,7.0,0.748828649520874,-298.13457947828596,0.6422690153121948,-179.53966606295185,14,21,-7,False,False,-4.5,2.5,2023
2023_18_JAX_TEN,H1,home,TEN,JAX,-3.5,21.0,13.0,8.0,0.8346096873283386,-504.63033405422897,0.6957092881202698,-228.6331001766647,28,20,8,True,True,11.5,3.5,2023
2023_18_KC_LAC,H1,away,KC,LAC,3.5,10.0,6.0,4.0,0.6024054288864136,-151.51248851290677,0.553270012140274,-123.84886333487016,13,12,1,True,True,4.5,3.5,2023
2023_18_NYJ_NE,H1,away,NYJ,NE,2.5,6.0,3.0,3.0,0.5896167755126953,-143.67467779642033,0.5985202789306641,-149.07858293228688,17,3,14,True,True,16.5,2.5,2023
2023_18_PHI_NYG,H1,home,NYG,PHI,-4.5,24.0,0.0,24.0,0.9702783226966858,-3264.547665984153,0.9461935758590698,-1758.5141383504556,27,10,17,True,True,21.5,4.5,2023
2023_01_ARI_WAS,Q3,away,ARI,WAS,7.0,16.0,10.0,6.0,0.6119048595428467,-157.66877648147272,0.5241788029670715,-110.16297849605816,16,20,-4,False,True,3.0,7.0,2023
2023_01_CIN_CLE,Q3,home,CLE,CIN,-1.0,13.0,3.0,10.0,0.8877816200256348,-791.1196189326886,0.8551751375198364,-590.4891762883382,24,3,21,True,True,22.0,1.0,2023
2023_01_GB_CHI,Q3,away,GB,CHI,1.0,24.0,14.0,10.0,0.8924918174743652,-830.1617574658145,0.8735276460647583,-690.6866353669951,38,20,18,True,True,19.0,1.0,2023
2023_01_JAX_IND,Q3,home,IND,JAX,-4.0,21.0,17.0,4.0,0.6863845586776733,-218.86185061029033,0.5547831058502197,-124.60962581163398,21,31,-10,False,False,-6.0,4.0,2023
2023_01_LA_SEA,Q3,away,LA,SEA,4.5,17.0,13.0,4.0,0.6915439367294312,-224.19528064936384,0.6413946151733398,-178.85805465062163,30,13,17,True,True,21.5,4.5,2023
2023_01_MIA_LAC,Q3,away,MIA,LAC,3.0,27.0,24.0,3.0,0.43296921253204346,130.963304331019,0.4140116572380066,141.53909256355095,36,34,2,True,True,5.0,3.0,2023
2023_01_TB_MIN,Q3,away,TB,MIN,4.0,17.0,10.0,7.0,0.5971980690956116,-148.26097475619258,0.516996830701828,-107.03797895426867,20,17,3,True,True,7.0,4.0,2023
2023_02_BAL_CIN,Q3,away,BAL,CIN,3.5,20.0,17.0,3.0,0.6399988532066345,-177.77689290917257,0.6121754050254822,-157.84852558556926,27,24,3,True,True,6.5,3.5,2023
2023_02_GB_ATL,Q3,away,GB,ATL,3.0,24.0,12.0,12.0,0.8712587952613831,-676.7520911663817,0.8030357211828232,-407.7062734447421,24,25,-1,False,True,2.0,3.0,2023
2023_02_LAC_TEN,Q3,home,TEN,LAC,-2.5,17.0,14.0,3.0,0.46150368452072144,116.68299377469005,0.3785669207572937,164.15408879348934,27,24,3,True,True,5.5,2.5,2023
2023_02_NYG_ARI,Q3,home,ARI,NYG,-5.0,28.0,14.0,14.0,0.9639490842819214,-2673.854644414831,0.9336637258529663,-1407.4708564178777,28,31,-3,False,True,2.0,5.0,2023
2023_03_DAL_ARI,Q3,home,ARI,DAL,-11.5,21.0,13.0,8.0,0.7876598834991455,-370.9425691569571,0.5723127722740173,-133.81572681443168,28,16,12,True,True,23.5,11.5,2023
2023_03_HOU_JAX,Q3,away,HOU,JAX,7.5,24.0,10.0,14.0,0.9734776616096497,-3670.4066107678927,0.9628617763519287,-2592.6435940398924,37,17,20,True,True,27.5,7.5,2023
2023_03_LAC_MIN,Q3,away,LAC,MIN,1.0,21.0,17.0,4.0,0.6353718042373657,-174.2519672425388,0.6304746568202972,-170.6174335419514,28,24,4,True,True,5.0,1.0,2023
2023_03_PIT_LV,Q3,away,PIT,LV,3.0,23.0,7.0,16.0,0.9296659827232361,-1321.787121962629,0.9297053143382072,-1322.582647017269,23,18,5,True,True,8.0,3.0,2023
2023_04_CIN_TEN,Q3,home,TEN,CIN,-2.5,27.0,3.0,24.0,0.9992129802703857,-126961.6176916086,0.999325156211853,-148082.4412647942,27,3,24,True,True,26.5,2.5,2023
2023_04_DEN_CHI,Q3,home,CHI,DEN,-3.0,28.0,14.0,14.0,0.963160514831543,-2614.4787594812187,0.9336195588111877,-1406.467842169961,28,31,-3,False,False,0.0,3.0,2023
2023_04_PIT_HOU,Q3,home,HOU,PIT,-3.0,16.0,6.0,10.0,0.9260072708129883,-1251.4841403843427,0.8897942304611206,-807.3935095995232,30,6,24,True,True,27.0,3.0,2023
2023_04_TB_NO,Q3,away,TB,NO,4.0,14.0,6.0,8.0,0.8808251619338989,-739.1033008539467,0.8530045747756958,-580.2932801983964,26,9,17,True,True,21.0,4.0,2023
2023_05_CHI_WAS,Q3,away,CHI,WAS,6.0,27.0,14.0,13.0,0.9600328803062439,-2402.056709771422,0.9385626316070557,-1527.673883432226,40,20,20,True,True,26.0,6.0,2023
2023_05_GB_LV,Q3,away,GB,LV,1.0,13.0,10.0,3.0,0.3575894832611084,179.6502824636511,0.32892167568206787,204.02374605636788,13,17,-4,False,False,-3.0,1.0,2023
2023_05_HOU_ATL,Q3,away,HOU,ATL,2.5,12.0,7.0,5.0,0.5917431116104126,-144.94381563152703,0.5392462611198425,-117.03567776366998,19,21,-2,False,True,0.5,2.5,2023
2023_05_JAX_BUF,Q3,away,JAX,BUF,5.5,11.0,7.0,4.0,0.7517061829566956,-302.74865154036115,0.6928878426551819,-225.61394138403455,25,20,5,True,True,10.5,5.5,2023
2023_05_NO_NE,Q3,away,NO,NE,2.5,24.0,0.0,24.0,0.9994258880615234,-174082.05980066446,0.999724805355072,-363279.16395928094,34,0,34,True,True,36.5,2.5,2023
2023_05_NYJ_DEN,Q3,away,NYJ,DEN,2.5,18.0,13.0,5.0,0.8303202986717224,-489.34568612029216,0.8080846667289734,-421.0631078590163,31,21,10,True,True,12.5,2.5,2023
2023_05_TEN_IND,Q3,home,IND,TEN,-2.5,17.0,16.0,1.0,0.701487123966217,-234.9939249812558,0.6211214661598206,-163.93683217266283,23,16,7,True,True,9.5,2.5,2023
2023_06_NO_HOU,Q3,home,HOU,NO,-2.0,20.0,13.0,7.0,0.7606667280197144,-317.82740516010324,0.6771782636642456,-209.76848441207153,20,13,7,True,True,9.0,2.0,2023
2023_06_NYG_BUF,Q3,away,NYG,BUF,15.5,6.0,0.0,6.0,0.5732016563415527,-134.30268998425805,0.3462144732475281,188.83830032288805,9,14,-5,False,True,10.5,15.5,2023
2023_06_SF_CLE,Q3,home,CLE,SF,-9.5,13.0,10.0,3.0,0.7331732511520386,-274.7750194901946,0.5765503644943237,-136.15559352313934,19,17,2,True,True,11.5,9.5,2023
2023_06_WAS_ATL,Q3,away,WAS,ATL,1.5,24.0,10.0,14.0,0.843591034412384,-539.3495387192671,0.8588085323572159,-608.258095687489,24,16,8,True,True,9.5,1.5,2023
2023_07_ATL_TB,Q3,away,ATL,TB,3.0,13.0,10.0,3.0,0.5905280113220215,-144.21694954729395,0.5602902770042419,-127.42276272331762,16,13,3,True,True,6.0,3.0,2023
2023_07_BUF_NE,Q3,home,NE,BUF,-7.5,16.0,10.0,6.0,0.7075178623199463,-241.90122102222196,0.5679076910018921,-131.43202949358187,29,25,4,True,True,11.5,7.5,2023
2023_07_JAX_NO,Q3,away,JAX,NO,2.5,24.0,9.0,15.0,0.8686192035675049,-661.1462459917503,0.8550442010164261,-589.8654672748331,31,24,7,True,True,9.5,2.5,2023
2023_07_LV_CHI,Q3,home,CHI,LV,-2.5,21.0,3.0,18.0,0.9663809537887573,-2874.5043738498034,0.9389070272445679,-1536.8494687649395,30,12,18,True,True,20.5,2.5,2023
2023_07_SF_MIN,Q3,home,MIN,SF,-7.0,22.0,14.0,8.0,0.8177217841148376,-448.61190907750216,0.6980026960372925,-231.12878389254962,22,17,5,True,True,12.0,7.0,2023
2023_07_WAS_NYG,Q3,home,NYG,WAS,-3.0,14.0,7.0,7.0,0.6851930618286133,-217.65500652834453,0.5473241806030273,-120.90864083090179,14,7,7,True,True,10.0,3.0,2023
2023_08_ATL_TEN,Q3,home,TEN,ATL,-2.5,21.0,9.0,12.0,0.8487237691879272,-561.0423822908958,0.7327802181243896,-274.2237917346612,28,23,5,True,True,7.5,2.5,2023
2023_08_CIN_SF,Q3,away,CIN,SF,4.0,17.0,10.0,7.0,0.8349050879478455,-505.7121855360955,0.8070871233940125,-418.36871524260005,31,17,14,True,True,18.0,4.0,2023
2023_08_CLE_SEA,Q3,away,CLE,SEA,4.0,20.0,17.0,3.0,0.6159303784370422,-160.3694600813611,0.6019728779792786,-151.23916051829747,20,24,-4,False,False,0.0,4.0,2023
2023_08_KC_DEN,Q3,home,DEN,KC,-7.0,14.0,9.0,5.0,0.7346483469009399,-276.8584021696989,0.6144599318504333,-159.37641314418698,24,9,15,True,True,22.0,7.0,2023
2023_08_NYJ_NYG,Q3,home,NYG,NYJ,-3.0,10.0,7.0,3.0,0.694863498210907,-227.7221814292113,0.5782173871994019,-137.0889575936028,10,13,-3,False,False,0.0,3.0,2023
2023_09_TB_HOU,Q3,away,TB,HOU,2.5,23.0,22.0,1.0,0.31757283210754395,214.88839689578882,0.32257378101348877,210.00659658640512,37,39,-2,False,True,0.5,2.5,2023
2023_09_TEN_PIT,Q3,away,TEN,PIT,3.5,16.0,13.0,3.0,0.6000202894210815,-150.01268153142829,0.5672773122787476,-131.09488556425572,16,20,-4,False,False,-0.5,3.5,2023
2023_09_WAS_NE,Q3,away,WAS,NE,2.5,20.0,17.0,3.0,0.5682482719421387,-131.61459121386184,0.5652618706226349,-130.02353196675128,20,17,3,True,True,5.5,2.5,2023
2023_10_ATL_ARI,Q3,home,ARI,ATL,-2.0,22.0,17.0,5.0,0.7230706214904785,-261.10289395157747,0.6227573156356812,-165.08134987032875,25,23,2,True,True,4.0,2.0,2023
2023_10_HOU_CIN,Q3,away,HOU,CIN,5.5,20.0,17.0,3.0,0.6328713297843933,-172.38406616751607,0.5741963386535645,-134.8500237968588,30,27,3,True,True,8.5,5.5,2023
2023_10_NO_MIN,Q3,home,MIN,NO,-3.0,27.0,11.0,16.0,0.9726442098617554,-3555.5332342674865,0.9547348618507385,-2109.205673254563,27,19,8,True,True,11.0,3.0,2023
2023_11_CHI_DET,Q3,away,CHI,DET,8.0,20.0,14.0,6.0,0.8605330586433411,-617.0157961969634,0.7976046204566956,-394.08242532831156,26,31,-5,False,True,3.0,8.0,2023
2023_11_LAC_GB,Q3,home,GB,LAC,-3.0,16.0,13.0,3.0,0.6385917663574219,-176.69541170137532,0.53765869140625,-116.2904290429043,23,20,3,True,True,6.0,3.0,2023
2023_11_MIN_DEN,Q3,away,MIN,DEN,2.5,17.0,9.0,8.0,0.6901810169219971,-222.7691182977741,0.6496052145957947,-185.3923750167768,20,21,-1,False,True,1.5,2.5,2023
2023_11_NYG_WAS,Q3,away,NYG,WAS,7.5,14.0,12.0,2.0,0.7154721021652222,-251.4593850409315,0.6406376361846924,-178.27065399479193,31,19,12,True,True,19.5,7.5,2023
2023_11_SEA_LA,Q3,away,SEA,LA,2.5,16.0,7.0,9.0,0.8583617210388184,-606.0238286812754,0.8291929960250854,-485.45608595000255,16,17,-1,False,True,1.5,2.5,2023
2023_12_BUF_PHI,Q3,away,BUF,PHI,2.5,24.0,14.0,10.0,0.7766659259796143,-347.7597090306609,0.750406414270401,-300.65132165830784,34,37,-3,False,False,-0.5,2.5,2023
2023_12_CHI_MIN,Q3,away,CHI,MIN,3.0,6.0,3.0,3.0,0.7160329222679138,-252.15349891492278,0.7146217226982117,-250.41209494109364,12,10,2,True,True,5.0,3.0,2023
2023_12_GB_DET,Q3,away,GB,DET,8.5,29.0,14.0,15.0,0.9137762784957886,-1059.773647616401,0.8512323945760727,-572.1893500607245,29,22,7,True,True,15.5,8.5,2023
2023_12_NO_ATL,Q3,home,ATL,NO,-2.0,14.0,12.0,2.0,0.6947717070579529,-227.62362570034335,0.5591561198234558,-126.83767314622385,24,15,9,True,True,11.0,2.0,2023
2023_13_ARI_PIT,Q3,away,ARI,PIT,6.0,17.0,3.0,14.0,0.9545590877532959,-2100.660045227264,0.9303072094917297,-1334.8686466806528,24,10,14,True,True,20.0,6.0,2023
2023_13_KC_GB,Q3,home,GB,KC,-5.5,21.0,12.0,9.0,0.7056232690811157,-239.70076265149868,0.5540783405303955,-124.25463728078078,27,19,8,True,True,13.5,5.5,2023
2023_13_SEA_DAL,Q3,away,SEA,DAL,9.5,28.0,27.0,1.0,0.7102776169776917,-245.15800593943098,0.6319383382797241,-171.69360571979175,35,41,-6,False,True,3.5,9.5,2023
2023_14_BUF_KC,Q3,away,BUF,KC,2.0,17.0,14.0,3.0,0.5665004253387451,-130.68073383495698,0.5624743700027466,-128.55803898991644,20,17,3,True,True,5.0,2.0,2023
2023_14_DEN_LAC,Q3,away,DEN,LAC,3.0,17.0,0.0,17.0,0.96262127161026,-2575.318404556769,0.9574493691325188,-2250.141418853174,24,7,17,True,True,20.0,3.0,2023
2023_14_DET_CHI,Q3,home,CHI,DET,-3.0,19.0,13.0,6.0,0.8829255104064941,-754.1570443502238,0.86114102602005,-620.1551122971653,28,13,15,True,True,18.0,3.0,2023
2023_14_GB_NYG,Q3,home,NYG,GB,-6.0,21.0,13.0,8.0,0.828425407409668,-482.83687864420347,0.6950876712799072,-227.96312441599974,24,22,2,True,True,8.0,6.0,2023
2023_14_HOU_NYJ,Q3,home,NYJ,HOU,-3.5,14.0,6.0,8.0,0.8596516251564026,-612.5127035595448,0.7778801321983337,-350.2073632120622,30,6,24,True,True,27.5,3.5,2023
2023_14_LA_BAL,Q3,away,LA,BAL,7.5,22.0,20.0,2.0,0.4695889949798584,112.95217960610256,0.4006633758544922,149.586076557985,31,37,-6,False,True,1.5,7.5,2023
2023_14_NE_PIT,Q3,away,NE,PIT,6.0,21.0,10.0,11.0,0.8267129063606262,-477.07702229751226,0.7101978957653046,-245.06305695770683,21,18,3,True,True,9.0,6.0,2023
2023_14_TB_ATL,Q3,away,TB,ATL,1.5,19.0,10.0,9.0,0.8492030501365662,-563.1433864581674,0.8247582316398621,-470.64021286575246,29,25,4,True,True,5.5,1.5,2023
2023_14_TEN_MIA,Q3,away,TEN,MIA,14.0,13.0,10.0,3.0,0.5378013849258423,-116.35720389156823,0.36469292640686035,174.20328928573062,28,27,1,True,True,15.0,14.0,2023
2023_15_CHI_CLE,Q3,away,CHI,CLE,3.0,17.0,7.0,10.0,0.8916427493095398,-822.8731751940253,0.8663926124572754,-648.4616070950588,17,20,-3,False,False,0.0,3.0,2023
2023_15_MIN_CIN,Q3,away,MIN,CIN,3.0,17.0,3.0,14.0,0.843431830406189,-538.6994256842413,0.8427509665489197,-535.933956510516,24,27,-3,False,False,0.0,3.0,2023
2023_15_TB_GB,Q3,away,TB,GB,4.0,27.0,17.0,10.0,0.8287047147750854,-483.7872295708417,0.7914515882730484,-379.50497043788596,34,20,14,True,True,18.0,4.0,2023
2023_16_BAL_SF,Q3,away,BAL,SF,6.5,33.0,12.0,21.0,0.983026921749115,-5791.683201000137,0.9755145609378815,-3984.0599078621462,33,19,14,True,True,20.5,6.5,2023
2023_16_CIN_PIT,Q3,home,PIT,CIN,-3.0,31.0,11.0,20.0,0.9927656650543213,-13722.97070164453,0.9830850958824158,-5811.946015469458,34,11,23,True,True,26.0,3.0,2023
2023_16_JAX_TB,Q3,home,TB,JAX,-2.0,30.0,6.0,24.0,0.9996119141578674,-257574.95008447242,0.9994743466377258,-190139.43757795668,30,12,18,True,True,20.0,2.0,2023
2023_16_LV_KC,Q3,away,LV,KC,11.0,20.0,7.0,13.0,0.9111602306365967,-1025.6220127153326,0.8237605541944504,-467.4098641363924,20,14,6,True,True,17.0,11.0,2023
2023_16_NE_DEN,Q3,away,NE,DEN,7.0,23.0,7.0,16.0,0.970276951789856,-3264.3924840074596,0.9556456170976162,-2154.5686233552706,26,23,3,True,True,10.0,7.0,2023
2023_16_SEA_TEN,Q3,home,TEN,SEA,-3.0,10.0,6.0,4.0,0.5651386380195618,-129.95834705705215,0.4498257637023926,122.30829816622197,17,20,-3,False,False,0.0,3.0,2023
2023_17_CIN_KC,Q3,away,CIN,KC,7.5,17.0,16.0,1.0,0.31149017810821533,221.03740993482893,0.2816691994667053,255.02639333421504,17,25,-8,False,False,-0.5,7.5,2023
2023_17_GB_MIN,Q3,away,GB,MIN,1.0,30.0,3.0,27.0,0.9995529651641846,-223596.21333333335,0.9996731777791865,-305876.74708620826,33,10,23,True,True,24.0,1.0,2023
2023_17_NO_TB,Q3,away,NO,TB,2.5,20.0,0.0,20.0,0.9862041473388672,-7148.555232960044,0.9809136986732483,-5139.359805130927,23,13,10,True,True,12.5,2.5,2023
2023_17_PIT_SEA,Q3,away,PIT,SEA,4.5,24.0,17.0,7.0,0.6589599251747131,-193.22067223691968,0.5608969032764435,-127.736950037855,30,23,7,True,True,11.5,4.5,2023
2023_18_BUF_MIA,Q3,home,MIA,BUF,-2.5,14.0,7.0,7.0,0.8561006784439087,-594.9303090426347,0.8002721667289734,-400.6813440182973,14,21,-7,False,False,-4.5,2.5,2023
2023_18_JAX_TEN,Q3,home,TEN,JAX,-3.5,28.0,13.0,15.0,0.9093225002288818,-1002.8094097478762,0.8483598232269287,-559.4558390000393,28,20,8,True,True,11.5,3.5,2023
2023_18_KC_LAC,Q3,away,KC,LAC,3.5,10.0,9.0,1.0,0.45174455642700195,121.3640398700834,0.48198366165161133,107.47591247663964,13,12,1,True,True,4.5,3.5,2023
2023_18_NYJ_NE,Q3,away,NYJ,NE,2.5,6.0,3.0,3.0,0.6212986707687378,-164.0603353650571,0.6396406292915344,-177.50076209590515,17,3,14,True,True,16.5,2.5,2023
2023_18_PHI_NYG,Q3,home,NYG,PHI,-4.5,24.0,3.0,21.0,0.9929759502410889,-14136.801194799906,0.9840679168701172,-6176.643122231533,27,10,17,True,True,21.5,4.5,2023
2024_01_ARI_BUF,Q1,away,ARI,BUF,6.5,7.0,0.0,7.0,0.7216779589653015,-259.2960141720611,0.5570386052131653,-125.75330757237381,28,34,-6,False,True,0.5,6.5,2024
2024_01_DAL_CLE,Q1,away,DAL,CLE,2.5,7.0,3.0,4.0,0.5853931307792664,-141.19233766665053,0.5613795518875122,-127.98754693341196,33,17,16,True,True,18.5,2.5,2024
2024_01_GB_PHI,Q1,away,GB,PHI,2.0,6.0,0.0,6.0,0.506462574005127,-102.61887900075651,0.5239256024360657,-110.05120315584817,29,34,-5,False,False,-3.0,2.0,2024
2024_01_HOU_IND,Q1,home,IND,HOU,-3.0,7.0,6.0,1.0,0.5356930494308472,-115.37476421022525,0.4091058373451233,144.43552467729666,27,29,-2,False,True,1.0,3.0,2024
2024_01_JAX_MIA,Q1,away,JAX,MIA,3.5,7.0,0.0,7.0,0.6977799534797668,-230.8847349849943,0.6568801403045654,-191.4433460329681,17,20,-3,False,True,0.5,3.5,2024
2024_01_LA_DET,Q1,away,LA,DET,5.0,3.0,0.0,3.0,0.39680230617523193,152.01466433977575,0.33505815267562866,198.45565374680035,20,26,-6,False,False,-1.0,5.0,2024
2024_01_LV_LAC,Q1,away,LV,LAC,3.0,7.0,3.0,4.0,0.6287105083465576,-169.33161925664982,0.5661632716655731,-130.5014616533668,10,22,-12,False,False,-9.0,3.0,2024
2024_01_NYJ_SF,Q1,away,NYJ,SF,3.5,7.0,3.0,4.0,0.4598046541213989,117.48366203704784,0.42742443084716797,133.95948566111912,19,32,-13,False,False,-9.5,3.5,2024
2024_01_TEN_CHI,Q1,away,TEN,CHI,4.0,7.0,0.0,7.0,0.7418228983879089,-287.33101958146995,0.6980397701263428,-231.16943923986568,17,24,-7,False,False,-3.0,4.0,2024
2024_02_CLE_JAX,Q1,away,CLE,JAX,3.0,7.0,0.0,7.0,0.7447176575660706,-291.72313700420295,0.7061022520065308,-240.25439351859927,18,13,5,True,True,8.0,3.0,2024
2024_02_IND_GB,Q1,home,GB,IND,-3.0,10.0,0.0,10.0,0.8160086274147034,-443.5037447402104,0.7004345059394836,-233.81681796702065,16,10,6,True,True,9.0,3.0,2024
2024_02_LA_ARI,Q1,home,ARI,LA,-1.0,14.0,0.0,14.0,0.9279190301895142,-1287.3287257776697,0.8831894993782043,-756.0874190906517,41,10,31,True,True,32.0,1.0,2024
2024_02_NO_DAL,Q1,away,NO,DAL,6.5,14.0,3.0,11.0,0.7062960863113403,-240.4789495110536,0.5206222534179688,-108.60375917113619,44,19,25,True,True,31.5,6.5,2024
2024_02_NYG_WAS,Q1,away,NYG,WAS,1.5,6.0,3.0,3.0,0.5827852487564087,-139.68471800656656,0.5741671025753021,-134.83389988131083,18,21,-3,False,False,-1.5,1.5,2024
2024_02_NYJ_TEN,Q1,home,TEN,NYJ,-3.5,7.0,0.0,7.0,0.7306358814239502,-271.24469483401856,0.5610007643699646,-127.79082942247886,17,24,-7,False,False,-3.5,3.5,2024
2024_02_SF_MIN,Q1,home,MIN,SF,-4.5,3.0,0.0,3.0,0.6387585401535034,-176.8231532518258,0.43572860956192017,129.50065202406518,23,17,6,True,True,10.5,4.5,2024
2024_02_TB_DET,Q1,away,TB,DET,7.5,6.0,3.0,3.0,0.3789730668067932,163.8709944286929,0.2369236946105957,322.0768216718827,20,16,4,True,True,11.5,7.5,2024
2024_03_DEN_TB,Q1,away,DEN,TB,6.0,14.0,0.0,14.0,0.8637604117393494,-634.0010438719336,0.7099311351776123,-244.7457211970374,26,7,19,True,True,25.0,6.0,2024
2024_03_GB_TEN,Q1,away,GB,TEN,3.0,17.0,7.0,10.0,0.6952824592590332,-228.17277192784792,0.6606755554676056,-194.70320105527577,30,14,16,True,True,19.0,3.0,2024
2024_03_HOU_MIN,Q1,home,MIN,HOU,-2.0,14.0,0.0,14.0,0.8990073204040527,-890.1707767343258,0.8090494871139526,-423.69589632721505,34,7,27,True,True,29.0,2.0,2024
2024_03_KC_ATL,Q1,home,ATL,KC,-3.0,7.0,0.0,7.0,0.7115175724029541,-246.64156438561534,0.560897171497345,-127.73708914834593,17,22,-5,False,False,-2.0,3.0,2024
2024_03_LAC_PIT,Q1,away,LAC,PIT,3.0,7.0,0.0,7.0,0.5837377309799194,-140.23315933824398,0.5656158328056335,-130.21096888933042,10,20,-10,False,False,-7.0,3.0,2024
2024_04_JAX_HOU,Q1,away,JAX,HOU,5.5,10.0,7.0,3.0,0.5115578770637512,-104.73254722351608,0.417685866355896,139.41437346791471,20,24,-4,False,True,1.5,5.5,2024
2024_04_KC_LAC,Q1,home,LAC,KC,-7.5,10.0,0.0,10.0,0.7930612564086914,-383.23478853961683,0.48894059658050537,104.52382293343632,10,17,-7,False,True,0.5,7.5,2024
2024_04_LA_CHI,Q1,away,LA,CHI,3.0,3.0,0.0,3.0,0.6714215278625488,-204.34130194070636,0.6264548897743225,-167.7052844824684,18,24,-6,False,False,-3.0,3.0,2024
2024_04_MIN_GB,Q1,away,MIN,GB,2.5,14.0,0.0,14.0,0.8683313727378845,-659.4823617392768,0.836720883846283,-512.4481951865557,31,29,2,True,True,4.5,2.5,2024
2024_04_PHI_TB,Q1,home,TB,PHI,-1.0,14.0,0.0,14.0,0.9243282675743103,-1221.4974310017399,0.8763624429702759,-708.8157223614396,33,16,17,True,True,18.0,1.0,2024
2024_04_PIT_IND,Q1,home,IND,PIT,-2.5,14.0,0.0,14.0,0.8971095085144043,-871.9071078011095,0.8013348579406738,-403.35956757898475,27,24,3,True,True,5.5,2.5,2024
2024_05_IND_JAX,Q1,away,IND,JAX,3.5,7.0,0.0,7.0,0.6267598867416382,-167.92404258750895,0.5551990568637848,-124.8196671862185,34,37,-3,False,True,0.5,3.5,2024
2024_05_LV_DEN,Q1,away,LV,DEN,3.0,10.0,0.0,10.0,0.6383033990859985,-176.47481272232477,0.6058407127857208,-153.7045383523753,18,34,-16,False,False,-13.0,3.0,2024
2024_05_MIA_NE,Q1,home,NE,MIA,-2.0,7.0,3.0,4.0,0.7319687604904175,-273.0908388998621,0.5936543345451355,-146.0958944598553,10,15,-5,False,False,-3.0,2.0,2024
2024_05_TB_ATL,Q1,away,TB,ATL,2.5,10.0,7.0,3.0,0.5345519781112671,-114.84676117907183,0.5193741023540497,-108.06203013568008,30,36,-6,False,False,-3.5,2.5,2024
2024_06_BUF_NYJ,Q1,home,NYJ,BUF,-1.0,10.0,7.0,3.0,0.6195173263549805,-162.82405724812955,0.5112384557723999,-104.5987479600754,20,23,-3,False,False,-2.0,1.0,2024
2024_06_PIT_LV,Q1,home,LV,PIT,-3.5,7.0,3.0,4.0,0.6916888952255249,-224.34770740142002,0.48166340589523315,107.61386224501982,13,32,-19,False,False,-15.5,3.5,2024
2024_07_BAL_TB,Q1,home,TB,BAL,-4.5,10.0,0.0,10.0,0.7483237385749817,-297.3358450009911,0.5728768110275269,-134.12449284378403,31,41,-10,False,False,-5.5,4.5,2024
2024_07_HOU_GB,Q1,away,HOU,GB,3.0,3.0,0.0,3.0,0.5270543098449707,-111.44076810853375,0.49869662523269653,100.5227124874548,22,24,-2,False,True,1.0,3.0,2024
2024_07_MIA_IND,Q1,away,MIA,IND,3.0,7.0,0.0,7.0,0.6856119632720947,-218.0782609948591,0.6594101190567017,-193.6082531960134,10,16,-6,False,False,-3.0,3.0,2024
2024_07_NE_JAX,Q1,away,NE,JAX,6.5,7.0,0.0,7.0,0.7437913417816162,-290.30687212281214,0.5937057733535767,-146.12705138688762,16,32,-16,False,False,-9.5,6.5,2024
2024_07_SEA_ATL,Q1,away,SEA,ATL,3.0,3.0,0.0,3.0,0.4815772771835327,107.65099338748337,0.4919896125793457,103.25632379865029,34,14,20,True,True,23.0,3.0,2024
2024_07_TEN_BUF,Q1,away,TEN,BUF,9.5,3.0,0.0,3.0,0.700928807258606,-234.36854644328682,0.44043421745300293,127.04866251830359,10,34,-24,False,False,-14.5,9.5,2024
2024_08_BAL_CLE,Q1,home,CLE,BAL,-7.5,3.0,0.0,3.0,0.6753237247467041,-207.99909824635353,0.37845277786254883,164.23375873943047,29,24,5,True,True,12.5,7.5,2024
2024_08_CAR_DEN,Q1,away,CAR,DEN,13.0,7.0,0.0,7.0,0.5873302817344666,-142.32454084662137,0.3180196285247803,214.44599965064089,14,28,-14,False,False,-1.0,13.0,2024
2024_08_IND_HOU,Q1,away,IND,HOU,5.0,10.0,3.0,7.0,0.6444751024246216,-181.2742530325826,0.5300742983818054,-112.79959716110194,20,23,-3,False,True,2.0,5.0,2024
2024_08_NO_LAC,Q1,away,NO,LAC,7.0,2.0,0.0,2.0,0.4972546696662903,101.10419489295178,0.328508198261261,204.4064060783971,8,26,-18,False,False,-11.0,7.0,2024
2024_08_NYJ_NE,Q1,home,NE,NYJ,-7.0,7.0,6.0,1.0,0.6452894806861877,-181.92002930572815,0.36903083324432373,170.98006722325323,25,22,3,True,True,10.0,7.0,2024
2024_09_DET_GB,Q1,home,GB,DET,-2.5,3.0,0.0,3.0,0.5155115127563477,-106.40325339600766,0.40143346786499023,149.1072817915419,14,24,-10,False,False,-7.5,2.5,2024
2024_10_CIN_BAL,Q1,away,CIN,BAL,6.0,7.0,0.0,7.0,0.5384604334831238,-116.66614794193055,0.38083481788635254,162.58103330731086,34,35,-1,False,True,5.0,6.0,2024
2024_10_DET_HOU,Q1,home,HOU,DET,-4.5,10.0,0.0,10.0,0.8006873726844788,-401.72435809445886,0.6017718315124512,-151.1123218123799,23,26,-3,False,True,1.5,4.5,2024
2024_10_MIA_LA,Q1,away,MIA,LA,2.5,7.0,0.0,7.0,0.7080512046813965,-242.52581823764703,0.6967021822929382,-229.70893347008632,23,15,8,True,True,10.5,2.5,2024
2024_10_MIN_JAX,Q1,home,JAX,MIN,-7.0,7.0,3.0,4.0,0.6360774636268616,-174.78375204955051,0.3483796715736389,187.04315480951493,7,12,-5,False,True,2.0,7.0,2024
2024_10_NE_CHI,Q1,away,NE,CHI,6.5,3.0,0.0,3.0,0.4694330096244812,113.02294033390221,0.3459179401397705,189.08590274211946,19,3,16,True,True,22.5,6.5,2024
2024_10_NYG_CAR,Q1,home,CAR,NYG,-6.5,7.0,0.0,7.0,0.7313473224639893,-272.22781815228996,0.4748134911060333,110.60901148166496,20,17,3,True,True,9.5,6.5,2024
2024_10_NYJ_ARI,Q1,home,ARI,NYJ,-2.0,14.0,3.0,11.0,0.7996113896369934,-399.0303581568268,0.6900056600570679,-222.58653502644378,31,6,25,True,True,27.0,2.0,2024
2024_10_TEN_LAC,Q1,away,TEN,LAC,8.0,7.0,3.0,4.0,0.5930202007293701,-145.71244120522766,0.3879597783088684,157.75867909787928,17,27,-10,False,False,-2.0,8.0,2024
2024_11_BAL_PIT,Q1,home,PIT,BAL,-3.0,3.0,0.0,3.0,0.6590248942375183,-193.276542216717,0.4849177598953247,106.22053525444437,18,16,2,True,True,5.0,3.0,2024
2024_11_CLE_NO,Q1,home,NO,CLE,-1.0,7.0,6.0,1.0,0.6066281199455261,-154.2123752876084,0.4778015613555908,109.29190711785414,35,14,21,True,True,22.0,1.0,2024
2024_11_IND_NYJ,Q1,away,IND,NYJ,4.0,3.0,0.0,3.0,0.7422458529472351,-287.9665997363332,0.6928526163101196,-225.5765971328204,28,27,1,True,True,5.0,4.0,2024
2024_11_LA_NE,Q1,home,NE,LA,-4.0,7.0,0.0,7.0,0.786363422870636,-368.08463861245394,0.6208180785179138,-163.72565339912794,22,28,-6,False,False,-2.0,4.0,2024
2024_11_WAS_PHI,Q1,away,WAS,PHI,4.5,7.0,0.0,7.0,0.6419016718864441,-179.25290946426642,0.5322980880737305,-113.8113987777848,18,26,-8,False,False,-3.5,4.5,2024
2024_12_BAL_LAC,Q1,home,LAC,BAL,-3.0,7.0,0.0,7.0,0.7925504446029663,-382.04489910143184,0.6623497605323792,-196.16445750985335,23,30,-7,False,False,-4.0,3.0,2024
2024_12_DET_IND,Q1,home,IND,DET,-7.0,3.0,0.0,3.0,0.4797852635383606,108.426576636622,0.25761914253234863,288.16991244135994,6,24,-18,False,False,-11.0,7.0,2024
2024_12_MIN_CHI,Q1,home,CHI,MIN,-3.0,7.0,0.0,7.0,0.5892308950424194,-143.44576744720572,0.4183313846588135,139.04493821700447,27,30,-3,False,False,0.0,3.0,2024
2024_12_PHI_LA,Q1,home,LA,PHI,-3.0,7.0,3.0,4.0,0.6359455585479736,-174.68419174107947,0.4796602129936218,108.48091480401716,20,37,-17,False,False,-14.0,3.0,2024
2024_12_TEN_HOU,Q1,away,TEN,HOU,8.0,10.0,7.0,3.0,0.6153015494346619,-159.94385954256853,0.43878573179244995,127.90166761233932,32,27,5,True,True,13.0,8.0,2024
2024_13_LAC_ATL,Q1,home,ATL,LAC,-1.0,7.0,3.0,4.0,0.698181688785553,-231.32515915824706,0.6017221808433533,-151.081017295289,13,17,-4,False,False,-3.0,1.0,2024
2024_13_LA_NO,Q1,home,NO,LA,-2.5,3.0,0.0,3.0,0.6236220002174377,-165.69034337227762,0.4977776110172272,100.89292444400273,14,21,-7,False,False,-4.5,2.5,2024
2024_13_NYG_DAL,Q1,away,NYG,DAL,4.5,7.0,3.0,4.0,0.5285919904708862,-112.13046443544587,0.4277084469795227,133.80412686772976,20,27,-7,False,False,-2.5,4.5,2024
2024_14_CAR_PHI,Q1,away,CAR,PHI,14.0,3.0,0.0,3.0,0.44723576307296753,123.5957145128503,0.19148361682891846,422.237889883526,16,22,-6,False,True,8.0,14.0,2024
2024_14_CLE_PIT,Q1,away,CLE,PIT,6.0,7.0,3.0,4.0,0.6630900502204895,-196.81521743553327,0.49114346504211426,103.60649610073762,14,27,-13,False,False,-7.0,6.0,2024
2024_14_SEA_ARI,Q1,away,SEA,ARI,3.0,17.0,7.0,10.0,0.7288011908531189,-268.7331825481581,0.680517315864563,-213.0060092947241,30,18,12,True,True,15.0,3.0,2024
2024_15_BUF_DET,Q1,away,BUF,DET,2.5,14.0,0.0,14.0,0.7802625894546509,-355.0886430845699,0.7325851023197174,-273.95074420856895,48,42,6,True,True,8.5,2.5,2024
2024_15_CIN_TEN,Q1,home,TEN,CIN,-6.0,14.0,7.0,7.0,0.7122704386711121,-247.5485783877989,0.4589829444885254,117.87301946793801,27,37,-10,False,False,-4.0,6.0,2024
2024_15_IND_DEN,Q1,away,IND,DEN,4.5,7.0,0.0,7.0,0.743474006652832,-289.82404354113766,0.6569305658340454,-191.48618338183556,13,31,-18,False,False,-13.5,4.5,2024
2024_16_ARI_CAR,Q1,home,CAR,ARI,-5.5,7.0,0.0,7.0,0.7331502437591553,-274.7427069401,0.4800345301628113,108.31834736156047,36,30,6,True,True,11.5,5.5,2024
2024_16_JAX_LV,Q1,away,JAX,LV,2.5,7.0,0.0,7.0,0.5474207997322083,-120.95580163832068,0.5470092296600342,-120.75504965575972,14,19,-5,False,False,-2.5,2.5,2024
2024_16_LA_NYJ,Q1,home,NYJ,LA,-3.0,6.0,0.0,6.0,0.7542359828948975,-306.8943907164179,0.6174003481864929,-161.36981444181663,9,19,-10,False,False,-7.0,3.0,2024
2024_16_NE_BUF,Q1,away,NE,BUF,14.0,7.0,0.0,7.0,0.7754886150360107,-345.4117104842572,0.41081303358078003,143.41973556283614,21,24,-3,False,True,11.0,14.0,2024
2024_16_SF_MIA,Q1,home,MIA,SF,-2.0,3.0,0.0,3.0,0.4983583688735962,100.65881551467241,0.353000283241272,183.2858916763278,29,17,12,True,True,14.0,2.0,2024
2024_16_TB_DAL,Q1,home,DAL,TB,-4.5,10.0,0.0,10.0,0.751274824142456,-302.05017306842507,0.5798028707504272,-137.98353924642305,26,24,2,True,True,6.5,4.5,2024
2024_16_TEN_IND,Q1,away,TEN,IND,4.0,7.0,0.0,7.0,0.7080512046813965,-242.52581823764703,0.6559102535247803,-190.62185381685498,30,38,-8,False,False,-4.0,4.0,2024
2024_17_DEN_CIN,Q1,away,DEN,CIN,3.5,3.0,0.0,3.0,0.46932780742645264,113.07069050169329,0.43453162908554077,130.13284489887906,24,30,-6,False,False,-2.5,3.5,2024
2024_17_DET_SF,Q1,home,SF,DET,-4.0,7.0,6.0,1.0,0.7149102091789246,-250.766682005673,0.5338503122329712,-114.52336582917066,34,40,-6,False,False,-2.0,4.0,2024
2024_17_IND_NYG,Q1,home,NYG,IND,-7.5,7.0,3.0,4.0,0.6312013864517212,-171.1506939732819,0.33145034313201904,201.7043188281428,45,33,12,True,True,19.5,7.5,2024
2024_17_TEN_JAX,Q1,home,JAX,TEN,-1.0,3.0,0.0,3.0,0.6050699949264526,-153.20942626624966,0.5262497663497925,-111.08169009122808,20,13,7,True,True,8.0,1.0,2024
2024_18_BUF_NE,Q1,home,NE,BUF,-3.0,7.0,0.0,7.0,0.6268920302391052,-168.0189331363914,0.4634414315223694,115.77699618160531,23,16,7,True,True,10.0,3.0,2024
2024_18_CHI_GB,Q1,away,CHI,GB,10.0,7.0,3.0,4.0,0.7338364720344543,-275.70887628505136,0.4849984645843506,106.18621975577011,24,22,2,True,True,12.0,10.0,2024
2024_18_HOU_TEN,Q1,away,HOU,TEN,2.5,7.0,0.0,7.0,0.6010971069335938,-150.6875776991489,0.6026433110237122,-151.6630593475865,23,14,9,True,True,11.5,2.5,2024
2024_18_MIA_NYJ,Q1,away,MIA,NYJ,1.5,6.0,0.0,6.0,0.6061389446258545,-153.8966435892112,0.6417146921157837,-179.10717464394622,20,32,-12,False,False,-10.5,1.5,2024
2024_18_WAS_DAL,Q1,home,DAL,WAS,-7.0,3.0,0.0,3.0,0.6976165771484375,-230.7059595296967,0.4154643714427948,140.6945261099699,19,23,-4,False,True,3.0,7.0,2024
2024_01_ARI_BUF,H1,away,ARI,BUF,6.5,17.0,10.0,7.0,0.7069733738899231,-241.2659160960837,0.5749874114990234,-135.28714844118136,28,34,-6,False,True,0.5,6.5,2024
2024_01_DAL_CLE,H1,away,DAL,CLE,2.5,20.0,3.0,17.0,0.8876581192016602,-790.1399842103923,0.8746320158243179,-697.6518140378398,33,17,16,True,True,18.5,2.5,2024
2024_01_DEN_SEA,H1,away,DEN,SEA,6.5,13.0,9.0,4.0,0.6154525876045227,-160.0459573425961,0.5071887969970703,-102.9174649250121,20,26,-6,False,True,0.5,6.5,2024
2024_01_GB_PHI,H1,away,GB,PHI,2.0,19.0,17.0,2.0,0.5087411403656006,-103.5586698109041,0.5168149769306183,-106.96005717387635,29,34,-5,False,False,-3.0,2.0,2024
2024_01_JAX_MIA,H1,away,JAX,MIA,3.5,17.0,7.0,10.0,0.8049947023391724,-412.8065811521173,0.7515338659286499,-302.4693360073119,17,20,-3,False,True,0.5,3.5,2024
2024_01_LV_LAC,H1,away,LV,LAC,3.0,7.0,6.0,1.0,0.5368156433105469,-115.89675591536884,0.5309191346168518,-113.18285903288631,10,22,-12,False,False,-9.0,3.0,2024
2024_01_NE_CIN,H1,away,NE,CIN,8.0,10.0,0.0,10.0,0.8049947023391724,-412.8065811521173,0.6873963475227356,-219.89389505700987,16,10,6,True,True,14.0,8.0,2024
2024_01_TEN_CHI,H1,away,TEN,CHI,4.0,17.0,0.0,17.0,0.8425047397613525,-534.9397426212906,0.7576024085283279,-312.5453532474004,17,24,-7,False,False,-3.0,4.0,2024
2024_02_BUF_MIA,H1,away,BUF,MIA,2.5,24.0,10.0,14.0,0.8951838612556458,-854.0515534911968,0.8695886731147766,-666.8045589936465,31,10,21,True,True,23.5,2.5,2024
2024_02_CIN_KC,H1,away,CIN,KC,6.5,16.0,10.0,6.0,0.6658905744552612,-199.30313949376907,0.5520303547382355,-123.22941087128004,25,26,-1,False,True,5.5,6.5,2024
2024_02_CLE_JAX,H1,away,CLE,JAX,3.0,13.0,3.0,10.0,0.8049947023391724,-412.8065811521173,0.7635661363601685,-322.9512577450991,18,13,5,True,True,8.0,3.0,2024
2024_02_IND_GB,H1,home,GB,IND,-3.0,10.0,0.0,10.0,0.817753255367279,-448.706646044781,0.7297601699829102,-270.04167740068533,16,10,6,True,True,9.0,3.0,2024
2024_02_LA_ARI,H1,home,ARI,LA,-1.0,24.0,3.0,21.0,0.9661402106285095,-2853.3556426726846,0.9240538477897644,-1216.7224025145879,41,10,31,True,True,32.0,1.0,2024
2024_02_NO_DAL,H1,away,NO,DAL,6.5,35.0,16.0,19.0,0.9040041565895081,-941.7117705022467,0.825355738401413,-472.59253229771764,44,19,25,True,True,31.5,6.5,2024
2024_02_NYG_WAS,H1,away,NYG,WAS,1.5,12.0,9.0,3.0,0.5896167755126953,-143.67467779642033,0.6022634506225586,-151.42270720788764,18,21,-3,False,False,-1.5,1.5,2024
2024_02_NYJ_TEN,H1,home,TEN,NYJ,-3.5,10.0,7.0,3.0,0.6287232637405396,-169.34087227624383,0.4942575693130493,102.32365917832351,17,24,-7,False,False,-3.5,3.5,2024
2024_02_SF_MIN,H1,home,MIN,SF,-4.5,13.0,7.0,6.0,0.7503747344017029,-300.6004751174601,0.6323904991149902,-172.02778970416367,23,17,6,True,True,10.5,4.5,2024
2024_02_TB_DET,H1,away,TB,DET,7.5,13.0,6.0,7.0,0.7069733738899231,-241.2659160960837,0.5286913216114044,-112.17517220752228,20,16,4,True,True,11.5,7.5,2024
2024_03_CAR_LV,H1,away,CAR,LV,5.5,21.0,7.0,14.0,0.8602129220962524,-615.3737062080693,0.7731177508831024,-340.7572667726709,36,22,14,True,True,19.5,5.5,2024
2024_03_DEN_TB,H1,away,DEN,TB,6.0,20.0,7.0,13.0,0.8463419079780579,-550.7955336691292,0.7555121779441833,-309.01832720801104,26,7,19,True,True,25.0,6.0,2024
2024_03_GB_TEN,H1,away,GB,TEN,3.0,20.0,7.0,13.0,0.8463419079780579,-550.7955336691292,0.8197914659976959,-454.9126768808931,30,14,16,True,True,19.0,3.0,2024
2024_03_HOU_MIN,H1,home,MIN,HOU,-2.0,14.0,0.0,14.0,0.9166976809501648,-1100.4467719581191,0.8622718453407288,-626.0679579087677,34,7,27,True,True,29.0,2.0,2024
2024_03_KC_ATL,H1,home,ATL,KC,-3.0,14.0,13.0,1.0,0.5511130094528198,-122.77321933100113,0.4261784553527832,134.64348970250435,17,22,-5,False,False,-2.0,3.0,2024
2024_03_LAC_PIT,H1,away,LAC,PIT,3.0,10.0,7.0,3.0,0.5506046414375305,-122.52121232377885,0.5378367900848389,-116.373778471802,10,20,-10,False,False,-7.0,3.0,2024
2024_03_NYG_CLE,H1,away,NYG,CLE,6.5,21.0,7.0,14.0,0.8602129220962524,-615.3737062080693,0.7605469822883606,-317.6184579157182,21,15,6,True,True,12.5,6.5,2024
2024_03_WAS_CIN,H1,away,WAS,CIN,7.5,21.0,13.0,8.0,0.7881978750228882,-372.13879469248195,0.6543061137199402,-189.27326738716513,38,33,5,True,True,12.5,7.5,2024
2024_04_KC_LAC,H1,home,LAC,KC,-7.5,10.0,7.0,3.0,0.6789292693138123,-211.45785162752594,0.46821096539497375,113.57893640026548,10,17,-7,False,True,0.5,7.5,2024
2024_04_MIN_GB,H1,away,MIN,GB,2.5,28.0,7.0,21.0,0.9193190336227417,-1139.449705304809,0.9146029576659203,-1071.0007427282128,31,29,2,True,True,4.5,2.5,2024
2024_04_PHI_TB,H1,home,TB,PHI,-1.0,24.0,7.0,17.0,0.91569584608078,-1086.181170809445,0.874640166759491,-697.7036776057691,33,16,17,True,True,18.0,1.0,2024
2024_04_PIT_IND,H1,home,IND,PIT,-2.5,17.0,3.0,14.0,0.8932299613952637,-836.5923372023956,0.8163250088691711,-444.43993373475405,27,24,3,True,True,5.5,2.5,2024
2024_04_TEN_MIA,H1,away,TEN,MIA,2.5,9.0,3.0,6.0,0.6658905744552612,-199.30313949376907,0.6575603783130646,-192.02228266512287,31,12,19,True,True,21.5,2.5,2024
2024_04_WAS_ARI,H1,away,WAS,ARI,3.5,17.0,7.0,10.0,0.8049947023391724,-412.8065811521173,0.7515338659286499,-302.4693360073119,42,14,28,True,True,31.5,3.5,2024
2024_05_BAL_CIN,H1,home,CIN,BAL,-2.5,17.0,14.0,3.0,0.6789292693138123,-211.45785162752594,0.5696333646774292,-132.36002002117903,38,41,-3,False,False,-0.5,2.5,2024
2024_05_DAL_PIT,H1,away,DAL,PIT,2.5,6.0,3.0,3.0,0.5506046414375305,-122.52121232377885,0.5523067712783813,-123.36723806511104,20,17,3,True,True,5.5,2.5,2024
2024_05_GB_LA,H1,home,LA,GB,-3.0,13.0,7.0,6.0,0.7482293844223022,-297.1869384778919,0.6334609985351562,-172.82226338904732,19,24,-5,False,False,-2.0,3.0,2024
2024_05_MIA_NE,H1,home,NE,MIA,-2.0,7.0,3.0,4.0,0.6962094306945801,-229.17414200393975,0.5878463387489319,-142.62795506039157,10,15,-5,False,False,-3.0,2.0,2024
2024_05_TB_ATL,H1,away,TB,ATL,2.5,24.0,17.0,7.0,0.7313575148582458,-272.2419406120114,0.7204875946044922,-257.7658739636289,30,36,-6,False,False,-3.5,2.5,2024
2024_06_JAX_CHI,H1,home,CHI,JAX,-1.5,14.0,3.0,11.0,0.8392153382301331,-521.9498731982982,0.7551537156105042,-308.4195120597472,35,16,19,True,True,20.5,1.5,2024
2024_06_TB_NO,H1,home,NO,TB,-3.5,27.0,24.0,3.0,0.6789292693138123,-211.45785162752594,0.5283975601196289,-112.04300814339823,27,51,-24,False,False,-20.5,3.5,2024
2024_07_DET_MIN,H1,away,DET,MIN,1.0,21.0,10.0,11.0,0.7993437051773071,-398.3646293696572,0.7901293486356735,-376.48396452729486,31,29,2,True,True,3.0,1.0,2024
2024_07_HOU_GB,H1,away,HOU,GB,3.0,19.0,14.0,5.0,0.7004455924034119,-233.82917247764436,0.6558331251144409,-190.55672494121225,22,24,-2,False,True,1.0,3.0,2024
2024_07_KC_SF,H1,away,KC,SF,2.5,14.0,6.0,8.0,0.7881978750228882,-372.13879469248195,0.7462697625160217,-294.11936469067655,28,18,10,True,True,12.5,2.5,2024
2024_07_LAC_ARI,H1,home,ARI,LAC,-1.0,7.0,6.0,1.0,0.5511130094528198,-122.77321933100113,0.4451531767845154,124.64177549474581,17,15,2,True,True,3.0,1.0,2024
2024_07_MIA_IND,H1,away,MIA,IND,3.0,10.0,3.0,7.0,0.7313575148582458,-272.2419406120114,0.7118659019470215,-247.0606244652559,10,16,-6,False,False,-3.0,3.0,2024
2024_07_SEA_ATL,H1,away,SEA,ATL,3.0,10.0,7.0,3.0,0.6011370420455933,-150.71267713817338,0.5917885303497314,-144.97106875922444,34,14,20,True,True,23.0,3.0,2024
2024_07_TEN_BUF,H1,away,TEN,BUF,9.5,10.0,7.0,3.0,0.5896167755126953,-143.67467779642033,0.44951385259628296,122.46255465192955,10,34,-24,False,False,-14.5,9.5,2024
2024_08_DAL_SF,H1,away,DAL,SF,5.5,10.0,6.0,4.0,0.6024054288864136,-151.51248851290677,0.4815226197242737,107.67456377700665,24,30,-6,False,False,-0.5,5.5,2024
2024_09_HOU_NYJ,H1,away,HOU,NYJ,2.5,7.0,0.0,7.0,0.7069733738899231,-241.2659160960837,0.6749164462089539,-207.61322384299075,13,21,-8,False,False,-5.5,2.5,2024
2024_09_IND_MIN,H1,away,IND,MIN,6.5,7.0,0.0,7.0,0.7069733738899231,-241.2659160960837,0.5749874114990234,-135.28714844118136,13,21,-8,False,False,-1.5,6.5,2024
2024_09_LA_SEA,H1,home,SEA,LA,-1.5,13.0,3.0,10.0,0.817753255367279,-448.706646044781,0.7370336055755615,-280.27672782627855,20,26,-6,False,False,-4.5,1.5,2024
2024_09_MIA_BUF,H1,away,MIA,BUF,6.5,10.0,6.0,4.0,0.6154525876045227,-160.0459573425961,0.5071887969970703,-102.9174649250121,27,30,-3,False,True,3.5,6.5,2024
2024_10_ATL_NO,H1,home,NO,ATL,-3.5,17.0,7.0,10.0,0.8135933876037598,-436.4616561317702,0.7039924263954163,-237.82919397050009,20,17,3,True,True,6.5,3.5,2024
2024_10_CIN_BAL,H1,away,CIN,BAL,6.0,14.0,7.0,7.0,0.7069733738899231,-241.2659160960837,0.5749874114990234,-135.28714844118136,34,35,-1,False,True,5.0,6.0,2024
2024_10_DEN_KC,H1,away,DEN,KC,7.5,14.0,10.0,4.0,0.6024054288864136,-151.51248851290677,0.4287987947463989,133.20961071997,14,16,-2,False,True,5.5,7.5,2024
2024_10_DET_HOU,H1,home,HOU,DET,-4.5,23.0,7.0,16.0,0.9260119795799255,-1251.5701519278377,0.8305200338363647,-490.04024052877503,23,26,-3,False,True,1.5,4.5,2024
2024_10_MIA_LA,H1,away,MIA,LA,2.5,10.0,6.0,4.0,0.6024054288864136,-151.51248851290677,0.5840194225311279,-140.39583917228208,23,15,8,True,True,10.5,2.5,2024
2024_10_MIN_JAX,H1,home,JAX,MIN,-7.0,7.0,3.0,4.0,0.6569479703903198,-191.50097177322812,0.4292025566101074,132.99022445209047,7,12,-5,False,True,2.0,7.0,2024
2024_10_NE_CHI,H1,away,NE,CHI,6.5,10.0,3.0,7.0,0.7656519412994385,-326.71571744392,0.6880855560302734,-220.60073501984309,19,3,16,True,True,22.5,6.5,2024
2024_10_NYG_CAR,H1,home,CAR,NYG,-6.5,10.0,0.0,10.0,0.817753255367279,-448.706646044781,0.6655603647232056,-199.00762186047822,20,17,3,True,True,9.5,6.5,2024
2024_10_NYJ_ARI,H1,home,ARI,NYJ,-2.0,21.0,6.0,15.0,0.9297806024551392,-1324.1079174185925,0.8629605174064636,-629.7167072397908,31,6,25,True,True,27.0,2.0,2024
2024_11_BAL_PIT,H1,home,PIT,BAL,-3.0,9.0,7.0,2.0,0.6806350350379944,-213.1213845322603,0.5449121594429016,-119.73779804264694,18,16,2,True,True,5.0,3.0,2024
2024_11_CLE_NO,H1,home,NO,CLE,-1.0,14.0,6.0,8.0,0.8346096873283386,-504.63033405422897,0.732170581817627,-273.371979368999,35,14,21,True,True,22.0,1.0,2024
2024_11_GB_CHI,H1,home,CHI,GB,-6.0,10.0,7.0,3.0,0.6789292693138123,-211.45785162752594,0.4845619201660156,106.37197402086204,19,20,-1,False,True,5.0,6.0,2024
2024_11_IND_NYJ,H1,away,IND,NYJ,4.0,13.0,7.0,6.0,0.7424898743629456,-288.3342441490794,0.6772301197052002,-209.8182516555313,28,27,1,True,True,5.0,4.0,2024
2024_11_WAS_PHI,H1,away,WAS,PHI,4.5,7.0,3.0,4.0,0.6154525876045227,-160.0459573425961,0.5327525734901428,-114.01937030869955,18,26,-8,False,False,-3.5,4.5,2024
2024_12_ARI_SEA,H1,home,SEA,ARI,-1.0,7.0,3.0,4.0,0.6962094306945801,-229.17414200393975,0.5907531380653381,-144.3512933178348,16,6,10,True,True,11.0,1.0,2024
2024_12_DEN_LV,H1,home,LV,DEN,-6.5,13.0,9.0,4.0,0.6569479703903198,-191.50097177322812,0.43960386514663696,127.47752676524668,19,29,-10,False,False,-3.5,6.5,2024
2024_12_PIT_CLE,H1,home,CLE,PIT,-3.5,10.0,3.0,7.0,0.7868565320968628,-369.1675564059269,0.666599690914154,-199.93973393183444,24,19,5,True,True,8.5,3.5,2024
2024_12_TEN_HOU,H1,away,TEN,HOU,8.0,20.0,17.0,3.0,0.5896167755126953,-143.67467779642033,0.47695183753967285,109.66477562146304,32,27,5,True,True,13.0,8.0,2024
2024_13_ARI_MIN,H1,away,ARI,MIN,3.5,9.0,6.0,3.0,0.5506046414375305,-122.52121232377885,0.5273993909358978,-111.59515684508204,22,23,-1,False,True,2.5,3.5,2024
2024_13_IND_NE,H1,home,NE,IND,-2.5,16.0,14.0,2.0,0.5897396802902222,-143.74767725706687,0.46929192543029785,113.0869818574209,24,25,-1,False,True,1.5,2.5,2024
2024_13_LA_NO,H1,home,NO,LA,-2.5,6.0,0.0,6.0,0.7156428694725037,-251.67044981251263,0.6195088624954224,-162.81821084149934,14,21,-7,False,False,-4.5,2.5,2024
2024_13_PHI_BAL,H1,away,PHI,BAL,3.0,14.0,12.0,2.0,0.5087411403656006,-103.5586698109041,0.5011539459228516,-100.46264610631684,24,19,5,True,True,8.0,3.0,2024
2024_13_PIT_CIN,H1,away,PIT,CIN,3.0,27.0,21.0,6.0,0.7424898743629456,-288.3342441490794,0.704981803894043,-238.9621430811155,44,38,6,True,True,9.0,3.0,2024
2024_13_TB_CAR,H1,home,CAR,TB,-6.5,13.0,10.0,3.0,0.6287232637405396,-169.34087227624383,0.4156559705734253,140.58357651411404,23,26,-3,False,True,3.5,6.5,2024
2024_14_BUF_LA,H1,home,LA,BUF,-3.5,24.0,14.0,10.0,0.817753255367279,-448.706646044781,0.7242529392242432,-262.651190981586,44,42,2,True,True,5.5,3.5,2024
2024_14_SEA_ARI,H1,away,SEA,ARI,3.0,24.0,10.0,14.0,0.8951838612556458,-854.0515534911968,0.8644868731498718,-637.935890967934,30,18,12,True,True,15.0,3.0,2024
2024_15_BUF_DET,H1,away,BUF,DET,2.5,21.0,14.0,7.0,0.7313575148582458,-272.2419406120114,0.7204875946044922,-257.7658739636289,48,42,6,True,True,8.5,2.5,2024
2024_15_DAL_CAR,H1,away,DAL,CAR,2.5,10.0,7.0,3.0,0.5506046414375305,-122.52121232377885,0.5523067712783813,-123.36723806511104,30,14,16,True,True,18.5,2.5,2024
2024_15_IND_DEN,H1,away,IND,DEN,4.5,13.0,7.0,6.0,0.6658905744552612,-199.30313949376907,0.5891405344009399,-143.39222623043,13,31,-18,False,False,-13.5,4.5,2024
2024_15_NYJ_JAX,H1,home,JAX,NYJ,-3.5,13.0,7.0,6.0,0.7156428694725037,-251.67044981251263,0.6009907722473145,-150.62077025943404,25,32,-7,False,False,-3.5,3.5,2024
2024_16_ARI_CAR,H1,home,CAR,ARI,-5.5,20.0,17.0,3.0,0.6789292693138123,-211.45785162752594,0.4875132739543915,105.12261992143283,36,30,6,True,True,11.5,5.5,2024
2024_16_DEN_LAC,H1,away,DEN,LAC,3.0,21.0,13.0,8.0,0.7881978750228882,-372.13879469248195,0.7381542921066284,-281.90429319819845,27,34,-7,False,False,-4.0,3.0,2024
2024_16_LA_NYJ,H1,home,NYJ,LA,-3.0,9.0,6.0,3.0,0.6789292693138123,-211.45785162752594,0.5608662366867065,-127.7210461921519,9,19,-10,False,False,-7.0,3.0,2024
2024_16_NE_BUF,H1,away,NE,BUF,14.0,14.0,7.0,7.0,0.7069733738899231,-241.2659160960837,0.42129290103912354,137.3645503006315,21,24,-3,False,True,11.0,14.0,2024
2024_16_SF_MIA,H1,home,MIA,SF,-2.0,13.0,10.0,3.0,0.6789292693138123,-211.45785162752594,0.5689985752105713,-132.0177944860769,29,17,12,True,True,14.0,2.0,2024
2024_16_TB_DAL,H1,home,DAL,TB,-4.5,23.0,14.0,9.0,0.8103330731391907,-427.2400499924106,0.6670671701431274,-200.36088673799424,26,24,2,True,True,6.5,4.5,2024
2024_17_ATL_WAS,H1,away,ATL,WAS,3.5,17.0,7.0,10.0,0.773473858833313,-341.450154427943,0.7441672086715698,-290.88030694088434,24,30,-6,False,False,-2.5,3.5,2024
2024_17_DET_SF,H1,home,SF,DET,-4.0,21.0,13.0,8.0,0.7897358536720276,-375.59225738856526,0.6431947946548462,-180.26496951821505,34,40,-6,False,False,-2.0,4.0,2024
2024_17_GB_MIN,H1,home,MIN,GB,-1.0,13.0,3.0,10.0,0.8532896637916565,-581.6152330125526,0.7700324058532715,-334.84387602975056,27,25,2,True,True,3.0,1.0,2024
2024_17_IND_NYG,H1,home,NYG,IND,-7.5,21.0,13.0,8.0,0.8346096873283386,-504.63033405422897,0.6364970803260803,-175.10095404379422,45,33,12,True,True,19.5,7.5,2024
2024_17_TEN_JAX,H1,home,JAX,TEN,-1.0,13.0,0.0,13.0,0.861472487449646,-621.8782620069825,0.7770729064941406,-348.5771488218484,20,13,7,True,True,8.0,1.0,2024
2024_18_BUF_NE,H1,home,NE,BUF,-3.0,14.0,10.0,4.0,0.6569479703903198,-191.50097177322812,0.5285124778747559,-112.09469033082149,23,16,7,True,True,10.0,3.0,2024
2024_18_CHI_GB,H1,away,CHI,GB,10.0,14.0,13.0,1.0,0.5368156433105469,-115.89675591536884,0.4037621021270752,147.67059482102462,24,22,2,True,True,12.0,10.0,2024
2024_18_HOU_TEN,H1,away,HOU,TEN,2.5,16.0,3.0,13.0,0.8463419079780579,-550.7955336691292,0.827081710100174,-478.3078242210895,23,14,9,True,True,11.5,2.5,2024
2024_18_NO_TB,H1,away,NO,TB,14.5,16.0,6.0,10.0,0.773473858833313,-341.450154427943,0.5187990963459015,-107.81340857972073,19,27,-8,False,True,6.5,14.5,2024
2024_18_WAS_DAL,H1,home,DAL,WAS,-7.0,6.0,3.0,3.0,0.6789292693138123,-211.45785162752594,0.46821096539497375,113.57893640026548,19,23,-4,False,True,3.0,7.0,2024
2024_01_DAL_CLE,Q3,away,DAL,CLE,2.5,30.0,10.0,20.0,0.9872257113456726,-7728.2245458829675,0.9826146848499775,-5651.9808606903825,33,17,16,True,True,18.5,2.5,2024
2024_01_JAX_MIA,Q3,away,JAX,MIA,3.5,17.0,14.0,3.0,0.5971131324768066,-148.20863637170604,0.5586727857589722,-126.58924438180168,17,20,-3,False,True,0.5,3.5,2024
2024_01_NE_CIN,Q3,away,NE,CIN,8.0,13.0,7.0,6.0,0.800101637840271,-400.25422379446456,0.7257605195045471,-264.64479811344336,16,10,6,True,True,14.0,8.0,2024
2024_01_PIT_ATL,Q3,away,PIT,ATL,4.0,15.0,10.0,5.0,0.6654849648475647,-198.94022537561267,0.6059578955173492,-153.779986611565,18,10,8,True,True,12.0,4.0,2024
2024_01_TEN_CHI,Q3,away,TEN,CHI,4.0,17.0,10.0,7.0,0.7139555215835571,-249.59598085446433,0.6442914605140686,-181.12903936610465,17,24,-7,False,False,-3.0,4.0,2024
2024_02_ATL_PHI,Q3,away,ATL,PHI,5.5,15.0,10.0,5.0,0.678762674331665,-211.29632832034628,0.6058873534202576,-153.73456261258693,22,21,1,True,True,6.5,5.5,2024
2024_02_BUF_MIA,Q3,away,BUF,MIA,2.5,31.0,10.0,21.0,0.9880625009536743,-8276.964020012183,0.9866487383842468,-7389.928882976112,31,10,21,True,True,23.5,2.5,2024
2024_02_CIN_KC,Q3,away,CIN,KC,6.5,22.0,17.0,5.0,0.7497013807296753,-299.5227791967926,0.6777505278587341,-210.3185843425139,25,26,-1,False,True,5.5,6.5,2024
2024_02_CLE_JAX,Q3,away,CLE,JAX,3.0,16.0,10.0,6.0,0.7365395426750183,-279.5636013667462,0.7156736850738525,-251.7085642458897,18,13,5,True,True,8.0,3.0,2024
2024_02_IND_GB,Q3,home,GB,IND,-3.0,13.0,3.0,10.0,0.7982428669929504,-395.6454253169127,0.6972845792770386,-230.34326352180724,16,10,6,True,True,9.0,3.0,2024
2024_02_LA_ARI,Q3,home,ARI,LA,-1.0,34.0,10.0,24.0,0.9996116757392883,-257416.74597083652,0.999701201915741,-334574.16716537,41,10,31,True,True,32.0,1.0,2024
2024_02_NO_DAL,Q3,away,NO,DAL,6.5,41.0,19.0,22.0,0.9943463206291199,-17587.59659683932,0.9927853257395327,-13760.63963385688,44,19,25,True,True,31.5,6.5,2024
2024_02_SF_MIN,Q3,home,MIN,SF,-4.5,20.0,7.0,13.0,0.9591457843780518,-2347.727816521257,0.9001479148864746,-901.4813399871064,23,17,6,True,True,10.5,4.5,2024
2024_02_TB_DET,Q3,away,TB,DET,7.5,20.0,16.0,4.0,0.6090797185897827,-155.8066305469163,0.49562472105026245,101.76556122562492,20,16,4,True,True,11.5,7.5,2024
2024_03_CAR_LV,Q3,away,CAR,LV,5.5,27.0,7.0,20.0,0.9875024557113647,-7901.571964096645,0.9824563264846802,-5600.060475514212,36,22,14,True,True,19.5,5.5,2024
2024_03_DEN_TB,Q3,away,DEN,TB,6.0,20.0,7.0,13.0,0.9622167944908142,-2546.6785613435623,0.94028639793396,-1574.6603209333339,26,7,19,True,True,25.0,6.0,2024
2024_03_GB_TEN,Q3,away,GB,TEN,3.0,27.0,14.0,13.0,0.9558101892471313,-2162.9651111033177,0.9526433944702148,-2011.637835551886,30,14,16,True,True,19.0,3.0,2024
2024_03_HOU_MIN,Q3,home,MIN,HOU,-2.0,21.0,7.0,14.0,0.9720751643180847,-3481.0416626645406,0.9537967443466187,-2064.3496456224634,34,7,27,True,True,29.0,2.0,2024
2024_03_NYG_CLE,Q3,away,NYG,CLE,6.5,21.0,7.0,14.0,0.9173874258995056,-1110.4694846858858,0.8823795169591904,-750.1920534138937,21,15,6,True,True,12.5,6.5,2024
2024_03_WAS_CIN,Q3,away,WAS,CIN,7.5,28.0,20.0,8.0,0.8627690076828003,-628.6983669757127,0.8033196330070496,-408.4391570389142,38,33,5,True,True,12.5,7.5,2024
2024_04_CLE_LV,Q3,home,LV,CLE,-2.5,20.0,10.0,10.0,0.9099911451339722,-1011.0018025320211,0.8421749472618103,-533.6129674284754,20,16,4,True,True,6.5,2.5,2024
2024_04_DEN_NYJ,Q3,away,DEN,NYJ,7.5,7.0,6.0,1.0,0.3221887946128845,210.37702636478016,0.28053492307662964,256.4618583073326,10,9,1,True,True,8.5,7.5,2024
2024_04_JAX_HOU,Q3,away,JAX,HOU,5.5,20.0,17.0,3.0,0.7555785179138184,-309.1293414411936,0.6855297088623047,-217.99506286657004,20,24,-4,False,True,1.5,5.5,2024
2024_04_MIN_GB,Q3,away,MIN,GB,2.5,28.0,7.0,21.0,0.979025661945343,-4667.730916675902,0.9784952960908413,-4550.145401788614,31,29,2,True,True,4.5,2.5,2024
2024_04_PHI_TB,Q3,home,TB,PHI,-1.0,30.0,16.0,14.0,0.9717822670936584,-3443.870811022042,0.9584049582481384,-2304.1326991942383,33,16,17,True,True,18.0,1.0,2024
2024_04_PIT_IND,Q3,home,IND,PIT,-2.5,17.0,10.0,7.0,0.8930233716964722,-834.7836212996651,0.8530787229537964,-580.6366103702742,27,24,3,True,True,5.5,2.5,2024
2024_04_TEN_MIA,Q3,away,TEN,MIA,2.5,19.0,6.0,13.0,0.9085003137588501,-992.8999224811251,0.9023510068655014,-924.0760994049698,31,12,19,True,True,21.5,2.5,2024
2024_04_WAS_ARI,Q3,away,WAS,ARI,3.5,27.0,14.0,13.0,0.9480994939804077,-1826.763487859835,0.9337966442108154,-1410.4974484743066,42,14,28,True,True,31.5,3.5,2024
2024_05_BAL_CIN,Q3,home,CIN,BAL,-2.5,24.0,21.0,3.0,0.8251970410346985,-472.0726959767887,0.7640781998634338,-323.86926490944796,38,41,-3,False,False,-0.5,2.5,2024
2024_05_MIA_NE,Q3,home,NE,MIA,-2.0,10.0,9.0,1.0,0.6310766935348511,-171.05904736177652,0.5145444869995117,-105.99209880617715,10,15,-5,False,False,-3.0,2.0,2024
2024_05_NYG_SEA,Q3,away,NYG,SEA,7.0,20.0,13.0,7.0,0.7863541841506958,-368.06439715409795,0.6993274688720703,-232.58774795577236,29,20,9,True,True,16.0,7.0,2024
2024_05_TB_ATL,Q3,away,TB,ATL,2.5,27.0,20.0,7.0,0.6290780305862427,-169.5984822846976,0.5625165700912476,-128.58008592658555,30,36,-6,False,False,-3.5,2.5,2024
2024_06_JAX_CHI,Q3,home,CHI,JAX,-1.5,21.0,10.0,11.0,0.9575886726379395,-2257.8606523278954,0.9428726434707642,-1650.4748350962711,35,16,19,True,True,20.5,1.5,2024
2024_07_DET_MIN,Q3,away,DET,MIN,1.0,28.0,17.0,11.0,0.8427888751029968,-536.0873002181937,0.8141184002161026,-437.9768633165316,31,29,2,True,True,3.0,1.0,2024
2024_07_KC_SF,Q3,away,KC,SF,2.5,14.0,12.0,2.0,0.7865185141563416,-368.4246954943636,0.7938355803489685,-385.04974897834984,28,18,10,True,True,12.5,2.5,2024
2024_07_NYJ_PIT,Q3,home,PIT,NYJ,-3.0,23.0,15.0,8.0,0.8931634426116943,-836.0091942736635,0.8405157923698425,-527.0213301112493,37,15,22,True,True,25.0,3.0,2024
2024_07_SEA_ATL,Q3,away,SEA,ATL,3.0,24.0,14.0,10.0,0.8131420612335205,-435.16591620424657,0.7870532423257828,-369.6009513936244,34,14,20,True,True,23.0,3.0,2024
2024_08_BAL_CLE,Q3,home,CLE,BAL,-7.5,20.0,17.0,3.0,0.5659095048904419,-130.3667118414133,0.40849167108535767,144.80303290958454,29,24,5,True,True,12.5,7.5,2024
2024_08_MIN_LA,Q3,home,LA,MIN,-3.0,21.0,17.0,4.0,0.6705381870269775,-203.5253132908255,0.564902663230896,-129.83362928067672,30,20,10,True,True,13.0,3.0,2024
2024_08_PHI_CIN,Q3,away,PHI,CIN,2.5,24.0,17.0,7.0,0.8376867175102234,-516.0925246909387,0.8327581882476807,-497.9365982239976,37,17,20,True,True,22.5,2.5,2024
2024_09_HOU_NYJ,Q3,away,HOU,NYJ,2.5,10.0,7.0,3.0,0.489022433757782,104.4895961757269,0.4844738245010376,106.40950025110351,13,21,-8,False,False,-5.5,2.5,2024
2024_09_NO_CAR,Q3,home,CAR,NO,-7.0,17.0,16.0,1.0,0.5179626941680908,-107.45282323619764,0.36867672204971313,171.24034152206602,23,22,1,True,True,8.0,7.0,2024
2024_09_TB_KC,Q3,away,TB,KC,9.0,17.0,10.0,7.0,0.6207495927810669,-163.67802933504078,0.4742663502693176,110.85198210502146,24,30,-6,False,True,3.0,9.0,2024
2024_10_ATL_NO,Q3,home,NO,ATL,-3.5,20.0,17.0,3.0,0.7069588303565979,-241.24897918503626,0.5807625651359558,-138.52831756884808,20,17,3,True,True,6.5,3.5,2024
2024_10_CIN_BAL,Q3,away,CIN,BAL,6.0,21.0,14.0,7.0,0.8299165368080139,-487.94663586501895,0.7670467495918274,-329.2706790945542,34,35,-1,False,True,5.0,6.0,2024
2024_10_DEN_KC,Q3,away,DEN,KC,7.5,14.0,13.0,1.0,0.46581578254699707,114.67714007717376,0.36972206830978394,170.47344092052325,14,16,-2,False,True,5.5,7.5,2024
2024_10_DET_HOU,Q3,home,HOU,DET,-4.5,23.0,13.0,10.0,0.8669353723526001,-651.5145216877929,0.7721444368362427,-338.8745159938495,23,26,-3,False,True,1.5,4.5,2024
2024_10_MIA_LA,Q3,away,MIA,LA,2.5,17.0,6.0,11.0,0.8889153003692627,-800.2139838557015,0.8522392511367798,-576.7697157014845,23,15,8,True,True,10.5,2.5,2024
2024_10_MIN_JAX,Q3,home,JAX,MIN,-7.0,7.0,6.0,1.0,0.5610153675079346,-127.7984070474437,0.42686253786087036,134.26745411093805,7,12,-5,False,True,2.0,7.0,2024
2024_10_NE_CHI,Q3,away,NE,CHI,6.5,13.0,3.0,10.0,0.8456860780715942,-548.0296706242434,0.7905944883823395,-377.54234942289054,19,3,16,True,True,22.5,6.5,2024
2024_10_NYG_CAR,Q3,home,CAR,NYG,-6.5,17.0,7.0,10.0,0.8919214010238647,-825.2525564481172,0.8171892762184143,-447.01386183162674,20,17,3,True,True,9.5,6.5,2024
2024_10_NYJ_ARI,Q3,home,ARI,NYJ,-2.0,31.0,6.0,25.0,0.9997319579124451,-372975.73938181007,0.9995980858802795,-248709.37268278215,31,6,25,True,True,27.0,2.0,2024
2024_11_BAL_PIT,Q3,home,PIT,BAL,-3.0,15.0,10.0,5.0,0.7598580121994019,-316.42030581938457,0.6590560078620911,-193.3033058390155,18,16,2,True,True,5.0,3.0,2024
2024_11_GB_CHI,Q3,home,CHI,GB,-6.0,19.0,14.0,5.0,0.721129298210144,-258.58912161864663,0.5632127523422241,-128.94441295216177,19,20,-1,False,True,5.0,6.0,2024
2024_11_SEA_SF,Q3,away,SEA,SF,6.0,13.0,10.0,3.0,0.5330194234848022,-114.14166890246564,0.4672946333885193,113.99774971705645,20,17,3,True,True,9.0,6.0,2024
2024_11_WAS_PHI,Q3,away,WAS,PHI,4.5,10.0,6.0,4.0,0.6317489147186279,-171.55385006833674,0.5464553236961365,-120.48544548013284,18,26,-8,False,False,-3.5,4.5,2024
2024_12_ARI_SEA,Q3,home,SEA,ARI,-1.0,13.0,3.0,10.0,0.9184930324554443,-1126.888976642827,0.8957332372665405,-859.07840023415,16,6,10,True,True,11.0,1.0,2024
2024_12_DAL_WAS,Q3,away,DAL,WAS,10.5,10.0,9.0,1.0,0.5574219822883606,-125.94886324687447,0.44314247369766235,125.66105922003277,34,26,8,True,True,18.5,10.5,2024
2024_12_PIT_CLE,Q3,home,CLE,PIT,-3.5,10.0,6.0,4.0,0.7677216529846191,-330.5179595297286,0.6703327894210815,-203.33620327115054,24,19,5,True,True,8.5,3.5,2024
2024_13_ARI_MIN,Q3,away,ARI,MIN,3.5,19.0,13.0,6.0,0.8147453665733337,-439.797564845175,0.7838025093078613,-362.5400585356386,22,23,-1,False,True,2.5,3.5,2024
2024_13_PHI_BAL,Q3,away,PHI,BAL,3.0,14.0,12.0,2.0,0.5412083864212036,-117.96387954860738,0.5541406273841858,-124.28596580421666,24,19,5,True,True,8.0,3.0,2024
2024_13_PIT_CIN,Q3,away,PIT,CIN,3.0,34.0,24.0,10.0,0.7959092855453491,-389.97819556469864,0.7603077590465546,-317.20165660023446,44,38,6,True,True,9.0,3.0,2024
2024_13_TB_CAR,Q3,home,CAR,TB,-6.5,16.0,10.0,6.0,0.7782116532325745,-350.8803165608302,0.654688835144043,-189.59387989008107,23,26,-3,False,True,3.5,6.5,2024
2024_14_BUF_LA,Q3,home,LA,BUF,-3.5,38.0,21.0,17.0,0.9548132419586182,-2113.0377202192826,0.9201827645301819,-1152.8622347213936,44,42,2,True,True,5.5,3.5,2024
2024_14_CAR_PHI,Q3,away,CAR,PHI,14.0,16.0,14.0,2.0,0.3255482316017151,207.17414592607227,0.21037709712982178,375.33691340122886,16,22,-6,False,True,8.0,14.0,2024
2024_14_LAC_KC,Q3,away,LAC,KC,5.0,14.0,13.0,1.0,0.3880554437637329,157.69513508199844,0.37309789657592773,168.02616931840402,17,19,-2,False,True,3.0,5.0,2024
2024_14_NYJ_MIA,Q3,away,NYJ,MIA,6.5,23.0,15.0,8.0,0.8368514180183411,-512.9382112021173,0.7578046321868896,-312.88981248049646,26,32,-6,False,True,0.5,6.5,2024
2024_14_SEA_ARI,Q3,away,SEA,ARI,3.0,27.0,18.0,9.0,0.8798093199729919,-732.0112672424267,0.8384296894073486,-518.925591175711,30,18,12,True,True,15.0,3.0,2024
2024_15_BUF_DET,Q3,away,BUF,DET,2.5,35.0,21.0,14.0,0.9688300490379333,-3108.218072646263,0.9664262533187866,-2878.517737371155,48,42,6,True,True,8.5,2.5,2024
2024_15_DAL_CAR,Q3,away,DAL,CAR,2.5,24.0,7.0,17.0,0.9812052249908447,-5220.627671854981,0.9798999428749084,-4875.11023862548,30,14,16,True,True,18.5,2.5,2024
2024_15_IND_DEN,Q3,away,IND,DEN,4.5,13.0,10.0,3.0,0.6126439571380615,-158.16042331793963,0.5754229426383972,-135.52850599468977,13,31,-18,False,False,-13.5,4.5,2024
2024_15_TB_LAC,Q3,away,TB,LAC,3.0,30.0,17.0,13.0,0.908249020576477,-989.9066214693963,0.881281852722168,-742.3312045627987,40,17,23,True,True,26.0,3.0,2024
2024_16_ARI_CAR,Q3,home,CAR,ARI,-5.5,23.0,20.0,3.0,0.7365220189094543,-279.5383568148507,0.5949825048446655,-146.90291455594397,36,30,6,True,True,11.5,5.5,2024
2024_16_DEN_LAC,Q3,away,DEN,LAC,3.0,24.0,19.0,5.0,0.6598473787307739,-193.98568097716168,0.611242264509201,-157.22960823853956,27,34,-7,False,False,-4.0,3.0,2024
2024_16_JAX_LV,Q3,away,JAX,LV,2.5,14.0,13.0,1.0,0.46372056007385254,115.64711295974006,0.4927855134010315,102.92804329785454,14,19,-5,False,False,-2.5,2.5,2024
2024_16_LA_NYJ,Q3,home,NYJ,LA,-3.0,9.0,6.0,3.0,0.5013301372528076,-100.53347408864046,0.4190468192100525,138.63681912324395,9,19,-10,False,False,-7.0,3.0,2024
2024_16_SF_MIA,Q3,home,MIA,SF,-2.0,19.0,10.0,9.0,0.7982810735702515,-395.739303048623,0.7407805323600769,-285.7734949865267,29,17,12,True,True,14.0,2.0,2024
2024_16_TB_DAL,Q3,home,DAL,TB,-4.5,26.0,17.0,9.0,0.881046712398529,-740.6661305152816,0.7871050834655762,-369.71530193315164,26,24,2,True,True,6.5,4.5,2024
2024_17_ATL_WAS,Q3,away,ATL,WAS,3.5,17.0,14.0,3.0,0.41170722246170044,142.89105107769302,0.3953685164451599,152.92858647198486,24,30,-6,False,False,-2.5,3.5,2024
2024_17_GB_MIN,Q3,home,MIN,GB,-1.0,27.0,10.0,17.0,0.9649017453193665,-2749.1445204304655,0.9441794753074646,-1691.455751281616,27,25,2,True,True,3.0,1.0,2024
2024_17_IND_NYG,Q3,home,NYG,IND,-7.5,28.0,20.0,8.0,0.8305585384368896,-490.17432379001224,0.6805542707443237,-213.04221919950143,45,33,12,True,True,19.5,7.5,2024
2024_17_TEN_JAX,Q3,home,JAX,TEN,-1.0,13.0,10.0,3.0,0.7124708890914917,-247.79087127570878,0.641549825668335,-178.9788014092929,20,13,7,True,True,8.0,1.0,2024
2024_18_BUF_NE,Q3,home,NE,BUF,-3.0,17.0,16.0,1.0,0.5838826894760132,-140.31684688646368,0.4833821654319763,106.87565067824671,23,16,7,True,True,10.0,3.0,2024
2024_18_CAR_ATL,Q3,away,CAR,ATL,7.5,31.0,24.0,7.0,0.6892237067222595,-221.7748655964247,0.565456211566925,-130.1264053516697,44,38,6,True,True,13.5,7.5,2024
2024_18_CHI_GB,Q3,away,CHI,GB,10.0,14.0,13.0,1.0,0.45198744535446167,121.24508330442032,0.37851518392562866,164.1901943348412,24,22,2,True,True,12.0,10.0,2024
2024_18_HOU_TEN,Q3,away,HOU,TEN,2.5,16.0,6.0,10.0,0.8842859268188477,-764.1991181439815,0.885020412504673,-769.7195926543413,23,14,9,True,True,11.5,2.5,2024
2024_18_NO_TB,Q3,away,NO,TB,14.5,19.0,13.0,6.0,0.7124877572059631,-247.81127588934118,0.4922303557395935,103.15691390009148,19,27,-8,False,True,6.5,14.5,2024
2025_01_BAL_BUF,Q1,home,BUF,BAL,-1.5,7.0,3.0,4.0,0.6101424694061279,-156.5039588889548,0.471160888671875,112.24172550035624,41,40,1,True,True,2.5,1.5,2025
2025_01_HOU_LA,Q1,away,HOU,LA,3.5,3.0,0.0,3.0,0.4364582896232605,129.11696805281764,0.42568498849868774,134.91549549980965,9,14,-5,False,False,-1.5,3.5,2025
2025_01_KC_LAC,Q1,home,LAC,KC,-3.0,7.0,0.0,7.0,0.833798885345459,-501.68068191272965,0.6942650079727173,-227.08065026157146,27,21,6,True,True,9.0,3.0,2025
2025_01_MIN_CHI,Q1,home,CHI,MIN,-1.5,7.0,0.0,7.0,0.7593148946762085,-315.4806333589729,0.6211403608322144,-163.94999535886953,24,27,-3,False,False,-1.5,1.5,2025
2025_01_PIT_NYJ,Q1,home,NYJ,PIT,-3.0,9.0,7.0,2.0,0.46371304988861084,115.65060552861547,0.3671088218688965,172.39879306336158,32,34,-2,False,True,1.0,3.0,2025
2025_01_TB_ATL,Q1,home,ATL,TB,-1.5,7.0,0.0,7.0,0.6741331219673157,-206.87377804003154,0.559355616569519,-126.94037132956372,20,23,-3,False,False,-1.5,1.5,2025
2025_02_ATL_MIN,Q1,away,ATL,MIN,3.5,6.0,0.0,6.0,0.570075511932373,-132.59898604396324,0.5157751739025116,-106.51564027794626,22,6,16,True,True,19.5,3.5,2025
2025_02_NE_MIA,Q1,away,NE,MIA,1.5,12.0,0.0,12.0,0.7568204402923584,-311.21877233523765,0.758030116558075,-313.27457193242356,33,27,6,True,True,7.5,1.5,2025
2025_02_NYG_DAL,Q1,away,NYG,DAL,4.5,6.0,0.0,6.0,0.6292186379432678,-169.700719165866,0.5194339156150818,-108.0879264045258,37,40,-3,False,True,1.5,4.5,2025
2025_02_SEA_PIT,Q1,away,SEA,PIT,3.5,7.0,6.0,1.0,0.5544641017913818,-124.44880514022218,0.5019335150718689,-100.77640842352518,31,17,14,True,True,17.5,3.5,2025
2025_03_ATL_CAR,Q1,home,CAR,ATL,-5.5,7.0,0.0,7.0,0.7775018811225891,-349.44200204720244,0.5569363832473755,-125.70122262111391,30,0,30,True,True,35.5,5.5,2025
2025_03_DAL_CHI,Q1,home,CHI,DAL,-1.5,14.0,3.0,11.0,0.7661396265029907,-327.6055772282381,0.610801100730896,-156.93803396616738,31,14,17,True,True,18.5,1.5,2025
2025_03_LA_PHI,Q1,away,LA,PHI,3.5,10.0,7.0,3.0,0.5836321115493774,-140.17221974566152,0.5651709139347076,-129.9754160994289,26,33,-7,False,False,-3.5,3.5,2025
2025_04_LAC_NYG,Q1,home,NYG,LAC,-6.0,7.0,0.0,7.0,0.859984278678894,-614.2055124700202,0.6365612745285034,-175.14954514070544,21,18,3,True,True,9.0,6.0,2025
2025_04_MIN_PIT,Q1,home,PIT,MIN,-2.5,7.0,3.0,4.0,0.5780523419380188,-136.99622000345525,0.4463214874267578,124.05374336007111,24,21,3,True,True,5.5,2.5,2025
2025_05_LV_IND,Q1,away,LV,IND,7.0,3.0,0.0,3.0,0.5048400163650513,-101.95493033565472,0.35743802785873413,179.76877725926178,6,40,-34,False,False,-27.0,7.0,2025
2025_05_NE_BUF,Q1,away,NE,BUF,7.5,3.0,0.0,3.0,0.5136947631835938,-105.63216767857423,0.34537941217422485,189.53665584894654,23,20,3,True,True,10.5,7.5,2025
2025_05_NYG_NO,Q1,away,NYG,NO,1.5,7.0,3.0,4.0,0.7353041172027588,-277.79204928775056,0.7237038612365723,-261.9305012641625,14,26,-12,False,False,-10.5,1.5,2025
2025_05_SF_LA,Q1,away,SF,LA,8.5,7.0,0.0,7.0,0.7213054895401001,-258.8158225111095,0.471469521522522,112.10278805948865,26,23,3,True,True,11.5,8.5,2025
2025_05_TB_SEA,Q1,away,TB,SEA,3.5,3.0,0.0,3.0,0.6250130534172058,-166.67594941980408,0.5891998410224915,-143.42736441218133,38,35,3,True,True,6.5,3.5,2025
2025_06_BUF_ATL,Q1,home,ATL,BUF,-3.5,14.0,7.0,7.0,0.7175959944725037,-254.10262617632551,0.5466693639755249,-120.58954779001755,24,14,10,True,True,13.5,3.5,2025
2025_06_CHI_WAS,Q1,away,CHI,WAS,5.5,6.0,0.0,6.0,0.7874485850334167,-370.47440270262007,0.6623495221138,-196.16424838499267,25,24,1,True,True,6.5,5.5,2025
2025_06_LAC_MIA,Q1,home,MIA,LAC,-3.5,7.0,6.0,1.0,0.6443949937820435,-181.2108891929048,0.4495391845703125,122.45001866874851,27,29,-2,False,True,1.5,3.5,2025
2025_06_LA_BAL,Q1,home,BAL,LA,-7.0,3.0,0.0,3.0,0.677493155002594,-210.07093818676725,0.41389399766921997,141.6077560030697,3,17,-14,False,False,-7.0,7.0,2025
2025_06_PHI_NYG,Q1,home,NYG,PHI,-7.0,13.0,10.0,3.0,0.6598865985870361,-194.019581658826,0.37778276205062866,164.70238995869926,34,17,17,True,True,24.0,7.0,2025
2025_06_SEA_JAX,Q1,home,JAX,SEA,-1.5,6.0,0.0,6.0,0.6603649854660034,-194.43371772844776,0.5502912402153015,-122.36613769292768,12,20,-8,False,False,-6.5,1.5,2025
2025_07_CAR_NYJ,Q1,away,CAR,NYJ,1.5,3.0,0.0,3.0,0.6608002185821533,-194.81151073270885,0.6537746787071228,-188.82925034650629,13,6,7,True,True,8.5,1.5,2025
2025_07_GB_ARI,Q1,home,ARI,GB,-7.0,3.0,0.0,3.0,0.6787545680999756,-211.2884731419971,0.3676055073738098,172.03074489934733,23,27,-4,False,True,3.0,7.0,2025
2025_07_IND_LAC,Q1,away,IND,LAC,2.5,6.0,3.0,3.0,0.6230100989341736,-165.25909505076888,0.5975431203842163,-148.4738243149619,38,24,14,True,True,16.5,2.5,2025
2025_07_NE_TEN,Q1,home,TEN,NE,-6.5,10.0,3.0,7.0,0.7821584343910217,-359.04921643603234,0.5137304067611694,-105.64724052339656,13,31,-18,False,False,-11.5,6.5,2025
2025_07_NYG_DEN,Q1,away,NYG,DEN,7.5,7.0,0.0,7.0,0.6335386037826538,-172.88003874954012,0.4306938052177429,132.1835113217932,32,33,-1,False,True,6.5,7.5,2025
2025_08_CHI_BAL,Q1,away,CHI,BAL,2.5,6.0,0.0,6.0,0.5774899125099182,-136.68073961038255,0.5908162295818329,-144.3889695278104,16,30,-14,False,False,-11.5,2.5,2025
2025_08_CLE_NE,Q1,away,CLE,NE,7.0,7.0,3.0,4.0,0.5916107892990112,-144.86445131190604,0.3937591314315796,153.9623643429745,13,32,-19,False,False,-12.0,7.0,2025
2025_08_MIA_ATL,Q1,away,MIA,ATL,7.0,7.0,0.0,7.0,0.564132809638977,-129.427683963024,0.36917978525161743,170.87073560066187,34,10,24,True,True,31.0,7.0,2025
2025_09_ARI_DAL,Q1,away,ARI,DAL,3.5,3.0,0.0,3.0,0.7025614976882935,-236.2039521541264,0.6480221748352051,-184.10880700561268,27,17,10,True,True,13.5,3.5,2025
2025_09_CHI_CIN,Q1,home,CIN,CHI,-3.0,10.0,7.0,3.0,0.4639016389846802,115.56293747714564,0.3584855794906616,178.95124858880118,42,47,-5,False,False,-2.0,3.0,2025
2025_09_KC_BUF,Q1,home,BUF,KC,-2.5,7.0,0.0,7.0,0.5941778421401978,-146.41335635139617,0.440695583820343,126.914005203117,28,21,7,True,True,9.5,2.5,2025
2025_09_LAC_TEN,Q1,home,TEN,LAC,-10.0,14.0,7.0,7.0,0.6128342747688293,-158.28732628719018,0.24257898330688477,312.23686667649514,20,27,-7,False,True,3.0,10.0,2025
2025_09_MIN_DET,Q1,away,MIN,DET,9.5,14.0,7.0,7.0,0.6742873787879944,-207.01911282372512,0.438037633895874,128.2908870423015,27,24,3,True,True,12.5,9.5,2025
2025_10_BAL_MIN,Q1,home,MIN,BAL,-4.5,7.0,3.0,4.0,0.7585212588310242,-314.1151287931576,0.5424872636795044,-118.57315012526398,19,27,-8,False,False,-3.5,4.5,2025
2025_10_BUF_MIA,Q1,home,MIA,BUF,-8.5,7.0,0.0,7.0,0.7636401057243347,-323.08362129901167,0.3829960525035858,161.09929683691385,30,13,17,True,True,25.5,8.5,2025
2025_10_CLE_NYJ,Q1,home,NYJ,CLE,-1.5,14.0,7.0,7.0,0.7703078389167786,-335.3653147256004,0.6543023586273193,-189.27012519647081,27,20,7,True,True,8.5,1.5,2025
2025_10_LV_DEN,Q1,away,LV,DEN,9.5,7.0,0.0,7.0,0.635636568069458,-174.4512517904454,0.3942453861236572,153.64913203736126,7,10,-3,False,True,6.5,9.5,2025
2025_10_PIT_LAC,Q1,away,PIT,LAC,3.0,3.0,2.0,1.0,0.5949934124946594,-146.90956415290742,0.5554921627044678,-124.96791194598158,10,25,-15,False,False,-12.0,3.0,2025
2025_11_DAL_LV,Q1,home,LV,DAL,-3.5,6.0,3.0,3.0,0.5296118259429932,-112.5903785750381,0.3595407009124756,178.1326279506347,16,33,-17,False,False,-13.5,3.5,2025
2025_11_GB_NYG,Q1,home,NYG,GB,-7.5,7.0,0.0,7.0,0.6007733345031738,-150.48427032185552,0.2759131193161011,262.4329290606677,20,27,-7,False,True,0.5,7.5,2025
2025_11_HOU_TEN,Q1,home,TEN,HOU,-5.5,3.0,0.0,3.0,0.6634576320648193,-197.13940807375664,0.4018932580947876,148.82228797282968,13,16,-3,False,True,2.5,5.5,2025
2025_11_KC_DEN,Q1,home,DEN,KC,-3.5,6.0,3.0,3.0,0.6040289402008057,-152.54370875162493,0.4450342059135437,124.7018289183526,22,19,3,True,True,6.5,3.5,2025
2025_11_LAC_JAX,Q1,home,JAX,LAC,-3.0,7.0,3.0,4.0,0.6937679052352905,-226.54970432421217,0.5252870321273804,-110.6536091654297,35,6,29,True,True,32.0,3.0,2025
2025_11_NYJ_NE,Q1,away,NYJ,NE,12.5,7.0,0.0,7.0,0.5225915908813477,-109.46426181434641,0.2491798996925354,301.31647907150864,14,27,-13,False,False,-0.5,12.5,2025
2025_12_ATL_NO,Q1,away,ATL,NO,1.5,3.0,0.0,3.0,0.5767564177513123,-136.27056426632927,0.5833357572555542,-140.0013961873214,24,10,14,True,True,15.5,1.5,2025
2025_12_CLE_LV,Q1,away,CLE,LV,3.0,14.0,0.0,14.0,0.7736634016036987,-341.8198413714173,0.7320849895477295,-273.25269618596144,24,10,14,True,True,17.0,3.0,2025
2025_12_IND_KC,Q1,away,IND,KC,3.5,7.0,0.0,7.0,0.5788909196853638,-137.46816365318912,0.5044409930706024,-101.79231655907937,20,23,-3,False,True,0.5,3.5,2025
2025_12_NE_CIN,Q1,home,CIN,NE,-7.5,3.0,0.0,3.0,0.681803822517395,-214.27153145316072,0.39436089992523193,153.57483467290825,20,26,-6,False,True,1.5,7.5,2025
2025_12_NYG_DET,Q1,away,NYG,DET,14.0,10.0,0.0,10.0,0.7195056080818176,-256.5133666885186,0.38040316104888916,162.87899323514839,27,34,-7,False,True,7.0,14.0,2025
2025_13_CHI_PHI,Q1,away,CHI,PHI,7.0,7.0,0.0,7.0,0.6118025183677673,-157.60084681522272,0.4235406517982483,136.10484513216113,24,15,9,True,True,16.0,7.0,2025
2025_13_GB_DET,Q1,away,GB,DET,2.5,3.0,0.0,3.0,0.5962222814559937,-147.66101596837208,0.5894482135772705,-143.57463128179845,31,24,7,True,True,9.5,2.5,2025
2025_13_HOU_IND,Q1,away,HOU,IND,3.0,3.0,0.0,3.0,0.5381013751029968,-116.49772181568754,0.5261820554733276,-111.05152549656286,20,16,4,True,True,7.0,3.0,2025
2025_13_LA_CAR,Q1,home,CAR,LA,-10.0,14.0,7.0,7.0,0.678311824798584,-210.86004307552744,0.3134177327156067,219.0629934482341,31,28,3,True,True,13.0,10.0,2025
2025_14_CIN_BUF,Q1,away,CIN,BUF,6.0,7.0,3.0,4.0,0.6073322892189026,-154.6682532186802,0.4321253299713135,131.41434455286034,34,39,-5,False,True,1.0,6.0,2025
2025_14_HOU_KC,Q1,away,HOU,KC,4.5,3.0,0.0,3.0,0.61639404296875,-160.68416865552905,0.5282403230667114,-111.97233440988,20,10,10,True,True,14.5,4.5,2025
2025_14_IND_JAX,Q1,home,JAX,IND,-2.5,14.0,7.0,7.0,0.7481973171234131,-297.13635636285824,0.6390030980110168,-177.01068748521223,36,19,17,True,True,19.5,2.5,2025
2025_14_PHI_LAC,Q1,home,LAC,PHI,-1.5,7.0,3.0,4.0,0.7350773811340332,-277.46871304557556,0.5811513662338257,-138.74973424367386,22,19,3,True,True,4.5,1.5,2025
2025_14_PIT_BAL,Q1,away,PIT,BAL,5.5,7.0,3.0,4.0,0.6444557309150696,-181.2589280580207,0.5231473445892334,-109.70838447750448,27,22,5,True,True,10.5,5.5,2025
2025_14_TEN_CLE,Q1,away,TEN,CLE,4.5,14.0,3.0,11.0,0.668107271194458,-201.30217181886687,0.5073830783367157,-102.99749278274375,31,29,2,True,True,6.5,4.5,2025
2025_14_WAS_MIN,Q1,home,MIN,WAS,-1.5,7.0,0.0,7.0,0.7178027629852295,-254.3620804294618,0.588495671749115,-143.01080969197542,31,0,31,True,True,32.5,1.5,2025
2025_15_BUF_NE,Q1,home,NE,BUF,-2.5,14.0,0.0,14.0,0.8347521424293518,-505.1515672888354,0.7203149795532227,-257.5450692363036,31,35,-4,False,False,-1.5,2.5,2025
2025_15_WAS_NYG,Q1,away,WAS,NYG,2.5,3.0,0.0,3.0,0.6221390962600708,-164.64764946634205,0.6054400205612183,-153.44689074203376,29,21,8,True,True,10.5,2.5,2025
2025_16_ATL_ARI,Q1,home,ARI,ATL,-2.5,10.0,3.0,7.0,0.7850100994110107,-365.1381284704009,0.6606708765029907,-194.69913743163093,19,26,-7,False,False,-4.5,2.5,2025
2025_16_JAX_DEN,Q1,away,JAX,DEN,3.5,7.0,0.0,7.0,0.5596114993095398,-127.07223245660515,0.4889414310455322,104.52347387736015,34,20,14,True,True,17.5,3.5,2025
2025_16_PIT_DET,Q1,away,PIT,DET,7.5,3.0,0.0,3.0,0.6126582622528076,-158.1699575718518,0.42019712924957275,137.98353924642305,29,24,5,True,True,12.5,7.5,2025
2025_17_DET_MIN,Q1,home,MIN,DET,-7.0,7.0,0.0,7.0,0.6674380302429199,-200.6958374496188,0.3609039783477783,177.08201072706626,23,10,13,True,True,20.0,7.0,2025
2025_17_HOU_LAC,Q1,away,HOU,LAC,1.5,14.0,0.0,14.0,0.832099974155426,-495.59252297298974,0.8030428290367126,-407.7245957124349,20,16,4,True,True,5.5,1.5,2025
2025_17_JAX_IND,Q1,home,IND,JAX,-3.5,3.0,0.0,3.0,0.7127739787101746,-248.15787076302183,0.570675790309906,-132.92420446586183,17,23,-6,False,False,-2.5,3.5,2025
2025_17_LA_ATL,Q1,home,ATL,LA,-7.5,7.0,0.0,7.0,0.7404656410217285,-285.3054385310583,0.43453115224838257,130.1330974374858,27,24,3,True,True,10.5,7.5,2025
2025_17_NO_TEN,Q1,home,TEN,NO,-1.5,6.0,0.0,6.0,0.7393592000007629,-283.66978615893106,0.6445990204811096,-181.37232524055204,26,34,-8,False,False,-6.5,1.5,2025
2025_17_PHI_BUF,Q1,away,PHI,BUF,3.0,7.0,0.0,7.0,0.6422648429870605,-179.53640574494318,0.6190738379955292,-162.5180677373016,13,12,1,True,True,4.0,3.0,2025
2025_17_PIT_CLE,Q1,home,CLE,PIT,-4.5,10.0,0.0,10.0,0.7708330154418945,-336.3630310571413,0.5679730772972107,-131.46705620657463,13,6,7,True,True,11.5,4.5,2025
2025_18_CLE_CIN,Q1,away,CLE,CIN,9.5,7.0,6.0,1.0,0.4777924418449402,109.29590182268598,0.25512611865997314,291.96300451416323,20,18,2,True,True,11.5,9.5,2025
2025_18_DET_CHI,Q1,away,DET,CHI,3.5,3.0,0.0,3.0,0.6178117990493774,-161.65119632492178,0.5705869197845459,-132.8759989095486,19,16,3,True,True,6.5,3.5,2025
2025_18_IND_HOU,Q1,away,IND,HOU,9.5,10.0,6.0,4.0,0.6006735563278198,-150.42168277263698,0.33834308385849,195.55798469291133,30,38,-8,False,True,1.5,9.5,2025
2025_01_HOU_LA,H1,away,HOU,LA,3.5,9.0,7.0,2.0,0.5087411403656006,-103.5586698109041,0.4848541021347046,106.24761048678825,9,14,-5,False,False,-1.5,3.5,2025
2025_01_KC_LAC,H1,home,LAC,KC,-3.0,13.0,6.0,7.0,0.7868565320968628,-369.1675564059269,0.6793984770774841,-211.91367741621227,27,21,6,True,True,9.0,3.0,2025
2025_01_MIN_CHI,H1,home,CHI,MIN,-1.5,10.0,6.0,4.0,0.6962094306945801,-229.17414200393975,0.5876656174659729,-142.52161409738295,24,27,-3,False,False,-1.5,1.5,2025
2025_01_PIT_NYJ,H1,home,NYJ,PIT,-3.0,19.0,17.0,2.0,0.5897396802902222,-143.74767725706687,0.4593501091003418,117.69887068461696,32,34,-2,False,True,1.0,3.0,2025
2025_01_SF_SEA,H1,home,SEA,SF,-2.5,10.0,7.0,3.0,0.6287232637405396,-169.34087227624383,0.5112574100494385,-104.60668265091333,13,17,-4,False,False,-1.5,2.5,2025
2025_02_ATL_MIN,H1,away,ATL,MIN,3.5,9.0,6.0,3.0,0.5506046414375305,-122.52121232377885,0.5273993909358978,-111.59515684508204,22,6,16,True,True,19.5,3.5,2025
2025_02_JAX_CIN,H1,away,JAX,CIN,3.5,17.0,10.0,7.0,0.7069733738899231,-241.2659160960837,0.6524246335029602,-187.7073856177655,27,31,-4,False,False,-0.5,3.5,2025
2025_02_LA_TEN,H1,home,TEN,LA,-5.5,13.0,10.0,3.0,0.6287232637405396,-169.34087227624383,0.42815136909484863,133.5622567584198,19,33,-14,False,False,-8.5,5.5,2025
2025_02_NE_MIA,H1,away,NE,MIA,1.5,15.0,14.0,1.0,0.46048271656036377,117.16341657068729,0.4843534231185913,106.46080986923374,33,27,6,True,True,7.5,1.5,2025
2025_02_NYG_DAL,H1,away,NYG,DAL,4.5,13.0,10.0,3.0,0.5506046414375305,-122.52121232377885,0.4777284860610962,109.3239212601844,37,40,-3,False,True,1.5,4.5,2025
2025_02_TB_HOU,H1,away,TB,HOU,2.5,14.0,10.0,4.0,0.6154525876045227,-160.0459573425961,0.6181409358978271,-161.87672207053677,20,19,1,True,True,3.5,2.5,2025
2025_03_ATL_CAR,H1,home,CAR,ATL,-5.5,10.0,0.0,10.0,0.8532896637916565,-581.6152330125526,0.7034422755241394,-237.20247947255837,30,0,30,True,True,35.5,5.5,2025
2025_03_DAL_CHI,H1,home,CHI,DAL,-1.5,24.0,14.0,10.0,0.817753255367279,-448.706646044781,0.7370336055755615,-280.27672782627855,31,14,17,True,True,18.5,1.5,2025
2025_03_LA_PHI,H1,away,LA,PHI,3.5,19.0,7.0,12.0,0.811280369758606,-429.88658292774596,0.7638534903526306,-323.46592439298405,26,33,-7,False,False,-3.5,3.5,2025
2025_04_BAL_KC,H1,home,KC,BAL,-2.5,20.0,10.0,10.0,0.8532896637916565,-581.6152330125526,0.7577551007270813,-312.80538950517877,37,20,17,True,True,19.5,2.5,2025
2025_04_GB_DAL,H1,home,DAL,GB,-7.0,16.0,13.0,3.0,0.6789292693138123,-211.45785162752594,0.46821096539497375,113.57893640026548,40,40,0,False,True,7.0,7.0,2025
2025_04_JAX_SF,H1,away,JAX,SF,3.5,17.0,6.0,11.0,0.8531333804130554,-580.889914136005,0.783857524394989,-362.65778959034753,26,21,5,True,True,8.5,3.5,2025
2025_04_LAC_NYG,H1,home,NYG,LAC,-6.0,13.0,10.0,3.0,0.6789292693138123,-211.45785162752594,0.4845619201660156,106.37197402086204,21,18,3,True,True,9.0,6.0,2025
2025_04_MIN_PIT,H1,home,PIT,MIN,-2.5,14.0,6.0,8.0,0.7897358536720276,-375.59225738856526,0.6719201803207397,-204.8038739406853,24,21,3,True,True,5.5,2.5,2025
2025_05_DAL_NYJ,H1,away,DAL,NYJ,1.5,23.0,3.0,20.0,0.9491243958473206,-1865.578623890078,0.924842357635498,-1230.5366806879967,37,22,15,True,True,16.5,1.5,2025
2025_05_MIN_CLE,H1,home,CLE,MIN,-3.5,10.0,7.0,3.0,0.6287232637405396,-169.34087227624383,0.4942575693130493,102.32365917832351,17,21,-4,False,False,-0.5,3.5,2025
2025_05_NE_BUF,H1,away,NE,BUF,7.5,6.0,3.0,3.0,0.5506046414375305,-122.52121232377885,0.40253323316574097,148.4266931541166,23,20,3,True,True,10.5,7.5,2025
2025_05_SF_LA,H1,away,SF,LA,8.5,17.0,7.0,10.0,0.773473858833313,-341.450154427943,0.5956623256206512,-147.31803721604288,26,23,3,True,True,11.5,8.5,2025
2025_05_TB_SEA,H1,away,TB,SEA,3.5,13.0,7.0,6.0,0.6658905744552612,-199.30313949376907,0.6345179677009583,-173.6112617382482,38,35,3,True,True,6.5,3.5,2025
2025_06_BUF_ATL,H1,home,ATL,BUF,-3.5,21.0,7.0,14.0,0.8932299613952637,-836.5923372023956,0.802696704864502,-406.83390731677844,24,14,10,True,True,13.5,3.5,2025
2025_06_CHI_WAS,H1,away,CHI,WAS,5.5,13.0,7.0,6.0,0.6658905744552612,-199.30313949376907,0.5664663016796112,-130.66257683641075,25,24,1,True,True,6.5,5.5,2025
2025_06_LAC_MIA,H1,home,MIA,LAC,-3.5,13.0,9.0,4.0,0.6569479703903198,-191.50097177322812,0.5177196860313416,-107.3482933132921,27,29,-2,False,True,1.5,3.5,2025
2025_06_PHI_NYG,H1,home,NYG,PHI,-7.0,20.0,17.0,3.0,0.6789292693138123,-211.45785162752594,0.46821096539497375,113.57893640026548,34,17,17,True,True,24.0,7.0,2025
2025_07_CAR_NYJ,H1,away,CAR,NYJ,1.5,10.0,3.0,7.0,0.7313575148582458,-272.2419406120114,0.7337093353271484,-275.52949940191814,13,6,7,True,True,8.5,1.5,2025
2025_07_GB_ARI,H1,home,ARI,GB,-7.0,13.0,6.0,7.0,0.748828649520874,-298.13457947828596,0.5414053201675415,-118.05747950790375,23,27,-4,False,True,3.0,7.0,2025
2025_07_IND_LAC,H1,away,IND,LAC,2.5,23.0,3.0,20.0,0.9263617396354675,-1257.9897122089612,0.9128576219081879,-1047.5472920264035,38,24,14,True,True,16.5,2.5,2025
2025_07_NYG_DEN,H1,away,NYG,DEN,7.5,13.0,0.0,13.0,0.8463419079780579,-550.7955336691292,0.7203833758831024,-257.63252745013335,32,33,-1,False,True,6.5,7.5,2025
2025_07_PIT_CIN,H1,home,CIN,PIT,-5.5,17.0,10.0,7.0,0.7868565320968628,-369.1675564059269,0.6252846717834473,-166.86925372374608,33,31,2,True,True,7.5,5.5,2025
2025_08_GB_PIT,H1,home,PIT,GB,-3.0,16.0,7.0,9.0,0.8532896637916565,-581.6152330125526,0.7319693565368652,-273.09166857913436,25,35,-10,False,False,-7.0,3.0,2025
2025_08_MIA_ATL,H1,away,MIA,ATL,7.0,17.0,3.0,14.0,0.8602129220962524,-615.3737062080693,0.7514871805906296,-302.39372857169155,34,10,24,True,True,31.0,7.0,2025
2025_09_ARI_DAL,H1,away,ARI,DAL,3.5,17.0,7.0,10.0,0.8049947023391724,-412.8065811521173,0.7515338659286499,-302.4693360073119,27,17,10,True,True,13.5,3.5,2025
2025_09_CAR_GB,H1,away,CAR,GB,12.5,7.0,6.0,1.0,0.46048271656036377,117.16341657068729,0.2654131054878235,276.7711463087031,16,13,3,True,True,15.5,12.5,2025
2025_09_CHI_CIN,H1,home,CIN,CHI,-3.0,20.0,17.0,3.0,0.6287232637405396,-169.34087227624383,0.4987946152687073,100.48331906335571,42,47,-5,False,False,-2.0,3.0,2025
2025_09_IND_PIT,H1,home,PIT,IND,-3.5,17.0,7.0,10.0,0.817753255367279,-448.706646044781,0.7242529392242432,-262.651190981586,27,20,7,True,True,10.5,3.5,2025
2025_09_JAX_LV,H1,home,LV,JAX,-2.5,6.0,3.0,3.0,0.6789292693138123,-211.45785162752594,0.5696333646774292,-132.36002002117903,29,30,-1,False,True,1.5,2.5,2025
2025_09_KC_BUF,H1,home,BUF,KC,-2.5,21.0,13.0,8.0,0.7897358536720276,-375.59225738856526,0.6719201803207397,-204.8038739406853,28,21,7,True,True,9.5,2.5,2025
2025_09_MIN_DET,H1,away,MIN,DET,9.5,17.0,14.0,3.0,0.5896167755126953,-143.67467779642033,0.44951385259628296,122.46255465192955,27,24,3,True,True,12.5,9.5,2025
2025_10_ATL_IND,H1,away,ATL,IND,6.5,14.0,13.0,1.0,0.5368156433105469,-115.89675591536884,0.4559727907180786,119.31133180670106,25,31,-6,False,True,0.5,6.5,2025
2025_10_BAL_MIN,H1,home,MIN,BAL,-4.5,10.0,9.0,1.0,0.6210339069366455,-163.87585018927348,0.4546380341053009,119.95520061755,19,27,-8,False,False,-3.5,4.5,2025
2025_10_BUF_MIA,H1,home,MIA,BUF,-8.5,16.0,0.0,16.0,0.9138400554656982,-1060.6321306322136,0.7390897870063782,-283.2736129897858,30,13,17,True,True,25.5,8.5,2025
2025_10_NE_TB,H1,away,NE,TB,2.5,14.0,10.0,4.0,0.6154525876045227,-160.0459573425961,0.6181409358978271,-161.87672207053677,28,23,5,True,True,7.5,2.5,2025
2025_10_NO_CAR,H1,away,NO,CAR,5.5,10.0,7.0,3.0,0.5896167755126953,-143.67467779642033,0.5041149258613586,-101.65962884384302,17,7,10,True,True,15.5,5.5,2025
2025_10_NYG_CHI,H1,away,NYG,CHI,4.5,10.0,7.0,3.0,0.5896167755126953,-143.67467779642033,0.5179732441902161,-107.45736371418711,20,24,-4,False,True,0.5,4.5,2025
2025_11_BAL_CLE,H1,home,CLE,BAL,-7.5,16.0,10.0,6.0,0.7156428694725037,-251.67044981251263,0.4829072952270508,107.07908326997324,16,23,-7,False,True,0.5,7.5,2025
2025_11_CHI_MIN,H1,away,CHI,MIN,3.0,10.0,3.0,7.0,0.7313575148582458,-272.2419406120114,0.7118659019470215,-247.0606244652559,19,17,2,True,True,5.0,3.0,2025
2025_11_HOU_TEN,H1,home,TEN,HOU,-5.5,3.0,0.0,3.0,0.6789292693138123,-211.45785162752594,0.4875132739543915,105.12261992143283,13,16,-3,False,True,2.5,5.5,2025
2025_11_LAC_JAX,H1,home,JAX,LAC,-3.0,14.0,6.0,8.0,0.8346096873283386,-504.63033405422897,0.7074317336082458,-241.80056925961412,35,6,29,True,True,32.0,3.0,2025
2025_12_ATL_NO,H1,away,ATL,NO,1.5,16.0,7.0,9.0,0.7687192559242249,-332.3749493266795,0.7572110146284103,-311.8802994581881,24,10,14,True,True,15.5,1.5,2025
2025_12_BUF_HOU,H1,home,HOU,BUF,-5.5,20.0,16.0,4.0,0.6569479703903198,-191.50097177322812,0.4522619843482971,121.11077972670759,23,19,4,True,True,9.5,5.5,2025
2025_12_CLE_LV,H1,away,CLE,LV,3.0,14.0,3.0,11.0,0.7993437051773071,-398.3646293696572,0.7638116776943207,-323.39095779078417,24,10,14,True,True,17.0,3.0,2025
2025_12_IND_KC,H1,away,IND,KC,3.5,14.0,9.0,5.0,0.6439070105552673,-180.82552300715957,0.5703695714473724,-132.75818786133883,20,23,-3,False,True,0.5,3.5,2025
2025_12_JAX_ARI,H1,home,ARI,JAX,-2.5,14.0,10.0,4.0,0.6569479703903198,-191.50097177322812,0.540916383266449,-117.82524218902657,24,27,-3,False,False,-0.5,2.5,2025
2025_12_NYG_DET,H1,away,NYG,DET,14.0,20.0,17.0,3.0,0.5506046414375305,-122.52121232377885,0.3106006383895874,221.95683987799688,27,34,-7,False,True,7.0,14.0,2025
2025_12_NYJ_BAL,H1,away,NYJ,BAL,14.0,7.0,3.0,4.0,0.6024054288864136,-151.51248851290677,0.32950347661972046,203.48693441984489,10,23,-13,False,True,1.0,14.0,2025
2025_12_PIT_CHI,H1,away,PIT,CHI,3.0,21.0,17.0,4.0,0.6154525876045227,-160.0459573425961,0.6060760617256165,-153.85611353820812,28,31,-3,False,False,0.0,3.0,2025
2025_13_BUF_PIT,H1,home,PIT,BUF,-3.0,7.0,3.0,4.0,0.6962094306945801,-229.17414200393975,0.5761141180992126,-135.91255163201097,7,26,-19,False,False,-16.0,3.0,2025
2025_13_CHI_PHI,H1,away,CHI,PHI,7.0,10.0,3.0,7.0,0.7069733738899231,-241.2659160960837,0.5629414021968842,-128.80227160076953,24,15,9,True,True,16.0,7.0,2025
2025_13_CIN_BAL,H1,away,CIN,BAL,7.0,12.0,7.0,5.0,0.6439070105552673,-180.82552300715957,0.47395604848861694,110.99002812367677,32,14,18,True,True,25.0,7.0,2025
2025_13_GB_DET,H1,away,GB,DET,2.5,17.0,14.0,3.0,0.5506046414375305,-122.52121232377885,0.5523067712783813,-123.36723806511104,31,24,7,True,True,9.5,2.5,2025
2025_13_HOU_IND,H1,away,HOU,IND,3.0,10.0,6.0,4.0,0.6154525876045227,-160.0459573425961,0.6060760617256165,-153.85611353820812,20,16,4,True,True,7.0,3.0,2025
2025_13_KC_DAL,H1,home,DAL,KC,-3.5,17.0,14.0,3.0,0.6287232637405396,-169.34087227624383,0.4942575693130493,102.32365917832351,31,28,3,True,True,6.5,3.5,2025
2025_14_CIN_BUF,H1,away,CIN,BUF,6.0,21.0,11.0,10.0,0.773473858833313,-341.450154427943,0.6808174252510071,-213.30031120477236,34,39,-5,False,True,1.0,6.0,2025
2025_14_HOU_KC,H1,away,HOU,KC,4.5,10.0,0.0,10.0,0.8049947023391724,-412.8065811521173,0.7228496670722961,-260.8150094702774,20,10,10,True,True,14.5,4.5,2025
2025_14_IND_JAX,H1,home,JAX,IND,-2.5,28.0,10.0,18.0,0.9169089794158936,-1103.499479210006,0.8740655183792114,-694.0636965586441,36,19,17,True,True,19.5,2.5,2025
2025_14_PHI_LAC,H1,home,LAC,PHI,-1.5,10.0,6.0,4.0,0.6962094306945801,-229.17414200393975,0.5876656174659729,-142.52161409738295,22,19,3,True,True,4.5,1.5,2025
2025_14_PIT_BAL,H1,away,PIT,BAL,5.5,17.0,9.0,8.0,0.7881978750228882,-372.13879469248195,0.6784677505493164,-211.01079338338016,27,22,5,True,True,10.5,5.5,2025
2025_14_WAS_MIN,H1,home,MIN,WAS,-1.5,14.0,0.0,14.0,0.8932299613952637,-836.5923372023956,0.8256085515022278,-473.42261252722756,31,0,31,True,True,32.5,1.5,2025
2025_15_ATL_TB,H1,away,ATL,TB,6.0,14.0,13.0,1.0,0.5368156433105469,-115.89675591536884,0.46129071712493896,116.78303136743017,29,28,1,True,True,7.0,6.0,2025
2025_15_BUF_NE,H1,home,NE,BUF,-2.5,24.0,7.0,17.0,0.91569584608078,-1086.181170809445,0.8595497608184814,-611.9959395067995,31,35,-4,False,False,-1.5,2.5,2025
2025_15_DET_LA,H1,away,DET,LA,5.5,24.0,17.0,7.0,0.7069733738899231,-241.2659160960837,0.5892340838909149,-143.44765735977833,34,41,-7,False,False,-1.5,5.5,2025
2025_15_IND_SEA,H1,away,IND,SEA,13.5,13.0,6.0,7.0,0.7069733738899231,-241.2659160960837,0.42129290103912354,137.3645503006315,16,18,-2,False,True,11.5,13.5,2025
2025_15_WAS_NYG,H1,away,WAS,NYG,2.5,22.0,7.0,15.0,0.8809747695922852,-740.1580039581113,0.8571998476982117,-600.2793651694702,29,21,8,True,True,10.5,2.5,2025
2025_16_GB_CHI,H1,away,GB,CHI,1.5,6.0,0.0,6.0,0.6658905744552612,-199.30313949376907,0.6674775779247284,-200.73159992009036,16,22,-6,False,False,-4.5,1.5,2025
2025_16_JAX_DEN,H1,away,JAX,DEN,3.5,17.0,10.0,7.0,0.7069733738899231,-241.2659160960837,0.6524246335029602,-187.7073856177655,34,20,14,True,True,17.5,3.5,2025
2025_16_KC_TEN,H1,home,TEN,KC,-3.5,9.0,6.0,3.0,0.6789292693138123,-211.45785162752594,0.5283975601196289,-112.04300814339823,26,9,17,True,True,20.5,3.5,2025
2025_16_LAC_DAL,H1,away,LAC,DAL,1.5,21.0,17.0,4.0,0.6154525876045227,-160.0459573425961,0.6190032958984375,-162.46946213304497,34,17,17,True,True,18.5,1.5,2025
2025_16_LA_SEA,H1,away,LA,SEA,1.5,13.0,7.0,6.0,0.6658905744552612,-199.30313949376907,0.6674775779247284,-200.73159992009036,37,38,-1,False,True,0.5,1.5,2025
2025_16_PHI_WAS,H1,home,WAS,PHI,-7.0,10.0,7.0,3.0,0.6789292693138123,-211.45785162752594,0.46821096539497375,113.57893640026548,18,29,-11,False,False,-4.0,7.0,2025
2025_16_TB_CAR,H1,home,CAR,TB,-3.0,13.0,10.0,3.0,0.6287232637405396,-169.34087227624383,0.4987946152687073,100.48331906335571,23,20,3,True,True,6.0,3.0,2025
2025_17_BAL_GB,H1,away,BAL,GB,2.5,27.0,14.0,13.0,0.8463419079780579,-550.7955336691292,0.827081710100174,-478.3078242210895,41,24,17,True,True,19.5,2.5,2025
2025_17_DEN_KC,H1,home,KC,DEN,-13.5,7.0,6.0,1.0,0.6210339069366455,-163.87585018927348,0.3485327959060669,186.91704532434017,13,20,-7,False,True,6.5,13.5,2025
2025_17_HOU_LAC,H1,away,HOU,LAC,1.5,14.0,3.0,11.0,0.7993437051773071,-398.3646293696572,0.7798485904932022,-354.2328401350173,20,16,4,True,True,5.5,1.5,2025
2025_17_JAX_IND,H1,home,IND,JAX,-3.5,10.0,7.0,3.0,0.6287232637405396,-169.34087227624383,0.4942575693130493,102.32365917832351,17,23,-6,False,False,-2.5,3.5,2025
2025_17_LA_ATL,H1,home,ATL,LA,-7.5,21.0,0.0,21.0,0.9393860697746277,-1549.785777430765,0.8148075342178345,-439.9787706138434,27,24,3,True,True,10.5,7.5,2025
2025_17_NO_TEN,H1,home,TEN,NO,-1.5,20.0,10.0,10.0,0.817753255367279,-448.706646044781,0.7370336055755615,-280.27672782627855,26,34,-8,False,False,-6.5,1.5,2025
2025_17_PHI_BUF,H1,away,PHI,BUF,3.0,13.0,0.0,13.0,0.8463419079780579,-550.7955336691292,0.8197914659976959,-454.9126768808931,13,12,1,True,True,4.0,3.0,2025
2025_17_PIT_CLE,H1,home,CLE,PIT,-4.5,10.0,6.0,4.0,0.6569479703903198,-191.50097177322812,0.47149407863616943,112.09174098062313,13,6,7,True,True,11.5,4.5,2025
2025_17_TB_MIA,H1,home,MIA,TB,-5.5,17.0,7.0,10.0,0.8390328288078308,-521.2446877171986,0.6837218403816223,-216.17738044467043,20,17,3,True,True,8.5,5.5,2025
2025_18_CLE_CIN,H1,away,CLE,CIN,9.5,14.0,12.0,2.0,0.5843797922134399,-140.60427795983048,0.4465559720993042,123.93609367688,20,18,2,True,True,11.5,9.5,2025
2025_18_DAL_NYG,H1,home,NYG,DAL,-3.0,16.0,10.0,6.0,0.7156428694725037,-251.67044981251263,0.6075001955032349,-154.77719696755713,34,17,17,True,True,20.0,3.0,2025
2025_18_DET_CHI,H1,away,DET,CHI,3.5,13.0,0.0,13.0,0.8463419079780579,-550.7955336691292,0.8087611198425293,-422.90622031282334,19,16,3,True,True,6.5,3.5,2025
2025_18_KC_LV,H1,home,LV,KC,-3.5,6.0,3.0,3.0,0.6789292693138123,-211.45785162752594,0.5283975601196289,-112.04300814339823,14,12,2,True,True,5.5,3.5,2025
2025_18_WAS_PHI,H1,away,WAS,PHI,3.0,10.0,7.0,3.0,0.5896167755126953,-143.67467779642033,0.5899180173873901,-143.85367863007653,24,17,7,True,True,10.0,3.0,2025
2025_01_KC_LAC,Q3,home,LAC,KC,-3.0,20.0,12.0,8.0,0.8302623629570007,-489.14452764926386,0.7552045583724976,-308.50433870483124,27,21,6,True,True,9.0,3.0,2025
2025_01_LV_NE,Q3,away,LV,NE,2.5,17.0,10.0,7.0,0.7086058855056763,-243.17783038801895,0.6753313839435577,-208.0063641957171,20,13,7,True,True,9.5,2.5,2025
2025_01_MIN_CHI,Q3,home,CHI,MIN,-1.5,17.0,6.0,11.0,0.9073032140731812,-978.786054987352,0.8763251900672913,-708.572093657632,24,27,-3,False,False,-1.5,1.5,2025
2025_01_PIT_NYJ,Q3,home,NYJ,PIT,-3.0,26.0,17.0,9.0,0.7081507444381714,-242.64264202933654,0.6191635727882385,-162.5799237014575,32,34,-2,False,True,1.0,3.0,2025
2025_01_SF_SEA,Q3,home,SEA,SF,-2.5,10.0,7.0,3.0,0.7434563636779785,-289.7972346290317,0.6590921878814697,-193.33443366569432,13,17,-4,False,False,-1.5,2.5,2025
2025_02_ATL_MIN,Q3,away,ATL,MIN,3.5,12.0,6.0,6.0,0.692958414554596,-225.68878204213576,0.6485174894332886,-184.5091775370712,22,6,16,True,True,19.5,3.5,2025
2025_02_NE_MIA,Q3,away,NE,MIA,1.5,23.0,20.0,3.0,0.5825713276863098,-139.5618859761789,0.5767857134342194,-136.28691935582117,33,27,6,True,True,7.5,1.5,2025
2025_02_TB_HOU,Q3,away,TB,HOU,2.5,14.0,10.0,4.0,0.5737650990486145,-134.6124162446415,0.543742448091507,-119.17445438811276,20,19,1,True,True,3.5,2.5,2025
2025_03_ATL_CAR,Q3,home,CAR,ATL,-5.5,20.0,0.0,20.0,0.9934803247451782,-15238.187270300416,0.9869437217712402,-7559.150505825207,30,0,30,True,True,35.5,5.5,2025
2025_03_DAL_CHI,Q3,home,CHI,DAL,-1.5,31.0,14.0,17.0,0.9562458992004395,-2185.5000599396244,0.9325398206710815,-1382.3559764409424,31,14,17,True,True,18.5,1.5,2025
2025_03_DEN_LAC,Q3,away,DEN,LAC,2.5,17.0,13.0,4.0,0.6983112096786499,-231.46740352362087,0.6984637379646301,-231.63507209713342,20,23,-3,False,False,-0.5,2.5,2025
2025_03_LA_PHI,Q3,away,LA,PHI,3.5,26.0,21.0,5.0,0.7853415012359619,-365.8562347905187,0.7290650010108948,-269.0922190677225,26,33,-7,False,False,-3.5,3.5,2025
2025_04_BAL_KC,Q3,home,KC,BAL,-2.5,30.0,13.0,17.0,0.9740681648254395,-3756.263906000037,0.9534994959831238,-2050.514324827693,37,20,17,True,True,19.5,2.5,2025
2025_04_GB_DAL,Q3,home,DAL,GB,-7.0,23.0,20.0,3.0,0.6418070793151855,-179.17916358819733,0.49031680822372437,103.9497694608329,40,40,0,False,True,7.0,7.0,2025
2025_04_JAX_SF,Q3,away,JAX,SF,3.5,26.0,14.0,12.0,0.848565936088562,-560.3534067373522,0.7720446139574051,-338.68233050354144,26,21,5,True,True,8.5,3.5,2025
2025_04_LAC_NYG,Q3,home,NYG,LAC,-6.0,21.0,18.0,3.0,0.7162200212478638,-252.3856772409714,0.5668436288833618,-130.86350950399043,21,18,3,True,True,9.0,6.0,2025
2025_04_MIN_PIT,Q3,home,PIT,MIN,-2.5,21.0,6.0,15.0,0.9825390577316284,-5627.067787237238,0.9661014676094055,-2849.980218841158,24,21,3,True,True,5.5,2.5,2025
2025_05_DAL_NYJ,Q3,away,DAL,NYJ,1.5,30.0,6.0,24.0,0.9992668032646179,-136289.0415413381,0.999445378780365,-180203.23481998924,37,22,15,True,True,16.5,1.5,2025
2025_05_KC_JAX,Q3,home,JAX,KC,-3.5,21.0,14.0,7.0,0.7678003907203674,-330.6639460343464,0.6712460517883301,-204.17885638780066,31,28,3,True,True,6.5,3.5,2025
2025_05_MIN_CLE,Q3,home,CLE,MIN,-3.5,17.0,14.0,3.0,0.7024509310722351,-236.0790217235622,0.5572624802589417,-125.86746218953047,17,21,-4,False,False,-0.5,3.5,2025
2025_05_NE_BUF,Q3,away,NE,BUF,7.5,13.0,10.0,3.0,0.6770884394645691,-209.68231621743897,0.6056024432182312,-153.55126643275023,23,20,3,True,True,10.5,7.5,2025
2025_05_SF_LA,Q3,away,SF,LA,8.5,20.0,14.0,6.0,0.805656909942627,-414.5539261029475,0.7409961819648743,-286.09469450538427,26,23,3,True,True,11.5,8.5,2025
2025_05_TB_SEA,Q3,away,TB,SEA,3.5,28.0,21.0,7.0,0.6917333602905273,-224.39449203535443,0.6416687667369843,-179.07140298484623,38,35,3,True,True,6.5,3.5,2025
2025_05_WAS_LAC,Q3,away,WAS,LAC,2.5,20.0,10.0,10.0,0.9119424223899841,-1035.620609993089,0.902242124080658,-922.9354827892116,27,10,17,True,True,19.5,2.5,2025
2025_06_ARI_IND,Q3,away,ARI,IND,8.5,24.0,17.0,7.0,0.7123574018478394,-247.65365297910708,0.5758958756923676,-135.79115190934334,27,31,-4,False,True,4.5,8.5,2025
2025_06_BUF_ATL,Q3,home,ATL,BUF,-3.5,21.0,14.0,7.0,0.8347545862197876,-505.16051678751444,0.7855101227760315,-366.2224683712269,24,14,10,True,True,13.5,3.5,2025
2025_06_DEN_NYJ,Q3,home,NYJ,DEN,-7.5,11.0,10.0,1.0,0.5315536260604858,-113.47160649152983,0.34149861335754395,192.82695767581782,11,13,-2,False,True,5.5,7.5,2025
2025_06_PHI_NYG,Q3,home,NYG,PHI,-7.0,27.0,17.0,10.0,0.8992595076560974,-892.6495064032968,0.8248699307441711,-471.0041709280698,34,17,17,True,True,24.0,7.0,2025
2025_07_CAR_NYJ,Q3,away,CAR,NYJ,1.5,13.0,3.0,10.0,0.8673109412193298,-653.6416409833466,0.8495575785636902,-564.706131723194,13,6,7,True,True,8.5,1.5,2025
2025_07_GB_ARI,Q3,home,ARI,GB,-7.0,20.0,13.0,7.0,0.6727935671806335,-205.61746338038765,0.5073947906494141,-103.00231930521515,23,27,-4,False,True,3.0,7.0,2025
2025_07_IND_LAC,Q3,away,IND,LAC,2.5,38.0,17.0,21.0,0.9686583876609802,-3090.646317691247,0.9655742011964321,-2804.7982465300415,38,24,14,True,True,16.5,2.5,2025
2025_07_NYG_DEN,Q3,away,NYG,DEN,7.5,19.0,0.0,19.0,0.9608901739120483,-2456.9021906442695,0.9515147656202316,-1962.4835845225366,32,33,-1,False,True,6.5,7.5,2025
2025_07_PIT_CIN,Q3,home,CIN,PIT,-5.5,20.0,17.0,3.0,0.7984986305236816,-396.27454274821986,0.6584065556526184,-192.74566492647776,33,31,2,True,True,7.5,5.5,2025
2025_08_GB_PIT,Q3,home,PIT,GB,-3.0,19.0,14.0,5.0,0.5378227233886719,-116.36719298100812,0.38381898403167725,160.53948387229025,25,35,-10,False,False,-7.0,3.0,2025
2025_08_MIA_ATL,Q3,away,MIA,ATL,7.0,24.0,3.0,21.0,0.9862646460533142,-7180.482205857465,0.9830371737480164,-5795.244018567127,34,10,24,True,True,31.0,7.0,2025
2025_09_ARI_DAL,Q3,away,ARI,DAL,3.5,27.0,10.0,17.0,0.9556829333305359,-2156.467034378501,0.9437734447419643,-1678.5190563618678,27,17,10,True,True,13.5,3.5,2025
2025_09_CAR_GB,Q3,away,CAR,GB,12.5,13.0,6.0,7.0,0.6996369361877441,-232.93041671230833,0.5174039602279663,-107.21264112991375,16,13,3,True,True,15.5,12.5,2025
2025_09_IND_PIT,Q3,home,PIT,IND,-3.5,17.0,7.0,10.0,0.9485524296760559,-1843.726387278181,0.9249440431594849,-1232.3392867069558,27,20,7,True,True,10.5,3.5,2025
2025_09_JAX_LV,Q3,home,LV,JAX,-2.5,9.0,6.0,3.0,0.43514859676361084,129.80655514861692,0.3471664786338806,188.04624338589818,29,30,-1,False,True,1.5,2.5,2025
2025_09_KC_BUF,Q3,home,BUF,KC,-2.5,28.0,13.0,15.0,0.9335920214653015,-1405.8431562970934,0.875840425491333,-705.4151312593252,28,21,7,True,True,9.5,2.5,2025
2025_09_MIN_DET,Q3,away,MIN,DET,9.5,24.0,17.0,7.0,0.8003806471824646,-400.9534325632559,0.7015997171401978,-235.1203257638436,27,24,3,True,True,12.5,9.5,2025
2025_10_ATL_IND,Q3,away,ATL,IND,6.5,17.0,13.0,4.0,0.6849682927131653,-217.4283657389144,0.6050195097923279,-153.17706185290868,25,31,-6,False,True,0.5,6.5,2025
2025_10_BUF_MIA,Q3,home,MIA,BUF,-8.5,16.0,0.0,16.0,0.9641005992889404,-2685.5618205123096,0.9068236351013184,-973.2335405951741,30,13,17,True,True,25.5,8.5,2025
2025_10_NE_TB,Q3,away,NE,TB,2.5,21.0,16.0,5.0,0.6382759213447571,-176.45381079347337,0.6071325540542603,-154.53877900031284,28,23,5,True,True,7.5,2.5,2025
2025_10_NO_CAR,Q3,away,NO,CAR,5.5,10.0,7.0,3.0,0.7287180423736572,-268.62016506728986,0.6623257994651794,-196.1434419378691,17,7,10,True,True,15.5,5.5,2025
2025_10_NYG_CHI,Q3,away,NYG,CHI,4.5,17.0,10.0,7.0,0.7902374267578125,-376.72946824761766,0.7416686415672302,-287.0997334844457,20,24,-4,False,True,0.5,4.5,2025
2025_10_PHI_GB,Q3,away,PHI,GB,1.5,3.0,0.0,3.0,0.5335449576377869,-114.38293279794301,0.5430023968219757,-118.81952838392635,10,7,3,True,True,4.5,1.5,2025
2025_11_BAL_CLE,Q3,home,CLE,BAL,-7.5,16.0,10.0,6.0,0.6182155609130859,-161.9279094746834,0.4781184792518616,109.15317926317245,16,23,-7,False,True,0.5,7.5,2025
2025_11_CHI_MIN,Q3,away,CHI,MIN,3.0,16.0,3.0,13.0,0.9532244801521301,-2037.8704143798827,0.9421334266662598,-1628.113386345845,19,17,2,True,True,5.0,3.0,2025
2025_11_LAC_JAX,Q3,home,JAX,LAC,-3.0,21.0,6.0,15.0,0.9771862030029297,-4283.312432070897,0.9591944217681885,-2350.6453365741363,35,6,29,True,True,32.0,3.0,2025
2025_11_WAS_MIA,Q3,away,WAS,MIA,2.5,13.0,6.0,7.0,0.6284615993499756,-169.15118282536923,0.5646780729293823,-129.71505403581028,13,16,-3,False,False,-0.5,2.5,2025
2025_12_ATL_NO,Q3,away,ATL,NO,1.5,16.0,7.0,9.0,0.6729586124420166,-205.7716968078553,0.6773685216903687,-209.95115704125251,24,10,14,True,True,15.5,1.5,2025
2025_12_BUF_HOU,Q3,home,HOU,BUF,-5.5,23.0,16.0,7.0,0.8351410031318665,-506.578966873051,0.7125113010406494,-247.8397598304881,23,19,4,True,True,9.5,5.5,2025
2025_12_CLE_LV,Q3,away,CLE,LV,3.0,14.0,3.0,11.0,0.9291415810585022,-1311.2649067510538,0.9269864559173584,-1269.6089027922453,24,10,14,True,True,17.0,3.0,2025
2025_12_IND_KC,Q3,away,IND,KC,3.5,20.0,9.0,11.0,0.7652703523635864,-326.0220257940992,0.7024138867855072,-236.03718574032533,20,23,-3,False,True,0.5,3.5,2025
2025_12_NYG_DET,Q3,away,NYG,DET,14.0,20.0,17.0,3.0,0.6964224576950073,-229.4051306981524,0.4955354928970337,101.80189196009577,27,34,-7,False,True,7.0,14.0,2025
2025_13_CHI_PHI,Q3,away,CHI,PHI,7.0,10.0,9.0,1.0,0.684138298034668,-216.59425431379358,0.6229881048202515,-165.24362036991658,24,15,9,True,True,16.0,7.0,2025
2025_13_CIN_BAL,Q3,away,CIN,BAL,7.0,26.0,14.0,12.0,0.844373345375061,-542.5634493075785,0.6971968412399292,-230.2475456645947,32,14,18,True,True,25.0,7.0,2025
2025_13_GB_DET,Q3,away,GB,DET,2.5,31.0,21.0,10.0,0.7835782170295715,-362.06069752998866,0.7557436525821686,-309.4059419833104,31,24,7,True,True,9.5,2.5,2025
2025_13_KC_DAL,Q3,home,DAL,KC,-3.5,20.0,14.0,6.0,0.6247085332870483,-166.45956241921903,0.5087469220161438,-103.56106553145352,31,28,3,True,True,6.5,3.5,2025
2025_13_LA_CAR,Q3,home,CAR,LA,-10.0,24.0,21.0,3.0,0.7886599898338318,-373.1711705766172,0.6017147898674011,-151.0763579865483,31,28,3,True,True,13.0,10.0,2025
2025_14_CIN_BUF,Q3,away,CIN,BUF,6.0,21.0,18.0,3.0,0.6681050658226013,-201.3001697294655,0.6113965511322021,-157.33173570989024,34,39,-5,False,True,1.0,6.0,2025
2025_14_IND_JAX,Q3,home,JAX,IND,-2.5,28.0,13.0,15.0,0.98142009973526,-5282.1602148088505,0.9634761214256287,-2637.9348498373774,36,19,17,True,True,19.5,2.5,2025
2025_14_PHI_LAC,Q3,home,LAC,PHI,-1.5,13.0,9.0,4.0,0.6719162464141846,-204.80021917282605,0.5837447643280029,-140.2372184906246,22,19,3,True,True,4.5,1.5,2025
2025_14_PIT_BAL,Q3,away,PIT,BAL,5.5,27.0,16.0,11.0,0.7652703523635864,-326.0220257940992,0.6529293954372406,-188.12581268868996,27,22,5,True,True,10.5,5.5,2025
2025_14_TEN_CLE,Q3,away,TEN,CLE,4.5,21.0,17.0,4.0,0.6644352674484253,-198.00509499200865,0.5876591503620148,-142.51781041775277,31,29,2,True,True,6.5,4.5,2025
2025_14_WAS_MIN,Q3,home,MIN,WAS,-1.5,24.0,0.0,24.0,0.9994639754295349,-186458.61225397533,0.9995948672294617,-246732.66146829483,31,0,31,True,True,32.5,1.5,2025
2025_15_BUF_NE,Q3,home,NE,BUF,-2.5,24.0,21.0,3.0,0.6213634014129639,-164.10547837470412,0.5192577838897705,-108.01168827884044,31,35,-4,False,False,-1.5,2.5,2025
2025_15_GB_DEN,Q3,home,DEN,GB,-1.5,27.0,23.0,4.0,0.686703622341156,-219.18658219819068,0.6051508188247681,-153.26125712698524,34,26,8,True,True,9.5,1.5,2025
2025_15_IND_SEA,Q3,away,IND,SEA,13.5,13.0,9.0,4.0,0.451518714427948,121.4747624064599,0.30580276250839233,227.00816428123548,16,18,-2,False,True,11.5,13.5,2025
2025_15_LAC_KC,Q3,away,LAC,KC,5.5,16.0,13.0,3.0,0.5348473191261292,-114.9831745828756,0.47647911310195923,109.8727882298621,16,13,3,True,True,8.5,5.5,2025
2025_15_MIN_DAL,Q3,away,MIN,DAL,5.5,24.0,23.0,1.0,0.3838673233985901,160.50667484443477,0.3758796453475952,166.04260496075776,34,26,8,True,True,13.5,5.5,2025
2025_15_WAS_NYG,Q3,away,WAS,NYG,2.5,22.0,14.0,8.0,0.8534843921661377,-582.52114213929,0.7975664585828781,-393.9892830998113,29,21,8,True,True,10.5,2.5,2025
2025_16_GB_CHI,Q3,away,GB,CHI,1.5,13.0,3.0,10.0,0.8424143195152283,-534.5754239368435,0.8266488313674927,-476.86371997868207,16,22,-6,False,False,-4.5,1.5,2025
2025_16_JAX_DEN,Q3,away,JAX,DEN,3.5,31.0,17.0,14.0,0.9705585241317749,-3296.5688557048747,0.9692995548248291,-3157.281756971895,34,20,14,True,True,17.5,3.5,2025
2025_16_KC_TEN,Q3,home,TEN,KC,-3.5,16.0,9.0,7.0,0.8494627475738525,-564.2873998850173,0.7923361659049988,-381.54749928315584,26,9,17,True,True,20.5,3.5,2025
2025_16_LAC_DAL,Q3,away,LAC,DAL,1.5,24.0,17.0,7.0,0.7683393359184265,-331.66586091105876,0.753200888633728,-305.1878446660655,34,17,17,True,True,18.5,1.5,2025
2025_16_LA_SEA,Q3,away,LA,SEA,1.5,23.0,14.0,9.0,0.9243521094322205,-1221.9139258139826,0.9117129445075989,-1032.668877020222,37,38,-1,False,True,0.5,1.5,2025
2025_16_PIT_DET,Q3,away,PIT,DET,7.5,12.0,10.0,2.0,0.6734259128570557,-206.20923072879668,0.6115773916244507,-157.45154335433082,29,24,5,True,True,12.5,7.5,2025
2025_16_TB_CAR,Q3,home,CAR,TB,-3.0,20.0,17.0,3.0,0.5420510172843933,-118.36493534062838,0.4620146155357361,116.44336918658618,23,20,3,True,True,6.0,3.0,2025
2025_17_BAL_GB,Q3,away,BAL,GB,2.5,27.0,24.0,3.0,0.7159202694892883,-252.01385125303526,0.7152489423751831,-251.1839458442268,41,24,17,True,True,19.5,2.5,2025
2025_17_DET_MIN,Q3,home,MIN,DET,-7.0,13.0,7.0,6.0,0.7350225448608398,-277.39059705091614,0.6038177609443665,-152.4090939522344,23,10,13,True,True,20.0,7.0,2025
2025_17_HOU_LAC,Q3,away,HOU,LAC,1.5,17.0,10.0,7.0,0.7874918580055237,-370.57020527053163,0.7775948643684387,-349.6299049751309,20,16,4,True,True,5.5,1.5,2025
2025_17_LA_ATL,Q3,home,ATL,LA,-7.5,24.0,17.0,7.0,0.8517351150512695,-574.4685367312677,0.7499490976333618,-299.91857279272915,27,24,3,True,True,10.5,7.5,2025
2025_17_NO_TEN,Q3,home,TEN,NO,-1.5,23.0,20.0,3.0,0.7144113183021545,-250.15393259107026,0.6217978596687317,-164.40886852837406,26,34,-8,False,False,-6.5,1.5,2025
2025_17_PHI_BUF,Q3,away,PHI,BUF,3.0,13.0,0.0,13.0,0.8982734680175781,-883.027712153598,0.8795943707227707,-730.525952983094,13,12,1,True,True,4.0,3.0,2025
2025_17_PIT_CLE,Q3,home,CLE,PIT,-4.5,10.0,6.0,4.0,0.5220268964767456,-109.21679329417495,0.419187068939209,138.55697708676723,13,6,7,True,True,11.5,4.5,2025
2025_17_TB_MIA,Q3,home,MIA,TB,-5.5,17.0,10.0,7.0,0.8773425221443176,-715.2784628235961,0.7881672382354736,-372.07051056229045,20,17,3,True,True,8.5,5.5,2025
2025_18_BAL_PIT,Q3,home,PIT,BAL,-4.5,13.0,10.0,3.0,0.7129932641983032,-248.42387834790603,0.5665873289108276,-130.72698762751568,26,24,2,True,True,6.5,4.5,2025
2025_18_CLE_CIN,Q3,away,CLE,CIN,9.5,17.0,12.0,5.0,0.7468512654304504,-295.024688430849,0.6282399892807007,-168.99073896225457,20,18,2,True,True,11.5,9.5,2025
2025_18_DAL_NYG,Q3,home,NYG,DAL,-3.0,24.0,10.0,14.0,0.8454557657241821,-547.0639326571588,0.7568045258522034,-311.1918626381477,34,17,17,True,True,20.0,3.0,2025
2025_18_DET_CHI,Q3,away,DET,CHI,3.5,16.0,0.0,16.0,0.9118460416793823,-1034.379010370675,0.9169786646962166,-1104.5096556697135,19,16,3,True,True,6.5,3.5,2025
2025_18_IND_HOU,Q3,away,IND,HOU,9.5,27.0,26.0,1.0,0.47222089767456055,111.76529986802232,0.3982200622558594,151.11743349522467,30,38,-8,False,True,1.5,9.5,2025
