season,game_id,home_team,away_team,underdog_team,favorite_team,underdog_side,location,spread_line_away_perspective,pregame_spread_abs,spread_bucket,q1_margin,q2_margin,q3_margin,final_margin,q1_state,q2_state,q3_state,final_state,q1_lead_bucket,q2_lead_bucket,q3_lead_bucket,path,path_with_q3_lead,underdog_won_su,underdog_covered_pregame_spread,ats_margin,q3_wp,q3_fair_ml
2017,2017_01_ARI_DET,DET,ARI,DET,ARI,home,home dog,-2.5,2.5,<=3,-10.0,-1.0,-2.0,12,LOST,LOST,LOST,WIN,not_leading,not_leading,not_leading,Q1_LOST__Q2_LOST__Q3_LOST,Q1_LOST__Q2_LOST__Q3_LOST__Q3_LEAD_not_leading,True,True,14.5,0.382071316242218,161.7312416528122
2017,2017_01_ATL_CHI,CHI,ATL,CHI,ATL,home,home dog,-6.5,6.5,3.5-7,-3.0,0.0,-3.0,-6,LOST,TIE,LOST,LOST,not_leading,not_leading,not_leading,Q1_LOST__Q2_TIE__Q3_LOST,Q1_LOST__Q2_TIE__Q3_LOST__Q3_LEAD_not_leading,False,True,0.5,0.48146405816078186,107.69982370440128
2017,2017_01_BAL_CIN,CIN,BAL,BAL,CIN,away,away dog,2.5,2.5,<=3,3.0,17.0,20.0,20,WIN,WIN,WIN,WIN,1-3,8+,8+,Q1_WIN__Q2_WIN__Q3_WIN,Q1_WIN__Q2_WIN__Q3_WIN__Q3_LEAD_8+,True,True,22.5,0.9777231812477112,-4388.9712984591015
2017,2017_01_CAR_SF,SF,CAR,SF,CAR,home,home dog,-4.5,4.5,3.5-7,-7.0,-13.0,-20.0,-20,LOST,LOST,LOST,LOST,not_leading,not_leading,not_leading,Q1_LOST__Q2_LOST__Q3_LOST,Q1_LOST__Q2_LOST__Q3_LOST__Q3_LEAD_not_leading,False,False,-15.5,0.014386355876922607,6851.0306053537615
2017,2017_01_IND_LA,LA,IND,IND,LA,away,away dog,3.5,3.5,3.5-7,-7.0,-24.0,-34.0,-37,LOST,LOST,LOST,LOST,not_leading,not_leading,not_leading,Q1_LOST__Q2_LOST__Q3_LOST,Q1_LOST__Q2_LOST__Q3_LOST__Q3_LEAD_not_leading,False,False,-33.5,0.00012362003326416016,808830.3760848602
2017,2017_01_JAX_HOU,HOU,JAX,JAX,HOU,away,away dog,5.5,5.5,3.5-7,3.0,19.0,19.0,22,WIN,WIN,WIN,WIN,1-3,8+,8+,Q1_WIN__Q2_WIN__Q3_WIN,Q1_WIN__Q2_WIN__Q3_WIN__Q3_LEAD_8+,True,True,27.5,0.9843012690544128,-6269.941643474662
2017,2017_01_KC_NE,NE,KC,KC,NE,away,away dog,8.0,8.0,7.5+,0.0,-3.0,-6.0,15,TIE,LOST,LOST,WIN,not_leading,not_leading,not_leading,Q1_TIE__Q2_LOST__Q3_LOST,Q1_TIE__Q2_LOST__Q3_LOST__Q3_LEAD_not_leading,True,True,23.0,0.21473991870880127,365.6796025689351
2017,2017_01_LAC_DEN,DEN,LAC,LAC,DEN,away,away dog,3.0,3.0,<=3,-7.0,-7.0,-17.0,-3,LOST,LOST,LOST,LOST,not_leading,not_leading,not_leading,Q1_LOST__Q2_LOST__Q3_LOST,Q1_LOST__Q2_LOST__Q3_LOST__Q3_LEAD_not_leading,False,False,0.0,0.03074084222316742,3153.0013092691506
2017,2017_01_NO_MIN,MIN,NO,NO,MIN,away,away dog,3.0,3.0,<=3,0.0,-10.0,-10.0,-10,TIE,LOST,LOST,LOST,not_leading,not_leading,not_leading,Q1_TIE__Q2_LOST__Q3_LOST,Q1_TIE__Q2_LOST__Q3_LOST__Q3_LEAD_not_leading,False,False,-7.0,0.09108787775039673,997.8409253756541
2017,2017_01_NYG_DAL,DAL,NYG,NYG,DAL,away,away dog,6.0,6.0,3.5-7,-3.0,-16.0,-13.0,-16,LOST,LOST,LOST,LOST,not_leading,not_leading,not_leading,Q1_LOST__Q2_LOST__Q3_LOST,Q1_LOST__Q2_LOST__Q3_LOST__Q3_LEAD_not_leading,False,False,-10.0,0.0579901747405529,1624.4300512526195
2017,2017_01_NYJ_BUF,BUF,NYJ,NYJ,BUF,away,away dog,7.0,7.0,3.5-7,0.0,-1.0,-2.0,-9,TIE,LOST,LOST,LOST,not_leading,not_leading,not_leading,Q1_TIE__Q2_LOST__Q3_LOST,Q1_TIE__Q2_LOST__Q3_LOST__Q3_LEAD_not_leading,False,False,-2.0,0.27264779806137085,266.7735470854263
2017,2017_01_OAK_TEN,TEN,LV,LV,TEN,away,away dog,2.5,2.5,<=3,0.0,3.0,3.0,10,TIE,WIN,WIN,WIN,not_leading,1-3,1-3,Q1_TIE__Q2_WIN__Q3_WIN,Q1_TIE__Q2_WIN__Q3_WIN__Q3_LEAD_1-3,True,True,12.5,0.6445004940032959,-181.29434306703965
2017,2017_01_PHI_WAS,WAS,PHI,WAS,PHI,home,home dog,-2.0,2.0,<=3,-7.0,-2.0,-2.0,-13,LOST,LOST,LOST,LOST,not_leading,not_leading,not_leading,Q1_LOST__Q2_LOST__Q3_LOST,Q1_LOST__Q2_LOST__Q3_LOST__Q3_LEAD_not_leading,False,False,-11.0,0.4520484209060669,121.21524017175902
2017,2017_01_PIT_CLE,CLE,PIT,CLE,PIT,home,home dog,-10.0,10.0,7.5+,0.0,-7.0,-11.0,-3,TIE,LOST,LOST,LOST,not_leading,not_leading,not_leading,Q1_TIE__Q2_LOST__Q3_LOST,Q1_TIE__Q2_LOST__Q3_LOST__Q3_LEAD_not_leading,False,True,7.0,0.08243584632873535,1113.064515662553
2017,2017_01_SEA_GB,GB,SEA,SEA,GB,away,away dog,2.5,2.5,<=3,0.0,3.0,-8.0,-8,TIE,WIN,LOST,LOST,not_leading,1-3,not_leading,Q1_TIE__Q2_WIN__Q3_LOST,Q1_TIE__Q2_WIN__Q3_LOST__Q3_LEAD_not_leading,False,False,-5.5,0.17625710368156433,467.35301960178265
2017,2017_02_ARI_IND,IND,ARI,IND,ARI,home,home dog,-7.0,7.0,3.5-7,10.0,7.0,7.0,-3,WIN,WIN,WIN,LOST,8+,4-7,4-7,Q1_WIN__Q2_WIN__Q3_WIN,Q1_WIN__Q2_WIN__Q3_WIN__Q3_LEAD_4-7,False,True,4.0,0.8490952849388123,-562.6698175696679
2017,2017_02_BUF_CAR,CAR,BUF,BUF,CAR,away,away dog,6.5,6.5,3.5-7,-3.0,-6.0,-6.0,-6,LOST,LOST,LOST,LOST,not_leading,not_leading,not_leading,Q1_LOST__Q2_LOST__Q3_LOST,Q1_LOST__Q2_LOST__Q3_LOST__Q3_LEAD_not_leading,False,True,0.5,0.2011755406856537,397.0783210482567
2017,2017_02_CHI_TB,TB,CHI,CHI,TB,away,away dog,7.0,7.0,3.5-7,-10.0,-26.0,-26.0,-22,LOST,LOST,LOST,LOST,not_leading,not_leading,not_leading,Q1_LOST__Q2_LOST__Q3_LOST,Q1_LOST__Q2_LOST__Q3_LOST__Q3_LEAD_not_leading,False,False,-15.0,0.0003229379653930664,309556.9952011813
2017,2017_02_CLE_BAL,BAL,CLE,CLE,BAL,away,away dog,7.5,7.5,7.5+,-7.0,-14.0,-11.0,-14,LOST,LOST,LOST,LOST,not_leading,not_leading,not_leading,Q1_LOST__Q2_LOST__Q3_LOST,Q1_LOST__Q2_LOST__Q3_LOST__Q3_LEAD_not_leading,False,False,-6.5,0.0673035979270935,1385.8046683971459
2017,2017_02_DAL_DEN,DEN,DAL,DEN,DAL,home,home dog,-2.5,2.5,<=3,7.0,11.0,25.0,25,WIN,WIN,WIN,WIN,4-7,8+,8+,Q1_WIN__Q2_WIN__Q3_WIN,Q1_WIN__Q2_WIN__Q3_WIN__Q3_LEAD_8+,True,True,27.5,0.9946312308311462,-18526.243158327135
2017,2017_02_DET_NYG,NYG,DET,DET,NYG,away,away dog,3.0,3.0,<=3,7.0,10.0,7.0,14,WIN,WIN,WIN,WIN,4-7,8+,4-7,Q1_WIN__Q2_WIN__Q3_WIN,Q1_WIN__Q2_WIN__Q3_WIN__Q3_LEAD_4-7,True,True,17.0,0.7831257581710815,-361.0967128078084
2017,2017_02_GB_ATL,ATL,GB,GB,ATL,away,away dog,3.5,3.5,3.5-7,0.0,-17.0,-24.0,-11,TIE,LOST,LOST,LOST,not_leading,not_leading,not_leading,Q1_TIE__Q2_LOST__Q3_LOST,Q1_TIE__Q2_LOST__Q3_LOST__Q3_LEAD_not_leading,False,False,-7.5,0.005568105261772871,17859.4305959942
2017,2017_02_HOU_CIN,CIN,HOU,HOU,CIN,away,away dog,5.5,5.5,3.5-7,3.0,4.0,1.0,4,WIN,WIN,WIN,WIN,1-3,4-7,1-3,Q1_WIN__Q2_WIN__Q3_WIN,Q1_WIN__Q2_WIN__Q3_WIN__Q3_LEAD_1-3,True,True,9.5,0.5379102826118469,-116.40819139024575
2017,2017_02_MIA_LAC,LAC,MIA,MIA,LAC,away,away dog,3.5,3.5,3.5-7,3.0,-7.0,-4.0,2,WIN,LOST,LOST,WIN,1-3,not_leading,not_leading,Q1_WIN__Q2_LOST__Q3_LOST,Q1_WIN__Q2_LOST__Q3_LOST__Q3_LEAD_not_leading,True,True,5.5,0.19724446535110474,406.98507469902967
2017,2017_02_MIN_PIT,PIT,MIN,MIN,PIT,away,away dog,8.5,8.5,7.5+,-7.0,-11.0,-11.0,-17,LOST,LOST,LOST,LOST,not_leading,not_leading,not_leading,Q1_LOST__Q2_LOST__Q3_LOST,Q1_LOST__Q2_LOST__Q3_LOST__Q3_LEAD_not_leading,False,False,-8.5,0.07962608337402344,1155.8698828658346
2017,2017_02_NE_NO,NO,NE,NO,NE,home,home dog,-5.5,5.5,3.5-7,-17.0,-17.0,-20.0,-16,LOST,LOST,LOST,LOST,not_leading,not_leading,not_leading,Q1_LOST__Q2_LOST__Q3_LOST,Q1_LOST__Q2_LOST__Q3_LOST__Q3_LEAD_not_leading,False,False,-10.5,0.014382774941623211,6852.761230421798
2017,2017_02_NYJ_OAK,LV,NYJ,NYJ,LV,away,away dog,14.0,14.0,7.5+,-7.0,-11.0,-15.0,-25,LOST,LOST,LOST,LOST,not_leading,not_leading,not_leading,Q1_LOST__Q2_LOST__Q3_LOST,Q1_LOST__Q2_LOST__Q3_LOST__Q3_LEAD_not_leading,False,False,-11.0,0.036368995904922485,2649.5947444197973
2017,2017_02_PHI_KC,KC,PHI,PHI,KC,away,away dog,4.0,4.0,3.5-7,0.0,-3.0,-3.0,-7,TIE,LOST,LOST,LOST,not_leading,not_leading,not_leading,Q1_TIE__Q2_LOST__Q3_LOST,Q1_TIE__Q2_LOST__Q3_LOST__Q3_LEAD_not_leading,False,False,-3.0,0.3517683744430542,184.27797171456194
2017,2017_02_SF_SEA,SEA,SF,SF,SEA,away,away dog,13.5,13.5,7.5+,-6.0,0.0,0.0,-3,LOST,TIE,TIE,LOST,not_leading,not_leading,not_leading,Q1_LOST__Q2_TIE__Q3_TIE,Q1_LOST__Q2_TIE__Q3_TIE__Q3_LEAD_not_leading,False,True,10.5,0.4979741871356964,100.81362163607551
2017,2017_02_TEN_JAX,JAX,TEN,JAX,TEN,home,home dog,-1.0,1.0,<=3,0.0,-3.0,-20.0,-21,TIE,LOST,LOST,LOST,not_leading,not_leading,not_leading,Q1_TIE__Q2_LOST__Q3_LOST,Q1_TIE__Q2_LOST__Q3_LOST__Q3_LEAD_not_leading,False,False,-20.0,0.033331871032714844,2900.1316128293897
2017,2017_02_WAS_LA,LA,WAS,WAS,LA,away,away dog,3.0,3.0,<=3,3.0,10.0,3.0,7,WIN,WIN,WIN,WIN,1-3,8+,1-3,Q1_WIN__Q2_WIN__Q3_WIN,Q1_WIN__Q2_WIN__Q3_WIN__Q3_LEAD_1-3,True,True,10.0,0.6064816117286682,-154.11773116698623
2017,2017_03_ATL_DET,DET,ATL,DET,ATL,home,home dog,-3.0,3.0,<=3,-7.0,-7.0,0.0,-4,LOST,LOST,TIE,LOST,not_leading,not_leading,not_leading,Q1_LOST__Q2_LOST__Q3_TIE,Q1_LOST__Q2_LOST__Q3_TIE__Q3_LEAD_not_leading,False,False,-1.0,0.4325452446937561,131.1896876147614
2017,2017_03_BAL_JAX,JAX,BAL,JAX,BAL,home,home dog,-3.0,3.0,<=3,10.0,23.0,37.0,37,WIN,WIN,WIN,WIN,8+,8+,8+,Q1_WIN__Q2_WIN__Q3_WIN,Q1_WIN__Q2_WIN__Q3_WIN__Q3_LEAD_8+,True,True,40.0,0.9998947381973267,-949912.2310305776
2017,2017_03_CIN_GB,GB,CIN,CIN,GB,away,away dog,7.0,7.0,3.5-7,0.0,14.0,7.0,-3,TIE,WIN,WIN,LOST,not_leading,8+,4-7,Q1_TIE__Q2_WIN__Q3_WIN,Q1_TIE__Q2_WIN__Q3_WIN__Q3_LEAD_4-7,False,True,4.0,0.5865763425827026,-141.88262622586936
2017,2017_03_CLE_IND,IND,CLE,CLE,IND,away,away dog,1.0,1.0,<=3,-7.0,-14.0,-14.0,-3,LOST,LOST,LOST,LOST,not_leading,not_leading,not_leading,Q1_LOST__Q2_LOST__Q3_LOST,Q1_LOST__Q2_LOST__Q3_LOST__Q3_LEAD_not_leading,False,False,-2.0,0.029864788055419922,3248.4249014066518
2017,2017_03_DAL_ARI,ARI,DAL,ARI,DAL,home,home dog,-3.0,3.0,<=3,7.0,0.0,0.0,-11,WIN,TIE,TIE,LOST,4-7,not_leading,not_leading,Q1_WIN__Q2_TIE__Q3_TIE,Q1_WIN__Q2_TIE__Q3_TIE__Q3_LEAD_not_leading,False,False,-8.0,0.533416748046875,-114.32402380796651
2017,2017_03_DEN_BUF,BUF,DEN,BUF,DEN,home,home dog,-3.5,3.5,3.5-7,-3.0,0.0,4.0,10,LOST,TIE,WIN,WIN,not_leading,not_leading,4-7,Q1_LOST__Q2_TIE__Q3_WIN,Q1_LOST__Q2_TIE__Q3_WIN__Q3_LEAD_4-7,True,True,13.5,0.786279022693634,-367.89978812726196
2017,2017_03_HOU_NE,NE,HOU,HOU,NE,away,away dog,13.5,13.5,7.5+,3.0,-1.0,-1.0,-3,WIN,LOST,LOST,LOST,1-3,not_leading,not_leading,Q1_WIN__Q2_LOST__Q3_LOST,Q1_WIN__Q2_LOST__Q3_LOST__Q3_LEAD_not_leading,False,True,10.5,0.453522652387619,120.49615266963886
2017,2017_03_KC_LAC,LAC,KC,LAC,KC,home,home dog,-3.0,3.0,<=3,-7.0,-7.0,-7.0,-14,LOST,LOST,LOST,LOST,not_leading,not_leading,not_leading,Q1_LOST__Q2_LOST__Q3_LOST,Q1_LOST__Q2_LOST__Q3_LOST__Q3_LEAD_not_leading,False,False,-11.0,0.25701671838760376,289.079747914263
2017,2017_03_LA_SF,SF,LA,SF,LA,home,home dog,-3.0,3.0,<=3,-7.0,-11.0,-14.0,-2,LOST,LOST,LOST,LOST,not_leading,not_leading,not_leading,Q1_LOST__Q2_LOST__Q3_LOST,Q1_LOST__Q2_LOST__Q3_LOST__Q3_LEAD_not_leading,False,True,1.0,0.1425476223230362,601.5199437938268
2017,2017_03_MIA_NYJ,NYJ,MIA,NYJ,MIA,home,home dog,-5.5,5.5,3.5-7,0.0,10.0,20.0,14,TIE,WIN,WIN,WIN,not_leading,8+,8+,Q1_TIE__Q2_WIN__Q3_WIN,Q1_TIE__Q2_WIN__Q3_WIN__Q3_LEAD_8+,True,True,19.5,0.9774962663650513,-4343.707058667726
2017,2017_03_NO_CAR,CAR,NO,NO,CAR,away,away dog,5.5,5.5,3.5-7,4.0,11.0,11.0,21,WIN,WIN,WIN,WIN,4-7,8+,8+,Q1_WIN__Q2_WIN__Q3_WIN,Q1_WIN__Q2_WIN__Q3_WIN__Q3_LEAD_8+,True,True,26.5,0.9312154650688171,-1353.8151649938086
2017,2017_03_NYG_PHI,PHI,NYG,NYG,PHI,away,away dog,5.0,5.0,3.5-7,0.0,-7.0,-14.0,-3,TIE,LOST,LOST,LOST,not_leading,not_leading,not_leading,Q1_TIE__Q2_LOST__Q3_LOST,Q1_TIE__Q2_LOST__Q3_LOST__Q3_LEAD_not_leading,False,True,2.0,0.03511667251586914,2747.650213863806
2017,2017_03_OAK_WAS,WAS,LV,WAS,LV,home,home dog,-3.5,3.5,3.5-7,7.0,14.0,14.0,17,WIN,WIN,WIN,WIN,4-7,8+,8+,Q1_WIN__Q2_WIN__Q3_WIN,Q1_WIN__Q2_WIN__Q3_WIN__Q3_LEAD_8+,True,True,20.5,0.961725652217865,-2512.715978054527
2017,2017_03_PIT_CHI,CHI,PIT,CHI,PIT,home,home dog,-7.0,7.0,3.5-7,7.0,10.0,3.0,6,WIN,WIN,WIN,WIN,4-7,8+,1-3,Q1_WIN__Q2_WIN__Q3_WIN,Q1_WIN__Q2_WIN__Q3_WIN__Q3_LEAD_1-3,True,True,13.0,0.6808234453201294,-213.30622044059135
2017,2017_03_SEA_TEN,TEN,SEA,SEA,TEN,away,away dog,2.0,2.0,<=3,0.0,-2.0,-16.0,-6,TIE,LOST,LOST,LOST,not_leading,not_leading,not_leading,Q1_TIE__Q2_LOST__Q3_LOST,Q1_TIE__Q2_LOST__Q3_LOST__Q3_LEAD_not_leading,False,False,-4.0,0.04950864985585213,1919.8490625609252
2017,2017_04_BUF_ATL,ATL,BUF,BUF,ATL,away,away dog,8.0,8.0,7.5+,0.0,-3.0,4.0,6,TIE,LOST,WIN,WIN,not_leading,not_leading,4-7,Q1_TIE__Q2_LOST__Q3_WIN,Q1_TIE__Q2_LOST__Q3_WIN__Q3_LEAD_4-7,True,True,14.0,0.7758181095123291,-346.066360589905
2017,2017_04_CAR_NE,NE,CAR,CAR,NE,away,away dog,9.0,9.0,7.5+,0.0,1.0,7.0,3,TIE,WIN,WIN,WIN,not_leading,1-3,4-7,Q1_TIE__Q2_WIN__Q3_WIN,Q1_TIE__Q2_WIN__Q3_WIN__Q3_LEAD_4-7,True,True,12.0,0.8099334836006165,-426.13159800262605
2017,2017_04_CHI_GB,GB,CHI,CHI,GB,away,away dog,7.5,7.5,7.5+,-14.0,-14.0,-21.0,-21,LOST,LOST,LOST,LOST,not_leading,not_leading,not_leading,Q1_LOST__Q2_LOST__Q3_LOST,Q1_LOST__Q2_LOST__Q3_LOST__Q3_LEAD_not_leading,False,False,-13.5,0.00851750373840332,11640.529041287613
2017,2017_04_CIN_CLE,CLE,CIN,CLE,CIN,home,home dog,-3.0,3.0,<=3,0.0,-21.0,-31.0,-24,TIE,LOST,LOST,LOST,not_leading,not_leading,not_leading,Q1_TIE__Q2_LOST__Q3_LOST,Q1_TIE__Q2_LOST__Q3_LOST__Q3_LEAD_not_leading,False,False,-21.0,0.0002142786979675293,466581.9471488178
2017,2017_04_DET_MIN,MIN,DET,DET,MIN,away,away dog,2.5,2.5,<=3,0.0,-4.0,7.0,7,TIE,LOST,WIN,WIN,not_leading,not_leading,4-7,Q1_TIE__Q2_LOST__Q3_WIN,Q1_TIE__Q2_LOST__Q3_WIN__Q3_LEAD_4-7,True,True,9.5,0.783451497554779,-361.7903096572854
2017,2017_04_IND_SEA,SEA,IND,IND,SEA,away,away dog,12.5,12.5,7.5+,-1.0,5.0,-14.0,-28,LOST,WIN,LOST,LOST,not_leading,4-7,not_leading,Q1_LOST__Q2_WIN__Q3_LOST,Q1_LOST__Q2_WIN__Q3_LOST__Q3_LEAD_not_leading,False,False,-15.5,0.04015648365020752,2390.2578839091957
2017,2017_04_JAX_NYJ,NYJ,JAX,NYJ,JAX,home,home dog,-4.0,4.0,3.5-7,0.0,0.0,10.0,3,TIE,TIE,WIN,WIN,not_leading,not_leading,8+,Q1_TIE__Q2_TIE__Q3_WIN,Q1_TIE__Q2_TIE__Q3_WIN__Q3_LEAD_8+,True,True,7.0,0.8060598969459534,-415.62311468986024
2017,2017_04_LA_DAL,DAL,LA,LA,DAL,away,away dog,5.0,5.0,3.5-7,0.0,-11.0,2.0,5,TIE,LOST,WIN,WIN,not_leading,not_leading,1-3,Q1_TIE__Q2_LOST__Q3_WIN,Q1_TIE__Q2_LOST__Q3_WIN__Q3_LEAD_1-3,True,True,10.0,0.5658207535743713,-130.3196221911753
2017,2017_04_NO_MIA,MIA,NO,MIA,NO,home,home dog,-4.0,4.0,3.5-7,0.0,-3.0,-10.0,-20,TIE,LOST,LOST,LOST,not_leading,not_leading,not_leading,Q1_TIE__Q2_LOST__Q3_LOST,Q1_TIE__Q2_LOST__Q3_LOST__Q3_LEAD_not_leading,False,False,-16.0,0.097758948802948,922.9242562905343
2017,2017_04_NYG_TB,TB,NYG,NYG,TB,away,away dog,2.5,2.5,<=3,-13.0,-6.0,1.0,-2,LOST,LOST,WIN,LOST,not_leading,not_leading,1-3,Q1_LOST__Q2_LOST__Q3_WIN,Q1_LOST__Q2_LOST__Q3_WIN__Q3_LEAD_1-3,False,True,0.5,0.5807107090950012,-138.49881733005597
2017,2017_04_OAK_DEN,DEN,LV,LV,DEN,away,away dog,3.5,3.5,3.5-7,-10.0,-3.0,-9.0,-6,LOST,LOST,LOST,LOST,not_leading,not_leading,not_leading,Q1_LOST__Q2_LOST__Q3_LOST,Q1_LOST__Q2_LOST__Q3_LOST__Q3_LEAD_not_leading,False,False,-2.5,0.0881044864654541,1035.0159794553726
2017,2017_04_PHI_LAC,LAC,PHI,PHI,LAC,away,away dog,1.5,1.5,<=3,10.0,6.0,9.0,2,WIN,WIN,WIN,WIN,8+,4-7,8+,Q1_WIN__Q2_WIN__Q3_WIN,Q1_WIN__Q2_WIN__Q3_WIN__Q3_LEAD_8+,True,True,3.5,0.7918885946273804,-380.511867290271
2017,2017_04_PIT_BAL,BAL,PIT,BAL,PIT,home,home dog,-3.5,3.5,3.5-7,-3.0,-19.0,-10.0,-17,LOST,LOST,LOST,LOST,not_leading,not_leading,not_leading,Q1_LOST__Q2_LOST__Q3_LOST,Q1_LOST__Q2_LOST__Q3_LOST__Q3_LEAD_not_leading,False,False,-13.5,0.17012667655944824,487.79729330136234
2017,2017_04_SF_ARI,ARI,SF,SF,ARI,away,away dog,6.5,6.5,3.5-7,3.0,0.0,3.0,-3,WIN,TIE,WIN,LOST,1-3,not_leading,1-3,Q1_WIN__Q2_TIE__Q3_WIN,Q1_WIN__Q2_TIE__Q3_WIN__Q3_LEAD_1-3,False,True,3.5,0.6048629283905029,-153.07673510023682
2017,2017_04_TEN_HOU,HOU,TEN,HOU,TEN,home,home dog,-2.5,2.5,<=3,14.0,16.0,23.0,43,WIN,WIN,WIN,WIN,8+,8+,8+,Q1_WIN__Q2_WIN__Q3_WIN,Q1_WIN__Q2_WIN__Q3_WIN__Q3_LEAD_8+,True,True,45.5,0.999256432056427,-134386.7014028056
2017,2017_04_WAS_KC,KC,WAS,WAS,KC,away,away dog,6.5,6.5,3.5-7,10.0,3.0,0.0,-9,WIN,WIN,TIE,LOST,8+,1-3,not_leading,Q1_WIN__Q2_WIN__Q3_TIE,Q1_WIN__Q2_WIN__Q3_TIE__Q3_LEAD_not_leading,False,False,-2.5,0.4693114459514618,113.07811872617833
2017,2017_05_ARI_PHI,PHI,ARI,ARI,PHI,away,away dog,6.0,6.0,3.5-7,-21.0,-14.0,-24.0,-27,LOST,LOST,LOST,LOST,not_leading,not_leading,not_leading,Q1_LOST__Q2_LOST__Q3_LOST,Q1_LOST__Q2_LOST__Q3_LOST__Q3_LEAD_not_leading,False,False,-21.0,0.0036106398329138756,27595.922226420887
2017,2017_05_BAL_OAK,LV,BAL,BAL,LV,away,away dog,3.0,3.0,<=3,11.0,14.0,7.0,13,WIN,WIN,WIN,WIN,8+,8+,4-7,Q1_WIN__Q2_WIN__Q3_WIN,Q1_WIN__Q2_WIN__Q3_WIN__Q3_LEAD_4-7,True,True,16.0,0.8735918402671814,-691.0881719294391
2017,2017_05_BUF_CIN,CIN,BUF,BUF,CIN,away,away dog,3.0,3.0,<=3,-4.0,0.0,3.0,-4,LOST,TIE,WIN,LOST,not_leading,not_leading,1-3,Q1_LOST__Q2_TIE__Q3_WIN,Q1_LOST__Q2_TIE__Q3_WIN__Q3_LEAD_1-3,False,False,-1.0,0.3737172484397888,167.58197652766736
2017,2017_05_CAR_DET,DET,CAR,CAR,DET,away,away dog,2.0,2.0,<=3,0.0,7.0,17.0,3,TIE,WIN,WIN,WIN,not_leading,4-7,8+,Q1_TIE__Q2_WIN__Q3_WIN,Q1_TIE__Q2_WIN__Q3_WIN__Q3_LEAD_8+,True,True,5.0,0.9750784635543823,-3912.5936945426365
2017,2017_05_GB_DAL,DAL,GB,GB,DAL,away,away dog,2.5,2.5,<=3,-1.0,-9.0,-6.0,4,LOST,LOST,LOST,WIN,not_leading,not_leading,not_leading,Q1_LOST__Q2_LOST__Q3_LOST,Q1_LOST__Q2_LOST__Q3_LOST__Q3_LEAD_not_leading,True,True,6.5,0.3844688832759857,160.0990726425482
2017,2017_05_JAX_PIT,PIT,JAX,JAX,PIT,away,away dog,7.5,7.5,7.5+,-3.0,1.0,11.0,21,LOST,WIN,WIN,WIN,not_leading,1-3,8+,Q1_LOST__Q2_WIN__Q3_WIN,Q1_LOST__Q2_WIN__Q3_WIN__Q3_LEAD_8+,True,True,28.5,0.9049921035766602,-952.5440912239142
2017,2017_05_KC_HOU,HOU,KC,HOU,KC,home,home dog,-2.0,2.0,<=3,-3.0,-16.0,-10.0,-8,LOST,LOST,LOST,LOST,not_leading,not_leading,not_leading,Q1_LOST__Q2_LOST__Q3_LOST,Q1_LOST__Q2_LOST__Q3_LOST__Q3_LEAD_not_leading,False,False,-6.0,0.0796557068824768,1155.4028319344268
2017,2017_05_LAC_NYG,NYG,LAC,LAC,NYG,away,away dog,3.0,3.0,<=3,-9.0,1.0,1.0,5,LOST,WIN,WIN,WIN,not_leading,1-3,1-3,Q1_LOST__Q2_WIN__Q3_WIN,Q1_LOST__Q2_WIN__Q3_WIN__Q3_LEAD_1-3,True,True,8.0,0.42366164922714233,136.03741377682715
2017,2017_05_MIN_CHI,CHI,MIN,CHI,MIN,home,home dog,-3.5,3.5,3.5-7,2.0,-1.0,-8.0,-3,WIN,LOST,LOST,LOST,1-3,not_leading,not_leading,Q1_WIN__Q2_LOST__Q3_LOST,Q1_WIN__Q2_LOST__Q3_LOST__Q3_LEAD_not_leading,False,True,0.5,0.2233240306377411,347.7798457892435
2017,2017_05_NE_TB,TB,NE,TB,NE,home,home dog,-3.5,3.5,3.5-7,-3.0,-6.0,-9.0,-5,LOST,LOST,LOST,LOST,not_leading,not_leading,not_leading,Q1_LOST__Q2_LOST__Q3_LOST,Q1_LOST__Q2_LOST__Q3_LOST__Q3_LEAD_not_leading,False,False,-1.5,0.231466606259346,332.0277625186042
2017,2017_05_NYJ_CLE,CLE,NYJ,CLE,NYJ,home,home dog,-1.5,1.5,<=3,0.0,-3.0,-3.0,-3,TIE,LOST,LOST,LOST,not_leading,not_leading,not_leading,Q1_TIE__Q2_LOST__Q3_LOST,Q1_TIE__Q2_LOST__Q3_LOST__Q3_LEAD_not_leading,False,False,-1.5,0.5980738997459412,-148.80195622227484
2017,2017_05_SEA_LA,LA,SEA,SEA,LA,away,away dog,2.0,2.0,<=3,0.0,0.0,3.0,6,TIE,TIE,WIN,WIN,not_leading,not_leading,1-3,Q1_TIE__Q2_TIE__Q3_WIN,Q1_TIE__Q2_TIE__Q3_WIN__Q3_LEAD_1-3,True,True,8.0,0.600955069065094,-150.59834682203356
2017,2017_05_SF_IND,IND,SF,IND,SF,home,home dog,-1.0,1.0,<=3,0.0,0.0,10.0,3,TIE,TIE,WIN,WIN,not_leading,not_leading,8+,Q1_TIE__Q2_TIE__Q3_WIN,Q1_TIE__Q2_TIE__Q3_WIN__Q3_LEAD_8+,True,True,4.0,0.7965785264968872,-391.59018602069943
2017,2017_06_CHI_BAL,BAL,CHI,CHI,BAL,away,away dog,5.5,5.5,3.5-7,0.0,7.0,7.0,3,TIE,WIN,WIN,WIN,not_leading,4-7,4-7,Q1_TIE__Q2_WIN__Q3_WIN,Q1_TIE__Q2_WIN__Q3_WIN__Q3_LEAD_4-7,True,True,8.5,0.6633371114730835,-197.03303633362876
2017,2017_06_CLE_HOU,HOU,CLE,CLE,HOU,away,away dog,7.5,7.5,7.5+,-7.0,-21.0,-30.0,-16,LOST,LOST,LOST,LOST,not_leading,not_leading,not_leading,Q1_LOST__Q2_LOST__Q3_LOST,Q1_LOST__Q2_LOST__Q3_LOST__Q3_LEAD_not_leading,False,False,-8.5,0.00022226572036743164,449811.9334942344
2017,2017_06_DET_NO,NO,DET,DET,NO,away,away dog,6.0,6.0,3.5-7,-7.0,-21.0,-21.0,-14,LOST,LOST,LOST,LOST,not_leading,not_leading,not_leading,Q1_LOST__Q2_LOST__Q3_LOST,Q1_LOST__Q2_LOST__Q3_LOST__Q3_LEAD_not_leading,False,False,-8.0,0.01612311601638794,6102.27503780023
2017,2017_06_GB_MIN,MIN,GB,MIN,GB,home,home dog,-3.0,3.0,<=3,0.0,4.0,7.0,13,TIE,WIN,WIN,WIN,not_leading,4-7,4-7,Q1_TIE__Q2_WIN__Q3_WIN,Q1_TIE__Q2_WIN__Q3_WIN__Q3_LEAD_4-7,True,True,16.0,0.8702925443649292,-670.9657051738637
2017,2017_06_IND_TEN,TEN,IND,IND,TEN,away,away dog,7.0,7.0,3.5-7,-3.0,4.0,4.0,-14,LOST,WIN,WIN,LOST,not_leading,4-7,4-7,Q1_LOST__Q2_WIN__Q3_WIN,Q1_LOST__Q2_WIN__Q3_WIN__Q3_LEAD_4-7,False,False,-7.0,0.6342939138412476,-173.44363078658242
2017,2017_06_LAC_OAK,LV,LAC,LAC,LV,away,away dog,3.0,3.0,<=3,-7.0,-3.0,-3.0,1,LOST,LOST,LOST,WIN,not_leading,not_leading,not_leading,Q1_LOST__Q2_LOST__Q3_LOST,Q1_LOST__Q2_LOST__Q3_LOST__Q3_LEAD_not_leading,True,True,4.0,0.2918007969856262,242.6995437744671
2017,2017_06_LA_JAX,JAX,LA,LA,JAX,away,away dog,1.0,1.0,<=3,3.0,10.0,7.0,10,WIN,WIN,WIN,WIN,1-3,8+,4-7,Q1_WIN__Q2_WIN__Q3_WIN,Q1_WIN__Q2_WIN__Q3_WIN__Q3_LEAD_4-7,True,True,11.0,0.7321003675460815,-273.27412167017826
2017,2017_06_MIA_ATL,ATL,MIA,MIA,ATL,away,away dog,14.0,14.0,7.5+,-10.0,-17.0,-3.0,3,LOST,LOST,LOST,WIN,not_leading,not_leading,not_leading,Q1_LOST__Q2_LOST__Q3_LOST,Q1_LOST__Q2_LOST__Q3_LOST__Q3_LEAD_not_leading,True,True,17.0,0.2565436363220215,289.7972346290317
2017,2017_06_NE_NYJ,NYJ,NE,NYJ,NE,home,home dog,-9.0,9.0,7.5+,7.0,7.0,-7.0,-7,WIN,WIN,LOST,LOST,4-7,4-7,not_leading,Q1_WIN__Q2_WIN__Q3_LOST,Q1_WIN__Q2_WIN__Q3_LOST__Q3_LEAD_not_leading,False,True,2.0,0.1044279932975769,857.5976406540826
2017,2017_06_NYG_DEN,DEN,NYG,NYG,DEN,away,away dog,14.0,14.0,7.5+,3.0,14.0,17.0,13,WIN,WIN,WIN,WIN,1-3,8+,8+,Q1_WIN__Q2_WIN__Q3_WIN,Q1_WIN__Q2_WIN__Q3_WIN__Q3_LEAD_8+,True,True,27.0,0.9681060910224915,-3035.3949141361004
2017,2017_06_PHI_CAR,CAR,PHI,PHI,CAR,away,away dog,3.0,3.0,<=3,0.0,0.0,5.0,5,TIE,TIE,WIN,WIN,not_leading,not_leading,4-7,Q1_TIE__Q2_TIE__Q3_WIN,Q1_TIE__Q2_TIE__Q3_WIN__Q3_LEAD_4-7,True,True,8.0,0.8155356645584106,-442.11021203968727
2017,2017_06_PIT_KC,KC,PIT,PIT,KC,away,away dog,3.5,3.5,3.5-7,2.0,9.0,9.0,6,WIN,WIN,WIN,WIN,1-3,8+,8+,Q1_WIN__Q2_WIN__Q3_WIN,Q1_WIN__Q2_WIN__Q3_WIN__Q3_LEAD_8+,True,True,9.5,0.6870205402374268,-219.50978532540177
2017,2017_06_SF_WAS,WAS,SF,SF,WAS,away,away dog,12.0,12.0,7.5+,-7.0,-10.0,0.0,-2,LOST,LOST,TIE,LOST,not_leading,not_leading,not_leading,Q1_LOST__Q2_LOST__Q3_TIE,Q1_LOST__Q2_LOST__Q3_TIE__Q3_LEAD_not_leading,False,True,10.0,0.4737977981567383,111.06049962460725
2017,2017_06_TB_ARI,ARI,TB,ARI,TB,home,home dog,-2.5,2.5,<=3,14.0,24.0,25.0,5,WIN,WIN,WIN,WIN,8+,8+,8+,Q1_WIN__Q2_WIN__Q3_WIN,Q1_WIN__Q2_WIN__Q3_WIN__Q3_LEAD_8+,True,True,7.5,0.9941474795341492,-16986.655327989898
2017,2017_07_ARI_LA,LA,ARI,ARI,LA,away,away dog,3.0,3.0,<=3,-3.0,-23.0,-26.0,-33,LOST,LOST,LOST,LOST,not_leading,not_leading,not_leading,Q1_LOST__Q2_LOST__Q3_LOST,Q1_LOST__Q2_LOST__Q3_LOST__Q3_LEAD_not_leading,False,False,-30.0,0.0007275648531503975,137344.79212676955
2017,2017_07_ATL_NE,NE,ATL,ATL,NE,away,away dog,3.0,3.0,<=3,0.0,-17.0,-20.0,-16,TIE,LOST,LOST,LOST,not_leading,not_leading,not_leading,Q1_TIE__Q2_LOST__Q3_LOST,Q1_TIE__Q2_LOST__Q3_LOST__Q3_LEAD_not_leading,False,False,-13.0,0.027387792244553566,3551.261814281009
2017,2017_07_BAL_MIN,MIN,BAL,BAL,MIN,away,away dog,5.0,5.0,3.5-7,0.0,-3.0,-9.0,-8,TIE,LOST,LOST,LOST,not_leading,not_leading,not_leading,Q1_TIE__Q2_LOST__Q3_LOST,Q1_TIE__Q2_LOST__Q3_LOST__Q3_LEAD_not_leading,False,False,-3.0,0.12377087771892548,707.9445007014705
2017,2017_07_CAR_CHI,CHI,CAR,CHI,CAR,home,home dog,-2.5,2.5,<=3,7.0,14.0,14.0,14,WIN,WIN,WIN,WIN,4-7,8+,8+,Q1_WIN__Q2_WIN__Q3_WIN,Q1_WIN__Q2_WIN__Q3_WIN__Q3_LEAD_8+,True,True,16.5,0.9275179505348206,-1279.6519377951674
2017,2017_07_CIN_PIT,PIT,CIN,CIN,PIT,away,away dog,4.0,4.0,3.5-7,0.0,-6.0,-12.0,-15,TIE,LOST,LOST,LOST,not_leading,not_leading,not_leading,Q1_TIE__Q2_LOST__Q3_LOST,Q1_TIE__Q2_LOST__Q3_LOST__Q3_LEAD_not_leading,False,False,-11.0,0.07206094264984131,1287.7142918587704
2017,2017_07_DAL_SF,SF,DAL,SF,DAL,home,home dog,-6.5,6.5,3.5-7,-11.0,-17.0,-30.0,-30,LOST,LOST,LOST,LOST,not_leading,not_leading,not_leading,Q1_LOST__Q2_LOST__Q3_LOST,Q1_LOST__Q2_LOST__Q3_LOST__Q3_LEAD_not_leading,False,False,-23.5,0.0001348257064819336,741598.3200707339
2017,2017_07_DEN_LAC,LAC,DEN,LAC,DEN,home,home dog,-1.0,1.0,<=3,7.0,14.0,14.0,21,WIN,WIN,WIN,WIN,4-7,8+,8+,Q1_WIN__Q2_WIN__Q3_WIN,Q1_WIN__Q2_WIN__Q3_WIN__Q3_LEAD_8+,True,True,22.0,0.9260237812995911,-1251.785773276449
2017,2017_07_JAX_IND,IND,JAX,IND,JAX,home,home dog,-3.0,3.0,<=3,-14.0,-20.0,-27.0,-27,LOST,LOST,LOST,LOST,not_leading,not_leading,not_leading,Q1_LOST__Q2_LOST__Q3_LOST,Q1_LOST__Q2_LOST__Q3_LOST__Q3_LEAD_not_leading,False,False,-24.0,0.0006831884384155273,146272.50043622404
2017,2017_07_KC_OAK,LV,KC,LV,KC,home,home dog,-3.0,3.0,<=3,4.0,-6.0,-9.0,1,WIN,LOST,LOST,WIN,4-7,not_leading,not_leading,Q1_WIN__Q2_LOST__Q3_LOST,Q1_WIN__Q2_LOST__Q3_LOST__Q3_LEAD_not_leading,True,True,4.0,0.1959085613489151,410.44221503877515
2017,2017_07_NO_GB,GB,NO,GB,NO,home,home dog,-3.5,3.5,3.5-7,7.0,7.0,-2.0,-9,WIN,WIN,LOST,LOST,4-7,4-7,not_leading,Q1_WIN__Q2_WIN__Q3_LOST,Q1_WIN__Q2_WIN__Q3_LOST__Q3_LEAD_not_leading,False,False,-5.5,0.5385814905166626,-116.72299213131407
2017,2017_07_NYJ_MIA,MIA,NYJ,NYJ,MIA,away,away dog,3.0,3.0,<=3,7.0,7.0,14.0,-3,WIN,WIN,WIN,LOST,4-7,4-7,8+,Q1_WIN__Q2_WIN__Q3_WIN,Q1_WIN__Q2_WIN__Q3_WIN__Q3_LEAD_8+,False,False,0.0,0.9221308827400208,-1184.206159241963
2017,2017_07_SEA_NYG,NYG,SEA,NYG,SEA,home,home dog,-4.0,4.0,3.5-7,0.0,4.0,-3.0,-17,TIE,WIN,LOST,LOST,not_leading,4-7,not_leading,Q1_TIE__Q2_WIN__Q3_LOST,Q1_TIE__Q2_WIN__Q3_LOST__Q3_LEAD_not_leading,False,False,-13.0,0.4439783990383148,125.23618314901422
2017,2017_07_TB_BUF,BUF,TB,TB,BUF,away,away dog,3.0,3.0,<=3,3.0,-4.0,-4.0,-3,WIN,LOST,LOST,LOST,1-3,not_leading,not_leading,Q1_WIN__Q2_LOST__Q3_LOST,Q1_WIN__Q2_LOST__Q3_LOST__Q3_LEAD_not_leading,False,False,0.0,0.19577151536941528,410.7995400214523
2017,2017_07_TEN_CLE,CLE,TEN,CLE,TEN,home,home dog,-5.5,5.5,3.5-7,-3.0,-3.0,0.0,-3,LOST,LOST,TIE,LOST,not_leading,not_leading,not_leading,Q1_LOST__Q2_LOST__Q3_TIE,Q1_LOST__Q2_LOST__Q3_TIE__Q3_LEAD_not_leading,False,True,2.5,0.4604256749153137,117.1903207143977
2017,2017_07_WAS_PHI,PHI,WAS,WAS,PHI,away,away dog,5.0,5.0,3.5-7,3.0,-7.0,-7.0,-10,WIN,LOST,LOST,LOST,1-3,not_leading,not_leading,Q1_WIN__Q2_LOST__Q3_LOST,Q1_WIN__Q2_LOST__Q3_LOST__Q3_LEAD_not_leading,False,False,-5.0,0.19087088108062744,423.9143835552272
2017,2017_08_ATL_NYJ,NYJ,ATL,NYJ,ATL,home,home dog,-6.5,6.5,3.5-7,0.0,4.0,1.0,-5,TIE,WIN,WIN,LOST,not_leading,4-7,1-3,Q1_TIE__Q2_WIN__Q3_WIN,Q1_TIE__Q2_WIN__Q3_WIN__Q3_LEAD_1-3,False,True,1.5,0.7046714425086975,-238.60592707139412
2017,2017_08_CAR_TB,TB,CAR,CAR,TB,away,away dog,1.5,1.5,<=3,7.0,10.0,7.0,14,WIN,WIN,WIN,WIN,4-7,8+,4-7,Q1_WIN__Q2_WIN__Q3_WIN,Q1_WIN__Q2_WIN__Q3_WIN__Q3_LEAD_4-7,True,True,15.5,0.8189965486526489,-452.47565311943686
2017,2017_08_CHI_NO,NO,CHI,CHI,NO,away,away dog,7.5,7.5,7.5+,-7.0,-11.0,-8.0,-8,LOST,LOST,LOST,LOST,not_leading,not_leading,not_leading,Q1_LOST__Q2_LOST__Q3_LOST,Q1_LOST__Q2_LOST__Q3_LOST__Q3_LEAD_not_leading,False,False,-0.5,0.11323076486587524,783.1522079573742
2017,2017_08_DAL_WAS,WAS,DAL,WAS,DAL,home,home dog,-3.0,3.0,<=3,3.0,-1.0,-10.0,-14,WIN,LOST,LOST,LOST,1-3,not_leading,not_leading,Q1_WIN__Q2_LOST__Q3_LOST,Q1_WIN__Q2_LOST__Q3_LOST__Q3_LEAD_not_leading,False,False,-11.0,0.1424408107995987,602.0459897598514
2017,2017_08_DEN_KC,KC,DEN,DEN,KC,away,away dog,7.0,7.0,3.5-7,-14.0,-14.0,-7.0,-10,LOST,LOST,LOST,LOST,not_leading,not_leading,not_leading,Q1_LOST__Q2_LOST__Q3_LOST,Q1_LOST__Q2_LOST__Q3_LOST__Q3_LEAD_not_leading,False,False,-3.0,0.1438993215560913,594.9303090426347
2017,2017_08_HOU_SEA,SEA,HOU,HOU,SEA,away,away dog,6.0,6.0,3.5-7,0.0,0.0,-3.0,-3,TIE,TIE,LOST,LOST,not_leading,not_leading,not_leading,Q1_TIE__Q2_TIE__Q3_LOST,Q1_TIE__Q2_TIE__Q3_LOST__Q3_LEAD_not_leading,False,True,3.0,0.2854452431201935,250.3298878163215
2017,2017_08_IND_CIN,CIN,IND,IND,CIN,away,away dog,11.0,11.0,7.5+,-3.0,3.0,3.0,-1,LOST,WIN,WIN,LOST,not_leading,1-3,1-3,Q1_LOST__Q2_WIN__Q3_WIN,Q1_LOST__Q2_WIN__Q3_WIN__Q3_LEAD_1-3,False,True,10.0,0.7021427154541016,-235.73125516287467
2017,2017_08_LAC_NE,NE,LAC,LAC,NE,away,away dog,6.5,6.5,3.5-7,7.0,-8.0,-11.0,-8,WIN,LOST,LOST,LOST,4-7,not_leading,not_leading,Q1_WIN__Q2_LOST__Q3_LOST,Q1_WIN__Q2_LOST__Q3_LOST__Q3_LEAD_not_leading,False,False,-1.5,0.07125109434127808,1303.4872155229025
2017,2017_08_MIA_BAL,BAL,MIA,MIA,BAL,away,away dog,3.0,3.0,<=3,-7.0,-20.0,-20.0,-40,LOST,LOST,LOST,LOST,not_leading,not_leading,not_leading,Q1_LOST__Q2_LOST__Q3_LOST,Q1_LOST__Q2_LOST__Q3_LOST__Q3_LEAD_not_leading,False,False,-37.0,0.019367845728993416,5063.196846942109
2017,2017_08_MIN_CLE,CLE,MIN,CLE,MIN,home,home dog,-11.0,11.0,7.5+,3.0,1.0,-7.0,-17,WIN,WIN,LOST,LOST,1-3,1-3,not_leading,Q1_WIN__Q2_WIN__Q3_LOST,Q1_WIN__Q2_WIN__Q3_LOST__Q3_LEAD_not_leading,False,False,-6.0,0.17337070405483246,476.798718936809
2017,2017_08_OAK_BUF,BUF,LV,LV,BUF,away,away dog,2.5,2.5,<=3,7.0,-7.0,-13.0,-20,WIN,LOST,LOST,LOST,4-7,not_leading,not_leading,Q1_WIN__Q2_LOST__Q3_LOST,Q1_WIN__Q2_LOST__Q3_LOST__Q3_LEAD_not_leading,False,False,-17.5,0.03612089157104492,2668.480944145952
2017,2017_08_PIT_DET,DET,PIT,DET,PIT,home,home dog,-3.0,3.0,<=3,0.0,2.0,-8.0,-5,TIE,WIN,LOST,LOST,not_leading,1-3,not_leading,Q1_TIE__Q2_WIN__Q3_LOST,Q1_TIE__Q2_WIN__Q3_LOST__Q3_LEAD_not_leading,False,False,-2.0,0.3051592707633972,227.69772895916438
2017,2017_08_SF_PHI,PHI,SF,SF,PHI,away,away dog,13.0,13.0,7.5+,-3.0,-17.0,-20.0,-23,LOST,LOST,LOST,LOST,not_leading,not_leading,not_leading,Q1_LOST__Q2_LOST__Q3_LOST,Q1_LOST__Q2_LOST__Q3_LOST__Q3_LEAD_not_leading,False,False,-10.0,0.021702859550714493,4507.68774577025
2017,2017_09_ARI_SF,SF,ARI,SF,ARI,home,home dog,-2.5,2.5,<=3,-7.0,-11.0,-4.0,-10,LOST,LOST,LOST,LOST,not_leading,not_leading,not_leading,Q1_LOST__Q2_LOST__Q3_LOST,Q1_LOST__Q2_LOST__Q3_LOST__Q3_LEAD_not_leading,False,False,-7.5,0.208693265914917,379.1721455965398
2017,2017_09_ATL_CAR,CAR,ATL,CAR,ATL,home,home dog,-3.0,3.0,<=3,-10.0,4.0,7.0,3,LOST,WIN,WIN,WIN,not_leading,4-7,4-7,Q1_LOST__Q2_WIN__Q3_WIN,Q1_LOST__Q2_WIN__Q3_WIN__Q3_LEAD_4-7,True,True,6.0,0.8238368034362793,-467.6554578403588
2017,2017_09_BAL_TEN,TEN,BAL,BAL,TEN,away,away dog,3.0,3.0,<=3,-7.0,-10.0,-10.0,-3,LOST,LOST,LOST,LOST,not_leading,not_leading,not_leading,Q1_LOST__Q2_LOST__Q3_LOST,Q1_LOST__Q2_LOST__Q3_LOST__Q3_LEAD_not_leading,False,False,0.0,0.17243637144565582,479.92405640196097
2017,2017_09_BUF_NYJ,NYJ,BUF,NYJ,BUF,home,home dog,-3.0,3.0,<=3,7.0,3.0,17.0,13,WIN,WIN,WIN,WIN,4-7,1-3,8+,Q1_WIN__Q2_WIN__Q3_WIN,Q1_WIN__Q2_WIN__Q3_WIN__Q3_LEAD_8+,True,True,16.0,0.9867334961891174,-7437.780972705829
2017,2017_09_CIN_JAX,JAX,CIN,CIN,JAX,away,away dog,6.0,6.0,3.5-7,-3.0,-6.0,-9.0,-16,LOST,LOST,LOST,LOST,not_leading,not_leading,not_leading,Q1_LOST__Q2_LOST__Q3_LOST,Q1_LOST__Q2_LOST__Q3_LOST__Q3_LEAD_not_leading,False,False,-10.0,0.10955079644918442,812.8185576120883
2017,2017_09_DEN_PHI,PHI,DEN,DEN,PHI,away,away dog,7.0,7.0,3.5-7,-14.0,-22.0,-35.0,-28,LOST,LOST,LOST,LOST,not_leading,not_leading,not_leading,Q1_LOST__Q2_LOST__Q3_LOST,Q1_LOST__Q2_LOST__Q3_LOST__Q3_LEAD_not_leading,False,False,-21.0,8.263108611572534e-05,1210098.3006728168
2017,2017_09_DET_GB,GB,DET,GB,DET,home,home dog,-2.5,2.5,<=3,-7.0,-11.0,-14.0,-13,LOST,LOST,LOST,LOST,not_leading,not_leading,not_leading,Q1_LOST__Q2_LOST__Q3_LOST,Q1_LOST__Q2_LOST__Q3_LOST__Q3_LEAD_not_leading,False,False,-10.5,0.02184140682220459,4478.459657568265
2017,2017_09_IND_HOU,HOU,IND,IND,HOU,away,away dog,6.0,6.0,3.5-7,7.0,3.0,10.0,6,WIN,WIN,WIN,WIN,4-7,1-3,8+,Q1_WIN__Q2_WIN__Q3_WIN,Q1_WIN__Q2_WIN__Q3_WIN__Q3_LEAD_8+,True,True,12.0,0.85027015209198,-567.8695089667801
2017,2017_09_KC_DAL,DAL,KC,KC,DAL,away,away dog,2.0,2.0,<=3,-7.0,-4.0,-4.0,-11,LOST,LOST,LOST,LOST,not_leading,not_leading,not_leading,Q1_LOST__Q2_LOST__Q3_LOST,Q1_LOST__Q2_LOST__Q3_LOST__Q3_LEAD_not_leading,False,False,-9.0,0.2493869662284851,300.9832651333562
2017,2017_09_LA_NYG,NYG,LA,NYG,LA,home,home dog,-5.5,5.5,3.5-7,0.0,-17.0,-38.0,-34,TIE,LOST,LOST,LOST,not_leading,not_leading,not_leading,Q1_TIE__Q2_LOST__Q3_LOST,Q1_TIE__Q2_LOST__Q3_LOST__Q3_LEAD_not_leading,False,False,-28.5,0.000152587890625,655260.0
2017,2017_09_OAK_MIA,MIA,LV,MIA,LV,home,home dog,-3.0,3.0,<=3,-3.0,-1.0,-4.0,-3,LOST,LOST,LOST,LOST,not_leading,not_leading,not_leading,Q1_LOST__Q2_LOST__Q3_LOST,Q1_LOST__Q2_LOST__Q3_LOST__Q3_LEAD_not_leading,False,False,0.0,0.29617995023727417,237.6325774917867
2017,2017_09_TB_NO,NO,TB,TB,NO,away,away dog,7.0,7.0,3.5-7,-9.0,-13.0,-27.0,-20,LOST,LOST,LOST,LOST,not_leading,not_leading,not_leading,Q1_LOST__Q2_LOST__Q3_LOST,Q1_LOST__Q2_LOST__Q3_LOST__Q3_LEAD_not_leading,False,False,-13.0,0.0007083194213919342,141079.24340333318
2017,2017_09_WAS_SEA,SEA,WAS,WAS,SEA,away,away dog,8.0,8.0,7.5+,-2.0,5.0,8.0,3,LOST,WIN,WIN,WIN,not_leading,4-7,8+,Q1_LOST__Q2_WIN__Q3_WIN,Q1_LOST__Q2_WIN__Q3_WIN__Q3_LEAD_8+,True,True,11.0,0.7963933348655701,-391.143057296163
2017,2017_10_CIN_TEN,TEN,CIN,CIN,TEN,away,away dog,4.5,4.5,3.5-7,-1.0,-4.0,-4.0,-4,LOST,LOST,LOST,LOST,not_leading,not_leading,not_leading,Q1_LOST__Q2_LOST__Q3_LOST,Q1_LOST__Q2_LOST__Q3_LOST__Q3_LEAD_not_leading,False,True,0.5,0.2029505968093872,392.7307510897383
2017,2017_10_CLE_DET,DET,CLE,CLE,DET,away,away dog,10.5,10.5,7.5+,7.0,-7.0,0.0,-14,WIN,LOST,TIE,LOST,4-7,not_leading,not_leading,Q1_WIN__Q2_LOST__Q3_TIE,Q1_WIN__Q2_LOST__Q3_TIE__Q3_LEAD_not_leading,False,False,-3.5,0.34912025928497314,186.43425106525808
2017,2017_10_DAL_ATL,ATL,DAL,DAL,ATL,away,away dog,3.5,3.5,3.5-7,4.0,-3.0,-10.0,-20,WIN,LOST,LOST,LOST,4-7,not_leading,not_leading,Q1_WIN__Q2_LOST__Q3_LOST,Q1_WIN__Q2_LOST__Q3_LOST__Q3_LEAD_not_leading,False,False,-16.5,0.06512373685836792,1435.5384200000915
2017,2017_10_GB_CHI,CHI,GB,GB,CHI,away,away dog,4.5,4.5,3.5-7,0.0,4.0,7.0,7,TIE,WIN,WIN,WIN,not_leading,4-7,4-7,Q1_TIE__Q2_WIN__Q3_WIN,Q1_TIE__Q2_WIN__Q3_WIN__Q3_LEAD_4-7,True,True,11.5,0.8422625064849854,-533.9646825342844
2017,2017_10_HOU_LA,LA,HOU,HOU,LA,away,away dog,12.0,12.0,7.5+,-3.0,-2.0,-23.0,-26,LOST,LOST,LOST,LOST,not_leading,not_leading,not_leading,Q1_LOST__Q2_LOST__Q3_LOST,Q1_LOST__Q2_LOST__Q3_LOST__Q3_LEAD_not_leading,False,False,-14.0,0.004273531027138233,23299.853508718978
2017,2017_10_LAC_JAX,JAX,LAC,LAC,JAX,away,away dog,5.0,5.0,3.5-7,-6.0,1.0,0.0,-3,LOST,WIN,TIE,LOST,not_leading,1-3,not_leading,Q1_LOST__Q2_WIN__Q3_TIE,Q1_LOST__Q2_WIN__Q3_TIE__Q3_LEAD_not_leading,False,True,2.0,0.41880887746810913,138.77239805551795
2017,2017_10_MIA_CAR,CAR,MIA,MIA,CAR,away,away dog,8.0,8.0,7.5+,-3.0,-10.0,-24.0,-24,LOST,LOST,LOST,LOST,not_leading,not_leading,not_leading,Q1_LOST__Q2_LOST__Q3_LOST,Q1_LOST__Q2_LOST__Q3_LOST__Q3_LEAD_not_leading,False,False,-16.0,0.0004302859306335449,232303.60160687077
2017,2017_10_MIN_WAS,WAS,MIN,WAS,MIN,home,home dog,-1.0,1.0,<=3,3.0,-11.0,-15.0,-8,WIN,LOST,LOST,LOST,1-3,not_leading,not_leading,Q1_WIN__Q2_LOST__Q3_LOST,Q1_WIN__Q2_LOST__Q3_LOST__Q3_LEAD_not_leading,False,False,-7.0,0.028919517993927002,3357.8722930651766
2017,2017_10_NE_DEN,DEN,NE,DEN,NE,home,home dog,-7.0,7.0,3.5-7,-8.0,-18.0,-18.0,-25,LOST,LOST,LOST,LOST,not_leading,not_leading,not_leading,Q1_LOST__Q2_LOST__Q3_LOST,Q1_LOST__Q2_LOST__Q3_LOST__Q3_LEAD_not_leading,False,False,-18.0,0.01693713665008545,5804.185699505205
2017,2017_10_NO_BUF,BUF,NO,BUF,NO,home,home dog,-2.0,2.0,<=3,-4.0,-14.0,-34.0,-37,LOST,LOST,LOST,LOST,not_leading,not_leading,not_leading,Q1_LOST__Q2_LOST__Q3_LOST,Q1_LOST__Q2_LOST__Q3_LOST__Q3_LEAD_not_leading,False,False,-35.0,0.00018856304814107716,530226.5989059693
2017,2017_10_NYG_SF,SF,NYG,SF,NYG,home,home dog,-3.0,3.0,<=3,-3.0,4.0,4.0,10,LOST,WIN,WIN,WIN,not_leading,4-7,4-7,Q1_LOST__Q2_WIN__Q3_WIN,Q1_LOST__Q2_WIN__Q3_WIN__Q3_LEAD_4-7,True,True,13.0,0.8336244821548462,-501.0499699425146
2017,2017_10_NYJ_TB,TB,NYJ,NYJ,TB,away,away dog,1.0,1.0,<=3,-3.0,0.0,-6.0,-5,LOST,TIE,LOST,LOST,not_leading,not_leading,not_leading,Q1_LOST__Q2_TIE__Q3_LOST,Q1_LOST__Q2_TIE__Q3_LOST__Q3_LEAD_not_leading,False,False,-4.0,0.1841820627450943,442.941036220225
2017,2017_10_PIT_IND,IND,PIT,IND,PIT,home,home dog,-10.5,10.5,7.5+,0.0,7.0,8.0,-3,TIE,WIN,WIN,LOST,not_leading,4-7,8+,Q1_TIE__Q2_WIN__Q3_WIN,Q1_TIE__Q2_WIN__Q3_WIN__Q3_LEAD_8+,False,True,7.5,0.8384056687355042,-518.833589133279
2017,2017_10_SEA_ARI,ARI,SEA,ARI,SEA,home,home dog,-6.0,6.0,3.5-7,-7.0,-8.0,-5.0,-6,LOST,LOST,LOST,LOST,not_leading,not_leading,not_leading,Q1_LOST__Q2_LOST__Q3_LOST,Q1_LOST__Q2_LOST__Q3_LOST__Q3_LEAD_not_leading,False,False,0.0,0.19844931364059448,403.9070086234058
2017,2017_11_ARI_HOU,HOU,ARI,ARI,HOU,away,away dog,2.5,2.5,<=3,0.0,4.0,4.0,-10,TIE,WIN,WIN,LOST,not_leading,4-7,4-7,Q1_TIE__Q2_WIN__Q3_WIN,Q1_TIE__Q2_WIN__Q3_WIN__Q3_LEAD_4-7,False,False,-7.5,0.4628782272338867,116.03954153901307
2017,2017_11_ATL_SEA,SEA,ATL,ATL,SEA,away,away dog,1.0,1.0,<=3,7.0,7.0,8.0,3,WIN,WIN,WIN,WIN,4-7,4-7,8+,Q1_WIN__Q2_WIN__Q3_WIN,Q1_WIN__Q2_WIN__Q3_WIN__Q3_LEAD_8+,True,True,4.0,0.8659900426864624,-646.2132068741288
2017,2017_11_BAL_GB,GB,BAL,GB,BAL,home,home dog,-2.5,2.5,<=3,0.0,-6.0,-13.0,-23,TIE,LOST,LOST,LOST,not_leading,not_leading,not_leading,Q1_TIE__Q2_LOST__Q3_LOST,Q1_TIE__Q2_LOST__Q3_LOST__Q3_LEAD_not_leading,False,False,-20.5,0.039997994899749756,2400.1253250478726
2017,2017_11_BUF_LAC,LAC,BUF,BUF,LAC,away,away dog,7.0,7.0,3.5-7,-3.0,-30.0,-37.0,-30,LOST,LOST,LOST,LOST,not_leading,not_leading,not_leading,Q1_LOST__Q2_LOST__Q3_LOST,Q1_LOST__Q2_LOST__Q3_LOST__Q3_LEAD_not_leading,False,False,-23.0,0.0001311267988057807,762520.6153946886
2017,2017_11_CIN_DEN,DEN,CIN,CIN,DEN,away,away dog,2.5,2.5,<=3,-1.0,6.0,3.0,3,LOST,WIN,WIN,WIN,not_leading,4-7,1-3,Q1_LOST__Q2_WIN__Q3_WIN,Q1_LOST__Q2_WIN__Q3_WIN__Q3_LEAD_1-3,True,True,5.5,0.6500514149665833,-185.75626328207886
2017,2017_11_DET_CHI,CHI,DET,CHI,DET,home,home dog,-3.0,3.0,<=3,10.0,-4.0,-4.0,-3,WIN,LOST,LOST,LOST,8+,not_leading,not_leading,Q1_WIN__Q2_LOST__Q3_LOST,Q1_WIN__Q2_LOST__Q3_LOST__Q3_LEAD_not_leading,False,False,0.0,0.22502350807189941,344.398013597975
2017,2017_11_JAX_CLE,CLE,JAX,CLE,JAX,home,home dog,-7.5,7.5,7.5+,-7.0,-3.0,-3.0,-12,LOST,LOST,LOST,LOST,not_leading,not_leading,not_leading,Q1_LOST__Q2_LOST__Q3_LOST,Q1_LOST__Q2_LOST__Q3_LOST__Q3_LEAD_not_leading,False,False,-4.5,0.35383284091949463,182.61932877720747
2017,2017_11_KC_NYG,NYG,KC,NYG,KC,home,home dog,-10.0,10.0,7.5+,0.0,3.0,3.0,3,TIE,WIN,WIN,WIN,not_leading,1-3,1-3,Q1_TIE__Q2_WIN__Q3_WIN,Q1_TIE__Q2_WIN__Q3_WIN__Q3_LEAD_1-3,True,True,13.0,0.4586038589477539,118.05311501182206
2017,2017_11_LA_MIN,MIN,LA,LA,MIN,away,away dog,1.0,1.0,<=3,7.0,0.0,0.0,-17,WIN,TIE,TIE,LOST,4-7,not_leading,not_leading,Q1_WIN__Q2_TIE__Q3_TIE,Q1_WIN__Q2_TIE__Q3_TIE__Q3_LEAD_not_leading,False,False,-16.0,0.2722904086112976,267.2549485309006
2017,2017_11_NE_OAK,LV,NE,LV,NE,home,home dog,-7.0,7.0,3.5-7,-7.0,-17.0,-30.0,-25,LOST,LOST,LOST,LOST,not_leading,not_leading,not_leading,Q1_LOST__Q2_LOST__Q3_LOST,Q1_LOST__Q2_LOST__Q3_LOST__Q3_LEAD_not_leading,False,False,-18.0,0.0005153172533027828,193955.21425699952
2017,2017_11_PHI_DAL,DAL,PHI,DAL,PHI,home,home dog,-6.0,6.0,3.5-7,-1.0,2.0,-14.0,-28,LOST,WIN,LOST,LOST,not_leading,1-3,not_leading,Q1_LOST__Q2_WIN__Q3_LOST,Q1_LOST__Q2_WIN__Q3_LOST__Q3_LEAD_not_leading,False,False,-22.0,0.03603959083557129,2674.726285219071
2017,2017_11_TB_MIA,MIA,TB,MIA,TB,home,home dog,-1.0,1.0,<=3,4.0,-13.0,-7.0,-10,WIN,LOST,LOST,LOST,4-7,not_leading,not_leading,Q1_WIN__Q2_LOST__Q3_LOST,Q1_WIN__Q2_LOST__Q3_LOST__Q3_LEAD_not_leading,False,False,-9.0,0.2090577930212021,378.336629095947
2017,2017_11_TEN_PIT,PIT,TEN,TEN,PIT,away,away dog,7.0,7.0,3.5-7,-3.0,-6.0,-6.0,-23,LOST,LOST,LOST,LOST,not_leading,not_leading,not_leading,Q1_LOST__Q2_LOST__Q3_LOST,Q1_LOST__Q2_LOST__Q3_LOST__Q3_LEAD_not_leading,False,False,-16.0,0.10944712162017822,813.6832336901174
2017,2017_11_WAS_NO,NO,WAS,WAS,NO,away,away dog,9.5,9.5,7.5+,0.0,4.0,11.0,-3,TIE,WIN,WIN,LOST,not_leading,4-7,8+,Q1_TIE__Q2_WIN__Q3_WIN,Q1_TIE__Q2_WIN__Q3_WIN__Q3_LEAD_8+,False,True,6.5,0.8805707097053528,-737.3155341816678
2017,2017_12_BUF_KC,KC,BUF,BUF,KC,away,away dog,8.5,8.5,7.5+,7.0,10.0,6.0,6,WIN,WIN,WIN,WIN,4-7,8+,4-7,Q1_WIN__Q2_WIN__Q3_WIN,Q1_WIN__Q2_WIN__Q3_WIN__Q3_LEAD_4-7,True,True,14.5,0.7795201539993286,-353.5561948809393
2017,2017_12_CAR_NYJ,NYJ,CAR,NYJ,CAR,home,home dog,-5.5,5.5,3.5-7,0.0,-2.0,-1.0,-8,TIE,LOST,LOST,LOST,not_leading,not_leading,not_leading,Q1_TIE__Q2_LOST__Q3_LOST,Q1_TIE__Q2_LOST__Q3_LOST__Q3_LEAD_not_leading,False,False,-2.5,0.6746771931648254,-207.38699500605622
2017,2017_12_CHI_PHI,PHI,CHI,CHI,PHI,away,away dog,14.0,14.0,7.5+,-7.0,-24.0,-21.0,-28,LOST,LOST,LOST,LOST,not_leading,not_leading,not_leading,Q1_LOST__Q2_LOST__Q3_LOST,Q1_LOST__Q2_LOST__Q3_LOST__Q3_LEAD_not_leading,False,False,-14.0,0.006541073322296143,15188.010861938565
2017,2017_12_CLE_CIN,CIN,CLE,CLE,CIN,away,away dog,7.5,7.5,7.5+,-4.0,-10.0,-14.0,-14,LOST,LOST,LOST,LOST,not_leading,not_leading,not_leading,Q1_LOST__Q2_LOST__Q3_LOST,Q1_LOST__Q2_LOST__Q3_LOST__Q3_LEAD_not_leading,False,False,-6.5,0.02919822931289673,3324.865217968216
2017,2017_12_DEN_OAK,LV,DEN,DEN,LV,away,away dog,3.5,3.5,3.5-7,0.0,-14.0,-21.0,-7,TIE,LOST,LOST,LOST,not_leading,not_leading,not_leading,Q1_TIE__Q2_LOST__Q3_LOST,Q1_TIE__Q2_LOST__Q3_LOST__Q3_LEAD_not_leading,False,False,-3.5,0.010087668895721436,9813.093008278038
2017,2017_12_GB_PIT,PIT,GB,GB,PIT,away,away dog,14.0,14.0,7.5+,8.0,0.0,0.0,-3,WIN,TIE,TIE,LOST,8+,not_leading,not_leading,Q1_WIN__Q2_TIE__Q3_TIE,Q1_WIN__Q2_TIE__Q3_TIE__Q3_LEAD_not_leading,False,True,11.0,0.34694281220436096,188.23194048792297
2017,2017_12_HOU_BAL,BAL,HOU,HOU,BAL,away,away dog,7.5,7.5,7.5+,7.0,-7.0,-4.0,-7,WIN,LOST,LOST,LOST,4-7,not_leading,not_leading,Q1_WIN__Q2_LOST__Q3_LOST,Q1_WIN__Q2_LOST__Q3_LOST__Q3_LEAD_not_leading,False,True,0.5,0.25599414110183716,290.6339401737282
2017,2017_12_JAX_ARI,ARI,JAX,ARI,JAX,home,home dog,-6.5,6.5,3.5-7,3.0,10.0,6.0,3,WIN,WIN,WIN,WIN,1-3,8+,4-7,Q1_WIN__Q2_WIN__Q3_WIN,Q1_WIN__Q2_WIN__Q3_WIN__Q3_LEAD_4-7,True,True,9.5,0.8390129804611206,-521.1680934676187
2017,2017_12_LAC_DAL,DAL,LAC,DAL,LAC,home,home dog,-1.0,1.0,<=3,0.0,-3.0,-16.0,-22,TIE,LOST,LOST,LOST,not_leading,not_leading,not_leading,Q1_TIE__Q2_LOST__Q3_LOST,Q1_TIE__Q2_LOST__Q3_LOST__Q3_LEAD_not_leading,False,False,-21.0,0.0644310861825943,1452.0458512309613
2017,2017_12_MIA_NE,NE,MIA,MIA,NE,away,away dog,17.0,17.0,7.5+,-14.0,-11.0,-18.0,-18,LOST,LOST,LOST,LOST,not_leading,not_leading,not_leading,Q1_LOST__Q2_LOST__Q3_LOST,Q1_LOST__Q2_LOST__Q3_LOST__Q3_LEAD_not_leading,False,False,-1.0,0.017585694789886475,5586.440097749789
2017,2017_12_MIN_DET,DET,MIN,DET,MIN,home,home dog,-2.5,2.5,<=3,-13.0,-10.0,-11.0,-7,LOST,LOST,LOST,LOST,not_leading,not_leading,not_leading,Q1_LOST__Q2_LOST__Q3_LOST,Q1_LOST__Q2_LOST__Q3_LOST__Q3_LEAD_not_leading,False,False,-4.5,0.14179980754852295,605.2195748980877
2017,2017_12_NO_LA,LA,NO,NO,LA,away,away dog,2.5,2.5,<=3,-3.0,-7.0,-10.0,-6,LOST,LOST,LOST,LOST,not_leading,not_leading,not_leading,Q1_LOST__Q2_LOST__Q3_LOST,Q1_LOST__Q2_LOST__Q3_LOST__Q3_LEAD_not_leading,False,False,-3.5,0.07937753200531006,1159.8023328983115
2017,2017_12_NYG_WAS,WAS,NYG,NYG,WAS,away,away dog,7.0,7.0,3.5-7,0.0,0.0,0.0,-10,TIE,TIE,TIE,LOST,not_leading,not_leading,not_leading,Q1_TIE__Q2_TIE__Q3_TIE,Q1_TIE__Q2_TIE__Q3_TIE__Q3_LEAD_not_leading,False,False,-3.0,0.38709163665771484,158.33676197046034
2017,2017_12_SEA_SF,SF,SEA,SF,SEA,home,home dog,-7.0,7.0,3.5-7,0.0,-4.0,-8.0,-11,TIE,LOST,LOST,LOST,not_leading,not_leading,not_leading,Q1_TIE__Q2_LOST__Q3_LOST,Q1_TIE__Q2_LOST__Q3_LOST__Q3_LEAD_not_leading,False,False,-4.0,0.07945936918258667,1158.5048311950954
2017,2017_12_TB_ATL,ATL,TB,TB,ATL,away,away dog,10.5,10.5,7.5+,0.0,-14.0,-14.0,-14,TIE,LOST,LOST,LOST,not_leading,not_leading,not_leading,Q1_TIE__Q2_LOST__Q3_LOST,Q1_TIE__Q2_LOST__Q3_LOST__Q3_LEAD_not_leading,False,False,-3.5,0.1350332498550415,640.5583447584223
2017,2017_12_TEN_IND,IND,TEN,IND,TEN,home,home dog,-3.0,3.0,<=3,-6.0,7.0,3.0,-4,LOST,WIN,WIN,LOST,not_leading,4-7,1-3,Q1_LOST__Q2_WIN__Q3_WIN,Q1_LOST__Q2_WIN__Q3_WIN__Q3_LEAD_1-3,False,False,-1.0,0.7434563636779785,-289.7972346290317
2017,2017_13_CAR_NO,NO,CAR,CAR,NO,away,away dog,5.5,5.5,3.5-7,0.0,-7.0,-14.0,-10,TIE,LOST,LOST,LOST,not_leading,not_leading,not_leading,Q1_TIE__Q2_LOST__Q3_LOST,Q1_TIE__Q2_LOST__Q3_LOST__Q3_LEAD_not_leading,False,False,-4.5,0.07163278013467789,1296.0089195475657
2017,2017_13_CLE_LAC,LAC,CLE,CLE,LAC,away,away dog,13.5,13.5,7.5+,0.0,-2.0,-12.0,-9,TIE,LOST,LOST,LOST,not_leading,not_leading,not_leading,Q1_TIE__Q2_LOST__Q3_LOST,Q1_TIE__Q2_LOST__Q3_LOST__Q3_LEAD_not_leading,False,True,4.5,0.09060576558113098,1003.6825234974385
2017,2017_13_DEN_MIA,MIA,DEN,MIA,DEN,home,home dog,-1.0,1.0,<=3,2.0,13.0,17.0,26,WIN,WIN,WIN,WIN,1-3,8+,8+,Q1_WIN__Q2_WIN__Q3_WIN,Q1_WIN__Q2_WIN__Q3_WIN__Q3_LEAD_8+,True,True,27.0,0.9821116328239441,-5490.225145526578
2017,2017_13_DET_BAL,BAL,DET,DET,BAL,away,away dog,2.5,2.5,<=3,-3.0,-20.0,-7.0,-24,LOST,LOST,LOST,LOST,not_leading,not_leading,not_leading,Q1_LOST__Q2_LOST__Q3_LOST,Q1_LOST__Q2_LOST__Q3_LOST__Q3_LEAD_not_leading,False,False,-21.5,0.13626039028167725,633.8889885261606
2017,2017_13_HOU_TEN,TEN,HOU,HOU,TEN,away,away dog,7.0,7.0,3.5-7,3.0,0.0,-7.0,-11,WIN,TIE,LOST,LOST,1-3,not_leading,not_leading,Q1_WIN__Q2_TIE__Q3_LOST,Q1_WIN__Q2_TIE__Q3_LOST__Q3_LEAD_not_leading,False,False,-4.0,0.21979176998138428,354.9760894526201
2017,2017_13_IND_JAX,JAX,IND,IND,JAX,away,away dog,10.0,10.0,7.5+,-7.0,-13.0,-17.0,-20,LOST,LOST,LOST,LOST,not_leading,not_leading,not_leading,Q1_LOST__Q2_LOST__Q3_LOST,Q1_LOST__Q2_LOST__Q3_LOST__Q3_LEAD_not_leading,False,False,-10.0,0.02810024470090866,3458.687871382357
2017,2017_13_KC_NYJ,NYJ,KC,NYJ,KC,home,home dog,-3.5,3.5,3.5-7,0.0,4.0,3.0,7,TIE,WIN,WIN,WIN,not_leading,4-7,1-3,Q1_TIE__Q2_WIN__Q3_WIN,Q1_TIE__Q2_WIN__Q3_WIN__Q3_LEAD_1-3,True,True,10.5,0.7197467684745789,-256.8201496043382
2017,2017_13_LA_ARI,ARI,LA,ARI,LA,home,home dog,-7.5,7.5,7.5+,-16.0,-3.0,-13.0,-16,LOST,LOST,LOST,LOST,not_leading,not_leading,not_leading,Q1_LOST__Q2_LOST__Q3_LOST,Q1_LOST__Q2_LOST__Q3_LOST__Q3_LEAD_not_leading,False,False,-8.5,0.067461296916008,1382.3314192210682
2017,2017_13_MIN_ATL,ATL,MIN,MIN,ATL,away,away dog,2.0,2.0,<=3,-3.0,1.0,-2.0,5,LOST,WIN,LOST,WIN,not_leading,1-3,not_leading,Q1_LOST__Q2_WIN__Q3_LOST,Q1_LOST__Q2_WIN__Q3_LOST__Q3_LEAD_not_leading,True,True,7.0,0.594594419002533,-146.66655982869855
2017,2017_13_NE_BUF,BUF,NE,BUF,NE,home,home dog,-7.5,7.5,7.5+,-3.0,-6.0,-20.0,-20,LOST,LOST,LOST,LOST,not_leading,not_leading,not_leading,Q1_LOST__Q2_LOST__Q3_LOST,Q1_LOST__Q2_LOST__Q3_LOST__Q3_LEAD_not_leading,False,False,-12.5,0.021288186311721802,4597.441037752358
2017,2017_13_NYG_OAK,LV,NYG,NYG,LV,away,away dog,10.0,10.0,7.5+,0.0,-3.0,-3.0,-7,TIE,LOST,LOST,LOST,not_leading,not_leading,not_leading,Q1_TIE__Q2_LOST__Q3_LOST,Q1_TIE__Q2_LOST__Q3_LOST__Q3_LEAD_not_leading,False,True,3.0,0.28656309843063354,248.9632843434876
2017,2017_13_PHI_SEA,SEA,PHI,SEA,PHI,home,home dog,-3.5,3.5,3.5-7,10.0,7.0,14.0,14,WIN,WIN,WIN,WIN,8+,4-7,8+,Q1_WIN__Q2_WIN__Q3_WIN,Q1_WIN__Q2_WIN__Q3_WIN__Q3_LEAD_8+,True,True,17.5,0.9572027921676636,-2236.601032286099
2017,2017_13_PIT_CIN,CIN,PIT,CIN,PIT,home,home dog,-4.5,4.5,3.5-7,10.0,14.0,10.0,-3,WIN,WIN,WIN,LOST,8+,8+,8+,Q1_WIN__Q2_WIN__Q3_WIN,Q1_WIN__Q2_WIN__Q3_WIN__Q3_LEAD_8+,False,True,1.5,0.8866319060325623,-782.0823963814951
2017,2017_13_SF_CHI,CHI,SF,SF,CHI,away,away dog,2.5,2.5,<=3,-4.0,-5.0,-2.0,1,LOST,LOST,LOST,WIN,not_leading,not_leading,not_leading,Q1_LOST__Q2_LOST__Q3_LOST,Q1_LOST__Q2_LOST__Q3_LOST__Q3_LEAD_not_leading,True,True,3.5,0.40094584226608276,149.41024312614329
2017,2017_13_TB_GB,GB,TB,TB,GB,away,away dog,3.0,3.0,<=3,4.0,-7.0,-7.0,-6,WIN,LOST,LOST,LOST,4-7,not_leading,not_leading,Q1_WIN__Q2_LOST__Q3_LOST,Q1_WIN__Q2_LOST__Q3_LOST__Q3_LEAD_not_leading,False,False,-3.0,0.3447040021419525,190.10397146134383
2017,2017_13_WAS_DAL,DAL,WAS,DAL,WAS,home,home dog,-1.5,1.5,<=3,0.0,10.0,10.0,24,TIE,WIN,WIN,WIN,not_leading,8+,8+,Q1_TIE__Q2_WIN__Q3_WIN,Q1_TIE__Q2_WIN__Q3_WIN__Q3_LEAD_8+,True,True,25.5,0.9227837324142456,-1195.063891672083
2017,2017_14_BAL_PIT,PIT,BAL,BAL,PIT,away,away dog,6.0,6.0,3.5-7,-7.0,-6.0,11.0,-1,LOST,LOST,WIN,LOST,not_leading,not_leading,8+,Q1_LOST__Q2_LOST__Q3_WIN,Q1_LOST__Q2_LOST__Q3_WIN__Q3_LEAD_8+,False,True,5.0,0.817309558391571,-447.37401212448657
2017,2017_14_CHI_CIN,CIN,CHI,CHI,CIN,away,away dog,6.0,6.0,3.5-7,-1.0,5.0,12.0,26,LOST,WIN,WIN,WIN,not_leading,4-7,8+,Q1_LOST__Q2_WIN__Q3_WIN,Q1_LOST__Q2_WIN__Q3_WIN__Q3_LEAD_8+,True,True,32.0,0.9550343155860901,-2123.9181122986643
2017,2017_14_DAL_NYG,NYG,DAL,NYG,DAL,home,home dog,-4.0,4.0,3.5-7,-3.0,0.0,0.0,-20,LOST,TIE,TIE,LOST,not_leading,not_leading,not_leading,Q1_LOST__Q2_TIE__Q3_TIE,Q1_LOST__Q2_TIE__Q3_TIE__Q3_LEAD_not_leading,False,False,-16.0,0.5747727155685425,-135.1683526933207
2017,2017_14_GB_CLE,CLE,GB,CLE,GB,home,home dog,-2.5,2.5,<=3,0.0,7.0,14.0,-6,TIE,WIN,WIN,LOST,not_leading,4-7,8+,Q1_TIE__Q2_WIN__Q3_WIN,Q1_TIE__Q2_WIN__Q3_WIN__Q3_LEAD_8+,False,False,-3.5,0.8631466627120972,-630.7092540215277
2017,2017_14_IND_BUF,BUF,IND,IND,BUF,away,away dog,3.5,3.5,3.5-7,0.0,-7.0,-7.0,-6,TIE,LOST,LOST,LOST,not_leading,not_leading,not_leading,Q1_TIE__Q2_LOST__Q3_LOST,Q1_TIE__Q2_LOST__Q3_LOST__Q3_LEAD_not_leading,False,False,-2.5,0.270183801651001,270.11841342424725
2017,2017_14_MIN_CAR,CAR,MIN,CAR,MIN,home,home dog,-2.5,2.5,<=3,0.0,1.0,11.0,7,TIE,WIN,WIN,WIN,not_leading,1-3,8+,Q1_TIE__Q2_WIN__Q3_WIN,Q1_TIE__Q2_WIN__Q3_WIN__Q3_LEAD_8+,True,True,9.5,0.8537319898605347,-583.6764915626516
2017,2017_14_NE_MIA,MIA,NE,MIA,NE,home,home dog,-10.0,10.0,7.5+,6.0,3.0,17.0,7,WIN,WIN,WIN,WIN,4-7,1-3,8+,Q1_WIN__Q2_WIN__Q3_WIN,Q1_WIN__Q2_WIN__Q3_WIN__Q3_LEAD_8+,True,True,17.0,0.9429728388786316,-1653.550379040864
2017,2017_14_NO_ATL,ATL,NO,NO,ATL,away,away dog,2.5,2.5,<=3,0.0,0.0,7.0,-3,TIE,TIE,WIN,LOST,not_leading,not_leading,4-7,Q1_TIE__Q2_TIE__Q3_WIN,Q1_TIE__Q2_TIE__Q3_WIN__Q3_LEAD_4-7,False,False,-0.5,0.6976804733276367,-230.7758552704216
2017,2017_14_NYJ_DEN,DEN,NYJ,DEN,NYJ,home,home dog,-1.0,1.0,<=3,10.0,13.0,20.0,23,WIN,WIN,WIN,WIN,8+,8+,8+,Q1_WIN__Q2_WIN__Q3_WIN,Q1_WIN__Q2_WIN__Q3_WIN__Q3_LEAD_8+,True,True,24.0,0.9915267825126648,-11701.892274035046
2017,2017_14_OAK_KC,KC,LV,LV,KC,away,away dog,4.5,4.5,3.5-7,-3.0,-16.0,-26.0,-11,LOST,LOST,LOST,LOST,not_leading,not_leading,not_leading,Q1_LOST__Q2_LOST__Q3_LOST,Q1_LOST__Q2_LOST__Q3_LOST__Q3_LEAD_not_leading,False,False,-6.5,0.0005390275618992746,185419.27038322116
2017,2017_14_PHI_LA,LA,PHI,LA,PHI,home,home dog,-1.0,1.0,<=3,-7.0,-10.0,-3.0,-8,LOST,LOST,LOST,LOST,not_leading,not_leading,not_leading,Q1_LOST__Q2_LOST__Q3_LOST,Q1_LOST__Q2_LOST__Q3_LOST__Q3_LEAD_not_leading,False,False,-7.0,0.5846746563911438,-140.77509725526812
2017,2017_14_SEA_JAX,JAX,SEA,SEA,JAX,away,away dog,3.0,3.0,<=3,-3.0,-3.0,-14.0,-6,LOST,LOST,LOST,LOST,not_leading,not_leading,not_leading,Q1_LOST__Q2_LOST__Q3_LOST,Q1_LOST__Q2_LOST__Q3_LOST__Q3_LEAD_not_leading,False,False,-3.0,0.03213953971862793,3011.4322381549373
2017,2017_14_SF_HOU,HOU,SF,SF,HOU,away,away dog,1.0,1.0,<=3,-3.0,4.0,7.0,10,LOST,WIN,WIN,WIN,not_leading,4-7,4-7,Q1_LOST__Q2_WIN__Q3_WIN,Q1_LOST__Q2_WIN__Q3_WIN__Q3_LEAD_4-7,True,True,11.0,0.7390882968902588,-283.2714240416396
2017,2017_14_TEN_ARI,ARI,TEN,ARI,TEN,home,home dog,-2.5,2.5,<=3,0.0,-7.0,-1.0,5,TIE,LOST,LOST,WIN,not_leading,not_leading,not_leading,Q1_TIE__Q2_LOST__Q3_LOST,Q1_TIE__Q2_LOST__Q3_LOST__Q3_LEAD_not_leading,True,True,7.5,0.5795193314552307,-137.82306174999061
2017,2017_14_WAS_LAC,LAC,WAS,WAS,LAC,away,away dog,6.0,6.0,3.5-7,-13.0,-17.0,-24.0,-17,LOST,LOST,LOST,LOST,not_leading,not_leading,not_leading,Q1_LOST__Q2_LOST__Q3_LOST,Q1_LOST__Q2_LOST__Q3_LOST__Q3_LEAD_not_leading,False,False,-11.0,0.0004744529724121094,210669.04522613066
2017,2017_15_ARI_WAS,WAS,ARI,ARI,WAS,away,away dog,4.0,4.0,3.5-7,-4.0,-5.0,-5.0,-5,LOST,LOST,LOST,LOST,not_leading,not_leading,not_leading,Q1_LOST__Q2_LOST__Q3_LOST,Q1_LOST__Q2_LOST__Q3_LOST__Q3_LEAD_not_leading,False,False,-1.0,0.3526076674461365,183.60132019895957
2017,2017_15_ATL_TB,TB,ATL,TB,ATL,home,home dog,-7.0,7.0,3.5-7,0.0,-10.0,-3.0,-3,TIE,LOST,LOST,LOST,not_leading,not_leading,not_leading,Q1_TIE__Q2_LOST__Q3_LOST,Q1_TIE__Q2_LOST__Q3_LOST__Q3_LEAD_not_leading,False,True,4.0,0.42710721492767334,134.13324922861366
2017,2017_15_BAL_CLE,CLE,BAL,CLE,BAL,home,home dog,-6.5,6.5,3.5-7,-3.0,-7.0,-17.0,-17,LOST,LOST,LOST,LOST,not_leading,not_leading,not_leading,Q1_LOST__Q2_LOST__Q3_LOST,Q1_LOST__Q2_LOST__Q3_LOST__Q3_LEAD_not_leading,False,False,-10.5,0.02914983220398426,3330.551479686795
2017,2017_15_CHI_DET,DET,CHI,CHI,DET,away,away dog,5.0,5.0,3.5-7,-3.0,-10.0,-17.0,-10,LOST,LOST,LOST,LOST,not_leading,not_leading,not_leading,Q1_LOST__Q2_LOST__Q3_LOST,Q1_LOST__Q2_LOST__Q3_LOST__Q3_LEAD_not_leading,False,False,-5.0,0.05749181658029556,1639.3779836533024
2017,2017_15_CIN_MIN,MIN,CIN,CIN,MIN,away,away dog,12.5,12.5,7.5+,-17.0,-24.0,-27.0,-27,LOST,LOST,LOST,LOST,not_leading,not_leading,not_leading,Q1_LOST__Q2_LOST__Q3_LOST,Q1_LOST__Q2_LOST__Q3_LOST__Q3_LEAD_not_leading,False,False,-14.5,0.00024002790451049805,416518.22696796624
2017,2017_15_DAL_OAK,LV,DAL,LV,DAL,home,home dog,-3.0,3.0,<=3,-3.0,-10.0,-7.0,-3,LOST,LOST,LOST,LOST,not_leading,not_leading,not_leading,Q1_LOST__Q2_LOST__Q3_LOST,Q1_LOST__Q2_LOST__Q3_LOST__Q3_LEAD_not_leading,False,False,0.0,0.24031977355480194,316.1122429536421
2017,2017_15_DEN_IND,IND,DEN,IND,DEN,home,home dog,-3.0,3.0,<=3,7.0,3.0,-9.0,-12,WIN,WIN,LOST,LOST,4-7,1-3,not_leading,Q1_WIN__Q2_WIN__Q3_LOST,Q1_WIN__Q2_WIN__Q3_LOST__Q3_LEAD_not_leading,False,False,-9.0,0.13576695322990417,636.5562651366466
2017,2017_15_GB_CAR,CAR,GB,GB,CAR,away,away dog,3.0,3.0,<=3,0.0,4.0,-7.0,-7,TIE,WIN,LOST,LOST,not_leading,4-7,not_leading,Q1_TIE__Q2_WIN__Q3_LOST,Q1_TIE__Q2_WIN__Q3_LOST__Q3_LEAD_not_leading,False,False,-4.0,0.127885103225708,681.9519043082539
2017,2017_15_HOU_JAX,JAX,HOU,HOU,JAX,away,away dog,10.5,10.5,7.5+,-7.0,-31.0,-31.0,-38,LOST,LOST,LOST,LOST,not_leading,not_leading,not_leading,Q1_LOST__Q2_LOST__Q3_LOST,Q1_LOST__Q2_LOST__Q3_LOST__Q3_LEAD_not_leading,False,False,-27.5,0.0001322031021118164,756311.9026149685
2017,2017_15_LAC_KC,KC,LAC,LAC,KC,away,away dog,1.0,1.0,<=3,-3.0,-4.0,-7.0,-17,LOST,LOST,LOST,LOST,not_leading,not_leading,not_leading,Q1_LOST__Q2_LOST__Q3_LOST,Q1_LOST__Q2_LOST__Q3_LOST__Q3_LEAD_not_leading,False,False,-16.0,0.17465287446975708,472.564295340676
2017,2017_15_LA_SEA,SEA,LA,SEA,LA,home,home dog,-1.0,1.0,<=3,-13.0,-34.0,-33.0,-35,LOST,LOST,LOST,LOST,not_leading,not_leading,not_leading,Q1_LOST__Q2_LOST__Q3_LOST,Q1_LOST__Q2_LOST__Q3_LOST__Q3_LEAD_not_leading,False,False,-34.0,0.00016736984252929688,597379.2022792023
2017,2017_15_MIA_BUF,BUF,MIA,MIA,BUF,away,away dog,3.5,3.5,3.5-7,-4.0,-15.0,-18.0,-8,LOST,LOST,LOST,LOST,not_leading,not_leading,not_leading,Q1_LOST__Q2_LOST__Q3_LOST,Q1_LOST__Q2_LOST__Q3_LOST__Q3_LEAD_not_leading,False,False,-4.5,0.014041151851415634,7021.922834978667
2017,2017_15_NE_PIT,PIT,NE,PIT,NE,home,home dog,-2.5,2.5,<=3,0.0,7.0,8.0,-3,TIE,WIN,WIN,LOST,not_leading,4-7,8+,Q1_TIE__Q2_WIN__Q3_WIN,Q1_TIE__Q2_WIN__Q3_WIN__Q3_LEAD_8+,False,False,-0.5,0.86421138048172,-636.4387409987468
2017,2017_15_NYJ_NO,NO,NYJ,NYJ,NO,away,away dog,16.5,16.5,7.5+,-10.0,-7.0,-4.0,-12,LOST,LOST,LOST,LOST,not_leading,not_leading,not_leading,Q1_LOST__Q2_LOST__Q3_LOST,Q1_LOST__Q2_LOST__Q3_LOST__Q3_LEAD_not_leading,False,True,4.5,0.22951757907867432,335.69647432418185
2017,2017_15_PHI_NYG,NYG,PHI,NYG,PHI,home,home dog,-7.5,7.5,7.5+,6.0,2.0,-2.0,-5,WIN,WIN,LOST,LOST,4-7,1-3,not_leading,Q1_WIN__Q2_WIN__Q3_LOST,Q1_WIN__Q2_WIN__Q3_LOST__Q3_LEAD_not_leading,False,True,2.5,0.43768441677093506,128.47512081366983
2017,2017_15_TEN_SF,SF,TEN,TEN,SF,away,away dog,2.5,2.5,<=3,-6.0,-6.0,-3.0,-2,LOST,LOST,LOST,LOST,not_leading,not_leading,not_leading,Q1_LOST__Q2_LOST__Q3_LOST,Q1_LOST__Q2_LOST__Q3_LOST__Q3_LEAD_not_leading,False,True,0.5,0.5546551942825317,-124.54511362021167
2017,2017_16_ATL_NO,NO,ATL,ATL,NO,away,away dog,5.5,5.5,3.5-7,-3.0,-13.0,-17.0,-10,LOST,LOST,LOST,LOST,not_leading,not_leading,not_leading,Q1_LOST__Q2_LOST__Q3_LOST,Q1_LOST__Q2_LOST__Q3_LOST__Q3_LEAD_not_leading,False,False,-4.5,0.043988823890686035,2173.304697768323
2017,2017_16_BUF_NE,NE,BUF,BUF,NE,away,away dog,11.0,11.0,7.5+,3.0,0.0,-7.0,-21,WIN,TIE,LOST,LOST,1-3,not_leading,not_leading,Q1_WIN__Q2_TIE__Q3_LOST,Q1_WIN__Q2_TIE__Q3_LOST__Q3_LEAD_not_leading,False,False,-10.0,0.2565798759460449,289.7421792386733
2017,2017_16_CLE_CHI,CHI,CLE,CLE,CHI,away,away dog,5.5,5.5,3.5-7,-6.0,-3.0,-17.0,-17,LOST,LOST,LOST,LOST,not_leading,not_leading,not_leading,Q1_LOST__Q2_LOST__Q3_LOST,Q1_LOST__Q2_LOST__Q3_LOST__Q3_LEAD_not_leading,False,False,-11.5,0.014559447765350342,6768.392373918704
2017,2017_16_DEN_WAS,WAS,DEN,DEN,WAS,away,away dog,3.0,3.0,<=3,3.0,-7.0,-10.0,-16,WIN,LOST,LOST,LOST,1-3,not_leading,not_leading,Q1_WIN__Q2_LOST__Q3_LOST,Q1_WIN__Q2_LOST__Q3_LOST__Q3_LEAD_not_leading,False,False,-13.0,0.08489757776260376,1077.8899072907195
2017,2017_16_DET_CIN,CIN,DET,CIN,DET,home,home dog,-3.0,3.0,<=3,-7.0,-1.0,3.0,9,LOST,LOST,WIN,WIN,not_leading,not_leading,1-3,Q1_LOST__Q2_LOST__Q3_WIN,Q1_LOST__Q2_LOST__Q3_WIN__Q3_LEAD_1-3,True,True,12.0,0.794366717338562,-386.3025999766953
2017,2017_16_IND_BAL,BAL,IND,IND,BAL,away,away dog,13.5,13.5,7.5+,-3.0,-6.0,-3.0,-7,LOST,LOST,LOST,LOST,not_leading,not_leading,not_leading,Q1_LOST__Q2_LOST__Q3_LOST,Q1_LOST__Q2_LOST__Q3_LOST__Q3_LEAD_not_leading,False,True,6.5,0.26347798109054565,279.5383568148507
2017,2017_16_JAX_SF,SF,JAX,SF,JAX,home,home dog,-4.0,4.0,3.5-7,10.0,0.0,4.0,11,WIN,TIE,WIN,WIN,8+,not_leading,4-7,Q1_WIN__Q2_TIE__Q3_WIN,Q1_WIN__Q2_TIE__Q3_WIN__Q3_LEAD_4-7,True,True,15.0,0.808327853679657,-421.7242146016839
2017,2017_16_LAC_NYJ,NYJ,LAC,NYJ,LAC,home,home dog,-7.5,7.5,7.5+,0.0,-7.0,-7.0,-7,TIE,LOST,LOST,LOST,not_leading,not_leading,not_leading,Q1_TIE__Q2_LOST__Q3_LOST,Q1_TIE__Q2_LOST__Q3_LOST__Q3_LEAD_not_leading,False,True,0.5,0.23018555343151093,334.4321288162589
2017,2017_16_LA_TEN,TEN,LA,TEN,LA,home,home dog,-5.5,5.5,3.5-7,-3.0,0.0,0.0,-4,LOST,TIE,TIE,LOST,not_leading,not_leading,not_leading,Q1_LOST__Q2_TIE__Q3_TIE,Q1_LOST__Q2_TIE__Q3_TIE__Q3_LEAD_not_leading,False,True,1.5,0.6869081258773804,-219.39506664052192
2017,2017_16_MIA_KC,KC,MIA,MIA,KC,away,away dog,11.0,11.0,7.5+,0.0,-7.0,-10.0,-16,TIE,LOST,LOST,LOST,not_leading,not_leading,not_leading,Q1_TIE__Q2_LOST__Q3_LOST,Q1_TIE__Q2_LOST__Q3_LOST__Q3_LEAD_not_leading,False,False,-5.0,0.07540911436080933,1226.0996478692334
2017,2017_16_MIN_GB,GB,MIN,GB,MIN,home,home dog,-8.5,8.5,7.5+,-10.0,-10.0,-13.0,-16,LOST,LOST,LOST,LOST,not_leading,not_leading,not_leading,Q1_LOST__Q2_LOST__Q3_LOST,Q1_LOST__Q2_LOST__Q3_LOST__Q3_LEAD_not_leading,False,False,-7.5,0.056944381445646286,1656.0995037842413
2017,2017_16_NYG_ARI,ARI,NYG,NYG,ARI,away,away dog,3.0,3.0,<=3,-3.0,-10.0,-16.0,-23,LOST,LOST,LOST,LOST,not_leading,not_leading,not_leading,Q1_LOST__Q2_LOST__Q3_LOST,Q1_LOST__Q2_LOST__Q3_LOST__Q3_LEAD_not_leading,False,False,-20.0,0.042344097048044205,2261.6042606018636
2017,2017_16_OAK_PHI,PHI,LV,LV,PHI,away,away dog,10.0,10.0,7.5+,-7.0,0.0,0.0,-9,LOST,TIE,TIE,LOST,not_leading,not_leading,not_leading,Q1_LOST__Q2_TIE__Q3_TIE,Q1_LOST__Q2_TIE__Q3_TIE__Q3_LEAD_not_leading,False,True,1.0,0.46043118834495544,117.18771997061135
2017,2017_16_PIT_HOU,HOU,PIT,HOU,PIT,home,home dog,-8.0,8.0,7.5+,-10.0,-20.0,-27.0,-28,LOST,LOST,LOST,LOST,not_leading,not_leading,not_leading,Q1_LOST__Q2_LOST__Q3_LOST,Q1_LOST__Q2_LOST__Q3_LOST__Q3_LEAD_not_leading,False,False,-20.0,0.0011353034060448408,87982.18091089769
2017,2017_16_SEA_DAL,DAL,SEA,SEA,DAL,away,away dog,4.5,4.5,3.5-7,0.0,-2.0,2.0,9,TIE,LOST,WIN,WIN,not_leading,not_leading,1-3,Q1_TIE__Q2_LOST__Q3_WIN,Q1_TIE__Q2_LOST__Q3_WIN__Q3_LEAD_1-3,True,True,13.5,0.7144427299499512,-250.19244995048902
2017,2017_16_TB_CAR,CAR,TB,TB,CAR,away,away dog,10.0,10.0,7.5+,0.0,-3.0,1.0,-3,TIE,LOST,WIN,LOST,not_leading,not_leading,1-3,Q1_TIE__Q2_LOST__Q3_WIN,Q1_TIE__Q2_LOST__Q3_WIN__Q3_LEAD_1-3,False,True,7.0,0.6106210350990295,-156.81921473450083
2017,2017_17_ARI_SEA,SEA,ARI,ARI,SEA,away,away dog,8.0,8.0,7.5+,3.0,13.0,9.0,2,WIN,WIN,WIN,WIN,1-3,8+,8+,Q1_WIN__Q2_WIN__Q3_WIN,Q1_WIN__Q2_WIN__Q3_WIN__Q3_LEAD_8+,True,True,10.0,0.8232042193412781,-465.62435838350234
2017,2017_17_BUF_MIA,MIA,BUF,MIA,BUF,home,home dog,-2.5,2.5,<=3,-7.0,-10.0,-16.0,-6,LOST,LOST,LOST,LOST,not_leading,not_leading,not_leading,Q1_LOST__Q2_LOST__Q3_LOST,Q1_LOST__Q2_LOST__Q3_LOST__Q3_LEAD_not_leading,False,False,-3.5,0.01917213201522827,5115.903996518008
2017,2017_17_CAR_ATL,ATL,CAR,CAR,ATL,away,away dog,5.0,5.0,3.5-7,-7.0,0.0,-6.0,-12,LOST,TIE,LOST,LOST,not_leading,not_leading,not_leading,Q1_LOST__Q2_TIE__Q3_LOST,Q1_LOST__Q2_TIE__Q3_LOST__Q3_LEAD_not_leading,False,False,-7.0,0.14719891548156738,579.3528313224716
2017,2017_17_CHI_MIN,MIN,CHI,CHI,MIN,away,away dog,13.5,13.5,7.5+,-7.0,-9.0,-16.0,-13,LOST,LOST,LOST,LOST,not_leading,not_leading,not_leading,Q1_LOST__Q2_LOST__Q3_LOST,Q1_LOST__Q2_LOST__Q3_LOST__Q3_LEAD_not_leading,False,True,0.5,0.052746862173080444,1795.8473713917977
2017,2017_17_CIN_BAL,BAL,CIN,CIN,BAL,away,away dog,8.0,8.0,7.5+,7.0,7.0,7.0,4,WIN,WIN,WIN,WIN,4-7,4-7,4-7,Q1_WIN__Q2_WIN__Q3_WIN,Q1_WIN__Q2_WIN__Q3_WIN__Q3_LEAD_4-7,True,True,12.0,0.7012962102890015,-234.77981681033194
2017,2017_17_CLE_PIT,PIT,CLE,CLE,PIT,away,away dog,5.0,5.0,3.5-7,-7.0,-7.0,-4.0,-4,LOST,LOST,LOST,LOST,not_leading,not_leading,not_leading,Q1_LOST__Q2_LOST__Q3_LOST,Q1_LOST__Q2_LOST__Q3_LOST__Q3_LEAD_not_leading,False,True,1.0,0.29035258293151855,244.4088528173542
2017,2017_17_DAL_PHI,PHI,DAL,PHI,DAL,home,home dog,-3.5,3.5,3.5-7,0.0,0.0,0.0,-6,TIE,TIE,TIE,LOST,not_leading,not_leading,not_leading,Q1_TIE__Q2_TIE__Q3_TIE,Q1_TIE__Q2_TIE__Q3_TIE__Q3_LEAD_not_leading,False,False,-2.5,0.49451589584350586,102.21796880649904
2017,2017_17_GB_DET,DET,GB,GB,DET,away,away dog,7.5,7.5,7.5+,0.0,-17.0,-24.0,-24,TIE,LOST,LOST,LOST,not_leading,not_leading,not_leading,Q1_TIE__Q2_LOST__Q3_LOST,Q1_TIE__Q2_LOST__Q3_LOST__Q3_LEAD_not_leading,False,False,-16.5,0.004374601878225803,22759.223029583838
2017,2017_17_HOU_IND,IND,HOU,HOU,IND,away,away dog,5.5,5.5,3.5-7,3.0,6.0,-1.0,-9,WIN,WIN,LOST,LOST,1-3,4-7,not_leading,Q1_WIN__Q2_WIN__Q3_LOST,Q1_WIN__Q2_WIN__Q3_LOST__Q3_LEAD_not_leading,False,False,-3.5,0.3745231628417969,167.0061825848705
2017,2017_17_JAX_TEN,TEN,JAX,JAX,TEN,away,away dog,2.5,2.5,<=3,0.0,-9.0,-12.0,-5,TIE,LOST,LOST,LOST,not_leading,not_leading,not_leading,Q1_TIE__Q2_LOST__Q3_LOST,Q1_TIE__Q2_LOST__Q3_LOST__Q3_LEAD_not_leading,False,False,-2.5,0.1082133799791336,824.1001438018352
2017,2017_17_KC_DEN,DEN,KC,KC,DEN,away,away dog,3.0,3.0,<=3,4.0,4.0,14.0,3,WIN,WIN,WIN,WIN,4-7,4-7,8+,Q1_WIN__Q2_WIN__Q3_WIN,Q1_WIN__Q2_WIN__Q3_WIN__Q3_LEAD_8+,True,True,6.0,0.959030032157898,-2340.8122648618923
2017,2017_17_NO_TB,TB,NO,TB,NO,home,home dog,-6.0,6.0,3.5-7,-7.0,-1.0,-4.0,7,LOST,LOST,LOST,WIN,not_leading,not_leading,not_leading,Q1_LOST__Q2_LOST__Q3_LOST,Q1_LOST__Q2_LOST__Q3_LOST__Q3_LEAD_not_leading,True,True,13.0,0.3434518575668335,191.1616222094261
2017,2017_17_NYJ_NE,NE,NYJ,NYJ,NE,away,away dog,17.0,17.0,7.5+,-4.0,-18.0,-21.0,-20,LOST,LOST,LOST,LOST,not_leading,not_leading,not_leading,Q1_LOST__Q2_LOST__Q3_LOST,Q1_LOST__Q2_LOST__Q3_LOST__Q3_LEAD_not_leading,False,False,-3.0,0.007412254810333252,13391.171385607566
2017,2017_17_OAK_LAC,LAC,LV,LV,LAC,away,away dog,7.0,7.0,3.5-7,0.0,-10.0,-20.0,-20,TIE,LOST,LOST,LOST,not_leading,not_leading,not_leading,Q1_TIE__Q2_LOST__Q3_LOST,Q1_TIE__Q2_LOST__Q3_LOST__Q3_LEAD_not_leading,False,False,-13.0,0.010765055194497108,9189.316050243579
2017,2017_17_SF_LA,LA,SF,LA,SF,home,home dog,-6.5,6.5,3.5-7,-7.0,-17.0,-21.0,-21,LOST,LOST,LOST,LOST,not_leading,not_leading,not_leading,Q1_LOST__Q2_LOST__Q3_LOST,Q1_LOST__Q2_LOST__Q3_LOST__Q3_LEAD_not_leading,False,False,-14.5,0.013290464878082275,7424.191284302865
2017,2017_17_WAS_NYG,NYG,WAS,NYG,WAS,home,home dog,-5.0,5.0,3.5-7,8.0,5.0,5.0,8,WIN,WIN,WIN,WIN,8+,4-7,4-7,Q1_WIN__Q2_WIN__Q3_WIN,Q1_WIN__Q2_WIN__Q3_WIN__Q3_LEAD_4-7,True,True,13.0,0.8537814617156982,-583.9078079522571
2018,2018_01_ATL_PHI,PHI,ATL,ATL,PHI,away,away dog,1.0,1.0,<=3,3.0,3.0,-4.0,-6,WIN,WIN,LOST,LOST,1-3,1-3,not_leading,Q1_WIN__Q2_WIN__Q3_LOST,Q1_WIN__Q2_WIN__Q3_LOST__Q3_LEAD_not_leading,False,False,-5.0,0.4286147654056549,133.30974122031648
2018,2018_01_BUF_BAL,BAL,BUF,BUF,BAL,away,away dog,7.5,7.5,7.5+,-14.0,-26.0,-37.0,-44,LOST,LOST,LOST,LOST,not_leading,not_leading,not_leading,Q1_LOST__Q2_LOST__Q3_LOST,Q1_LOST__Q2_LOST__Q3_LOST__Q3_LEAD_not_leading,False,False,-36.5,0.00011646747589111328,858508.8024564995
2018,2018_01_CHI_GB,GB,CHI,CHI,GB,away,away dog,6.5,6.5,3.5-7,7.0,17.0,17.0,-1,WIN,WIN,WIN,LOST,4-7,8+,8+,Q1_WIN__Q2_WIN__Q3_WIN,Q1_WIN__Q2_WIN__Q3_WIN__Q3_LEAD_8+,False,True,5.5,0.9630756378173828,-2608.239061935017
2018,2018_01_CIN_IND,IND,CIN,IND,CIN,home,home dog,-1.0,1.0,<=3,0.0,6.0,6.0,-11,TIE,WIN,WIN,LOST,not_leading,4-7,4-7,Q1_TIE__Q2_WIN__Q3_WIN,Q1_TIE__Q2_WIN__Q3_WIN__Q3_LEAD_4-7,False,False,-10.0,0.7099277377128601,-244.74168337064546
2018,2018_01_DAL_CAR,CAR,DAL,DAL,CAR,away,away dog,2.5,2.5,<=3,0.0,-7.0,-10.0,-8,TIE,LOST,LOST,LOST,not_leading,not_leading,not_leading,Q1_TIE__Q2_LOST__Q3_LOST,Q1_TIE__Q2_LOST__Q3_LOST__Q3_LEAD_not_leading,False,False,-5.5,0.06330341100692749,1479.6937070114072
2018,2018_01_HOU_NE,NE,HOU,HOU,NE,away,away dog,6.0,6.0,3.5-7,-4.0,-8.0,-11.0,-7,LOST,LOST,LOST,LOST,not_leading,not_leading,not_leading,Q1_LOST__Q2_LOST__Q3_LOST,Q1_LOST__Q2_LOST__Q3_LOST__Q3_LEAD_not_leading,False,False,-1.0,0.06567448377609253,1422.6613785185623
2018,2018_01_JAX_NYG,NYG,JAX,NYG,JAX,home,home dog,-2.5,2.5,<=3,0.0,-7.0,-4.0,-5,TIE,LOST,LOST,LOST,not_leading,not_leading,not_leading,Q1_TIE__Q2_LOST__Q3_LOST,Q1_TIE__Q2_LOST__Q3_LOST__Q3_LEAD_not_leading,False,False,-2.5,0.3837403357028961,160.59288194666917
2018,2018_01_KC_LAC,LAC,KC,KC,LAC,away,away dog,3.5,3.5,3.5-7,8.0,5.0,19.0,10,WIN,WIN,WIN,WIN,8+,4-7,8+,Q1_WIN__Q2_WIN__Q3_WIN,Q1_WIN__Q2_WIN__Q3_WIN__Q3_LEAD_8+,True,True,13.5,0.9753823280334473,-3962.1225327832335
2018,2018_01_LA_OAK,LV,LA,LV,LA,home,home dog,-6.0,6.0,3.5-7,0.0,3.0,-7.0,-20,TIE,WIN,LOST,LOST,not_leading,1-3,not_leading,Q1_TIE__Q2_WIN__Q3_LOST,Q1_TIE__Q2_WIN__Q3_LOST__Q3_LEAD_not_leading,False,False,-14.0,0.22525006532669067,343.95103661774897
2018,2018_01_NYJ_DET,DET,NYJ,NYJ,DET,away,away dog,7.0,7.0,3.5-7,0.0,7.0,31.0,31,TIE,WIN,WIN,WIN,not_leading,4-7,8+,Q1_TIE__Q2_WIN__Q3_WIN,Q1_TIE__Q2_WIN__Q3_WIN__Q3_LEAD_8+,True,True,38.0,0.9996051788330078,-253179.2270531401
2018,2018_01_PIT_CLE,CLE,PIT,CLE,PIT,home,home dog,-3.5,3.5,3.5-7,0.0,-7.0,-14.0,0,TIE,LOST,LOST,LOST,not_leading,not_leading,not_leading,Q1_TIE__Q2_LOST__Q3_LOST,Q1_TIE__Q2_LOST__Q3_LOST__Q3_LEAD_not_leading,False,True,3.5,0.03375977277755737,2862.1052445731334
2018,2018_01_SEA_DEN,DEN,SEA,SEA,DEN,away,away dog,3.0,3.0,<=3,0.0,-7.0,-3.0,-3,TIE,LOST,LOST,LOST,not_leading,not_leading,not_leading,Q1_TIE__Q2_LOST__Q3_LOST,Q1_TIE__Q2_LOST__Q3_LOST__Q3_LEAD_not_leading,False,False,0.0,0.4180402159690857,139.21143512038338
2018,2018_01_SF_MIN,MIN,SF,SF,MIN,away,away dog,6.0,6.0,3.5-7,-3.0,-7.0,-11.0,-8,LOST,LOST,LOST,LOST,not_leading,not_leading,not_leading,Q1_LOST__Q2_LOST__Q3_LOST,Q1_LOST__Q2_LOST__Q3_LOST__Q3_LEAD_not_leading,False,False,-2.0,0.08789902925491333,1037.6689918837785
2018,2018_01_TB_NO,NO,TB,TB,NO,away,away dog,10.0,10.0,7.5+,4.0,7.0,17.0,8,WIN,WIN,WIN,WIN,4-7,4-7,8+,Q1_WIN__Q2_WIN__Q3_WIN,Q1_WIN__Q2_WIN__Q3_WIN__Q3_LEAD_8+,True,True,18.0,0.9764869809150696,-4152.962992068099
2018,2018_01_TEN_MIA,MIA,TEN,MIA,TEN,home,home dog,-1.0,1.0,<=3,-3.0,4.0,7.0,7,LOST,WIN,WIN,WIN,not_leading,4-7,4-7,Q1_LOST__Q2_WIN__Q3_WIN,Q1_LOST__Q2_WIN__Q3_WIN__Q3_LEAD_4-7,True,True,8.0,0.7281509637832642,-267.85122136785304
2018,2018_01_WAS_ARI,ARI,WAS,WAS,ARI,away,away dog,2.0,2.0,<=3,0.0,21.0,21.0,18,TIE,WIN,WIN,WIN,not_leading,8+,8+,Q1_TIE__Q2_WIN__Q3_WIN,Q1_TIE__Q2_WIN__Q3_WIN__Q3_LEAD_8+,True,True,20.0,0.9890769720077515,-9054.970587914306
2018,2018_02_ARI_LA,LA,ARI,ARI,LA,away,away dog,13.5,13.5,7.5+,0.0,-19.0,-27.0,-34,TIE,LOST,LOST,LOST,not_leading,not_leading,not_leading,Q1_TIE__Q2_LOST__Q3_LOST,Q1_TIE__Q2_LOST__Q3_LOST__Q3_LEAD_not_leading,False,False,-20.5,0.00038230419158935547,261471.8116619894
2018,2018_02_BAL_CIN,CIN,BAL,BAL,CIN,away,away dog,1.0,1.0,<=3,-14.0,-14.0,-11.0,-11,LOST,LOST,LOST,LOST,not_leading,not_leading,not_leading,Q1_LOST__Q2_LOST__Q3_LOST,Q1_LOST__Q2_LOST__Q3_LOST__Q3_LEAD_not_leading,False,False,-10.0,0.07164937257766724,1295.6856341149528
2018,2018_02_CAR_ATL,ATL,CAR,CAR,ATL,away,away dog,5.5,5.5,3.5-7,0.0,-7.0,-14.0,-7,TIE,LOST,LOST,LOST,not_leading,not_leading,not_leading,Q1_TIE__Q2_LOST__Q3_LOST,Q1_TIE__Q2_LOST__Q3_LOST__Q3_LEAD_not_leading,False,False,-1.5,0.07974100857973099,1154.059884381981
2018,2018_02_CLE_NO,NO,CLE,CLE,NO,away,away dog,10.0,10.0,7.5+,0.0,3.0,9.0,-3,TIE,WIN,WIN,LOST,not_leading,1-3,8+,Q1_TIE__Q2_WIN__Q3_WIN,Q1_TIE__Q2_WIN__Q3_WIN__Q3_LEAD_8+,False,True,7.0,0.907665491104126,-983.0187022792354
2018,2018_02_DET_SF,SF,DET,DET,SF,away,away dog,6.0,6.0,3.5-7,4.0,-3.0,-14.0,-3,WIN,LOST,LOST,LOST,4-7,not_leading,not_leading,Q1_WIN__Q2_LOST__Q3_LOST,Q1_WIN__Q2_LOST__Q3_LOST__Q3_LEAD_not_leading,False,True,3.0,0.04768927022814751,1996.9077430121226
2018,2018_02_HOU_TEN,TEN,HOU,TEN,HOU,home,home dog,-3.5,3.5,3.5-7,14.0,7.0,4.0,3,WIN,WIN,WIN,WIN,8+,4-7,4-7,Q1_WIN__Q2_WIN__Q3_WIN,Q1_WIN__Q2_WIN__Q3_WIN__Q3_LEAD_4-7,True,True,6.5,0.6441800594329834,-181.0410227168412
2018,2018_02_IND_WAS,WAS,IND,IND,WAS,away,away dog,6.0,6.0,3.5-7,7.0,11.0,8.0,12,WIN,WIN,WIN,WIN,4-7,8+,8+,Q1_WIN__Q2_WIN__Q3_WIN,Q1_WIN__Q2_WIN__Q3_WIN__Q3_LEAD_8+,True,True,18.0,0.7104840278625488,-245.40408690310116
2018,2018_02_KC_PIT,PIT,KC,KC,PIT,away,away dog,4.5,4.5,3.5-7,21.0,0.0,7.0,5,WIN,TIE,WIN,WIN,8+,not_leading,4-7,Q1_WIN__Q2_TIE__Q3_WIN,Q1_WIN__Q2_TIE__Q3_WIN__Q3_LEAD_4-7,True,True,9.5,0.8474739193916321,-555.6255795804785
2018,2018_02_LAC_BUF,BUF,LAC,BUF,LAC,home,home dog,-7.5,7.5,7.5+,-14.0,-22.0,-15.0,-11,LOST,LOST,LOST,LOST,not_leading,not_leading,not_leading,Q1_LOST__Q2_LOST__Q3_LOST,Q1_LOST__Q2_LOST__Q3_LOST__Q3_LEAD_not_leading,False,False,-3.5,0.06217590346932411,1508.3401192447047
2018,2018_02_MIA_NYJ,NYJ,MIA,MIA,NYJ,away,away dog,3.0,3.0,<=3,7.0,20.0,14.0,8,WIN,WIN,WIN,WIN,4-7,8+,8+,Q1_WIN__Q2_WIN__Q3_WIN,Q1_WIN__Q2_WIN__Q3_WIN__Q3_LEAD_8+,True,True,11.0,0.9156091213226318,-1084.9621850994884
2018,2018_02_MIN_GB,GB,MIN,GB,MIN,home,home dog,-2.0,2.0,<=3,0.0,10.0,13.0,0,TIE,WIN,WIN,LOST,not_leading,8+,8+,Q1_TIE__Q2_WIN__Q3_WIN,Q1_TIE__Q2_WIN__Q3_WIN__Q3_LEAD_8+,False,True,2.0,0.8515987396240234,-573.8487243750402
2018,2018_02_NE_JAX,JAX,NE,JAX,NE,home,home dog,-2.0,2.0,<=3,14.0,18.0,14.0,11,WIN,WIN,WIN,WIN,8+,8+,8+,Q1_WIN__Q2_WIN__Q3_WIN,Q1_WIN__Q2_WIN__Q3_WIN__Q3_LEAD_8+,True,True,13.0,0.893168568611145,-836.0541059869422
2018,2018_02_NYG_DAL,DAL,NYG,NYG,DAL,away,away dog,3.0,3.0,<=3,-10.0,-10.0,-10.0,-7,LOST,LOST,LOST,LOST,not_leading,not_leading,not_leading,Q1_LOST__Q2_LOST__Q3_LOST,Q1_LOST__Q2_LOST__Q3_LOST__Q3_LEAD_not_leading,False,False,-4.0,0.13013145327568054,668.4537249280714
2018,2018_02_OAK_DEN,DEN,LV,LV,DEN,away,away dog,5.5,5.5,3.5-7,3.0,12.0,9.0,-1,WIN,WIN,WIN,LOST,1-3,8+,8+,Q1_WIN__Q2_WIN__Q3_WIN,Q1_WIN__Q2_WIN__Q3_WIN__Q3_LEAD_8+,False,True,4.5,0.8988929390907288,-889.0506073530843
2018,2018_02_PHI_TB,TB,PHI,TB,PHI,home,home dog,-3.0,3.0,<=3,7.0,13.0,13.0,6,WIN,WIN,WIN,WIN,4-7,8+,8+,Q1_WIN__Q2_WIN__Q3_WIN,Q1_WIN__Q2_WIN__Q3_WIN__Q3_LEAD_8+,True,True,9.0,0.9542537331581116,-2085.9707229363057
2018,2018_02_SEA_CHI,CHI,SEA,SEA,CHI,away,away dog,5.0,5.0,3.5-7,-7.0,-7.0,-7.0,-7,LOST,LOST,LOST,LOST,not_leading,not_leading,not_leading,Q1_LOST__Q2_LOST__Q3_LOST,Q1_LOST__Q2_LOST__Q3_LOST__Q3_LEAD_not_leading,False,False,-2.0,0.09808331727981567,919.541373327702
2018,2018_03_BUF_MIN,MIN,BUF,BUF,MIN,away,away dog,16.5,16.5,7.5+,17.0,27.0,27.0,21,WIN,WIN,WIN,WIN,8+,8+,8+,Q1_WIN__Q2_WIN__Q3_WIN,Q1_WIN__Q2_WIN__Q3_WIN__Q3_LEAD_8+,True,True,37.5,0.9993429780006409,-152101.9051075025
2018,2018_03_CHI_ARI,ARI,CHI,ARI,CHI,home,home dog,-6.0,6.0,3.5-7,14.0,11.0,1.0,-2,WIN,WIN,WIN,LOST,8+,8+,1-3,Q1_WIN__Q2_WIN__Q3_WIN,Q1_WIN__Q2_WIN__Q3_WIN__Q3_LEAD_1-3,False,True,4.0,0.6418967247009277,-179.24905159408092
2018,2018_03_CIN_CAR,CAR,CIN,CIN,CAR,away,away dog,2.5,2.5,<=3,0.0,-7.0,-7.0,-10,TIE,LOST,LOST,LOST,not_leading,not_leading,not_leading,Q1_TIE__Q2_LOST__Q3_LOST,Q1_TIE__Q2_LOST__Q3_LOST__Q3_LEAD_not_leading,False,False,-7.5,0.19799518585205078,405.06278508571233
2018,2018_03_DAL_SEA,SEA,DAL,DAL,SEA,away,away dog,1.0,1.0,<=3,0.0,-14.0,-11.0,-11,TIE,LOST,LOST,LOST,not_leading,not_leading,not_leading,Q1_TIE__Q2_LOST__Q3_LOST,Q1_TIE__Q2_LOST__Q3_LOST__Q3_LEAD_not_leading,False,False,-10.0,0.04868435859680176,1954.0478067748302
2018,2018_03_DEN_BAL,BAL,DEN,DEN,BAL,away,away dog,5.5,5.5,3.5-7,4.0,-6.0,-13.0,-13,WIN,LOST,LOST,LOST,4-7,not_leading,not_leading,Q1_WIN__Q2_LOST__Q3_LOST,Q1_WIN__Q2_LOST__Q3_LOST__Q3_LEAD_not_leading,False,False,-7.5,0.04194211959838867,2284.238110938051
2018,2018_03_GB_WAS,WAS,GB,WAS,GB,home,home dog,-2.5,2.5,<=3,14.0,18.0,11.0,14,WIN,WIN,WIN,WIN,8+,8+,8+,Q1_WIN__Q2_WIN__Q3_WIN,Q1_WIN__Q2_WIN__Q3_WIN__Q3_LEAD_8+,True,True,16.5,0.9123952984809875,-1041.4912472282947
2018,2018_03_IND_PHI,PHI,IND,IND,PHI,away,away dog,6.5,6.5,3.5-7,0.0,-3.0,0.0,-4,TIE,LOST,TIE,LOST,not_leading,not_leading,not_leading,Q1_TIE__Q2_LOST__Q3_TIE,Q1_TIE__Q2_LOST__Q3_TIE__Q3_LEAD_not_leading,False,True,2.5,0.5884343981742859,-142.97463042683302
2018,2018_03_LAC_LA,LA,LAC,LAC,LA,away,away dog,7.5,7.5,7.5+,-8.0,-8.0,-15.0,-12,LOST,LOST,LOST,LOST,not_leading,not_leading,not_leading,Q1_LOST__Q2_LOST__Q3_LOST,Q1_LOST__Q2_LOST__Q3_LOST__Q3_LEAD_not_leading,False,False,-4.5,0.05910743027925491,1591.834673365884
2018,2018_03_NE_DET,DET,NE,DET,NE,home,home dog,-7.0,7.0,3.5-7,3.0,10.0,10.0,16,WIN,WIN,WIN,WIN,1-3,8+,8+,Q1_WIN__Q2_WIN__Q3_WIN,Q1_WIN__Q2_WIN__Q3_WIN__Q3_LEAD_8+,True,True,23.0,0.9290426969528198,-1309.298207592657
2018,2018_03_NO_ATL,ATL,NO,NO,ATL,away,away dog,1.5,1.5,<=3,0.0,2.0,2.0,6,TIE,WIN,WIN,WIN,not_leading,1-3,1-3,Q1_TIE__Q2_WIN__Q3_WIN,Q1_TIE__Q2_WIN__Q3_WIN__Q3_LEAD_1-3,True,True,7.5,0.3346050977706909,198.85976234746806
2018,2018_03_NYG_HOU,HOU,NYG,NYG,HOU,away,away dog,6.5,6.5,3.5-7,4.0,14.0,11.0,5,WIN,WIN,WIN,WIN,4-7,8+,8+,Q1_WIN__Q2_WIN__Q3_WIN,Q1_WIN__Q2_WIN__Q3_WIN__Q3_LEAD_8+,True,True,11.5,0.7731979489326477,-340.9131201829541
2018,2018_03_NYJ_CLE,CLE,NYJ,NYJ,CLE,away,away dog,3.0,3.0,<=3,0.0,11.0,0.0,-4,TIE,WIN,TIE,LOST,not_leading,8+,not_leading,Q1_TIE__Q2_WIN__Q3_TIE,Q1_TIE__Q2_WIN__Q3_TIE__Q3_LEAD_not_leading,False,False,-1.0,0.49979057908058167,100.08380346816604
2018,2018_03_OAK_MIA,MIA,LV,LV,MIA,away,away dog,3.0,3.0,<=3,7.0,3.0,3.0,-8,WIN,WIN,WIN,LOST,4-7,1-3,1-3,Q1_WIN__Q2_WIN__Q3_WIN,Q1_WIN__Q2_WIN__Q3_WIN__Q3_LEAD_1-3,False,False,-5.0,0.5952500104904175,-147.0660965826473
2018,2018_03_PIT_TB,TB,PIT,PIT,TB,away,away dog,1.0,1.0,<=3,-1.0,20.0,17.0,3,LOST,WIN,WIN,WIN,not_leading,8+,8+,Q1_LOST__Q2_WIN__Q3_WIN,Q1_LOST__Q2_WIN__Q3_WIN__Q3_LEAD_8+,True,True,4.0,0.9612322449684143,-2479.463265761091
2018,2018_03_SF_KC,KC,SF,SF,KC,away,away dog,6.0,6.0,3.5-7,-14.0,-25.0,-11.0,-11,LOST,LOST,LOST,LOST,not_leading,not_leading,not_leading,Q1_LOST__Q2_LOST__Q3_LOST,Q1_LOST__Q2_LOST__Q3_LOST__Q3_LEAD_not_leading,False,False,-5.0,0.05147629976272583,1842.6415741018423
2018,2018_03_TEN_JAX,JAX,TEN,TEN,JAX,away,away dog,10.0,10.0,7.5+,3.0,0.0,3.0,3,WIN,TIE,WIN,WIN,1-3,not_leading,1-3,Q1_WIN__Q2_TIE__Q3_WIN,Q1_WIN__Q2_TIE__Q3_WIN__Q3_LEAD_1-3,True,True,13.0,0.5498719215393066,-122.15899159628258
2018,2018_04_BAL_PIT,PIT,BAL,BAL,PIT,away,away dog,3.0,3.0,<=3,14.0,0.0,3.0,12,WIN,TIE,WIN,WIN,8+,not_leading,1-3,Q1_WIN__Q2_TIE__Q3_WIN,Q1_WIN__Q2_TIE__Q3_WIN__Q3_LEAD_1-3,True,True,15.0,0.6766684055328369,-209.2800138037726
2018,2018_04_BUF_GB,GB,BUF,BUF,GB,away,away dog,8.5,8.5,7.5+,-6.0,-16.0,-19.0,-22,LOST,LOST,LOST,LOST,not_leading,not_leading,not_leading,Q1_LOST__Q2_LOST__Q3_LOST,Q1_LOST__Q2_LOST__Q3_LOST__Q3_LEAD_not_leading,False,False,-13.5,0.011580861173570156,8534.936426681292
2018,2018_04_CIN_ATL,ATL,CIN,CIN,ATL,away,away dog,3.5,3.5,3.5-7,7.0,4.0,1.0,1,WIN,WIN,WIN,WIN,4-7,4-7,1-3,Q1_WIN__Q2_WIN__Q3_WIN,Q1_WIN__Q2_WIN__Q3_WIN__Q3_LEAD_1-3,True,True,4.5,0.4329736828804016,130.9609196908685
2018,2018_04_CLE_OAK,LV,CLE,CLE,LV,away,away dog,2.5,2.5,<=3,-4.0,3.0,7.0,-3,LOST,WIN,WIN,LOST,not_leading,1-3,4-7,Q1_LOST__Q2_WIN__Q3_WIN,Q1_LOST__Q2_WIN__Q3_WIN__Q3_LEAD_4-7,False,False,-0.5,0.7180553674697876,-254.67956634813495
2018,2018_04_DET_DAL,DAL,DET,DET,DAL,away,away dog,2.5,2.5,<=3,4.0,-3.0,-10.0,-2,WIN,LOST,LOST,LOST,4-7,not_leading,not_leading,Q1_WIN__Q2_LOST__Q3_LOST,Q1_WIN__Q2_LOST__Q3_LOST__Q3_LEAD_not_leading,False,True,0.5,0.18041498959064484,454.27766964871614
2018,2018_04_HOU_IND,IND,HOU,IND,HOU,home,home dog,-1.0,1.0,<=3,-7.0,-11.0,-11.0,-3,LOST,LOST,LOST,LOST,not_leading,not_leading,not_leading,Q1_LOST__Q2_LOST__Q3_LOST,Q1_LOST__Q2_LOST__Q3_LOST__Q3_LEAD_not_leading,False,False,-2.0,0.08280926942825317,1107.5942788825237
2018,2018_04_KC_DEN,DEN,KC,DEN,KC,home,home dog,-3.5,3.5,3.5-7,0.0,3.0,7.0,-4,TIE,WIN,WIN,LOST,not_leading,1-3,4-7,Q1_TIE__Q2_WIN__Q3_WIN,Q1_TIE__Q2_WIN__Q3_WIN__Q3_LEAD_4-7,False,False,-0.5,0.8421755433082581,-533.6153603577235
2018,2018_04_MIA_NE,NE,MIA,MIA,NE,away,away dog,6.5,6.5,3.5-7,-3.0,-24.0,-31.0,-31,LOST,LOST,LOST,LOST,not_leading,not_leading,not_leading,Q1_LOST__Q2_LOST__Q3_LOST,Q1_LOST__Q2_LOST__Q3_LOST__Q3_LEAD_not_leading,False,False,-24.5,0.00010287761688232422,971928.7369640789
2018,2018_04_MIN_LA,LA,MIN,MIN,LA,away,away dog,7.5,7.5,7.5+,0.0,-8.0,-10.0,-7,TIE,LOST,LOST,LOST,not_leading,not_leading,not_leading,Q1_TIE__Q2_LOST__Q3_LOST,Q1_TIE__Q2_LOST__Q3_LOST__Q3_LEAD_not_leading,False,True,0.5,0.14968590438365936,568.065576459961
2018,2018_04_NO_NYG,NYG,NO,NYG,NO,home,home dog,-3.5,3.5,3.5-7,7.0,-5.0,-9.0,-15,WIN,LOST,LOST,LOST,4-7,not_leading,not_leading,Q1_WIN__Q2_LOST__Q3_LOST,Q1_WIN__Q2_LOST__Q3_LOST__Q3_LEAD_not_leading,False,False,-11.5,0.1494748443365097,569.0088920572616
2018,2018_04_NYJ_JAX,JAX,NYJ,NYJ,JAX,away,away dog,7.5,7.5,7.5+,-3.0,-16.0,-22.0,-19,LOST,LOST,LOST,LOST,not_leading,not_leading,not_leading,Q1_LOST__Q2_LOST__Q3_LOST,Q1_LOST__Q2_LOST__Q3_LOST__Q3_LEAD_not_leading,False,False,-11.5,0.0035836552269756794,27804.47006376561
2018,2018_04_PHI_TEN,TEN,PHI,TEN,PHI,home,home dog,-3.0,3.0,<=3,3.0,-7.0,-7.0,3,WIN,LOST,LOST,WIN,1-3,not_leading,not_leading,Q1_WIN__Q2_LOST__Q3_LOST,Q1_WIN__Q2_LOST__Q3_LOST__Q3_LEAD_not_leading,True,True,6.0,0.16509491205215454,505.7121855360955
2018,2018_04_SEA_ARI,ARI,SEA,ARI,SEA,home,home dog,-3.5,3.5,3.5-7,-7.0,3.0,-7.0,-3,LOST,WIN,LOST,LOST,not_leading,1-3,not_leading,Q1_LOST__Q2_WIN__Q3_LOST,Q1_LOST__Q2_WIN__Q3_LOST__Q3_LEAD_not_leading,False,True,0.5,0.2652512788772583,277.00100984724656
2018,2018_04_SF_LAC,LAC,SF,SF,LAC,away,away dog,10.0,10.0,7.5+,8.0,0.0,-2.0,-2,WIN,TIE,LOST,LOST,8+,not_leading,not_leading,Q1_WIN__Q2_TIE__Q3_LOST,Q1_WIN__Q2_TIE__Q3_LOST__Q3_LEAD_not_leading,False,True,8.0,0.45230111479759216,121.0916505141728
2018,2018_04_TB_CHI,CHI,TB,TB,CHI,away,away dog,3.0,3.0,<=3,-14.0,-35.0,-42.0,-38,LOST,LOST,LOST,LOST,not_leading,not_leading,not_leading,Q1_LOST__Q2_LOST__Q3_LOST,Q1_LOST__Q2_LOST__Q3_LOST__Q3_LEAD_not_leading,False,False,-35.0,7.789115625200793e-05,1283742.7982306674
2018,2018_05_ARI_SF,SF,ARI,ARI,SF,away,away dog,3.0,3.0,<=3,1.0,8.0,8.0,10,WIN,WIN,WIN,WIN,1-3,8+,8+,Q1_WIN__Q2_WIN__Q3_WIN,Q1_WIN__Q2_WIN__Q3_WIN__Q3_LEAD_8+,True,True,13.0,0.7816956639289856,-358.0761051281638
2018,2018_05_ATL_PIT,PIT,ATL,ATL,PIT,away,away dog,3.5,3.5,3.5-7,-13.0,-3.0,-17.0,-24,LOST,LOST,LOST,LOST,not_leading,not_leading,not_leading,Q1_LOST__Q2_LOST__Q3_LOST,Q1_LOST__Q2_LOST__Q3_LOST__Q3_LEAD_not_leading,False,False,-20.5,0.03984873741865158,2409.4897976163743
2018,2018_05_BAL_CLE,CLE,BAL,CLE,BAL,home,home dog,-3.0,3.0,<=3,-3.0,3.0,3.0,3,LOST,WIN,WIN,WIN,not_leading,1-3,1-3,Q1_LOST__Q2_WIN__Q3_WIN,Q1_LOST__Q2_WIN__Q3_WIN__Q3_LEAD_1-3,True,True,6.0,0.6886880993843079,-221.22125688811317
2018,2018_05_DAL_HOU,HOU,DAL,DAL,HOU,away,away dog,3.5,3.5,3.5-7,6.0,-4.0,0.0,-3,WIN,LOST,TIE,LOST,4-7,not_leading,not_leading,Q1_WIN__Q2_LOST__Q3_TIE,Q1_WIN__Q2_LOST__Q3_TIE__Q3_LEAD_not_leading,False,True,0.5,0.43461209535598755,130.0902369458695
2018,2018_05_DEN_NYJ,NYJ,DEN,NYJ,DEN,home,home dog,-1.0,1.0,<=3,-7.0,11.0,14.0,18,LOST,WIN,WIN,WIN,not_leading,8+,8+,Q1_LOST__Q2_WIN__Q3_WIN,Q1_LOST__Q2_WIN__Q3_WIN__Q3_LEAD_8+,True,True,19.0,0.9740160703659058,-3748.5325894966713
2018,2018_05_GB_DET,DET,GB,GB,DET,away,away dog,1.0,1.0,<=3,-14.0,-24.0,-10.0,-8,LOST,LOST,LOST,LOST,not_leading,not_leading,not_leading,Q1_LOST__Q2_LOST__Q3_LOST,Q1_LOST__Q2_LOST__Q3_LOST__Q3_LEAD_not_leading,False,False,-7.0,0.0738869309425354,1253.4193222584072
2018,2018_05_IND_NE,NE,IND,IND,NE,away,away dog,10.5,10.5,7.5+,-7.0,-21.0,-14.0,-14,LOST,LOST,LOST,LOST,not_leading,not_leading,not_leading,Q1_LOST__Q2_LOST__Q3_LOST,Q1_LOST__Q2_LOST__Q3_LOST__Q3_LEAD_not_leading,False,False,-3.5,0.0793561339378357,1160.1420336118674
2018,2018_05_JAX_KC,KC,JAX,JAX,KC,away,away dog,3.0,3.0,<=3,-7.0,-20.0,-16.0,-16,LOST,LOST,LOST,LOST,not_leading,not_leading,not_leading,Q1_LOST__Q2_LOST__Q3_LOST,Q1_LOST__Q2_LOST__Q3_LOST__Q3_LEAD_not_leading,False,False,-13.0,0.0156557559967041,6287.427092058174
2018,2018_05_LA_SEA,SEA,LA,SEA,LA,home,home dog,-7.5,7.5,7.5+,0.0,0.0,7.0,-2,TIE,TIE,WIN,LOST,not_leading,not_leading,4-7,Q1_TIE__Q2_TIE__Q3_WIN,Q1_TIE__Q2_TIE__Q3_WIN__Q3_LEAD_4-7,False,True,5.5,0.7577692270278931,-312.8294632966187
2018,2018_05_MIA_CIN,CIN,MIA,MIA,CIN,away,away dog,6.0,6.0,3.5-7,0.0,14.0,14.0,-10,TIE,WIN,WIN,LOST,not_leading,8+,8+,Q1_TIE__Q2_WIN__Q3_WIN,Q1_TIE__Q2_WIN__Q3_WIN__Q3_LEAD_8+,False,False,-4.0,0.8661661148071289,-647.1949264260519
2018,2018_05_MIN_PHI,PHI,MIN,MIN,PHI,away,away dog,3.5,3.5,3.5-7,3.0,14.0,14.0,2,WIN,WIN,WIN,WIN,1-3,8+,8+,Q1_WIN__Q2_WIN__Q3_WIN,Q1_WIN__Q2_WIN__Q3_WIN__Q3_LEAD_8+,True,True,5.5,0.8684507012367249,-660.1712889397567
2018,2018_05_NYG_CAR,CAR,NYG,NYG,CAR,away,away dog,7.0,7.0,3.5-7,-4.0,-7.0,-4.0,-2,LOST,LOST,LOST,LOST,not_leading,not_leading,not_leading,Q1_LOST__Q2_LOST__Q3_LOST,Q1_LOST__Q2_LOST__Q3_LOST__Q3_LEAD_not_leading,False,True,5.0,0.22603493928909302,342.4094802091747
2018,2018_05_OAK_LAC,LAC,LV,LV,LAC,away,away dog,5.5,5.5,3.5-7,-3.0,-14.0,-17.0,-16,LOST,LOST,LOST,LOST,not_leading,not_leading,not_leading,Q1_LOST__Q2_LOST__Q3_LOST,Q1_LOST__Q2_LOST__Q3_LOST__Q3_LEAD_not_leading,False,False,-10.5,0.014090359210968018,6997.051147011171
2018,2018_05_TEN_BUF,BUF,TEN,BUF,TEN,home,home dog,-6.0,6.0,3.5-7,4.0,1.0,4.0,1,WIN,WIN,WIN,WIN,4-7,1-3,4-7,Q1_WIN__Q2_WIN__Q3_WIN,Q1_WIN__Q2_WIN__Q3_WIN__Q3_LEAD_4-7,True,True,7.0,0.6399590969085693,-177.74622033598632
2018,2018_05_WAS_NO,NO,WAS,WAS,NO,away,away dog,5.5,5.5,3.5-7,-3.0,-13.0,-27.0,-24,LOST,LOST,LOST,LOST,not_leading,not_leading,not_leading,Q1_LOST__Q2_LOST__Q3_LOST,Q1_LOST__Q2_LOST__Q3_LOST__Q3_LEAD_not_leading,False,False,-18.5,0.0004056096076965332,246442.4834680382
2018,2018_06_ARI_MIN,MIN,ARI,ARI,MIN,away,away dog,10.0,10.0,7.5+,-7.0,-3.0,-17.0,-10,LOST,LOST,LOST,LOST,not_leading,not_leading,not_leading,Q1_LOST__Q2_LOST__Q3_LOST,Q1_LOST__Q2_LOST__Q3_LOST__Q3_LEAD_not_leading,False,False,0.0,0.03234348073601723,2991.8131791746664
2018,2018_06_BAL_TEN,TEN,BAL,TEN,BAL,home,home dog,-2.5,2.5,<=3,-7.0,-14.0,-21.0,-21,LOST,LOST,LOST,LOST,not_leading,not_leading,not_leading,Q1_LOST__Q2_LOST__Q3_LOST,Q1_LOST__Q2_LOST__Q3_LOST__Q3_LEAD_not_leading,False,False,-18.5,0.015998125076293945,6150.732477906439
2018,2018_06_BUF_HOU,HOU,BUF,BUF,HOU,away,away dog,10.5,10.5,7.5+,-7.0,-10.0,-4.0,-7,LOST,LOST,LOST,LOST,not_leading,not_leading,not_leading,Q1_LOST__Q2_LOST__Q3_LOST,Q1_LOST__Q2_LOST__Q3_LOST__Q3_LEAD_not_leading,False,True,3.5,0.4374881684780121,128.57761010518834
2018,2018_06_CAR_WAS,WAS,CAR,WAS,CAR,home,home dog,-1.0,1.0,<=3,14.0,11.0,8.0,6,WIN,WIN,WIN,WIN,8+,8+,8+,Q1_WIN__Q2_WIN__Q3_WIN,Q1_WIN__Q2_WIN__Q3_WIN__Q3_LEAD_8+,True,True,7.0,0.8883993625640869,-796.0522296068893
2018,2018_06_CHI_MIA,MIA,CHI,MIA,CHI,home,home dog,-7.5,7.5,7.5+,7.0,7.0,-8.0,3,WIN,WIN,LOST,WIN,4-7,4-7,not_leading,Q1_WIN__Q2_WIN__Q3_LOST,Q1_WIN__Q2_WIN__Q3_LOST__Q3_LEAD_not_leading,True,True,10.5,0.16445928812026978,508.0532218214977
2018,2018_06_IND_NYJ,NYJ,IND,IND,NYJ,away,away dog,2.5,2.5,<=3,-3.0,-10.0,-13.0,-8,LOST,LOST,LOST,LOST,not_leading,not_leading,not_leading,Q1_LOST__Q2_LOST__Q3_LOST,Q1_LOST__Q2_LOST__Q3_LOST__Q3_LEAD_not_leading,False,False,-5.5,0.14935864508152008,569.5293730431199
2018,2018_06_JAX_DAL,DAL,JAX,DAL,JAX,home,home dog,-3.0,3.0,<=3,10.0,17.0,23.0,33,WIN,WIN,WIN,WIN,8+,8+,8+,Q1_WIN__Q2_WIN__Q3_WIN,Q1_WIN__Q2_WIN__Q3_WIN__Q3_LEAD_8+,True,True,36.0,0.9992101192474365,-126501.38846966496
2018,2018_06_KC_NE,NE,KC,KC,NE,away,away dog,4.0,4.0,3.5-7,-4.0,-15.0,-1.0,-3,LOST,LOST,LOST,LOST,not_leading,not_leading,not_leading,Q1_LOST__Q2_LOST__Q3_LOST,Q1_LOST__Q2_LOST__Q3_LOST__Q3_LEAD_not_leading,False,True,1.0,0.31470370292663574,217.7592099172477
2018,2018_06_LAC_CLE,CLE,LAC,LAC,CLE,away,away dog,1.0,1.0,<=3,7.0,15.0,29.0,24,WIN,WIN,WIN,WIN,4-7,8+,8+,Q1_WIN__Q2_WIN__Q3_WIN,Q1_WIN__Q2_WIN__Q3_WIN__Q3_LEAD_8+,True,True,25.0,0.9996669292449951,-300136.50680028636
2018,2018_06_LA_DEN,DEN,LA,DEN,LA,home,home dog,-7.0,7.0,3.5-7,-3.0,-10.0,-10.0,-3,LOST,LOST,LOST,LOST,not_leading,not_leading,not_leading,Q1_LOST__Q2_LOST__Q3_LOST,Q1_LOST__Q2_LOST__Q3_LOST__Q3_LEAD_not_leading,False,True,4.0,0.09563076496124268,945.6885923743065
2018,2018_06_PHI_NYG,NYG,PHI,NYG,PHI,home,home dog,-1.5,1.5,<=3,-11.0,-18.0,-18.0,-21,LOST,LOST,LOST,LOST,not_leading,not_leading,not_leading,Q1_LOST__Q2_LOST__Q3_LOST,Q1_LOST__Q2_LOST__Q3_LOST__Q3_LEAD_not_leading,False,False,-19.5,0.018010258674621582,5452.39110146213
2018,2018_06_PIT_CIN,CIN,PIT,PIT,CIN,away,away dog,1.0,1.0,<=3,-7.0,0.0,3.0,7,LOST,TIE,WIN,WIN,not_leading,not_leading,1-3,Q1_LOST__Q2_TIE__Q3_WIN,Q1_LOST__Q2_TIE__Q3_WIN__Q3_LEAD_1-3,True,True,8.0,0.6227296590805054,-165.06191755301248
2018,2018_06_SEA_OAK,LV,SEA,LV,SEA,home,home dog,-3.0,3.0,<=3,-7.0,-17.0,-20.0,-24,LOST,LOST,LOST,LOST,not_leading,not_leading,not_leading,Q1_LOST__Q2_LOST__Q3_LOST,Q1_LOST__Q2_LOST__Q3_LOST__Q3_LEAD_not_leading,False,False,-21.0,0.013681530952453613,7209.123543814097
2018,2018_06_SF_GB,GB,SF,SF,GB,away,away dog,9.0,9.0,7.5+,-3.0,4.0,4.0,-3,LOST,WIN,WIN,LOST,not_leading,4-7,4-7,Q1_LOST__Q2_WIN__Q3_WIN,Q1_LOST__Q2_WIN__Q3_WIN__Q3_LEAD_4-7,False,True,6.0,0.7193014025688171,-256.25400666462673
2018,2018_06_TB_ATL,ATL,TB,TB,ATL,away,away dog,3.0,3.0,<=3,-1.0,-11.0,-8.0,-5,LOST,LOST,LOST,LOST,not_leading,not_leading,not_leading,Q1_LOST__Q2_LOST__Q3_LOST,Q1_LOST__Q2_LOST__Q3_LOST__Q3_LEAD_not_leading,False,False,-2.0,0.18146264553070068,451.0776044708416
2018,2018_07_BUF_IND,IND,BUF,BUF,IND,away,away dog,7.0,7.0,3.5-7,0.0,-24.0,-19.0,-32,TIE,LOST,LOST,LOST,not_leading,not_leading,not_leading,Q1_TIE__Q2_LOST__Q3_LOST,Q1_TIE__Q2_LOST__Q3_LOST__Q3_LEAD_not_leading,False,False,-25.0,0.01828060671687126,5370.277958975481
2018,2018_07_CAR_PHI,PHI,CAR,CAR,PHI,away,away dog,5.0,5.0,3.5-7,0.0,-10.0,-17.0,4,TIE,LOST,LOST,WIN,not_leading,not_leading,not_leading,Q1_TIE__Q2_LOST__Q3_LOST,Q1_TIE__Q2_LOST__Q3_LOST__Q3_LEAD_not_leading,True,True,9.0,0.030793743208050728,3147.412934646281
2018,2018_07_CIN_KC,KC,CIN,CIN,KC,away,away dog,6.5,6.5,3.5-7,-7.0,-17.0,-28.0,-35,LOST,LOST,LOST,LOST,not_leading,not_leading,not_leading,Q1_LOST__Q2_LOST__Q3_LOST,Q1_LOST__Q2_LOST__Q3_LOST__Q3_LEAD_not_leading,False,False,-28.5,0.00029712915420532227,336453.9819458375
2018,2018_07_CLE_TB,TB,CLE,CLE,TB,away,away dog,3.5,3.5,3.5-7,-1.0,-14.0,-14.0,-3,LOST,LOST,LOST,LOST,not_leading,not_leading,not_leading,Q1_LOST__Q2_LOST__Q3_LOST,Q1_LOST__Q2_LOST__Q3_LOST__Q3_LEAD_not_leading,False,True,0.5,0.0663239061832428,1407.7519668958475
2018,2018_07_DAL_WAS,WAS,DAL,WAS,DAL,home,home dog,-1.5,1.5,<=3,7.0,0.0,3.0,3,WIN,TIE,WIN,WIN,4-7,not_leading,1-3,Q1_WIN__Q2_TIE__Q3_WIN,Q1_WIN__Q2_TIE__Q3_WIN__Q3_LEAD_1-3,True,True,4.5,0.7731061577796936,-340.7347463528927
2018,2018_07_DEN_ARI,ARI,DEN,ARI,DEN,home,home dog,-1.0,1.0,<=3,-18.0,-32.0,-32.0,-35,LOST,LOST,LOST,LOST,not_leading,not_leading,not_leading,Q1_LOST__Q2_LOST__Q3_LOST,Q1_LOST__Q2_LOST__Q3_LOST__Q3_LEAD_not_leading,False,False,-34.0,0.00021308660507202148,469192.75524475524
2018,2018_07_DET_MIA,MIA,DET,MIA,DET,home,home dog,-3.0,3.0,<=3,-7.0,-10.0,-12.0,-11,LOST,LOST,LOST,LOST,not_leading,not_leading,not_leading,Q1_LOST__Q2_LOST__Q3_LOST,Q1_LOST__Q2_LOST__Q3_LOST__Q3_LEAD_not_leading,False,False,-8.0,0.09459935873746872,957.0896180968741
2018,2018_07_HOU_JAX,JAX,HOU,HOU,JAX,away,away dog,4.0,4.0,3.5-7,6.0,13.0,13.0,13,WIN,WIN,WIN,WIN,4-7,8+,8+,Q1_WIN__Q2_WIN__Q3_WIN,Q1_WIN__Q2_WIN__Q3_WIN__Q3_LEAD_8+,True,True,17.0,0.9559906721115112,-2172.245562426695
2018,2018_07_LA_SF,SF,LA,SF,LA,home,home dog,-8.0,8.0,7.5+,-3.0,-15.0,-22.0,-29,LOST,LOST,LOST,LOST,not_leading,not_leading,not_leading,Q1_LOST__Q2_LOST__Q3_LOST,Q1_LOST__Q2_LOST__Q3_LOST__Q3_LEAD_not_leading,False,False,-21.0,0.0014085173606872559,70896.64000677077
2018,2018_07_MIN_NYJ,NYJ,MIN,NYJ,MIN,home,home dog,-3.5,3.5,3.5-7,0.0,-3.0,-10.0,-20,TIE,LOST,LOST,LOST,not_leading,not_leading,not_leading,Q1_TIE__Q2_LOST__Q3_LOST,Q1_TIE__Q2_LOST__Q3_LOST__Q3_LEAD_not_leading,False,False,-16.5,0.118950255215168,740.6875615282282
2018,2018_07_NE_CHI,CHI,NE,CHI,NE,home,home dog,-1.0,1.0,<=3,3.0,-4.0,-7.0,-7,WIN,LOST,LOST,LOST,1-3,not_leading,not_leading,Q1_WIN__Q2_LOST__Q3_LOST,Q1_WIN__Q2_LOST__Q3_LOST__Q3_LEAD_not_leading,False,False,-6.0,0.24613218009471893,306.28576060845455
2018,2018_07_NO_BAL,BAL,NO,NO,BAL,away,away dog,2.5,2.5,<=3,0.0,-3.0,-10.0,1,TIE,LOST,LOST,WIN,not_leading,not_leading,not_leading,Q1_TIE__Q2_LOST__Q3_LOST,Q1_TIE__Q2_LOST__Q3_LOST__Q3_LEAD_not_leading,True,True,3.5,0.25777825713157654,287.9303131022314
2018,2018_07_NYG_ATL,ATL,NYG,NYG,ATL,away,away dog,4.5,4.5,3.5-7,0.0,-7.0,-4.0,-3,TIE,LOST,LOST,LOST,not_leading,not_leading,not_leading,Q1_TIE__Q2_LOST__Q3_LOST,Q1_TIE__Q2_LOST__Q3_LOST__Q3_LEAD_not_leading,False,True,1.5,0.2658948302268982,276.0885456654655
2018,2018_07_TEN_LAC,LAC,TEN,TEN,LAC,away,away dog,6.5,6.5,3.5-7,-7.0,-4.0,-4.0,-1,LOST,LOST,LOST,LOST,not_leading,not_leading,not_leading,Q1_LOST__Q2_LOST__Q3_LOST,Q1_LOST__Q2_LOST__Q3_LOST__Q3_LEAD_not_leading,False,True,5.5,0.18986999988555908,426.67614715475486
2018,2018_08_BAL_CAR,CAR,BAL,CAR,BAL,home,home dog,-2.5,2.5,<=3,0.0,17.0,13.0,15,TIE,WIN,WIN,WIN,not_leading,8+,8+,Q1_TIE__Q2_WIN__Q3_WIN,Q1_TIE__Q2_WIN__Q3_WIN__Q3_LEAD_8+,True,True,17.5,0.9487176537513733,-1849.9887839604824
2018,2018_08_CLE_PIT,PIT,CLE,CLE,PIT,away,away dog,8.5,8.5,7.5+,6.0,-8.0,-11.0,-15,WIN,LOST,LOST,LOST,4-7,not_leading,not_leading,Q1_WIN__Q2_LOST__Q3_LOST,Q1_WIN__Q2_LOST__Q3_LOST__Q3_LEAD_not_leading,False,False,-6.5,0.056759655475616455,1661.814781327545
2018,2018_08_DEN_KC,KC,DEN,DEN,KC,away,away dog,8.5,8.5,7.5+,4.0,-3.0,-16.0,-7,WIN,LOST,LOST,LOST,4-7,not_leading,not_leading,Q1_WIN__Q2_LOST__Q3_LOST,Q1_WIN__Q2_LOST__Q3_LOST__Q3_LEAD_not_leading,False,True,1.5,0.06725314259529114,1386.9193637800606
2018,2018_08_GB_LA,LA,GB,GB,LA,away,away dog,7.5,7.5,7.5+,7.0,2.0,-3.0,-2,WIN,WIN,LOST,LOST,4-7,1-3,not_leading,Q1_WIN__Q2_WIN__Q3_LOST,Q1_WIN__Q2_WIN__Q3_LOST__Q3_LEAD_not_leading,False,True,5.5,0.2657013535499573,276.36240336727514
2018,2018_08_IND_OAK,LV,IND,LV,IND,home,home dog,-3.5,3.5,3.5-7,-10.0,1.0,7.0,-14,LOST,WIN,WIN,LOST,not_leading,1-3,4-7,Q1_LOST__Q2_WIN__Q3_WIN,Q1_LOST__Q2_WIN__Q3_WIN__Q3_LEAD_4-7,False,False,-10.5,0.8037495017051697,-409.55284633096
2018,2018_08_MIA_HOU,HOU,MIA,MIA,HOU,away,away dog,7.5,7.5,7.5+,0.0,-4.0,-8.0,-19,TIE,LOST,LOST,LOST,not_leading,not_leading,not_leading,Q1_TIE__Q2_LOST__Q3_LOST,Q1_TIE__Q2_LOST__Q3_LOST__Q3_LEAD_not_leading,False,False,-11.5,0.12417244911193848,705.3316231997036
2018,2018_08_NE_BUF,BUF,NE,BUF,NE,home,home dog,-13.5,13.5,7.5+,-3.0,-6.0,-6.0,-19,LOST,LOST,LOST,LOST,not_leading,not_leading,not_leading,Q1_LOST__Q2_LOST__Q3_LOST,Q1_LOST__Q2_LOST__Q3_LOST__Q3_LEAD_not_leading,False,False,-5.5,0.2677629590034485,273.46465086947336
2018,2018_08_NO_MIN,MIN,NO,MIN,NO,home,home dog,-2.5,2.5,<=3,0.0,-4.0,-14.0,-10,TIE,LOST,LOST,LOST,not_leading,not_leading,not_leading,Q1_TIE__Q2_LOST__Q3_LOST,Q1_TIE__Q2_LOST__Q3_LOST__Q3_LEAD_not_leading,False,False,-7.5,0.037175893783569336,2589.915152603462
2018,2018_08_NYJ_CHI,CHI,NYJ,NYJ,CHI,away,away dog,8.5,8.5,7.5+,-7.0,-4.0,-11.0,-14,LOST,LOST,LOST,LOST,not_leading,not_leading,not_leading,Q1_LOST__Q2_LOST__Q3_LOST,Q1_LOST__Q2_LOST__Q3_LOST__Q3_LEAD_not_leading,False,False,-5.5,0.06772702932357788,1376.5153735332503
2018,2018_08_PHI_JAX,JAX,PHI,JAX,PHI,home,home dog,-4.0,4.0,3.5-7,3.0,-4.0,-5.0,-6,WIN,LOST,LOST,LOST,1-3,not_leading,not_leading,Q1_WIN__Q2_LOST__Q3_LOST,Q1_WIN__Q2_LOST__Q3_LOST__Q3_LEAD_not_leading,False,False,-2.0,0.43196311593055725,131.5012470094231
2018,2018_08_SEA_DET,DET,SEA,SEA,DET,away,away dog,3.0,3.0,<=3,-7.0,14.0,14.0,14,LOST,WIN,WIN,WIN,not_leading,8+,8+,Q1_LOST__Q2_WIN__Q3_WIN,Q1_LOST__Q2_WIN__Q3_WIN__Q3_LEAD_8+,True,True,17.0,0.9609925746917725,-2463.6144710865537
2018,2018_08_SF_ARI,ARI,SF,ARI,SF,home,home dog,-2.5,2.5,<=3,-2.0,-2.0,-9.0,3,LOST,LOST,LOST,WIN,not_leading,not_leading,not_leading,Q1_LOST__Q2_LOST__Q3_LOST,Q1_LOST__Q2_LOST__Q3_LOST__Q3_LEAD_not_leading,True,True,5.5,0.0791739821434021,1163.0411821256791
2018,2018_08_TB_CIN,CIN,TB,TB,CIN,away,away dog,3.5,3.5,3.5-7,-7.0,-18.0,-18.0,-3,LOST,LOST,LOST,LOST,not_leading,not_leading,not_leading,Q1_LOST__Q2_LOST__Q3_LOST,Q1_LOST__Q2_LOST__Q3_LOST__Q3_LEAD_not_leading,False,True,0.5,0.025246191769838333,3860.9934405818053
2018,2018_08_WAS_NYG,NYG,WAS,NYG,WAS,home,home dog,-1.0,1.0,<=3,-7.0,-4.0,-7.0,-7,LOST,LOST,LOST,LOST,not_leading,not_leading,not_leading,Q1_LOST__Q2_LOST__Q3_LOST,Q1_LOST__Q2_LOST__Q3_LOST__Q3_LEAD_not_leading,False,False,-6.0,0.23807871341705322,320.0291515555424
2018,2018_09_ATL_WAS,WAS,ATL,ATL,WAS,away,away dog,1.5,1.5,<=3,7.0,14.0,14.0,24,WIN,WIN,WIN,WIN,4-7,8+,8+,Q1_WIN__Q2_WIN__Q3_WIN,Q1_WIN__Q2_WIN__Q3_WIN__Q3_LEAD_8+,True,True,25.5,0.9219210743904114,-1180.7553282690062
2018,2018_09_CHI_BUF,BUF,CHI,BUF,CHI,home,home dog,-10.5,10.5,7.5+,0.0,-28.0,-28.0,-32,TIE,LOST,LOST,LOST,not_leading,not_leading,not_leading,Q1_TIE__Q2_LOST__Q3_LOST,Q1_TIE__Q2_LOST__Q3_LOST__Q3_LEAD_not_leading,False,False,-21.5,0.000399172306060791,250418.3813647902
2018,2018_09_DET_MIN,MIN,DET,DET,MIN,away,away dog,4.5,4.5,3.5-7,-7.0,-11.0,-11.0,-15,LOST,LOST,LOST,LOST,not_leading,not_leading,not_leading,Q1_LOST__Q2_LOST__Q3_LOST,Q1_LOST__Q2_LOST__Q3_LOST__Q3_LEAD_not_leading,False,False,-10.5,0.07349812984466553,1260.5788366499228
2018,2018_09_GB_NE,NE,GB,GB,NE,away,away dog,5.0,5.0,3.5-7,-4.0,-7.0,0.0,-14,LOST,LOST,TIE,LOST,not_leading,not_leading,not_leading,Q1_LOST__Q2_LOST__Q3_TIE,Q1_LOST__Q2_LOST__Q3_TIE__Q3_LEAD_not_leading,False,False,-9.0,0.5836544036865234,-140.18507913965686
2018,2018_09_HOU_DEN,DEN,HOU,HOU,DEN,away,away dog,1.0,1.0,<=3,4.0,6.0,-1.0,2,WIN,WIN,LOST,WIN,4-7,4-7,not_leading,Q1_WIN__Q2_WIN__Q3_LOST,Q1_WIN__Q2_WIN__Q3_LOST__Q3_LEAD_not_leading,True,True,3.0,0.5750088691711426,-135.29902801729216
2018,2018_09_KC_CLE,CLE,KC,CLE,KC,home,home dog,-7.5,7.5,7.5+,-4.0,-6.0,-19.0,-16,LOST,LOST,LOST,LOST,not_leading,not_leading,not_leading,Q1_LOST__Q2_LOST__Q3_LOST,Q1_LOST__Q2_LOST__Q3_LOST__Q3_LEAD_not_leading,False,False,-8.5,0.03446085378527641,2801.8433676395316
2018,2018_09_LAC_SEA,SEA,LAC,LAC,SEA,away,away dog,1.0,1.0,<=3,-1.0,9.0,9.0,8,LOST,WIN,WIN,WIN,not_leading,8+,8+,Q1_LOST__Q2_WIN__Q3_WIN,Q1_LOST__Q2_WIN__Q3_WIN__Q3_LEAD_8+,True,True,9.0,0.8033035397529602,-408.39755771103137
2018,2018_09_LA_NO,NO,LA,NO,LA,home,home dog,-2.5,2.5,<=3,7.0,18.0,8.0,10,WIN,WIN,WIN,WIN,4-7,8+,8+,Q1_WIN__Q2_WIN__Q3_WIN,Q1_WIN__Q2_WIN__Q3_WIN__Q3_LEAD_8+,True,True,12.5,0.8919186592102051,-825.229084588133
2018,2018_09_NYJ_MIA,MIA,NYJ,NYJ,MIA,away,away dog,3.0,3.0,<=3,0.0,-3.0,-3.0,-7,TIE,LOST,LOST,LOST,not_leading,not_leading,not_leading,Q1_TIE__Q2_LOST__Q3_LOST,Q1_TIE__Q2_LOST__Q3_LOST__Q3_LEAD_not_leading,False,False,-4.0,0.4322853684425354,131.32867152151417
2018,2018_09_OAK_SF,SF,LV,SF,LV,home,home dog,-1.5,1.5,<=3,4.0,14.0,28.0,31,WIN,WIN,WIN,WIN,4-7,8+,8+,Q1_WIN__Q2_WIN__Q3_WIN,Q1_WIN__Q2_WIN__Q3_WIN__Q3_LEAD_8+,True,True,32.5,0.9994184970855713,-171868.18368183682
2018,2018_09_PIT_BAL,BAL,PIT,PIT,BAL,away,away dog,1.5,1.5,<=3,4.0,8.0,7.0,7,WIN,WIN,WIN,WIN,4-7,8+,4-7,Q1_WIN__Q2_WIN__Q3_WIN,Q1_WIN__Q2_WIN__Q3_WIN__Q3_LEAD_4-7,True,True,8.5,0.8176687955856323,-448.45247318576924
2018,2018_09_TB_CAR,CAR,TB,TB,CAR,away,away dog,6.0,6.0,3.5-7,-14.0,-21.0,-14.0,-14,LOST,LOST,LOST,LOST,not_leading,not_leading,not_leading,Q1_LOST__Q2_LOST__Q3_LOST,Q1_LOST__Q2_LOST__Q3_LOST__Q3_LEAD_not_leading,False,False,-8.0,0.07956263422966003,1156.8714066372775
2018,2018_09_TEN_DAL,DAL,TEN,TEN,DAL,away,away dog,4.5,4.5,3.5-7,-7.0,0.0,7.0,14,LOST,TIE,WIN,WIN,not_leading,not_leading,4-7,Q1_LOST__Q2_TIE__Q3_WIN,Q1_LOST__Q2_TIE__Q3_WIN__Q3_LEAD_4-7,True,True,18.5,0.8335781097412109,-500.8824911464362
2018,2018_10_ARI_KC,KC,ARI,ARI,KC,away,away dog,16.5,16.5,7.5+,-3.0,-13.0,-6.0,-12,LOST,LOST,LOST,LOST,not_leading,not_leading,not_leading,Q1_LOST__Q2_LOST__Q3_LOST,Q1_LOST__Q2_LOST__Q3_LOST__Q3_LEAD_not_leading,False,True,4.5,0.16551649570465088,504.1693885208934
2018,2018_10_ATL_CLE,CLE,ATL,CLE,ATL,home,home dog,-5.5,5.5,3.5-7,7.0,4.0,18.0,12,WIN,WIN,WIN,WIN,4-7,4-7,8+,Q1_WIN__Q2_WIN__Q3_WIN,Q1_WIN__Q2_WIN__Q3_WIN__Q3_LEAD_8+,True,True,17.5,0.9735934138298035,-3686.9340381780876
2018,2018_10_BUF_NYJ,NYJ,BUF,BUF,NYJ,away,away dog,6.5,6.5,3.5-7,14.0,28.0,28.0,31,WIN,WIN,WIN,WIN,8+,8+,8+,Q1_WIN__Q2_WIN__Q3_WIN,Q1_WIN__Q2_WIN__Q3_WIN__Q3_LEAD_8+,True,True,37.5,0.9994171857833862,-171481.26406218042
2018,2018_10_CAR_PIT,PIT,CAR,CAR,PIT,away,away dog,3.5,3.5,3.5-7,-14.0,-17.0,-31.0,-31,LOST,LOST,LOST,LOST,not_leading,not_leading,not_leading,Q1_LOST__Q2_LOST__Q3_LOST,Q1_LOST__Q2_LOST__Q3_LOST__Q3_LEAD_not_leading,False,False,-27.5,0.00012040138244628906,830455.2475247525
2018,2018_10_DAL_PHI,PHI,DAL,DAL,PHI,away,away dog,7.5,7.5,7.5+,3.0,10.0,0.0,7,WIN,WIN,TIE,WIN,1-3,8+,not_leading,Q1_WIN__Q2_WIN__Q3_TIE,Q1_WIN__Q2_WIN__Q3_TIE__Q3_LEAD_not_leading,True,True,14.5,0.5133870840072632,-105.50214906645141
2018,2018_10_DET_CHI,CHI,DET,DET,CHI,away,away dog,7.5,7.5,7.5+,-13.0,-19.0,-24.0,-12,LOST,LOST,LOST,LOST,not_leading,not_leading,not_leading,Q1_LOST__Q2_LOST__Q3_LOST,Q1_LOST__Q2_LOST__Q3_LOST__Q3_LEAD_not_leading,False,False,-4.5,0.0037748899776488543,26390.838300480435
2018,2018_10_JAX_IND,IND,JAX,JAX,IND,away,away dog,3.0,3.0,<=3,-7.0,-8.0,-6.0,-3,LOST,LOST,LOST,LOST,not_leading,not_leading,not_leading,Q1_LOST__Q2_LOST__Q3_LOST,Q1_LOST__Q2_LOST__Q3_LOST__Q3_LEAD_not_leading,False,False,0.0,0.1637316346168518,510.75552219343484
2018,2018_10_LAC_OAK,LV,LAC,LV,LAC,home,home dog,-10.5,10.5,7.5+,3.0,-7.0,-14.0,-14,WIN,LOST,LOST,LOST,1-3,not_leading,not_leading,Q1_WIN__Q2_LOST__Q3_LOST,Q1_WIN__Q2_LOST__Q3_LOST__Q3_LEAD_not_leading,False,False,-3.5,0.1410718560218811,608.8586116318579
2018,2018_10_MIA_GB,GB,MIA,MIA,GB,away,away dog,13.0,13.0,7.5+,-4.0,-5.0,-16.0,-19,LOST,LOST,LOST,LOST,not_leading,not_leading,not_leading,Q1_LOST__Q2_LOST__Q3_LOST,Q1_LOST__Q2_LOST__Q3_LOST__Q3_LEAD_not_leading,False,False,-6.0,0.0350838340818882,2750.3156116458877
2018,2018_10_NE_TEN,TEN,NE,TEN,NE,home,home dog,-6.0,6.0,3.5-7,14.0,14.0,17.0,24,WIN,WIN,WIN,WIN,8+,8+,8+,Q1_WIN__Q2_WIN__Q3_WIN,Q1_WIN__Q2_WIN__Q3_WIN__Q3_LEAD_8+,True,True,30.0,0.9831521511077881,-5835.4758366942615
2018,2018_10_NO_CIN,CIN,NO,CIN,NO,home,home dog,-5.5,5.5,3.5-7,0.0,-28.0,-38.0,-37,TIE,LOST,LOST,LOST,not_leading,not_leading,not_leading,Q1_TIE__Q2_LOST__Q3_LOST,Q1_TIE__Q2_LOST__Q3_LOST__Q3_LEAD_not_leading,False,False,-31.5,0.00022488832473754883,444565.14709780016
2018,2018_10_NYG_SF,SF,NYG,NYG,SF,away,away dog,3.0,3.0,<=3,4.0,-3.0,0.0,4,WIN,LOST,TIE,WIN,4-7,not_leading,not_leading,Q1_WIN__Q2_LOST__Q3_TIE,Q1_WIN__Q2_LOST__Q3_TIE__Q3_LEAD_not_leading,True,True,7.0,0.4156618118286133,140.58019561641194
2018,2018_10_SEA_LA,LA,SEA,SEA,LA,away,away dog,10.0,10.0,7.5+,7.0,-3.0,1.0,-5,WIN,LOST,WIN,LOST,4-7,not_leading,1-3,Q1_WIN__Q2_LOST__Q3_WIN,Q1_WIN__Q2_LOST__Q3_WIN__Q3_LEAD_1-3,False,True,5.0,0.2784688472747803,259.106596585738
2018,2018_10_WAS_TB,TB,WAS,WAS,TB,away,away dog,3.5,3.5,3.5-7,3.0,3.0,3.0,13,WIN,WIN,WIN,WIN,1-3,1-3,1-3,Q1_WIN__Q2_WIN__Q3_WIN,Q1_WIN__Q2_WIN__Q3_WIN__Q3_LEAD_1-3,True,True,16.5,0.7214059829711914,-258.94525326313556
2018,2018_11_CAR_DET,DET,CAR,DET,CAR,home,home dog,-4.0,4.0,3.5-7,0.0,3.0,6.0,1,TIE,WIN,WIN,WIN,not_leading,1-3,4-7,Q1_TIE__Q2_WIN__Q3_WIN,Q1_TIE__Q2_WIN__Q3_WIN__Q3_LEAD_4-7,True,True,5.0,0.8452187180519104,-546.0729536633371
2018,2018_11_CIN_BAL,BAL,CIN,CIN,BAL,away,away dog,6.5,6.5,3.5-7,-7.0,-6.0,0.0,-3,LOST,LOST,TIE,LOST,not_leading,not_leading,not_leading,Q1_LOST__Q2_LOST__Q3_TIE,Q1_LOST__Q2_LOST__Q3_TIE__Q3_LEAD_not_leading,False,True,3.5,0.43648117780685425,129.1049536258598
2018,2018_11_DAL_ATL,ATL,DAL,DAL,ATL,away,away dog,3.5,3.5,3.5-7,3.0,-3.0,-3.0,3,WIN,LOST,LOST,WIN,1-3,not_leading,not_leading,Q1_WIN__Q2_LOST__Q3_LOST,Q1_WIN__Q2_LOST__Q3_LOST__Q3_LEAD_not_leading,True,True,6.5,0.5263209939002991,-111.1134306403096
2018,2018_11_DEN_LAC,LAC,DEN,DEN,LAC,away,away dog,7.5,7.5,7.5+,-6.0,-6.0,-5.0,1,LOST,LOST,LOST,WIN,not_leading,not_leading,not_leading,Q1_LOST__Q2_LOST__Q3_LOST,Q1_LOST__Q2_LOST__Q3_LOST__Q3_LEAD_not_leading,True,True,8.5,0.29386794567108154,240.28890007597937
2018,2018_11_GB_SEA,SEA,GB,GB,SEA,away,away dog,3.0,3.0,<=3,11.0,4.0,4.0,-3,WIN,WIN,WIN,LOST,8+,4-7,4-7,Q1_WIN__Q2_WIN__Q3_WIN,Q1_WIN__Q2_WIN__Q3_WIN__Q3_LEAD_4-7,False,False,0.0,0.5292091369628906,-112.40854029088847
2018,2018_11_HOU_WAS,WAS,HOU,WAS,HOU,home,home dog,-3.0,3.0,<=3,-10.0,-10.0,-6.0,-2,LOST,LOST,LOST,LOST,not_leading,not_leading,not_leading,Q1_LOST__Q2_LOST__Q3_LOST,Q1_LOST__Q2_LOST__Q3_LOST__Q3_LEAD_not_leading,False,True,1.0,0.31192731857299805,220.58750242678002
2018,2018_11_KC_LA,LA,KC,KC,LA,away,away dog,3.0,3.0,<=3,-6.0,0.0,-10.0,-3,LOST,TIE,LOST,LOST,not_leading,not_leading,not_leading,Q1_LOST__Q2_TIE__Q3_LOST,Q1_LOST__Q2_TIE__Q3_LOST__Q3_LEAD_not_leading,False,False,0.0,0.09231185913085938,983.284433241043
2018,2018_11_MIN_CHI,CHI,MIN,MIN,CHI,away,away dog,2.5,2.5,<=3,-3.0,-14.0,-11.0,-5,LOST,LOST,LOST,LOST,not_leading,not_leading,not_leading,Q1_LOST__Q2_LOST__Q3_LOST,Q1_LOST__Q2_LOST__Q3_LOST__Q3_LEAD_not_leading,False,False,-2.5,0.07349812984466553,1260.5788366499228
2018,2018_11_OAK_ARI,ARI,LV,LV,ARI,away,away dog,4.5,4.5,3.5-7,-7.0,0.0,6.0,2,LOST,TIE,WIN,WIN,not_leading,not_leading,4-7,Q1_LOST__Q2_TIE__Q3_WIN,Q1_LOST__Q2_TIE__Q3_WIN__Q3_LEAD_4-7,True,True,6.5,0.7589943408966064,-314.9280160973279
2018,2018_11_PHI_NO,NO,PHI,PHI,NO,away,away dog,7.0,7.0,3.5-7,-10.0,-17.0,-31.0,-41,LOST,LOST,LOST,LOST,not_leading,not_leading,not_leading,Q1_LOST__Q2_LOST__Q3_LOST,Q1_LOST__Q2_LOST__Q3_LOST__Q3_LEAD_not_leading,False,False,-34.0,0.00010573863983154297,945628.0721533258
2018,2018_11_PIT_JAX,JAX,PIT,JAX,PIT,home,home dog,-4.0,4.0,3.5-7,0.0,9.0,10.0,-4,TIE,WIN,WIN,LOST,not_leading,8+,8+,Q1_TIE__Q2_WIN__Q3_WIN,Q1_TIE__Q2_WIN__Q3_WIN__Q3_LEAD_8+,False,False,0.0,0.8680440187454224,-657.8284746871293
2018,2018_11_TB_NYG,NYG,TB,TB,NYG,away,away dog,3.0,3.0,<=3,-7.0,-7.0,-10.0,-3,LOST,LOST,LOST,LOST,not_leading,not_leading,not_leading,Q1_LOST__Q2_LOST__Q3_LOST,Q1_LOST__Q2_LOST__Q3_LOST__Q3_LEAD_not_leading,False,False,0.0,0.07540911436080933,1226.0996478692334
2018,2018_11_TEN_IND,IND,TEN,TEN,IND,away,away dog,2.0,2.0,<=3,-7.0,-21.0,-28.0,-28,LOST,LOST,LOST,LOST,not_leading,not_leading,not_leading,Q1_LOST__Q2_LOST__Q3_LOST,Q1_LOST__Q2_LOST__Q3_LOST__Q3_LEAD_not_leading,False,False,-26.0,0.00031936168670654297,313024.5987308697
2018,2018_12_ARI_LAC,LAC,ARI,ARI,LAC,away,away dog,14.0,14.0,7.5+,10.0,-18.0,-32.0,-35,WIN,LOST,LOST,LOST,8+,not_leading,not_leading,Q1_WIN__Q2_LOST__Q3_LOST,Q1_WIN__Q2_LOST__Q3_LOST__Q3_LEAD_not_leading,False,False,-21.0,0.00018547987565398216,539042.0478766805
2018,2018_12_ATL_NO,NO,ATL,ATL,NO,away,away dog,11.5,11.5,7.5+,-4.0,-14.0,-14.0,-14,LOST,LOST,LOST,LOST,not_leading,not_leading,not_leading,Q1_LOST__Q2_LOST__Q3_LOST,Q1_LOST__Q2_LOST__Q3_LOST__Q3_LEAD_not_leading,False,False,-2.5,0.037517666816711426,2565.4109512870127
2018,2018_12_CHI_DET,DET,CHI,DET,CHI,home,home dog,-3.0,3.0,<=3,0.0,-2.0,4.0,-7,TIE,LOST,WIN,LOST,not_leading,not_leading,4-7,Q1_TIE__Q2_LOST__Q3_WIN,Q1_TIE__Q2_LOST__Q3_WIN__Q3_LEAD_4-7,False,False,-4.0,0.6017986536026001,-151.12923626381027
2018,2018_12_CLE_CIN,CIN,CLE,CIN,CLE,home,home dog,-1.0,1.0,<=3,-14.0,-21.0,-21.0,-15,LOST,LOST,LOST,LOST,not_leading,not_leading,not_leading,Q1_LOST__Q2_LOST__Q3_LOST,Q1_LOST__Q2_LOST__Q3_LOST__Q3_LEAD_not_leading,False,False,-14.0,0.022425830364227295,4359.143691709879
2018,2018_12_GB_MIN,MIN,GB,GB,MIN,away,away dog,4.0,4.0,3.5-7,0.0,0.0,-10.0,-7,TIE,TIE,LOST,LOST,not_leading,not_leading,not_leading,Q1_TIE__Q2_TIE__Q3_LOST,Q1_TIE__Q2_TIE__Q3_LOST__Q3_LEAD_not_leading,False,False,-3.0,0.1420266032218933,604.0934425768556
2018,2018_12_JAX_BUF,BUF,JAX,BUF,JAX,home,home dog,-3.0,3.0,<=3,14.0,0.0,0.0,3,WIN,TIE,TIE,WIN,8+,not_leading,not_leading,Q1_WIN__Q2_TIE__Q3_TIE,Q1_WIN__Q2_TIE__Q3_TIE__Q3_LEAD_not_leading,True,True,6.0,0.6928766965866089,-225.60212425625994
2018,2018_12_MIA_IND,IND,MIA,MIA,IND,away,away dog,9.0,9.0,7.5+,0.0,0.0,3.0,-3,TIE,TIE,WIN,LOST,not_leading,not_leading,1-3,Q1_TIE__Q2_TIE__Q3_WIN,Q1_TIE__Q2_TIE__Q3_WIN__Q3_LEAD_1-3,False,True,6.0,0.715441107749939,-251.42110376267306
2018,2018_12_NE_NYJ,NYJ,NE,NYJ,NE,home,home dog,-13.0,13.0,7.5+,0.0,0.0,-7.0,-14,TIE,TIE,LOST,LOST,not_leading,not_leading,not_leading,Q1_TIE__Q2_TIE__Q3_LOST,Q1_TIE__Q2_TIE__Q3_LOST__Q3_LEAD_not_leading,False,False,-1.0,0.28225862979888916,254.28500475344387
2018,2018_12_NYG_PHI,PHI,NYG,NYG,PHI,away,away dog,4.5,4.5,3.5-7,9.0,8.0,5.0,-3,WIN,WIN,WIN,LOST,8+,8+,4-7,Q1_WIN__Q2_WIN__Q3_WIN,Q1_WIN__Q2_WIN__Q3_WIN__Q3_LEAD_4-7,False,True,1.5,0.7157179713249207,-251.76335439161784
2018,2018_12_OAK_BAL,BAL,LV,LV,BAL,away,away dog,13.0,13.0,7.5+,4.0,-3.0,-3.0,-17,WIN,LOST,LOST,LOST,4-7,not_leading,not_leading,Q1_WIN__Q2_LOST__Q3_LOST,Q1_WIN__Q2_LOST__Q3_LOST__Q3_LEAD_not_leading,False,False,-4.0,0.21598923206329346,362.9860435389483
2018,2018_12_PIT_DEN,DEN,PIT,DEN,PIT,home,home dog,-3.0,3.0,<=3,3.0,0.0,0.0,7,WIN,TIE,TIE,WIN,1-3,not_leading,not_leading,Q1_WIN__Q2_TIE__Q3_TIE,Q1_WIN__Q2_TIE__Q3_TIE__Q3_LEAD_not_leading,True,True,10.0,0.5650424361228943,-129.9074859363851
2018,2018_12_SEA_CAR,CAR,SEA,SEA,CAR,away,away dog,3.0,3.0,<=3,-3.0,-3.0,-3.0,3,LOST,LOST,LOST,WIN,not_leading,not_leading,not_leading,Q1_LOST__Q2_LOST__Q3_LOST,Q1_LOST__Q2_LOST__Q3_LOST__Q3_LEAD_not_leading,True,True,6.0,0.4180402159690857,139.21143512038338
2018,2018_12_SF_TB,TB,SF,SF,TB,away,away dog,1.5,1.5,<=3,-7.0,-7.0,-11.0,-18,LOST,LOST,LOST,LOST,not_leading,not_leading,not_leading,Q1_LOST__Q2_LOST__Q3_LOST,Q1_LOST__Q2_LOST__Q3_LOST__Q3_LEAD_not_leading,False,False,-16.5,0.05310541391372681,1783.0471816387026
2018,2018_12_TEN_HOU,HOU,TEN,TEN,HOU,away,away dog,3.5,3.5,3.5-7,3.0,-14.0,-10.0,-17,WIN,LOST,LOST,LOST,1-3,not_leading,not_leading,Q1_WIN__Q2_LOST__Q3_LOST,Q1_WIN__Q2_LOST__Q3_LOST__Q3_LEAD_not_leading,False,False,-13.5,0.11032778024673462,806.390029567913
2018,2018_12_WAS_DAL,DAL,WAS,WAS,DAL,away,away dog,7.0,7.0,3.5-7,-7.0,-3.0,-11.0,-8,LOST,LOST,LOST,LOST,not_leading,not_leading,not_leading,Q1_LOST__Q2_LOST__Q3_LOST,Q1_LOST__Q2_LOST__Q3_LOST__Q3_LEAD_not_leading,False,False,-1.0,0.0564417839050293,1671.7370550913683
2018,2018_13_ARI_GB,GB,ARI,ARI,GB,away,away dog,13.5,13.5,7.5+,0.0,-3.0,7.0,3,TIE,LOST,WIN,WIN,not_leading,not_leading,4-7,Q1_TIE__Q2_LOST__Q3_WIN,Q1_TIE__Q2_LOST__Q3_WIN__Q3_LEAD_4-7,True,True,16.5,0.7876750230789185,-370.9761491563412
2018,2018_13_BAL_ATL,ATL,BAL,BAL,ATL,away,away dog,2.5,2.5,<=3,4.0,0.0,6.0,10,WIN,TIE,WIN,WIN,4-7,not_leading,4-7,Q1_WIN__Q2_TIE__Q3_WIN,Q1_WIN__Q2_TIE__Q3_WIN__Q3_LEAD_4-7,True,True,12.5,0.7481249570846558,-297.02226486016013
2018,2018_13_BUF_MIA,MIA,BUF,BUF,MIA,away,away dog,3.5,3.5,3.5-7,-7.0,-8.0,-5.0,-4,LOST,LOST,LOST,LOST,not_leading,not_leading,not_leading,Q1_LOST__Q2_LOST__Q3_LOST,Q1_LOST__Q2_LOST__Q3_LOST__Q3_LEAD_not_leading,False,False,-0.5,0.32312312722206116,209.47954997748153
2018,2018_13_CAR_TB,TB,CAR,TB,CAR,home,home dog,-3.5,3.5,3.5-7,3.0,10.0,7.0,7,WIN,WIN,WIN,WIN,1-3,8+,4-7,Q1_WIN__Q2_WIN__Q3_WIN,Q1_WIN__Q2_WIN__Q3_WIN__Q3_LEAD_4-7,True,True,10.5,0.8155197501182556,-442.0634461634893
2018,2018_13_CHI_NYG,NYG,CHI,NYG,CHI,home,home dog,-3.5,3.5,3.5-7,0.0,-4.0,10.0,3,TIE,LOST,WIN,WIN,not_leading,not_leading,8+,Q1_TIE__Q2_LOST__Q3_WIN,Q1_TIE__Q2_LOST__Q3_WIN__Q3_LEAD_8+,True,True,6.5,0.869610071182251,-666.930397974017
2018,2018_13_CLE_HOU,HOU,CLE,CLE,HOU,away,away dog,5.0,5.0,3.5-7,-10.0,-23.0,-19.0,-16,LOST,LOST,LOST,LOST,not_leading,not_leading,not_leading,Q1_LOST__Q2_LOST__Q3_LOST,Q1_LOST__Q2_LOST__Q3_LOST__Q3_LEAD_not_leading,False,False,-11.0,0.011136412620544434,8879.552339459853
2018,2018_13_DEN_CIN,CIN,DEN,CIN,DEN,home,home dog,-3.5,3.5,3.5-7,0.0,-4.0,-11.0,-14,TIE,LOST,LOST,LOST,not_leading,not_leading,not_leading,Q1_TIE__Q2_LOST__Q3_LOST,Q1_TIE__Q2_LOST__Q3_LOST__Q3_LEAD_not_leading,False,False,-10.5,0.15056028962135315,564.1857574231017
2018,2018_13_IND_JAX,JAX,IND,JAX,IND,home,home dog,-4.0,4.0,3.5-7,0.0,3.0,3.0,6,TIE,WIN,WIN,WIN,not_leading,1-3,1-3,Q1_TIE__Q2_WIN__Q3_WIN,Q1_TIE__Q2_WIN__Q3_WIN__Q3_LEAD_1-3,True,True,10.0,0.7337662577629089,-275.6097899527186
2018,2018_13_KC_OAK,LV,KC,LV,KC,home,home dog,-14.0,14.0,7.5+,-10.0,-12.0,-17.0,-7,LOST,LOST,LOST,LOST,not_leading,not_leading,not_leading,Q1_LOST__Q2_LOST__Q3_LOST,Q1_LOST__Q2_LOST__Q3_LOST__Q3_LEAD_not_leading,False,True,7.0,0.04181677848100662,2291.384598060811
2018,2018_13_LAC_PIT,PIT,LAC,LAC,PIT,away,away dog,3.5,3.5,3.5-7,-6.0,-16.0,-8.0,3,LOST,LOST,LOST,WIN,not_leading,not_leading,not_leading,Q1_LOST__Q2_LOST__Q3_LOST,Q1_LOST__Q2_LOST__Q3_LOST__Q3_LEAD_not_leading,True,True,6.5,0.14277750253677368,600.3904552416727
2018,2018_13_LA_DET,DET,LA,DET,LA,home,home dog,-10.5,10.5,7.5+,-3.0,-10.0,-3.0,-14,LOST,LOST,LOST,LOST,not_leading,not_leading,not_leading,Q1_LOST__Q2_LOST__Q3_LOST,Q1_LOST__Q2_LOST__Q3_LOST__Q3_LEAD_not_leading,False,False,-3.5,0.3442123532295227,190.51833573596193
2018,2018_13_MIN_NE,NE,MIN,MIN,NE,away,away dog,6.0,6.0,3.5-7,-7.0,-3.0,-7.0,-14,LOST,LOST,LOST,LOST,not_leading,not_leading,not_leading,Q1_LOST__Q2_LOST__Q3_LOST,Q1_LOST__Q2_LOST__Q3_LOST__Q3_LEAD_not_leading,False,False,-8.0,0.18998906016349792,426.34609547488424
2018,2018_13_NO_DAL,DAL,NO,DAL,NO,home,home dog,-7.0,7.0,3.5-7,10.0,13.0,3.0,3,WIN,WIN,WIN,WIN,8+,8+,1-3,Q1_WIN__Q2_WIN__Q3_WIN,Q1_WIN__Q2_WIN__Q3_WIN__Q3_LEAD_1-3,True,True,10.0,0.6515413522720337,-186.97809812448023
2018,2018_13_NYJ_TEN,TEN,NYJ,NYJ,TEN,away,away dog,10.5,10.5,7.5+,10.0,10.0,9.0,-4,WIN,WIN,WIN,LOST,8+,8+,8+,Q1_WIN__Q2_WIN__Q3_WIN,Q1_WIN__Q2_WIN__Q3_WIN__Q3_LEAD_8+,False,True,6.5,0.796238124370575,-390.7689413983736
2018,2018_13_SF_SEA,SEA,SF,SF,SEA,away,away dog,10.0,10.0,7.5+,-6.0,-17.0,-17.0,-27,LOST,LOST,LOST,LOST,not_leading,not_leading,not_leading,Q1_LOST__Q2_LOST__Q3_LOST,Q1_LOST__Q2_LOST__Q3_LOST__Q3_LEAD_not_leading,False,False,-17.0,0.013750731945037842,7172.340148851968
2018,2018_13_WAS_PHI,PHI,WAS,WAS,PHI,away,away dog,5.5,5.5,3.5-7,-7.0,-1.0,-1.0,-15,LOST,LOST,LOST,LOST,not_leading,not_leading,not_leading,Q1_LOST__Q2_LOST__Q3_LOST,Q1_LOST__Q2_LOST__Q3_LOST__Q3_LEAD_not_leading,False,False,-9.5,0.26538413763046265,276.81227255280123
2018,2018_14_ATL_GB,GB,ATL,ATL,GB,away,away dog,4.0,4.0,3.5-7,0.0,-13.0,-27.0,-14,TIE,LOST,LOST,LOST,not_leading,not_leading,not_leading,Q1_TIE__Q2_LOST__Q3_LOST,Q1_TIE__Q2_LOST__Q3_LOST__Q3_LEAD_not_leading,False,False,-10.0,0.0006307329167611897,158445.7129992509
2018,2018_14_BAL_KC,KC,BAL,BAL,KC,away,away dog,6.5,6.5,3.5-7,-7.0,-7.0,0.0,-3,LOST,LOST,TIE,LOST,not_leading,not_leading,not_leading,Q1_LOST__Q2_LOST__Q3_TIE,Q1_LOST__Q2_LOST__Q3_TIE__Q3_LEAD_not_leading,False,True,3.5,0.4295487403869629,132.80245196369123
2018,2018_14_CAR_CLE,CLE,CAR,CLE,CAR,home,home dog,-1.0,1.0,<=3,0.0,0.0,-3.0,6,TIE,TIE,LOST,WIN,not_leading,not_leading,not_leading,Q1_TIE__Q2_TIE__Q3_LOST,Q1_TIE__Q2_TIE__Q3_LOST__Q3_LEAD_not_leading,True,True,7.0,0.41904664039611816,138.63692095340886
2018,2018_14_CIN_LAC,LAC,CIN,CIN,LAC,away,away dog,17.0,17.0,7.5+,-4.0,-5.0,-8.0,-5,LOST,LOST,LOST,LOST,not_leading,not_leading,not_leading,Q1_LOST__Q2_LOST__Q3_LOST,Q1_LOST__Q2_LOST__Q3_LOST__Q3_LEAD_not_leading,False,True,12.0,0.19659505784511566,408.6597857347128
2018,2018_14_DEN_SF,SF,DEN,SF,DEN,home,home dog,-3.0,3.0,<=3,3.0,20.0,13.0,6,WIN,WIN,WIN,WIN,1-3,8+,8+,Q1_WIN__Q2_WIN__Q3_WIN,Q1_WIN__Q2_WIN__Q3_WIN__Q3_LEAD_8+,True,True,9.0,0.9274660348892212,-1278.6644621905502
2018,2018_14_DET_ARI,ARI,DET,ARI,DET,home,home dog,-2.5,2.5,<=3,0.0,-3.0,-10.0,-14,TIE,LOST,LOST,LOST,not_leading,not_leading,not_leading,Q1_TIE__Q2_LOST__Q3_LOST,Q1_TIE__Q2_LOST__Q3_LOST__Q3_LEAD_not_leading,False,False,-11.5,0.16122359037399292,520.2566247782252
2018,2018_14_IND_HOU,HOU,IND,IND,HOU,away,away dog,4.0,4.0,3.5-7,-7.0,10.0,10.0,3,LOST,WIN,WIN,WIN,not_leading,8+,8+,Q1_LOST__Q2_WIN__Q3_WIN,Q1_LOST__Q2_WIN__Q3_WIN__Q3_LEAD_8+,True,True,7.0,0.7988914847373962,-397.24398725445246
2018,2018_14_JAX_TEN,TEN,JAX,JAX,TEN,away,away dog,5.5,5.5,3.5-7,-5.0,-14.0,-21.0,-21,LOST,LOST,LOST,LOST,not_leading,not_leading,not_leading,Q1_LOST__Q2_LOST__Q3_LOST,Q1_LOST__Q2_LOST__Q3_LOST__Q3_LEAD_not_leading,False,False,-15.5,0.006626009941101074,14992.038932767213
2018,2018_14_LA_CHI,CHI,LA,CHI,LA,home,home dog,-3.0,3.0,<=3,0.0,0.0,9.0,9,TIE,TIE,WIN,WIN,not_leading,not_leading,8+,Q1_TIE__Q2_TIE__Q3_WIN,Q1_TIE__Q2_TIE__Q3_WIN__Q3_LEAD_8+,True,True,12.0,0.8560080528259277,-594.483281617893
2018,2018_14_MIN_SEA,SEA,MIN,MIN,SEA,away,away dog,3.0,3.0,<=3,0.0,-3.0,-3.0,-14,TIE,LOST,LOST,LOST,not_leading,not_leading,not_leading,Q1_TIE__Q2_LOST__Q3_LOST,Q1_TIE__Q2_LOST__Q3_LOST__Q3_LEAD_not_leading,False,False,-11.0,0.2764217257499695,261.76606498163807
2018,2018_14_NE_MIA,MIA,NE,MIA,NE,home,home dog,-8.5,8.5,7.5+,1.0,-6.0,1.0,1,WIN,LOST,WIN,WIN,1-3,not_leading,1-3,Q1_WIN__Q2_LOST__Q3_WIN,Q1_WIN__Q2_LOST__Q3_WIN__Q3_LEAD_1-3,True,True,9.5,0.620682954788208,-163.63170667472883
2018,2018_14_NO_TB,TB,NO,TB,NO,home,home dog,-8.5,8.5,7.5+,7.0,11.0,3.0,-14,WIN,WIN,WIN,LOST,4-7,8+,1-3,Q1_WIN__Q2_WIN__Q3_WIN,Q1_WIN__Q2_WIN__Q3_WIN__Q3_LEAD_1-3,False,False,-5.5,0.46607130765914917,114.55944263604565
2018,2018_14_NYG_WAS,WAS,NYG,WAS,NYG,home,home dog,-3.0,3.0,<=3,-7.0,-34.0,-40.0,-24,LOST,LOST,LOST,LOST,not_leading,not_leading,not_leading,Q1_LOST__Q2_LOST__Q3_LOST,Q1_LOST__Q2_LOST__Q3_LOST__Q3_LEAD_not_leading,False,False,-21.0,0.0001138448715209961,878288.2722513089
2018,2018_14_NYJ_BUF,BUF,NYJ,NYJ,BUF,away,away dog,4.5,4.5,3.5-7,-11.0,-4.0,-7.0,4,LOST,LOST,LOST,WIN,not_leading,not_leading,not_leading,Q1_LOST__Q2_LOST__Q3_LOST,Q1_LOST__Q2_LOST__Q3_LOST__Q3_LEAD_not_leading,True,True,8.5,0.308321475982666,224.3367971085545
2018,2018_14_PHI_DAL,DAL,PHI,PHI,DAL,away,away dog,3.5,3.5,3.5-7,-3.0,-6.0,-3.0,-6,LOST,LOST,LOST,LOST,not_leading,not_leading,not_leading,Q1_LOST__Q2_LOST__Q3_LOST,Q1_LOST__Q2_LOST__Q3_LOST__Q3_LEAD_not_leading,False,False,-2.5,0.5345857739448547,-114.8623621748755
2018,2018_14_PIT_OAK,LV,PIT,LV,PIT,home,home dog,-10.5,10.5,7.5+,7.0,-4.0,-4.0,3,WIN,LOST,LOST,WIN,4-7,not_leading,not_leading,Q1_WIN__Q2_LOST__Q3_LOST,Q1_WIN__Q2_LOST__Q3_LOST__Q3_LEAD_not_leading,True,True,13.5,0.4149565100669861,140.98910988011028
2018,2018_15_ARI_ATL,ATL,ARI,ARI,ATL,away,away dog,10.0,10.0,7.5+,-3.0,-19.0,-26.0,-26,LOST,LOST,LOST,LOST,not_leading,not_leading,not_leading,Q1_LOST__Q2_LOST__Q3_LOST,Q1_LOST__Q2_LOST__Q3_LOST__Q3_LEAD_not_leading,False,False,-16.0,0.0003267526626586914,305941.88252462604
2018,2018_15_CLE_DEN,DEN,CLE,CLE,DEN,away,away dog,1.0,1.0,<=3,0.0,0.0,-3.0,1,TIE,TIE,LOST,WIN,not_leading,not_leading,not_leading,Q1_TIE__Q2_TIE__Q3_LOST,Q1_TIE__Q2_TIE__Q3_LOST__Q3_LEAD_not_leading,True,True,2.0,0.2444906234741211,309.0136406011694
2018,2018_15_DAL_IND,IND,DAL,DAL,IND,away,away dog,3.0,3.0,<=3,-7.0,-10.0,-20.0,-23,LOST,LOST,LOST,LOST,not_leading,not_leading,not_leading,Q1_LOST__Q2_LOST__Q3_LOST,Q1_LOST__Q2_LOST__Q3_LOST__Q3_LEAD_not_leading,False,False,-20.0,0.015160772018134594,6495.9701709375195
2018,2018_15_DET_BUF,BUF,DET,DET,BUF,away,away dog,2.5,2.5,<=3,0.0,6.0,6.0,-1,TIE,WIN,WIN,LOST,not_leading,4-7,4-7,Q1_TIE__Q2_WIN__Q3_WIN,Q1_TIE__Q2_WIN__Q3_WIN__Q3_LEAD_4-7,False,True,1.5,0.8175588846206665,-448.1220600525213
2018,2018_15_GB_CHI,CHI,GB,GB,CHI,away,away dog,6.0,6.0,3.5-7,-7.0,-11.0,0.0,-7,LOST,LOST,TIE,LOST,not_leading,not_leading,not_leading,Q1_LOST__Q2_LOST__Q3_TIE,Q1_LOST__Q2_LOST__Q3_TIE__Q3_LEAD_not_leading,False,False,-1.0,0.34868770837783813,186.78957587928497
2018,2018_15_HOU_NYJ,NYJ,HOU,NYJ,HOU,home,home dog,-7.0,7.0,3.5-7,0.0,-7.0,-1.0,-7,TIE,LOST,LOST,LOST,not_leading,not_leading,not_leading,Q1_TIE__Q2_LOST__Q3_LOST,Q1_TIE__Q2_LOST__Q3_LOST__Q3_LEAD_not_leading,False,False,0.0,0.3883081078529358,157.5274581644148
2018,2018_15_LAC_KC,KC,LAC,LAC,KC,away,away dog,3.5,3.5,3.5-7,-14.0,-7.0,-7.0,1,LOST,LOST,LOST,WIN,not_leading,not_leading,not_leading,Q1_LOST__Q2_LOST__Q3_LOST,Q1_LOST__Q2_LOST__Q3_LOST__Q3_LEAD_not_leading,True,True,4.5,0.14826488494873047,574.4685367312677
2018,2018_15_MIA_MIN,MIN,MIA,MIA,MIN,away,away dog,7.5,7.5,7.5+,-21.0,-11.0,-7.0,-24,LOST,LOST,LOST,LOST,not_leading,not_leading,not_leading,Q1_LOST__Q2_LOST__Q3_LOST,Q1_LOST__Q2_LOST__Q3_LOST__Q3_LEAD_not_leading,False,False,-16.5,0.10697662830352783,834.7836212996651
2018,2018_15_NE_PIT,PIT,NE,PIT,NE,home,home dog,-2.5,2.5,<=3,0.0,7.0,4.0,7,TIE,WIN,WIN,WIN,not_leading,4-7,4-7,Q1_TIE__Q2_WIN__Q3_WIN,Q1_TIE__Q2_WIN__Q3_WIN__Q3_LEAD_4-7,True,True,9.5,0.7436218857765198,-290.04889439522043
2018,2018_15_NO_CAR,CAR,NO,CAR,NO,home,home dog,-6.0,6.0,3.5-7,4.0,1.0,1.0,-3,WIN,WIN,WIN,LOST,4-7,1-3,1-3,Q1_WIN__Q2_WIN__Q3_WIN,Q1_WIN__Q2_WIN__Q3_WIN__Q3_LEAD_1-3,False,True,3.0,0.5510933995246887,-122.76348775918643
2018,2018_15_OAK_CIN,CIN,LV,LV,CIN,away,away dog,3.0,3.0,<=3,-7.0,-13.0,-7.0,-14,LOST,LOST,LOST,LOST,not_leading,not_leading,not_leading,Q1_LOST__Q2_LOST__Q3_LOST,Q1_LOST__Q2_LOST__Q3_LOST__Q3_LEAD_not_leading,False,False,-11.0,0.14230769872665405,602.7026710064431
2018,2018_15_PHI_LA,LA,PHI,PHI,LA,away,away dog,13.5,13.5,7.5+,-4.0,0.0,17.0,7,LOST,TIE,WIN,WIN,not_leading,not_leading,8+,Q1_LOST__Q2_TIE__Q3_WIN,Q1_LOST__Q2_TIE__Q3_WIN__Q3_LEAD_8+,True,True,20.5,0.9824408888816833,-5595.049101641926
2018,2018_15_SEA_SF,SF,SEA,SF,SEA,home,home dog,-3.5,3.5,3.5-7,1.0,4.0,7.0,3,WIN,WIN,WIN,WIN,1-3,4-7,4-7,Q1_WIN__Q2_WIN__Q3_WIN,Q1_WIN__Q2_WIN__Q3_WIN__Q3_LEAD_4-7,True,True,6.5,0.6186131238937378,-162.20094676812622
2018,2018_15_TB_BAL,BAL,TB,TB,BAL,away,away dog,8.5,8.5,7.5+,0.0,-1.0,-5.0,-8,TIE,LOST,LOST,LOST,not_leading,not_leading,not_leading,Q1_TIE__Q2_LOST__Q3_LOST,Q1_TIE__Q2_LOST__Q3_LOST__Q3_LEAD_not_leading,False,True,0.5,0.1516348123550415,559.4791687139594
2018,2018_15_TEN_NYG,NYG,TEN,NYG,TEN,home,home dog,-2.5,2.5,<=3,-7.0,-7.0,-14.0,-17,LOST,LOST,LOST,LOST,not_leading,not_leading,not_leading,Q1_LOST__Q2_LOST__Q3_LOST,Q1_LOST__Q2_LOST__Q3_LOST__Q3_LEAD_not_leading,False,False,-14.5,0.04585373401641846,2080.8474739307785
2018,2018_15_WAS_JAX,JAX,WAS,WAS,JAX,away,away dog,7.5,7.5,7.5+,3.0,-7.0,-4.0,3,WIN,LOST,LOST,WIN,1-3,not_leading,not_leading,Q1_WIN__Q2_LOST__Q3_LOST,Q1_WIN__Q2_LOST__Q3_LOST__Q3_LEAD_not_leading,True,True,10.5,0.23612719774246216,323.5005579876801
2018,2018_16_ATL_CAR,CAR,ATL,CAR,ATL,home,home dog,-2.5,2.5,<=3,0.0,0.0,-14.0,-14,TIE,TIE,LOST,LOST,not_leading,not_leading,not_leading,Q1_TIE__Q2_TIE__Q3_LOST,Q1_TIE__Q2_TIE__Q3_LOST__Q3_LEAD_not_leading,False,False,-11.5,0.036499977111816406,2639.72774540799
2018,2018_16_BAL_LAC,LAC,BAL,BAL,LAC,away,away dog,4.0,4.0,3.5-7,3.0,3.0,6.0,12,WIN,WIN,WIN,WIN,1-3,1-3,4-7,Q1_WIN__Q2_WIN__Q3_WIN,Q1_WIN__Q2_WIN__Q3_WIN__Q3_LEAD_4-7,True,True,16.0,0.736740231513977,-279.85295123173836
2018,2018_16_BUF_NE,NE,BUF,BUF,NE,away,away dog,14.0,14.0,7.5+,-7.0,-14.0,-15.0,-12,LOST,LOST,LOST,LOST,not_leading,not_leading,not_leading,Q1_LOST__Q2_LOST__Q3_LOST,Q1_LOST__Q2_LOST__Q3_LOST__Q3_LEAD_not_leading,False,True,2.0,0.025150775909423828,3876.0204758744903
2018,2018_16_CHI_SF,SF,CHI,SF,CHI,home,home dog,-3.5,3.5,3.5-7,0.0,2.0,-5.0,-5,TIE,WIN,LOST,LOST,not_leading,1-3,not_leading,Q1_TIE__Q2_WIN__Q3_LOST,Q1_TIE__Q2_WIN__Q3_LOST__Q3_LEAD_not_leading,False,False,-1.5,0.20753949880599976,381.83599062015804
2018,2018_16_CIN_CLE,CLE,CIN,CIN,CLE,away,away dog,10.0,10.0,7.5+,0.0,-16.0,-23.0,-8,TIE,LOST,LOST,LOST,not_leading,not_leading,not_leading,Q1_TIE__Q2_LOST__Q3_LOST,Q1_TIE__Q2_LOST__Q3_LOST__Q3_LEAD_not_leading,False,True,2.0,0.0025822927709668875,38625.2758960236
2018,2018_16_DEN_OAK,LV,DEN,LV,DEN,home,home dog,-2.5,2.5,<=3,7.0,17.0,10.0,13,WIN,WIN,WIN,WIN,4-7,8+,8+,Q1_WIN__Q2_WIN__Q3_WIN,Q1_WIN__Q2_WIN__Q3_WIN__Q3_LEAD_8+,True,True,15.5,0.9163829684257507,-1095.928605898945
2018,2018_16_GB_NYJ,NYJ,GB,NYJ,GB,home,home dog,-3.0,3.0,<=3,7.0,4.0,15.0,-6,WIN,WIN,WIN,LOST,4-7,4-7,8+,Q1_WIN__Q2_WIN__Q3_WIN,Q1_WIN__Q2_WIN__Q3_WIN__Q3_LEAD_8+,False,False,-3.0,0.9756219387054443,-4002.048919793837
2018,2018_16_HOU_PHI,PHI,HOU,HOU,PHI,away,away dog,1.0,1.0,<=3,-7.0,3.0,-7.0,-2,LOST,WIN,LOST,LOST,not_leading,1-3,not_leading,Q1_LOST__Q2_WIN__Q3_LOST,Q1_LOST__Q2_WIN__Q3_LOST__Q3_LEAD_not_leading,False,False,-1.0,0.2864067852497101,249.15373919236163
2018,2018_16_JAX_MIA,MIA,JAX,JAX,MIA,away,away dog,3.0,3.0,<=3,0.0,0.0,0.0,10,TIE,TIE,TIE,WIN,not_leading,not_leading,not_leading,Q1_TIE__Q2_TIE__Q3_TIE,Q1_TIE__Q2_TIE__Q3_TIE__Q3_LEAD_not_leading,True,True,13.0,0.4937697649002075,102.52353851639808
2018,2018_16_KC_SEA,SEA,KC,SEA,KC,home,home dog,-1.0,1.0,<=3,4.0,4.0,7.0,7,WIN,WIN,WIN,WIN,4-7,4-7,4-7,Q1_WIN__Q2_WIN__Q3_WIN,Q1_WIN__Q2_WIN__Q3_WIN__Q3_LEAD_4-7,True,True,8.0,0.8040108680725098,-410.232373685888
2018,2018_16_LA_ARI,ARI,LA,ARI,LA,home,home dog,-14.5,14.5,7.5+,-4.0,-12.0,-15.0,-22,LOST,LOST,LOST,LOST,not_leading,not_leading,not_leading,Q1_LOST__Q2_LOST__Q3_LOST,Q1_LOST__Q2_LOST__Q3_LOST__Q3_LEAD_not_leading,False,False,-7.5,0.045198023319244385,2112.486136698418
2018,2018_16_MIN_DET,DET,MIN,DET,MIN,home,home dog,-6.5,6.5,3.5-7,3.0,-5.0,-8.0,-18,WIN,LOST,LOST,LOST,1-3,not_leading,not_leading,Q1_WIN__Q2_LOST__Q3_LOST,Q1_WIN__Q2_LOST__Q3_LOST__Q3_LEAD_not_leading,False,False,-11.5,0.13524985313415527,639.3723370687087
2018,2018_16_NYG_IND,IND,NYG,NYG,IND,away,away dog,10.0,10.0,7.5+,14.0,10.0,3.0,-1,WIN,WIN,WIN,LOST,8+,8+,1-3,Q1_WIN__Q2_WIN__Q3_WIN,Q1_WIN__Q2_WIN__Q3_WIN__Q3_LEAD_1-3,False,True,9.0,0.6249638795852661,-166.6409835122413
2018,2018_16_PIT_NO,NO,PIT,PIT,NO,away,away dog,6.5,6.5,3.5-7,-4.0,-3.0,4.0,-3,LOST,LOST,WIN,LOST,not_leading,not_leading,4-7,Q1_LOST__Q2_LOST__Q3_WIN,Q1_LOST__Q2_LOST__Q3_WIN__Q3_LEAD_4-7,False,True,3.5,0.639856219291687,-177.66688016470795
2018,2018_16_TB_DAL,DAL,TB,TB,DAL,away,away dog,7.0,7.0,3.5-7,-11.0,-4.0,-14.0,-7,LOST,LOST,LOST,LOST,not_leading,not_leading,not_leading,Q1_LOST__Q2_LOST__Q3_LOST,Q1_LOST__Q2_LOST__Q3_LOST__Q3_LEAD_not_leading,False,False,0.0,0.05460071936249733,1731.4777015316267
2018,2018_16_WAS_TEN,TEN,WAS,WAS,TEN,away,away dog,12.5,12.5,7.5+,-3.0,1.0,4.0,-9,LOST,WIN,WIN,LOST,not_leading,1-3,4-7,Q1_LOST__Q2_WIN__Q3_WIN,Q1_LOST__Q2_WIN__Q3_WIN__Q3_LEAD_4-7,False,True,3.5,0.5307575464248657,-113.10944744684781
2018,2018_17_ARI_SEA,SEA,ARI,ARI,SEA,away,away dog,15.5,15.5,7.5+,-4.0,-1.0,0.0,-3,LOST,LOST,TIE,LOST,not_leading,not_leading,not_leading,Q1_LOST__Q2_LOST__Q3_TIE,Q1_LOST__Q2_LOST__Q3_TIE__Q3_LEAD_not_leading,False,True,12.5,0.4553688168525696,119.60221319321487
2018,2018_17_ATL_TB,TB,ATL,TB,ATL,home,home dog,-2.5,2.5,<=3,7.0,10.0,-4.0,-2,WIN,WIN,LOST,LOST,4-7,8+,not_leading,Q1_WIN__Q2_WIN__Q3_LOST,Q1_WIN__Q2_WIN__Q3_LOST__Q3_LEAD_not_leading,False,True,0.5,0.3342852294445038,199.14573302019454
2018,2018_17_CAR_NO,NO,CAR,CAR,NO,away,away dog,8.0,8.0,7.5+,13.0,23.0,30.0,19,WIN,WIN,WIN,WIN,8+,8+,8+,Q1_WIN__Q2_WIN__Q3_WIN,Q1_WIN__Q2_WIN__Q3_WIN__Q3_LEAD_8+,True,True,27.0,0.9991002082824707,-111036.83094859566
2018,2018_17_CHI_MIN,MIN,CHI,CHI,MIN,away,away dog,6.0,6.0,3.5-7,7.0,10.0,3.0,14,WIN,WIN,WIN,WIN,4-7,8+,1-3,Q1_WIN__Q2_WIN__Q3_WIN,Q1_WIN__Q2_WIN__Q3_WIN__Q3_LEAD_1-3,True,True,20.0,0.6686959862709045,-201.83757472304325
2018,2018_17_CIN_PIT,PIT,CIN,CIN,PIT,away,away dog,14.0,14.0,7.5+,0.0,7.0,0.0,-3,TIE,WIN,TIE,LOST,not_leading,4-7,not_leading,Q1_TIE__Q2_WIN__Q3_TIE,Q1_TIE__Q2_WIN__Q3_TIE__Q3_LEAD_not_leading,False,True,11.0,0.41355639696121216,141.80498895626826
2018,2018_17_CLE_BAL,BAL,CLE,CLE,BAL,away,away dog,7.0,7.0,3.5-7,-3.0,-13.0,-9.0,-2,LOST,LOST,LOST,LOST,not_leading,not_leading,not_leading,Q1_LOST__Q2_LOST__Q3_LOST,Q1_LOST__Q2_LOST__Q3_LOST__Q3_LEAD_not_leading,False,True,5.0,0.22841353714466095,337.8024229652689
2018,2018_17_DAL_NYG,NYG,DAL,DAL,NYG,away,away dog,7.5,7.5,7.5+,0.0,7.0,3.0,1,TIE,WIN,WIN,WIN,not_leading,4-7,1-3,Q1_TIE__Q2_WIN__Q3_WIN,Q1_TIE__Q2_WIN__Q3_WIN__Q3_LEAD_1-3,True,True,8.5,0.5697317123413086,-132.41313122133835
2018,2018_17_DET_GB,GB,DET,DET,GB,away,away dog,7.5,7.5,7.5+,7.0,21.0,24.0,31,WIN,WIN,WIN,WIN,4-7,8+,8+,Q1_WIN__Q2_WIN__Q3_WIN,Q1_WIN__Q2_WIN__Q3_WIN__Q3_LEAD_8+,True,True,38.5,0.999495267868042,-198024.8937175248
2018,2018_17_IND_TEN,TEN,IND,TEN,IND,home,home dog,-5.0,5.0,3.5-7,-7.0,-7.0,-7.0,-16,LOST,LOST,LOST,LOST,not_leading,not_leading,not_leading,Q1_LOST__Q2_LOST__Q3_LOST,Q1_LOST__Q2_LOST__Q3_LOST__Q3_LEAD_not_leading,False,False,-11.0,0.18100345134735107,452.47565311943686
2018,2018_17_JAX_HOU,HOU,JAX,JAX,HOU,away,away dog,7.0,7.0,3.5-7,0.0,-14.0,-14.0,-17,TIE,LOST,LOST,LOST,not_leading,not_leading,not_leading,Q1_TIE__Q2_LOST__Q3_LOST,Q1_TIE__Q2_LOST__Q3_LOST__Q3_LEAD_not_leading,False,False,-10.0,0.04491537809371948,2126.408954887168
2018,2018_17_LAC_DEN,DEN,LAC,DEN,LAC,home,home dog,-7.0,7.0,3.5-7,0.0,-4.0,-11.0,-14,TIE,LOST,LOST,LOST,not_leading,not_leading,not_leading,Q1_TIE__Q2_LOST__Q3_LOST,Q1_TIE__Q2_LOST__Q3_LOST__Q3_LEAD_not_leading,False,False,-7.0,0.10822857171297073,823.9704305181681
2018,2018_17_MIA_BUF,BUF,MIA,MIA,BUF,away,away dog,5.5,5.5,3.5-7,-14.0,0.0,-11.0,-25,LOST,TIE,LOST,LOST,not_leading,not_leading,not_leading,Q1_LOST__Q2_TIE__Q3_LOST,Q1_LOST__Q2_TIE__Q3_LOST__Q3_LEAD_not_leading,False,False,-19.5,0.10290056467056274,871.8119654654089
2018,2018_17_NYJ_NE,NE,NYJ,NYJ,NE,away,away dog,14.0,14.0,7.5+,-4.0,-18.0,-25.0,-35,LOST,LOST,LOST,LOST,not_leading,not_leading,not_leading,Q1_LOST__Q2_LOST__Q3_LOST,Q1_LOST__Q2_LOST__Q3_LOST__Q3_LEAD_not_leading,False,False,-21.0,0.004568735137581825,21787.896100041544
2018,2018_17_OAK_KC,KC,LV,LV,KC,away,away dog,14.5,14.5,7.5+,-14.0,-18.0,-25.0,-32,LOST,LOST,LOST,LOST,not_leading,not_leading,not_leading,Q1_LOST__Q2_LOST__Q3_LOST,Q1_LOST__Q2_LOST__Q3_LOST__Q3_LEAD_not_leading,False,False,-17.5,0.00039964914321899414,250119.47800149143
2018,2018_17_PHI_WAS,WAS,PHI,WAS,PHI,home,home dog,-6.0,6.0,3.5-7,-3.0,-10.0,-17.0,-24,LOST,LOST,LOST,LOST,not_leading,not_leading,not_leading,Q1_LOST__Q2_LOST__Q3_LOST,Q1_LOST__Q2_LOST__Q3_LOST__Q3_LEAD_not_leading,False,False,-18.0,0.04264156520366669,2245.1296762296415
2018,2018_17_SF_LA,LA,SF,SF,LA,away,away dog,10.5,10.5,7.5+,-11.0,-21.0,-28.0,-16,LOST,LOST,LOST,LOST,not_leading,not_leading,not_leading,Q1_LOST__Q2_LOST__Q3_LOST,Q1_LOST__Q2_LOST__Q3_LOST__Q3_LEAD_not_leading,False,False,-5.5,0.00039964914321899414,250119.47800149143
2019,2019_01_ATL_MIN,MIN,ATL,ATL,MIN,away,away dog,3.5,3.5,3.5-7,-14.0,-21.0,-28.0,-16,LOST,LOST,LOST,LOST,not_leading,not_leading,not_leading,Q1_LOST__Q2_LOST__Q3_LOST,Q1_LOST__Q2_LOST__Q3_LOST__Q3_LEAD_not_leading,False,False,-12.5,0.0002765059471130371,361555.87411079975
2019,2019_01_BAL_MIA,MIA,BAL,MIA,BAL,home,home dog,-7.0,7.0,3.5-7,-21.0,-32.0,-42.0,-49,LOST,LOST,LOST,LOST,not_leading,not_leading,not_leading,Q1_LOST__Q2_LOST__Q3_LOST,Q1_LOST__Q2_LOST__Q3_LOST__Q3_LEAD_not_leading,False,False,-42.0,7.415284926537424e-05,1348465.8473098634
2019,2019_01_BUF_NYJ,NYJ,BUF,BUF,NYJ,away,away dog,2.5,2.5,<=3,-6.0,-6.0,-13.0,1,LOST,LOST,LOST,WIN,not_leading,not_leading,not_leading,Q1_LOST__Q2_LOST__Q3_LOST,Q1_LOST__Q2_LOST__Q3_LOST__Q3_LEAD_not_leading,True,True,3.5,0.05848509073257446,1609.8374773368175
2019,2019_01_CIN_SEA,SEA,CIN,CIN,SEA,away,away dog,9.5,9.5,7.5+,3.0,3.0,3.0,-1,WIN,WIN,WIN,LOST,1-3,1-3,1-3,Q1_WIN__Q2_WIN__Q3_WIN,Q1_WIN__Q2_WIN__Q3_WIN__Q3_LEAD_1-3,False,True,8.5,0.5125113129615784,-105.13296545919323
2019,2019_01_DEN_OAK,LV,DEN,LV,DEN,home,home dog,-3.0,3.0,<=3,0.0,14.0,8.0,8,TIE,WIN,WIN,WIN,not_leading,8+,8+,Q1_TIE__Q2_WIN__Q3_WIN,Q1_TIE__Q2_WIN__Q3_WIN__Q3_LEAD_8+,True,True,11.0,0.9246605634689331,-1227.326093801672
2019,2019_01_DET_ARI,ARI,DET,ARI,DET,home,home dog,-2.5,2.5,<=3,0.0,-14.0,-11.0,0,TIE,LOST,LOST,LOST,not_leading,not_leading,not_leading,Q1_TIE__Q2_LOST__Q3_LOST,Q1_TIE__Q2_LOST__Q3_LOST__Q3_LEAD_not_leading,False,True,2.5,0.0638684630393982,1465.7179653487754
2019,2019_01_GB_CHI,CHI,GB,GB,CHI,away,away dog,3.5,3.5,3.5-7,-3.0,4.0,4.0,7,LOST,WIN,WIN,WIN,not_leading,4-7,4-7,Q1_LOST__Q2_WIN__Q3_WIN,Q1_LOST__Q2_WIN__Q3_WIN__Q3_LEAD_4-7,True,True,10.5,0.6156377196311951,-160.17121113978087
2019,2019_01_HOU_NO,NO,HOU,HOU,NO,away,away dog,6.5,6.5,3.5-7,0.0,11.0,4.0,-2,TIE,WIN,WIN,LOST,not_leading,8+,4-7,Q1_TIE__Q2_WIN__Q3_WIN,Q1_TIE__Q2_WIN__Q3_WIN__Q3_LEAD_4-7,False,True,4.5,0.4957665801048279,101.70782786297414
2019,2019_01_IND_LAC,LAC,IND,IND,LAC,away,away dog,6.0,6.0,3.5-7,-7.0,-11.0,-8.0,-6,LOST,LOST,LOST,LOST,not_leading,not_leading,not_leading,Q1_LOST__Q2_LOST__Q3_LOST,Q1_LOST__Q2_LOST__Q3_LOST__Q3_LEAD_not_leading,False,False,0.0,0.2772839367389679,260.6411578545169
2019,2019_01_KC_JAX,JAX,KC,JAX,KC,home,home dog,-3.5,3.5,3.5-7,-10.0,-10.0,-17.0,-14,LOST,LOST,LOST,LOST,not_leading,not_leading,not_leading,Q1_LOST__Q2_LOST__Q3_LOST,Q1_LOST__Q2_LOST__Q3_LOST__Q3_LEAD_not_leading,False,False,-10.5,0.020879745483398438,4689.330410158034
2019,2019_01_LA_CAR,CAR,LA,CAR,LA,home,home dog,-1.5,1.5,<=3,0.0,-10.0,-10.0,-3,TIE,LOST,LOST,LOST,not_leading,not_leading,not_leading,Q1_TIE__Q2_LOST__Q3_LOST,Q1_TIE__Q2_LOST__Q3_LOST__Q3_LEAD_not_leading,False,False,-1.5,0.12647408246994019,690.6758289688922
2019,2019_01_NYG_DAL,DAL,NYG,NYG,DAL,away,away dog,7.0,7.0,3.5-7,0.0,-14.0,-25.0,-18,TIE,LOST,LOST,LOST,not_leading,not_leading,not_leading,Q1_TIE__Q2_LOST__Q3_LOST,Q1_TIE__Q2_LOST__Q3_LOST__Q3_LEAD_not_leading,False,False,-11.0,0.0033374144695699215,29863.31468919609
2019,2019_01_PIT_NE,NE,PIT,PIT,NE,away,away dog,5.5,5.5,3.5-7,-7.0,-20.0,-27.0,-30,LOST,LOST,LOST,LOST,not_leading,not_leading,not_leading,Q1_LOST__Q2_LOST__Q3_LOST,Q1_LOST__Q2_LOST__Q3_LOST__Q3_LEAD_not_leading,False,False,-24.5,0.0005842254613526165,171066.79538149014
2019,2019_01_SF_TB,TB,SF,SF,TB,away,away dog,1.0,1.0,<=3,3.0,-1.0,6.0,14,WIN,LOST,WIN,WIN,1-3,not_leading,4-7,Q1_WIN__Q2_LOST__Q3_WIN,Q1_WIN__Q2_LOST__Q3_WIN__Q3_LEAD_4-7,True,True,15.0,0.5645826458930969,-129.66470917336963
2019,2019_01_TEN_CLE,CLE,TEN,TEN,CLE,away,away dog,5.5,5.5,3.5-7,-3.0,6.0,9.0,30,LOST,WIN,WIN,WIN,not_leading,4-7,8+,Q1_LOST__Q2_WIN__Q3_WIN,Q1_LOST__Q2_WIN__Q3_WIN__Q3_LEAD_8+,True,True,35.5,0.7934186458587646,-384.07079339615564
2019,2019_01_WAS_PHI,PHI,WAS,WAS,PHI,away,away dog,10.5,10.5,7.5+,10.0,13.0,-1.0,-5,WIN,WIN,LOST,LOST,8+,8+,not_leading,Q1_WIN__Q2_WIN__Q3_LOST,Q1_WIN__Q2_WIN__Q3_LOST__Q3_LEAD_not_leading,False,True,5.5,0.20668292045593262,383.83291555685776
2019,2019_02_ARI_BAL,BAL,ARI,ARI,BAL,away,away dog,13.0,13.0,7.5+,-4.0,-11.0,-8.0,-6,LOST,LOST,LOST,LOST,not_leading,not_leading,not_leading,Q1_LOST__Q2_LOST__Q3_LOST,Q1_LOST__Q2_LOST__Q3_LOST__Q3_LEAD_not_leading,False,True,7.0,0.11197370290756226,793.0668309018331
2019,2019_02_BUF_NYG,NYG,BUF,NYG,BUF,home,home dog,-1.0,1.0,<=3,0.0,-14.0,-14.0,-14,TIE,LOST,LOST,LOST,not_leading,not_leading,not_leading,Q1_TIE__Q2_LOST__Q3_LOST,Q1_TIE__Q2_LOST__Q3_LOST__Q3_LEAD_not_leading,False,False,-13.0,0.15197806060314178,557.9897098511385
2019,2019_02_CHI_DEN,DEN,CHI,DEN,CHI,home,home dog,-3.0,3.0,<=3,3.0,-3.0,-10.0,-2,WIN,LOST,LOST,LOST,1-3,not_leading,not_leading,Q1_WIN__Q2_LOST__Q3_LOST,Q1_WIN__Q2_LOST__Q3_LOST__Q3_LEAD_not_leading,False,True,1.0,0.24948975443840027,300.81806254969996
2019,2019_02_CLE_NYJ,NYJ,CLE,NYJ,CLE,home,home dog,-6.5,6.5,3.5-7,-6.0,-10.0,-20.0,-20,LOST,LOST,LOST,LOST,not_leading,not_leading,not_leading,Q1_LOST__Q2_LOST__Q3_LOST,Q1_LOST__Q2_LOST__Q3_LOST__Q3_LEAD_not_leading,False,False,-13.5,0.019091367721557617,5137.9694036840465
2019,2019_02_DAL_WAS,WAS,DAL,WAS,DAL,home,home dog,-6.0,6.0,3.5-7,0.0,-7.0,-7.0,-10,TIE,LOST,LOST,LOST,not_leading,not_leading,not_leading,Q1_TIE__Q2_LOST__Q3_LOST,Q1_TIE__Q2_LOST__Q3_LOST__Q3_LEAD_not_leading,False,False,-4.0,0.14165693521499634,605.9308451663694
2019,2019_02_IND_TEN,TEN,IND,IND,TEN,away,away dog,3.0,3.0,<=3,7.0,6.0,-4.0,2,WIN,WIN,LOST,WIN,4-7,4-7,not_leading,Q1_WIN__Q2_WIN__Q3_LOST,Q1_WIN__Q2_WIN__Q3_LOST__Q3_LEAD_not_leading,True,True,5.0,0.20994901657104492,376.30611294700145
2019,2019_02_JAX_HOU,HOU,JAX,JAX,HOU,away,away dog,7.5,7.5,7.5+,-3.0,-3.0,-3.0,-1,LOST,LOST,LOST,LOST,not_leading,not_leading,not_leading,Q1_LOST__Q2_LOST__Q3_LOST,Q1_LOST__Q2_LOST__Q3_LOST__Q3_LEAD_not_leading,False,True,6.5,0.28085535764694214,256.05516247871645
2019,2019_02_KC_OAK,LV,KC,LV,KC,home,home dog,-7.0,7.0,3.5-7,10.0,-18.0,-18.0,-18,WIN,LOST,LOST,LOST,8+,not_leading,not_leading,Q1_WIN__Q2_LOST__Q3_LOST,Q1_WIN__Q2_LOST__Q3_LOST__Q3_LEAD_not_leading,False,False,-11.0,0.016855597496032715,5832.747268290958
2019,2019_02_LAC_DET,DET,LAC,DET,LAC,home,home dog,-1.0,1.0,<=3,-1.0,-4.0,-4.0,3,LOST,LOST,LOST,WIN,not_leading,not_leading,not_leading,Q1_LOST__Q2_LOST__Q3_LOST,Q1_LOST__Q2_LOST__Q3_LOST__Q3_LEAD_not_leading,True,True,4.0,0.35024452209472656,185.51481519803517
2019,2019_02_MIN_GB,GB,MIN,MIN,GB,away,away dog,3.0,3.0,<=3,-14.0,-11.0,-5.0,-5,LOST,LOST,LOST,LOST,not_leading,not_leading,not_leading,Q1_LOST__Q2_LOST__Q3_LOST,Q1_LOST__Q2_LOST__Q3_LOST__Q3_LEAD_not_leading,False,False,-2.0,0.24750614166259766,304.03037810803414
2019,2019_02_NE_MIA,MIA,NE,MIA,NE,home,home dog,-18.0,18.0,7.5+,-7.0,-13.0,-23.0,-43,LOST,LOST,LOST,LOST,not_leading,not_leading,not_leading,Q1_LOST__Q2_LOST__Q3_LOST,Q1_LOST__Q2_LOST__Q3_LOST__Q3_LEAD_not_leading,False,False,-25.0,0.0019014477729797363,52491.50496849629
2019,2019_02_NO_LA,LA,NO,NO,LA,away,away dog,2.0,2.0,<=3,-3.0,-3.0,-14.0,-18,LOST,LOST,LOST,LOST,not_leading,not_leading,not_leading,Q1_LOST__Q2_LOST__Q3_LOST,Q1_LOST__Q2_LOST__Q3_LOST__Q3_LEAD_not_leading,False,False,-16.0,0.06189429387450218,1515.6578214263423
2019,2019_02_PHI_ATL,ATL,PHI,ATL,PHI,home,home dog,-1.0,1.0,<=3,3.0,4.0,5.0,4,WIN,WIN,WIN,WIN,1-3,4-7,4-7,Q1_WIN__Q2_WIN__Q3_WIN,Q1_WIN__Q2_WIN__Q3_WIN__Q3_LEAD_4-7,True,True,5.0,0.7452518343925476,-292.5445341737707
2019,2019_02_SEA_PIT,PIT,SEA,SEA,PIT,away,away dog,4.0,4.0,3.5-7,0.0,-3.0,8.0,2,TIE,LOST,WIN,WIN,not_leading,not_leading,8+,Q1_TIE__Q2_LOST__Q3_WIN,Q1_TIE__Q2_LOST__Q3_WIN__Q3_LEAD_8+,True,True,6.0,0.8279472589492798,-481.21712789522223
2019,2019_02_SF_CIN,CIN,SF,SF,CIN,away,away dog,1.0,1.0,<=3,7.0,14.0,24.0,24,WIN,WIN,WIN,WIN,4-7,8+,8+,Q1_WIN__Q2_WIN__Q3_WIN,Q1_WIN__Q2_WIN__Q3_WIN__Q3_LEAD_8+,True,True,25.0,0.999395489692688,-165323.1512522185
2019,2019_02_TB_CAR,CAR,TB,TB,CAR,away,away dog,6.5,6.5,3.5-7,0.0,1.0,5.0,6,TIE,WIN,WIN,WIN,not_leading,1-3,4-7,Q1_TIE__Q2_WIN__Q3_WIN,Q1_TIE__Q2_WIN__Q3_WIN__Q3_LEAD_4-7,True,True,12.5,0.6518086791038513,-187.19842798673875
2019,2019_03_ATL_IND,IND,ATL,ATL,IND,away,away dog,1.0,1.0,<=3,-10.0,-17.0,-10.0,-3,LOST,LOST,LOST,LOST,not_leading,not_leading,not_leading,Q1_LOST__Q2_LOST__Q3_LOST,Q1_LOST__Q2_LOST__Q3_LOST__Q3_LEAD_not_leading,False,False,-2.0,0.2771585285663605,260.8043400910784
2019,2019_03_BAL_KC,KC,BAL,BAL,KC,away,away dog,4.5,4.5,3.5-7,6.0,-17.0,-17.0,-5,WIN,LOST,LOST,LOST,4-7,not_leading,not_leading,Q1_WIN__Q2_LOST__Q3_LOST,Q1_WIN__Q2_LOST__Q3_LOST__Q3_LEAD_not_leading,False,False,-0.5,0.04118499159812927,2328.0689668646733
2019,2019_03_CAR_ARI,ARI,CAR,CAR,ARI,away,away dog,2.5,2.5,<=3,-7.0,4.0,8.0,18,LOST,WIN,WIN,WIN,not_leading,4-7,8+,Q1_LOST__Q2_WIN__Q3_WIN,Q1_LOST__Q2_WIN__Q3_WIN__Q3_LEAD_8+,True,True,20.5,0.8918721675872803,-824.8312647043907
2019,2019_03_CHI_WAS,WAS,CHI,WAS,CHI,home,home dog,-5.0,5.0,3.5-7,-7.0,-25.0,-19.0,-16,LOST,LOST,LOST,LOST,not_leading,not_leading,not_leading,Q1_LOST__Q2_LOST__Q3_LOST,Q1_LOST__Q2_LOST__Q3_LOST__Q3_LEAD_not_leading,False,False,-11.0,0.04130273684859276,2321.14706264089
2019,2019_03_CIN_BUF,BUF,CIN,CIN,BUF,away,away dog,5.5,5.5,3.5-7,-8.0,-14.0,-7.0,-4,LOST,LOST,LOST,LOST,not_leading,not_leading,not_leading,Q1_LOST__Q2_LOST__Q3_LOST,Q1_LOST__Q2_LOST__Q3_LOST__Q3_LEAD_not_leading,False,True,1.5,0.25059565901756287,299.04921095617044
2019,2019_03_DEN_GB,GB,DEN,DEN,GB,away,away dog,7.0,7.0,3.5-7,-7.0,-7.0,-8.0,-11,LOST,LOST,LOST,LOST,not_leading,not_leading,not_leading,Q1_LOST__Q2_LOST__Q3_LOST,Q1_LOST__Q2_LOST__Q3_LOST__Q3_LEAD_not_leading,False,False,-4.0,0.15410692989826202,548.9000855835476
2019,2019_03_DET_PHI,PHI,DET,DET,PHI,away,away dog,4.0,4.0,3.5-7,-3.0,10.0,3.0,3,LOST,WIN,WIN,WIN,not_leading,8+,1-3,Q1_LOST__Q2_WIN__Q3_WIN,Q1_LOST__Q2_WIN__Q3_WIN__Q3_LEAD_1-3,True,True,7.0,0.744032621383667,-290.67478262489465
2019,2019_03_HOU_LAC,LAC,HOU,HOU,LAC,away,away dog,3.0,3.0,<=3,-7.0,-10.0,4.0,7,LOST,LOST,WIN,WIN,not_leading,not_leading,4-7,Q1_LOST__Q2_LOST__Q3_WIN,Q1_LOST__Q2_LOST__Q3_WIN__Q3_LEAD_4-7,True,True,10.0,0.6686217784881592,-201.76998217858682
2019,2019_03_LA_CLE,CLE,LA,CLE,LA,home,home dog,-4.0,4.0,3.5-7,-3.0,3.0,3.0,-7,LOST,WIN,WIN,LOST,not_leading,1-3,1-3,Q1_LOST__Q2_WIN__Q3_WIN,Q1_LOST__Q2_WIN__Q3_WIN__Q3_LEAD_1-3,False,False,-3.0,0.46541422605514526,114.8623621748755
2019,2019_03_MIA_DAL,DAL,MIA,MIA,DAL,away,away dog,22.0,22.0,7.5+,-7.0,-4.0,-18.0,-25,LOST,LOST,LOST,LOST,not_leading,not_leading,not_leading,Q1_LOST__Q2_LOST__Q3_LOST,Q1_LOST__Q2_LOST__Q3_LOST__Q3_LEAD_not_leading,False,False,-3.0,0.021329820156097412,4588.27206550139
2019,2019_03_NO_SEA,SEA,NO,NO,SEA,away,away dog,5.0,5.0,3.5-7,0.0,13.0,20.0,6,TIE,WIN,WIN,WIN,not_leading,8+,8+,Q1_TIE__Q2_WIN__Q3_WIN,Q1_TIE__Q2_WIN__Q3_WIN__Q3_LEAD_8+,True,True,11.0,0.985202431678772,-6657.867092023749
2019,2019_03_NYG_TB,TB,NYG,NYG,TB,away,away dog,5.0,5.0,3.5-7,-9.0,-18.0,-3.0,1,LOST,LOST,LOST,WIN,not_leading,not_leading,not_leading,Q1_LOST__Q2_LOST__Q3_LOST,Q1_LOST__Q2_LOST__Q3_LOST__Q3_LEAD_not_leading,True,True,6.0,0.27262842655181885,266.79960804084703
2019,2019_03_NYJ_NE,NE,NYJ,NYJ,NE,away,away dog,20.5,20.5,7.5+,-13.0,-20.0,-23.0,-16,LOST,LOST,LOST,LOST,not_leading,not_leading,not_leading,Q1_LOST__Q2_LOST__Q3_LOST,Q1_LOST__Q2_LOST__Q3_LOST__Q3_LEAD_not_leading,False,True,4.5,0.0014302730560302734,69816.7194532422
2019,2019_03_OAK_MIN,MIN,LV,LV,MIN,away,away dog,8.5,8.5,7.5+,-7.0,-14.0,-21.0,-20,LOST,LOST,LOST,LOST,not_leading,not_leading,not_leading,Q1_LOST__Q2_LOST__Q3_LOST,Q1_LOST__Q2_LOST__Q3_LOST__Q3_LEAD_not_leading,False,False,-11.5,0.01434016227722168,6873.421783297587
2019,2019_03_PIT_SF,SF,PIT,PIT,SF,away,away dog,6.0,6.0,3.5-7,6.0,3.0,-4.0,-4,WIN,WIN,LOST,LOST,4-7,1-3,not_leading,Q1_WIN__Q2_WIN__Q3_LOST,Q1_WIN__Q2_WIN__Q3_LOST__Q3_LEAD_not_leading,False,True,2.0,0.2691236138343811,271.57646099959135
2019,2019_03_TEN_JAX,JAX,TEN,JAX,TEN,home,home dog,-1.5,1.5,<=3,14.0,14.0,17.0,13,WIN,WIN,WIN,WIN,8+,8+,8+,Q1_WIN__Q2_WIN__Q3_WIN,Q1_WIN__Q2_WIN__Q3_WIN__Q3_LEAD_8+,True,True,14.5,0.9799368381500244,-4884.259248256111
2019,2019_04_CAR_HOU,HOU,CAR,CAR,HOU,away,away dog,5.5,5.5,3.5-7,3.0,7.0,0.0,6,WIN,WIN,TIE,WIN,1-3,4-7,not_leading,Q1_WIN__Q2_WIN__Q3_TIE,Q1_WIN__Q2_WIN__Q3_TIE__Q3_LEAD_not_leading,True,True,11.5,0.5383395552635193,-116.60941746282977
2019,2019_04_CIN_PIT,PIT,CIN,CIN,PIT,away,away dog,3.5,3.5,3.5-7,3.0,-7.0,-21.0,-24,WIN,LOST,LOST,LOST,1-3,not_leading,not_leading,Q1_WIN__Q2_LOST__Q3_LOST,Q1_WIN__Q2_LOST__Q3_LOST__Q3_LEAD_not_leading,False,False,-20.5,0.015006301924586296,6563.866987519436
2019,2019_04_CLE_BAL,BAL,CLE,CLE,BAL,away,away dog,7.5,7.5,7.5+,7.0,3.0,14.0,15,WIN,WIN,WIN,WIN,4-7,1-3,8+,Q1_WIN__Q2_WIN__Q3_WIN,Q1_WIN__Q2_WIN__Q3_WIN__Q3_LEAD_8+,True,True,22.5,0.9120904803276062,-1037.5332315847356
2019,2019_04_DAL_NO,NO,DAL,NO,DAL,home,home dog,-2.5,2.5,<=3,-3.0,6.0,-1.0,2,LOST,WIN,LOST,WIN,not_leading,4-7,not_leading,Q1_LOST__Q2_WIN__Q3_LOST,Q1_LOST__Q2_WIN__Q3_LOST__Q3_LEAD_not_leading,True,True,4.5,0.677828848361969,-210.39402346102364
2019,2019_04_JAX_DEN,DEN,JAX,JAX,DEN,away,away dog,2.5,2.5,<=3,-4.0,-11.0,3.0,2,LOST,LOST,WIN,WIN,not_leading,not_leading,1-3,Q1_LOST__Q2_LOST__Q3_WIN,Q1_LOST__Q2_LOST__Q3_WIN__Q3_LEAD_1-3,True,True,4.5,0.6382498741149902,-176.43390518622016
2019,2019_04_KC_DET,DET,KC,DET,KC,home,home dog,-7.5,7.5,7.5+,10.0,0.0,3.0,-4,WIN,TIE,WIN,LOST,8+,not_leading,1-3,Q1_WIN__Q2_TIE__Q3_WIN,Q1_WIN__Q2_TIE__Q3_WIN__Q3_LEAD_1-3,False,True,3.5,0.6177063584327698,-161.57903016656368
2019,2019_04_LAC_MIA,MIA,LAC,MIA,LAC,home,home dog,-15.0,15.0,7.5+,-3.0,-7.0,-10.0,-20,LOST,LOST,LOST,LOST,not_leading,not_leading,not_leading,Q1_LOST__Q2_LOST__Q3_LOST,Q1_LOST__Q2_LOST__Q3_LOST__Q3_LEAD_not_leading,False,False,-5.0,0.08060504496097565,1140.6171356695388
2019,2019_04_MIN_CHI,CHI,MIN,CHI,MIN,home,home dog,-1.0,1.0,<=3,7.0,10.0,16.0,10,WIN,WIN,WIN,WIN,4-7,8+,8+,Q1_WIN__Q2_WIN__Q3_WIN,Q1_WIN__Q2_WIN__Q3_WIN__Q3_LEAD_8+,True,True,11.0,0.9627382755279541,-2583.7190553276982
2019,2019_04_NE_BUF,BUF,NE,BUF,NE,home,home dog,-7.0,7.0,3.5-7,-13.0,-10.0,-6.0,-6,LOST,LOST,LOST,LOST,not_leading,not_leading,not_leading,Q1_LOST__Q2_LOST__Q3_LOST,Q1_LOST__Q2_LOST__Q3_LOST__Q3_LEAD_not_leading,False,True,1.0,0.29812636971473694,235.42822829018877
2019,2019_04_OAK_IND,IND,LV,LV,IND,away,away dog,5.5,5.5,3.5-7,7.0,11.0,14.0,7,WIN,WIN,WIN,WIN,4-7,8+,8+,Q1_WIN__Q2_WIN__Q3_WIN,Q1_WIN__Q2_WIN__Q3_WIN__Q3_LEAD_8+,True,True,12.5,0.9517396092414856,-1972.092629758854
2019,2019_04_PHI_GB,GB,PHI,PHI,GB,away,away dog,3.5,3.5,3.5-7,-7.0,1.0,0.0,7,LOST,WIN,TIE,WIN,not_leading,1-3,not_leading,Q1_LOST__Q2_WIN__Q3_TIE,Q1_LOST__Q2_WIN__Q3_TIE__Q3_LEAD_not_leading,True,True,10.5,0.6025489568710327,-151.6033149963363
2019,2019_04_SEA_ARI,ARI,SEA,ARI,SEA,home,home dog,-5.5,5.5,3.5-7,-10.0,-17.0,-17.0,-17,LOST,LOST,LOST,LOST,not_leading,not_leading,not_leading,Q1_LOST__Q2_LOST__Q3_LOST,Q1_LOST__Q2_LOST__Q3_LOST__Q3_LEAD_not_leading,False,False,-11.5,0.03270047903060913,2958.059177249222
2019,2019_04_TB_LA,LA,TB,TB,LA,away,away dog,9.0,9.0,7.5+,7.0,11.0,11.0,15,WIN,WIN,WIN,WIN,4-7,8+,8+,Q1_WIN__Q2_WIN__Q3_WIN,Q1_WIN__Q2_WIN__Q3_WIN__Q3_LEAD_8+,True,True,24.0,0.9361315369606018,-1465.7179653487754
2019,2019_04_TEN_ATL,ATL,TEN,TEN,ATL,away,away dog,3.5,3.5,3.5-7,7.0,17.0,14.0,14,WIN,WIN,WIN,WIN,4-7,8+,8+,Q1_WIN__Q2_WIN__Q3_WIN,Q1_WIN__Q2_WIN__Q3_WIN__Q3_LEAD_8+,True,True,17.5,0.9654880166053772,-2797.5442777820954
2019,2019_04_WAS_NYG,NYG,WAS,WAS,NYG,away,away dog,3.0,3.0,<=3,-7.0,-14.0,-21.0,-21,LOST,LOST,LOST,LOST,not_leading,not_leading,not_leading,Q1_LOST__Q2_LOST__Q3_LOST,Q1_LOST__Q2_LOST__Q3_LOST__Q3_LEAD_not_leading,False,False,-18.0,0.013315440155565739,7410.078437639995
2019,2019_05_ARI_CIN,CIN,ARI,ARI,CIN,away,away dog,3.0,3.0,<=3,4.0,7.0,4.0,3,WIN,WIN,WIN,WIN,4-7,4-7,4-7,Q1_WIN__Q2_WIN__Q3_WIN,Q1_WIN__Q2_WIN__Q3_WIN__Q3_LEAD_4-7,True,True,6.0,0.7845456004142761,-364.1353353297969
2019,2019_05_ATL_HOU,HOU,ATL,ATL,HOU,away,away dog,4.0,4.0,3.5-7,0.0,1.0,-16.0,-21,TIE,WIN,LOST,LOST,not_leading,1-3,not_leading,Q1_TIE__Q2_WIN__Q3_LOST,Q1_TIE__Q2_WIN__Q3_LOST__Q3_LEAD_not_leading,False,False,-17.0,0.03871193155646324,2483.1829097482546
2019,2019_05_BAL_PIT,PIT,BAL,PIT,BAL,home,home dog,-3.5,3.5,3.5-7,-3.0,-4.0,3.0,-3,LOST,LOST,WIN,LOST,not_leading,not_leading,1-3,Q1_LOST__Q2_LOST__Q3_WIN,Q1_LOST__Q2_LOST__Q3_WIN__Q3_LEAD_1-3,False,True,0.5,0.47510337829589844,110.48050712390251
2019,2019_05_BUF_TEN,TEN,BUF,BUF,TEN,away,away dog,3.5,3.5,3.5-7,0.0,7.0,0.0,7,TIE,WIN,TIE,WIN,not_leading,4-7,not_leading,Q1_TIE__Q2_WIN__Q3_TIE,Q1_TIE__Q2_WIN__Q3_TIE__Q3_LEAD_not_leading,True,True,10.5,0.3736172318458557,167.6536076934944
2019,2019_05_CHI_OAK,LV,CHI,LV,CHI,home,home dog,-6.5,6.5,3.5-7,0.0,17.0,-4.0,3,TIE,WIN,LOST,WIN,not_leading,8+,not_leading,Q1_TIE__Q2_WIN__Q3_LOST,Q1_TIE__Q2_WIN__Q3_LOST__Q3_LEAD_not_leading,True,True,9.5,0.5491352081298828,-121.79598363672514
2019,2019_05_CLE_SF,SF,CLE,CLE,SF,away,away dog,5.0,5.0,3.5-7,-14.0,-18.0,-25.0,-28,LOST,LOST,LOST,LOST,not_leading,not_leading,not_leading,Q1_LOST__Q2_LOST__Q3_LOST,Q1_LOST__Q2_LOST__Q3_LOST__Q3_LEAD_not_leading,False,False,-23.0,0.0004595518112182617,217503.32036316473
2019,2019_05_DEN_LAC,LAC,DEN,DEN,LAC,away,away dog,4.0,4.0,3.5-7,14.0,17.0,10.0,7,WIN,WIN,WIN,WIN,8+,8+,8+,Q1_WIN__Q2_WIN__Q3_WIN,Q1_WIN__Q2_WIN__Q3_WIN__Q3_LEAD_8+,True,True,11.0,0.856842577457428,-598.5317158127941
2019,2019_05_GB_DAL,DAL,GB,GB,DAL,away,away dog,3.5,3.5,3.5-7,14.0,17.0,21.0,10,WIN,WIN,WIN,WIN,8+,8+,8+,Q1_WIN__Q2_WIN__Q3_WIN,Q1_WIN__Q2_WIN__Q3_WIN__Q3_LEAD_8+,True,True,13.5,0.9703812599182129,-3276.240843596555
2019,2019_05_IND_KC,KC,IND,IND,KC,away,away dog,10.5,10.5,7.5+,4.0,3.0,3.0,6,WIN,WIN,WIN,WIN,4-7,1-3,1-3,Q1_WIN__Q2_WIN__Q3_WIN,Q1_WIN__Q2_WIN__Q3_WIN__Q3_LEAD_1-3,True,True,16.5,0.6884790658950806,-221.00571439067483
2019,2019_05_JAX_CAR,CAR,JAX,JAX,CAR,away,away dog,3.0,3.0,<=3,-7.0,-4.0,-4.0,-7,LOST,LOST,LOST,LOST,not_leading,not_leading,not_leading,Q1_LOST__Q2_LOST__Q3_LOST,Q1_LOST__Q2_LOST__Q3_LOST__Q3_LEAD_not_leading,False,False,-4.0,0.20994901657104492,376.30611294700145
2019,2019_05_LA_SEA,SEA,LA,LA,SEA,away,away dog,1.5,1.5,<=3,-1.0,-1.0,5.0,-1,LOST,LOST,WIN,LOST,not_leading,not_leading,4-7,Q1_LOST__Q2_LOST__Q3_WIN,Q1_LOST__Q2_LOST__Q3_WIN__Q3_LEAD_4-7,False,True,0.5,0.5306674242019653,-113.06852572499135
2019,2019_05_MIN_NYG,NYG,MIN,NYG,MIN,home,home dog,-5.5,5.5,3.5-7,-3.0,-11.0,-15.0,-18,LOST,LOST,LOST,LOST,not_leading,not_leading,not_leading,Q1_LOST__Q2_LOST__Q3_LOST,Q1_LOST__Q2_LOST__Q3_LOST__Q3_LEAD_not_leading,False,False,-12.5,0.03610420227050781,2669.7606846637436
2019,2019_05_NE_WAS,WAS,NE,WAS,NE,home,home dog,-15.5,15.5,7.5+,1.0,-5.0,-19.0,-26,WIN,LOST,LOST,LOST,1-3,not_leading,not_leading,Q1_WIN__Q2_LOST__Q3_LOST,Q1_WIN__Q2_LOST__Q3_LOST__Q3_LEAD_not_leading,False,False,-10.5,0.01744118519127369,5633.555311942492
2019,2019_05_NYJ_PHI,PHI,NYJ,NYJ,PHI,away,away dog,14.0,14.0,7.5+,-14.0,-21.0,-24.0,-25,LOST,LOST,LOST,LOST,not_leading,not_leading,not_leading,Q1_LOST__Q2_LOST__Q3_LOST,Q1_LOST__Q2_LOST__Q3_LOST__Q3_LEAD_not_leading,False,False,-11.0,0.002754953922703862,36198.24774051195
2019,2019_05_TB_NO,NO,TB,TB,NO,away,away dog,3.0,3.0,<=3,4.0,-7.0,-7.0,-7,WIN,LOST,LOST,LOST,4-7,not_leading,not_leading,Q1_WIN__Q2_LOST__Q3_LOST,Q1_WIN__Q2_LOST__Q3_LOST__Q3_LEAD_not_leading,False,False,-4.0,0.15665185451507568,538.3582263328796
2019,2019_06_ATL_ARI,ARI,ATL,ARI,ATL,home,home dog,-3.0,3.0,<=3,-4.0,10.0,7.0,1,LOST,WIN,WIN,WIN,not_leading,8+,4-7,Q1_LOST__Q2_WIN__Q3_WIN,Q1_LOST__Q2_WIN__Q3_WIN__Q3_LEAD_4-7,True,True,4.0,0.8325731158256531,-497.27564359297776
2019,2019_06_CAR_TB,TB,CAR,TB,CAR,home,home dog,-2.0,2.0,<=3,-10.0,-10.0,-17.0,-11,LOST,LOST,LOST,LOST,not_leading,not_leading,not_leading,Q1_LOST__Q2_LOST__Q3_LOST,Q1_LOST__Q2_LOST__Q3_LOST__Q3_LEAD_not_leading,False,False,-9.0,0.022622406482696533,4320.396215428636
2019,2019_06_CIN_BAL,BAL,CIN,CIN,BAL,away,away dog,10.5,10.5,7.5+,-7.0,-7.0,-10.0,-6,LOST,LOST,LOST,LOST,not_leading,not_leading,not_leading,Q1_LOST__Q2_LOST__Q3_LOST,Q1_LOST__Q2_LOST__Q3_LOST__Q3_LEAD_not_leading,False,True,4.5,0.14542117714881897,587.6577535723252
2019,2019_06_DAL_NYJ,NYJ,DAL,NYJ,DAL,home,home dog,-7.0,7.0,3.5-7,7.0,15.0,12.0,2,WIN,WIN,WIN,WIN,4-7,8+,8+,Q1_WIN__Q2_WIN__Q3_WIN,Q1_WIN__Q2_WIN__Q3_WIN__Q3_LEAD_8+,True,True,9.0,0.8453128337860107,-546.4660414146007
2019,2019_06_DET_GB,GB,DET,DET,GB,away,away dog,3.5,3.5,3.5-7,10.0,3.0,6.0,-1,WIN,WIN,WIN,LOST,8+,1-3,4-7,Q1_WIN__Q2_WIN__Q3_WIN,Q1_WIN__Q2_WIN__Q3_WIN__Q3_LEAD_4-7,False,True,2.5,0.7015713453292847,-235.08846565132794
2019,2019_06_HOU_KC,KC,HOU,HOU,KC,away,away dog,3.5,3.5,3.5-7,-14.0,6.0,-1.0,7,LOST,WIN,LOST,WIN,not_leading,4-7,not_leading,Q1_LOST__Q2_WIN__Q3_LOST,Q1_LOST__Q2_WIN__Q3_LOST__Q3_LEAD_not_leading,True,True,10.5,0.4076012372970581,145.3378224834004
2019,2019_06_NO_JAX,JAX,NO,NO,JAX,away,away dog,2.5,2.5,<=3,3.0,0.0,0.0,7,WIN,TIE,TIE,WIN,1-3,not_leading,not_leading,Q1_WIN__Q2_TIE__Q3_TIE,Q1_WIN__Q2_TIE__Q3_TIE__Q3_LEAD_not_leading,True,True,9.5,0.5183559060096741,-107.6221866887639
2019,2019_06_NYG_NE,NE,NYG,NYG,NE,away,away dog,16.5,16.5,7.5+,-7.0,-7.0,-7.0,-21,LOST,LOST,LOST,LOST,not_leading,not_leading,not_leading,Q1_LOST__Q2_LOST__Q3_LOST,Q1_LOST__Q2_LOST__Q3_LOST__Q3_LEAD_not_leading,False,False,-4.5,0.17928481101989746,457.77173443266065
2019,2019_06_PHI_MIN,MIN,PHI,PHI,MIN,away,away dog,3.5,3.5,3.5-7,-10.0,-14.0,-11.0,-18,LOST,LOST,LOST,LOST,not_leading,not_leading,not_leading,Q1_LOST__Q2_LOST__Q3_LOST,Q1_LOST__Q2_LOST__Q3_LOST__Q3_LEAD_not_leading,False,False,-14.5,0.13527517020702362,639.233961760766
2019,2019_06_PIT_LAC,LAC,PIT,PIT,LAC,away,away dog,6.0,6.0,3.5-7,14.0,21.0,24.0,7,WIN,WIN,WIN,WIN,8+,8+,8+,Q1_WIN__Q2_WIN__Q3_WIN,Q1_WIN__Q2_WIN__Q3_WIN__Q3_LEAD_8+,True,True,13.0,0.9937020540237427,-15778.192727754538
2019,2019_06_SEA_CLE,CLE,SEA,SEA,CLE,away,away dog,1.0,1.0,<=3,-8.0,-2.0,5.0,4,LOST,LOST,WIN,WIN,not_leading,not_leading,4-7,Q1_LOST__Q2_LOST__Q3_WIN,Q1_LOST__Q2_LOST__Q3_WIN__Q3_LEAD_4-7,True,True,5.0,0.5214300751686096,-108.95588044993
2019,2019_06_SF_LA,LA,SF,SF,LA,away,away dog,3.0,3.0,<=3,0.0,0.0,10.0,13,TIE,TIE,WIN,WIN,not_leading,not_leading,8+,Q1_TIE__Q2_TIE__Q3_WIN,Q1_TIE__Q2_TIE__Q3_WIN__Q3_LEAD_8+,True,True,16.0,0.9166142344474792,-1099.2454507959721
2019,2019_06_TEN_DEN,DEN,TEN,TEN,DEN,away,away dog,1.0,1.0,<=3,-3.0,-6.0,-13.0,-16,LOST,LOST,LOST,LOST,not_leading,not_leading,not_leading,Q1_LOST__Q2_LOST__Q3_LOST,Q1_LOST__Q2_LOST__Q3_LOST__Q3_LEAD_not_leading,False,False,-15.0,0.07847436517477036,1174.301484023348
2019,2019_06_WAS_MIA,MIA,WAS,MIA,WAS,home,home dog,-6.0,6.0,3.5-7,0.0,-4.0,-14.0,-1,TIE,LOST,LOST,LOST,not_leading,not_leading,not_leading,Q1_TIE__Q2_LOST__Q3_LOST,Q1_TIE__Q2_LOST__Q3_LOST__Q3_LEAD_not_leading,False,True,5.0,0.048209965229034424,1974.2599486418019
2019,2019_07_ARI_NYG,NYG,ARI,ARI,NYG,away,away dog,3.5,3.5,3.5-7,14.0,3.0,10.0,6,WIN,WIN,WIN,WIN,8+,1-3,8+,Q1_WIN__Q2_WIN__Q3_WIN,Q1_WIN__Q2_WIN__Q3_WIN__Q3_LEAD_8+,True,True,9.5,0.9021660685539246,-922.1402587211622
2019,2019_07_BAL_SEA,SEA,BAL,BAL,SEA,away,away dog,3.0,3.0,<=3,3.0,0.0,7.0,14,WIN,TIE,WIN,WIN,1-3,not_leading,4-7,Q1_WIN__Q2_TIE__Q3_WIN,Q1_WIN__Q2_TIE__Q3_WIN__Q3_LEAD_4-7,True,True,17.0,0.7686545252799988,-332.25397047869893
2019,2019_07_HOU_IND,IND,HOU,HOU,IND,away,away dog,1.5,1.5,<=3,-7.0,-5.0,-12.0,-7,LOST,LOST,LOST,LOST,not_leading,not_leading,not_leading,Q1_LOST__Q2_LOST__Q3_LOST,Q1_LOST__Q2_LOST__Q3_LOST__Q3_LEAD_not_leading,False,False,-5.5,0.09582672268152237,943.5502457111824
2019,2019_07_JAX_CIN,CIN,JAX,CIN,JAX,home,home dog,-4.0,4.0,3.5-7,0.0,1.0,1.0,-10,TIE,WIN,WIN,LOST,not_leading,1-3,1-3,Q1_TIE__Q2_WIN__Q3_WIN,Q1_TIE__Q2_WIN__Q3_WIN__Q3_LEAD_1-3,False,False,-6.0,0.5040431022644043,-101.63042485460491
2019,2019_07_KC_DEN,DEN,KC,DEN,KC,home,home dog,-3.0,3.0,<=3,-4.0,-14.0,-21.0,-24,LOST,LOST,LOST,LOST,not_leading,not_leading,not_leading,Q1_LOST__Q2_LOST__Q3_LOST,Q1_LOST__Q2_LOST__Q3_LOST__Q3_LEAD_not_leading,False,False,-21.0,0.013307054527103901,7414.811019697808
2019,2019_07_LAC_TEN,TEN,LAC,LAC,TEN,away,away dog,3.0,3.0,<=3,0.0,0.0,0.0,-3,TIE,TIE,TIE,LOST,not_leading,not_leading,not_leading,Q1_TIE__Q2_TIE__Q3_TIE,Q1_TIE__Q2_TIE__Q3_TIE__Q3_LEAD_not_leading,False,False,0.0,0.3290424942970276,203.91211388559958
2019,2019_07_LA_ATL,ATL,LA,ATL,LA,home,home dog,-3.0,3.0,<=3,0.0,-10.0,-24.0,-27,TIE,LOST,LOST,LOST,not_leading,not_leading,not_leading,Q1_TIE__Q2_LOST__Q3_LOST,Q1_TIE__Q2_LOST__Q3_LOST__Q3_LEAD_not_leading,False,False,-24.0,0.007123762276023626,13937.526257237552
2019,2019_07_MIA_BUF,BUF,MIA,MIA,BUF,away,away dog,17.0,17.0,7.5+,-6.0,5.0,5.0,-10,LOST,WIN,WIN,LOST,not_leading,4-7,4-7,Q1_LOST__Q2_WIN__Q3_WIN,Q1_LOST__Q2_WIN__Q3_WIN__Q3_LEAD_4-7,False,True,7.0,0.5086323022842407,-103.5135815090695
2019,2019_07_MIN_DET,DET,MIN,DET,MIN,home,home dog,-2.5,2.5,<=3,7.0,0.0,-4.0,-12,WIN,TIE,LOST,LOST,4-7,not_leading,not_leading,Q1_WIN__Q2_TIE__Q3_LOST,Q1_WIN__Q2_TIE__Q3_LOST__Q3_LEAD_not_leading,False,False,-9.5,0.2606414556503296,283.66882102652784
2019,2019_07_NE_NYJ,NYJ,NE,NYJ,NE,home,home dog,-9.5,9.5,7.5+,-17.0,-24.0,-26.0,-33,LOST,LOST,LOST,LOST,not_leading,not_leading,not_leading,Q1_LOST__Q2_LOST__Q3_LOST,Q1_LOST__Q2_LOST__Q3_LOST__Q3_LEAD_not_leading,False,False,-23.5,0.00047838687896728516,208935.83354099176
2019,2019_07_NO_CHI,CHI,NO,NO,CHI,away,away dog,4.0,4.0,3.5-7,2.0,2.0,16.0,11,WIN,WIN,WIN,WIN,1-3,1-3,8+,Q1_WIN__Q2_WIN__Q3_WIN,Q1_WIN__Q2_WIN__Q3_WIN__Q3_LEAD_8+,True,True,15.0,0.977238655090332,-4293.413499811455
2019,2019_07_OAK_GB,GB,LV,LV,GB,away,away dog,5.5,5.5,3.5-7,-4.0,-11.0,-18.0,-18,LOST,LOST,LOST,LOST,not_leading,not_leading,not_leading,Q1_LOST__Q2_LOST__Q3_LOST,Q1_LOST__Q2_LOST__Q3_LOST__Q3_LEAD_not_leading,False,False,-12.5,0.026853961870074272,3623.845311310983
2019,2019_07_PHI_DAL,DAL,PHI,PHI,DAL,away,away dog,3.0,3.0,<=3,-7.0,-20.0,-17.0,-27,LOST,LOST,LOST,LOST,not_leading,not_leading,not_leading,Q1_LOST__Q2_LOST__Q3_LOST,Q1_LOST__Q2_LOST__Q3_LOST__Q3_LEAD_not_leading,False,False,-24.0,0.01738739013671875,5651.29442738043
2019,2019_07_SF_WAS,WAS,SF,WAS,SF,home,home dog,-10.0,10.0,7.5+,0.0,0.0,-3.0,-9,TIE,TIE,LOST,LOST,not_leading,not_leading,not_leading,Q1_TIE__Q2_TIE__Q3_LOST,Q1_TIE__Q2_TIE__Q3_LOST__Q3_LEAD_not_leading,False,True,1.0,0.29098325967788696,243.66238150846937
2019,2019_08_ARI_NO,NO,ARI,ARI,NO,away,away dog,12.5,12.5,7.5+,3.0,-4.0,-8.0,-22,WIN,LOST,LOST,LOST,1-3,not_leading,not_leading,Q1_WIN__Q2_LOST__Q3_LOST,Q1_WIN__Q2_LOST__Q3_LOST__Q3_LEAD_not_leading,False,False,-9.5,0.11609560251235962,761.3590681813631
2019,2019_08_CAR_SF,SF,CAR,CAR,SF,away,away dog,4.5,4.5,3.5-7,-11.0,-24.0,-28.0,-38,LOST,LOST,LOST,LOST,not_leading,not_leading,not_leading,Q1_LOST__Q2_LOST__Q3_LOST,Q1_LOST__Q2_LOST__Q3_LOST__Q3_LEAD_not_leading,False,False,-33.5,0.00033283233642578125,300351.5759312321
2019,2019_08_CIN_LA,LA,CIN,CIN,LA,away,away dog,12.0,12.0,7.5+,-3.0,-7.0,-14.0,-14,LOST,LOST,LOST,LOST,not_leading,not_leading,not_leading,Q1_LOST__Q2_LOST__Q3_LOST,Q1_LOST__Q2_LOST__Q3_LOST__Q3_LEAD_not_leading,False,False,-2.0,0.055021900683641434,1717.4581168136747
2019,2019_08_CLE_NE,NE,CLE,CLE,NE,away,away dog,9.5,9.5,7.5+,-17.0,-10.0,-14.0,-14,LOST,LOST,LOST,LOST,not_leading,not_leading,not_leading,Q1_LOST__Q2_LOST__Q3_LOST,Q1_LOST__Q2_LOST__Q3_LOST__Q3_LEAD_not_leading,False,False,-4.5,0.06411009281873703,1459.8168026793694
2019,2019_08_DEN_IND,IND,DEN,DEN,IND,away,away dog,6.0,6.0,3.5-7,0.0,3.0,1.0,-2,TIE,WIN,WIN,LOST,not_leading,1-3,1-3,Q1_TIE__Q2_WIN__Q3_WIN,Q1_TIE__Q2_WIN__Q3_WIN__Q3_LEAD_1-3,False,True,4.0,0.5746930241584778,-135.1242882911518
2019,2019_08_GB_KC,KC,GB,KC,GB,home,home dog,-5.0,5.0,3.5-7,-14.0,3.0,0.0,-7,LOST,WIN,TIE,LOST,not_leading,1-3,not_leading,Q1_LOST__Q2_WIN__Q3_TIE,Q1_LOST__Q2_WIN__Q3_TIE__Q3_LEAD_not_leading,False,False,-2.0,0.3752809762954712,166.46701089710095
2019,2019_08_LAC_CHI,CHI,LAC,LAC,CHI,away,away dog,3.5,3.5,3.5-7,0.0,-2.0,-6.0,1,TIE,LOST,LOST,WIN,not_leading,not_leading,not_leading,Q1_TIE__Q2_LOST__Q3_LOST,Q1_TIE__Q2_LOST__Q3_LOST__Q3_LEAD_not_leading,True,True,4.5,0.2123991847038269,370.81160005129834
2019,2019_08_MIA_PIT,PIT,MIA,MIA,PIT,away,away dog,14.0,14.0,7.5+,14.0,4.0,-3.0,-13,WIN,WIN,LOST,LOST,8+,4-7,not_leading,Q1_WIN__Q2_WIN__Q3_LOST,Q1_WIN__Q2_WIN__Q3_LOST__Q3_LEAD_not_leading,False,True,1.0,0.25432342290878296,293.2001184014677
2019,2019_08_NYG_DET,DET,NYG,NYG,DET,away,away dog,6.5,6.5,3.5-7,-14.0,-4.0,-5.0,-5,LOST,LOST,LOST,LOST,not_leading,not_leading,not_leading,Q1_LOST__Q2_LOST__Q3_LOST,Q1_LOST__Q2_LOST__Q3_LOST__Q3_LEAD_not_leading,False,True,1.5,0.24218440055847168,312.9085100832353
2019,2019_08_NYJ_JAX,JAX,NYJ,NYJ,JAX,away,away dog,7.0,7.0,3.5-7,-6.0,-12.0,-15.0,-14,LOST,LOST,LOST,LOST,not_leading,not_leading,not_leading,Q1_LOST__Q2_LOST__Q3_LOST,Q1_LOST__Q2_LOST__Q3_LOST__Q3_LEAD_not_leading,False,False,-7.0,0.07441329210996628,1243.8459334956215
2019,2019_08_OAK_HOU,HOU,LV,LV,HOU,away,away dog,5.0,5.0,3.5-7,0.0,4.0,8.0,-3,TIE,WIN,WIN,LOST,not_leading,4-7,8+,Q1_TIE__Q2_WIN__Q3_WIN,Q1_TIE__Q2_WIN__Q3_WIN__Q3_LEAD_8+,False,True,2.0,0.6460622549057007,-182.53556278197198
2019,2019_08_PHI_BUF,BUF,PHI,PHI,BUF,away,away dog,1.0,1.0,<=3,3.0,4.0,11.0,18,WIN,WIN,WIN,WIN,1-3,4-7,8+,Q1_WIN__Q2_WIN__Q3_WIN,Q1_WIN__Q2_WIN__Q3_WIN__Q3_LEAD_8+,True,True,19.0,0.8717421293258667,-679.6792467736464
2019,2019_08_SEA_ATL,ATL,SEA,ATL,SEA,home,home dog,-7.5,7.5,7.5+,-3.0,-24.0,-13.0,-7,LOST,LOST,LOST,LOST,not_leading,not_leading,not_leading,Q1_LOST__Q2_LOST__Q3_LOST,Q1_LOST__Q2_LOST__Q3_LOST__Q3_LEAD_not_leading,False,True,0.5,0.09958166629076004,904.2009109188683
2019,2019_08_TB_TEN,TEN,TB,TB,TEN,away,away dog,2.0,2.0,<=3,-11.0,-2.0,6.0,-4,LOST,LOST,WIN,LOST,not_leading,not_leading,4-7,Q1_LOST__Q2_LOST__Q3_WIN,Q1_LOST__Q2_LOST__Q3_WIN__Q3_LEAD_4-7,False,False,-2.0,0.624295711517334,-166.1667781431612
2019,2019_08_WAS_MIN,MIN,WAS,WAS,MIN,away,away dog,16.5,16.5,7.5+,-3.0,-7.0,-7.0,-10,LOST,LOST,LOST,LOST,not_leading,not_leading,not_leading,Q1_LOST__Q2_LOST__Q3_LOST,Q1_LOST__Q2_LOST__Q3_LOST__Q3_LEAD_not_leading,False,True,6.5,0.15971088409423828,526.1314034239173
2019,2019_09_CHI_PHI,PHI,CHI,CHI,PHI,away,away dog,5.0,5.0,3.5-7,-3.0,-12.0,-12.0,-8,LOST,LOST,LOST,LOST,not_leading,not_leading,not_leading,Q1_LOST__Q2_LOST__Q3_LOST,Q1_LOST__Q2_LOST__Q3_LOST__Q3_LEAD_not_leading,False,False,-3.0,0.11796882003545761,747.6816159553282
2019,2019_09_CLE_DEN,DEN,CLE,DEN,CLE,home,home dog,-4.0,4.0,3.5-7,7.0,5.0,12.0,5,WIN,WIN,WIN,WIN,4-7,4-7,8+,Q1_WIN__Q2_WIN__Q3_WIN,Q1_WIN__Q2_WIN__Q3_WIN__Q3_LEAD_8+,True,True,9.0,0.9074684381484985,-980.7123320849614
2019,2019_09_DAL_NYG,NYG,DAL,NYG,DAL,home,home dog,-6.5,6.5,3.5-7,0.0,-1.0,-1.0,-19,TIE,LOST,LOST,LOST,not_leading,not_leading,not_leading,Q1_TIE__Q2_LOST__Q3_LOST,Q1_TIE__Q2_LOST__Q3_LOST__Q3_LEAD_not_leading,False,False,-12.5,0.37793105840682983,164.59852339617302
2019,2019_09_DET_OAK,LV,DET,DET,LV,away,away dog,2.5,2.5,<=3,0.0,-3.0,0.0,-7,TIE,LOST,TIE,LOST,not_leading,not_leading,not_leading,Q1_TIE__Q2_LOST__Q3_TIE,Q1_TIE__Q2_LOST__Q3_TIE__Q3_LEAD_not_leading,False,False,-4.5,0.30455607175827026,228.34676196956985
2019,2019_09_GB_LAC,LAC,GB,LAC,GB,home,home dog,-4.0,4.0,3.5-7,6.0,9.0,16.0,15,WIN,WIN,WIN,WIN,4-7,8+,8+,Q1_WIN__Q2_WIN__Q3_WIN,Q1_WIN__Q2_WIN__Q3_WIN__Q3_LEAD_8+,True,True,19.0,0.9830567240715027,-5802.046358804057
2019,2019_09_HOU_JAX,JAX,HOU,HOU,JAX,away,away dog,1.0,1.0,<=3,3.0,6.0,16.0,23,WIN,WIN,WIN,WIN,1-3,4-7,8+,Q1_WIN__Q2_WIN__Q3_WIN,Q1_WIN__Q2_WIN__Q3_WIN__Q3_LEAD_8+,True,True,24.0,0.9570392370223999,-2227.7054006731764
2019,2019_09_IND_PIT,PIT,IND,IND,PIT,away,away dog,1.0,1.0,<=3,0.0,3.0,-2.0,-2,TIE,WIN,LOST,LOST,not_leading,1-3,not_leading,Q1_TIE__Q2_WIN__Q3_LOST,Q1_TIE__Q2_WIN__Q3_LOST__Q3_LEAD_not_leading,False,False,-1.0,0.2813047766685486,255.48632051074782
2019,2019_09_MIN_KC,KC,MIN,KC,MIN,home,home dog,-5.5,5.5,3.5-7,0.0,0.0,4.0,3,TIE,TIE,WIN,WIN,not_leading,not_leading,4-7,Q1_TIE__Q2_TIE__Q3_WIN,Q1_TIE__Q2_TIE__Q3_WIN__Q3_LEAD_4-7,True,True,8.5,0.7092878818511963,-243.98290871663653
2019,2019_09_NE_BAL,BAL,NE,BAL,NE,home,home dog,-3.0,3.0,<=3,10.0,4.0,4.0,17,WIN,WIN,WIN,WIN,8+,4-7,4-7,Q1_WIN__Q2_WIN__Q3_WIN,Q1_WIN__Q2_WIN__Q3_WIN__Q3_LEAD_4-7,True,True,20.0,0.8323286771774292,-496.40490882164534
2019,2019_09_NYJ_MIA,MIA,NYJ,MIA,NYJ,home,home dog,-3.5,3.5,3.5-7,-7.0,9.0,9.0,8,LOST,WIN,WIN,WIN,not_leading,8+,8+,Q1_LOST__Q2_WIN__Q3_WIN,Q1_LOST__Q2_WIN__Q3_WIN__Q3_LEAD_8+,True,True,11.5,0.9014415740966797,-914.6265941594256
2019,2019_09_SF_ARI,ARI,SF,ARI,SF,home,home dog,-10.5,10.5,7.5+,0.0,-14.0,-14.0,-3,TIE,LOST,LOST,LOST,not_leading,not_leading,not_leading,Q1_TIE__Q2_LOST__Q3_LOST,Q1_TIE__Q2_LOST__Q3_LOST__Q3_LEAD_not_leading,False,True,7.5,0.09928449988365173,907.2065641382768
2019,2019_09_TB_SEA,SEA,TB,TB,SEA,away,away dog,4.0,4.0,3.5-7,7.0,8.0,3.0,-6,WIN,WIN,WIN,LOST,4-7,8+,1-3,Q1_WIN__Q2_WIN__Q3_WIN,Q1_WIN__Q2_WIN__Q3_WIN__Q3_LEAD_1-3,False,False,-2.0,0.4159805178642273,140.3958736179063
2019,2019_09_TEN_CAR,CAR,TEN,TEN,CAR,away,away dog,3.5,3.5,3.5-7,0.0,-17.0,-17.0,-10,TIE,LOST,LOST,LOST,not_leading,not_leading,not_leading,Q1_TIE__Q2_LOST__Q3_LOST,Q1_TIE__Q2_LOST__Q3_LOST__Q3_LEAD_not_leading,False,False,-6.5,0.029142403975129128,3331.425907256744
2019,2019_09_WAS_BUF,BUF,WAS,WAS,BUF,away,away dog,10.5,10.5,7.5+,-10.0,-11.0,-8.0,-15,LOST,LOST,LOST,LOST,not_leading,not_leading,not_leading,Q1_LOST__Q2_LOST__Q3_LOST,Q1_LOST__Q2_LOST__Q3_LOST__Q3_LEAD_not_leading,False,False,-4.5,0.15940344333648682,527.3390204558423
2019,2019_10_ARI_TB,TB,ARI,ARI,TB,away,away dog,5.5,5.5,3.5-7,-4.0,-4.0,0.0,-3,LOST,LOST,TIE,LOST,not_leading,not_leading,not_leading,Q1_LOST__Q2_LOST__Q3_TIE,Q1_LOST__Q2_LOST__Q3_TIE__Q3_LEAD_not_leading,False,True,2.5,0.41355639696121216,141.80498895626826
2019,2019_10_ATL_NO,NO,ATL,ATL,NO,away,away dog,14.0,14.0,7.5+,0.0,7.0,4.0,17,TIE,WIN,WIN,WIN,not_leading,4-7,4-7,Q1_TIE__Q2_WIN__Q3_WIN,Q1_TIE__Q2_WIN__Q3_WIN__Q3_LEAD_4-7,True,True,31.0,0.7653830051422119,-326.2265828637627
2019,2019_10_BAL_CIN,CIN,BAL,CIN,BAL,home,home dog,-10.5,10.5,7.5+,-14.0,-18.0,-39.0,-36,LOST,LOST,LOST,LOST,not_leading,not_leading,not_leading,Q1_LOST__Q2_LOST__Q3_LOST,Q1_LOST__Q2_LOST__Q3_LOST__Q3_LEAD_not_leading,False,False,-25.5,8.823860844131559e-05,1133190.7642860948
2019,2019_10_BUF_CLE,CLE,BUF,BUF,CLE,away,away dog,3.0,3.0,<=3,-6.0,-2.0,-3.0,-3,LOST,LOST,LOST,LOST,not_leading,not_leading,not_leading,Q1_LOST__Q2_LOST__Q3_LOST,Q1_LOST__Q2_LOST__Q3_LOST__Q3_LEAD_not_leading,False,False,0.0,0.2642292380332947,278.4592528227301
2019,2019_10_CAR_GB,GB,CAR,CAR,GB,away,away dog,5.0,5.0,3.5-7,0.0,-4.0,-14.0,-8,TIE,LOST,LOST,LOST,not_leading,not_leading,not_leading,Q1_TIE__Q2_LOST__Q3_LOST,Q1_TIE__Q2_LOST__Q3_LOST__Q3_LEAD_not_leading,False,False,-3.0,0.059387777000665665,1583.8481763491352
2019,2019_10_DET_CHI,CHI,DET,DET,CHI,away,away dog,6.0,6.0,3.5-7,3.0,-1.0,-14.0,-7,WIN,LOST,LOST,LOST,1-3,not_leading,not_leading,Q1_WIN__Q2_LOST__Q3_LOST,Q1_WIN__Q2_LOST__Q3_LOST__Q3_LEAD_not_leading,False,False,-1.0,0.03213953971862793,3011.4322381549373
2019,2019_10_KC_TEN,TEN,KC,TEN,KC,home,home dog,-5.0,5.0,3.5-7,-10.0,0.0,-2.0,3,LOST,TIE,LOST,WIN,not_leading,not_leading,not_leading,Q1_LOST__Q2_TIE__Q3_LOST,Q1_LOST__Q2_TIE__Q3_LOST__Q3_LEAD_not_leading,True,True,8.0,0.5153094530105591,-106.31720717709504
2019,2019_10_LAC_OAK,LV,LAC,LV,LAC,home,home dog,-1.0,1.0,<=3,10.0,3.0,3.0,2,WIN,WIN,WIN,WIN,8+,1-3,1-3,Q1_WIN__Q2_WIN__Q3_WIN,Q1_WIN__Q2_WIN__Q3_WIN__Q3_LEAD_1-3,True,True,3.0,0.7220736145973206,-259.8075074991995
2019,2019_10_LA_PIT,PIT,LA,PIT,LA,home,home dog,-4.0,4.0,3.5-7,-7.0,7.0,4.0,5,LOST,WIN,WIN,WIN,not_leading,4-7,4-7,Q1_LOST__Q2_WIN__Q3_WIN,Q1_LOST__Q2_WIN__Q3_WIN__Q3_LEAD_4-7,True,True,9.0,0.7328438758850098,-274.312961498714
2019,2019_10_MIA_IND,IND,MIA,MIA,IND,away,away dog,11.0,11.0,7.5+,3.0,10.0,4.0,4,WIN,WIN,WIN,WIN,1-3,8+,4-7,Q1_WIN__Q2_WIN__Q3_WIN,Q1_WIN__Q2_WIN__Q3_WIN__Q3_LEAD_4-7,True,True,15.0,0.6709958910942078,-203.94757175702696
2019,2019_10_MIN_DAL,DAL,MIN,MIN,DAL,away,away dog,3.5,3.5,3.5-7,14.0,3.0,7.0,4,WIN,WIN,WIN,WIN,8+,1-3,4-7,Q1_WIN__Q2_WIN__Q3_WIN,Q1_WIN__Q2_WIN__Q3_WIN__Q3_LEAD_4-7,True,True,7.5,0.8012957572937012,-403.26051743046173
2019,2019_10_NYG_NYJ,NYJ,NYG,NYJ,NYG,home,home dog,-3.0,3.0,<=3,14.0,1.0,-3.0,7,WIN,WIN,LOST,WIN,8+,1-3,not_leading,Q1_WIN__Q2_WIN__Q3_LOST,Q1_WIN__Q2_WIN__Q3_LOST__Q3_LEAD_not_leading,True,True,10.0,0.5330885052680969,-114.17335218405624
2019,2019_10_SEA_SF,SF,SEA,SEA,SF,away,away dog,6.5,6.5,3.5-7,-10.0,-3.0,11.0,3,LOST,LOST,WIN,WIN,not_leading,not_leading,8+,Q1_LOST__Q2_LOST__Q3_WIN,Q1_LOST__Q2_LOST__Q3_WIN__Q3_LEAD_8+,True,True,9.5,0.8360530734062195,-509.9534896910571
2019,2019_11_ARI_SF,SF,ARI,ARI,SF,away,away dog,10.0,10.0,7.5+,9.0,6.0,2.0,-10,WIN,WIN,WIN,LOST,8+,4-7,1-3,Q1_WIN__Q2_WIN__Q3_WIN,Q1_WIN__Q2_WIN__Q3_WIN__Q3_LEAD_1-3,False,False,0.0,0.39647430181503296,152.22315681547747
2019,2019_11_ATL_CAR,CAR,ATL,ATL,CAR,away,away dog,3.5,3.5,3.5-7,10.0,20.0,26.0,26,WIN,WIN,WIN,WIN,8+,8+,8+,Q1_WIN__Q2_WIN__Q3_WIN,Q1_WIN__Q2_WIN__Q3_WIN__Q3_LEAD_8+,True,True,29.5,0.9988199472427368,-84641.9739367613
2019,2019_11_BUF_MIA,MIA,BUF,MIA,BUF,home,home dog,-7.0,7.0,3.5-7,-6.0,-9.0,-16.0,-17,LOST,LOST,LOST,LOST,not_leading,not_leading,not_leading,Q1_LOST__Q2_LOST__Q3_LOST,Q1_LOST__Q2_LOST__Q3_LOST__Q3_LEAD_not_leading,False,False,-10.0,0.11438446491956711,774.2445931824573
2019,2019_11_CHI_LA,LA,CHI,CHI,LA,away,away dog,5.0,5.0,3.5-7,0.0,-10.0,-3.0,-10,TIE,LOST,LOST,LOST,not_leading,not_leading,not_leading,Q1_TIE__Q2_LOST__Q3_LOST,Q1_TIE__Q2_LOST__Q3_LOST__Q3_LEAD_not_leading,False,False,-5.0,0.29702723026275635,236.66946936662325
2019,2019_11_CIN_OAK,LV,CIN,CIN,LV,away,away dog,13.0,13.0,7.5+,0.0,-7.0,-4.0,-7,TIE,LOST,LOST,LOST,not_leading,not_leading,not_leading,Q1_TIE__Q2_LOST__Q3_LOST,Q1_TIE__Q2_LOST__Q3_LOST__Q3_LEAD_not_leading,False,True,6.0,0.2811049818992615,255.73898165859123
2019,2019_11_DAL_DET,DET,DAL,DET,DAL,home,home dog,-7.5,7.5,7.5+,4.0,-10.0,-6.0,-8,WIN,LOST,LOST,LOST,4-7,not_leading,not_leading,Q1_WIN__Q2_LOST__Q3_LOST,Q1_WIN__Q2_LOST__Q3_LOST__Q3_LEAD_not_leading,False,False,-0.5,0.2737368047237396,265.31441250993595
2019,2019_11_DEN_MIN,MIN,DEN,DEN,MIN,away,away dog,10.0,10.0,7.5+,10.0,20.0,16.0,-4,WIN,WIN,WIN,LOST,8+,8+,8+,Q1_WIN__Q2_WIN__Q3_WIN,Q1_WIN__Q2_WIN__Q3_WIN__Q3_LEAD_8+,False,True,6.0,0.9212003946304321,-1169.041888357218
2019,2019_11_HOU_BAL,BAL,HOU,HOU,BAL,away,away dog,4.0,4.0,3.5-7,0.0,-14.0,-27.0,-34,TIE,LOST,LOST,LOST,not_leading,not_leading,not_leading,Q1_TIE__Q2_LOST__Q3_LOST,Q1_TIE__Q2_LOST__Q3_LOST__Q3_LEAD_not_leading,False,False,-30.0,0.0006369471084326506,156898.90725004175
2019,2019_11_JAX_IND,IND,JAX,JAX,IND,away,away dog,2.5,2.5,<=3,0.0,-3.0,-17.0,-20,TIE,LOST,LOST,LOST,not_leading,not_leading,not_leading,Q1_TIE__Q2_LOST__Q3_LOST,Q1_TIE__Q2_LOST__Q3_LOST__Q3_LEAD_not_leading,False,False,-17.5,0.039140086621046066,2454.925362536854
2019,2019_11_KC_LAC,LAC,KC,LAC,KC,home,home dog,-5.5,5.5,3.5-7,3.0,-1.0,-7.0,-7,WIN,LOST,LOST,LOST,1-3,not_leading,not_leading,Q1_WIN__Q2_LOST__Q3_LOST,Q1_WIN__Q2_LOST__Q3_LOST__Q3_LEAD_not_leading,False,False,-1.5,0.18079566955566406,453.1105930012976
2019,2019_11_NE_PHI,PHI,NE,PHI,NE,home,home dog,-4.5,4.5,3.5-7,3.0,1.0,-7.0,-7,WIN,WIN,LOST,LOST,1-3,1-3,not_leading,Q1_WIN__Q2_WIN__Q3_LOST,Q1_WIN__Q2_WIN__Q3_LOST__Q3_LEAD_not_leading,False,False,-2.5,0.20591121912002563,385.6461946432846
2019,2019_11_NO_TB,TB,NO,TB,NO,home,home dog,-5.0,5.0,3.5-7,-13.0,-13.0,-10.0,-17,LOST,LOST,LOST,LOST,not_leading,not_leading,not_leading,Q1_LOST__Q2_LOST__Q3_LOST,Q1_LOST__Q2_LOST__Q3_LOST__Q3_LEAD_not_leading,False,False,-12.0,0.14117515087127686,608.3399548917765
2019,2019_11_NYJ_WAS,WAS,NYJ,NYJ,WAS,away,away dog,1.0,1.0,<=3,6.0,17.0,17.0,17,WIN,WIN,WIN,WIN,4-7,8+,8+,Q1_WIN__Q2_WIN__Q3_WIN,Q1_WIN__Q2_WIN__Q3_WIN__Q3_LEAD_8+,True,True,18.0,0.9804726243019104,-5021.015826503671
2019,2019_11_PIT_CLE,CLE,PIT,PIT,CLE,away,away dog,3.0,3.0,<=3,-7.0,-14.0,-7.0,-14,LOST,LOST,LOST,LOST,not_leading,not_leading,not_leading,Q1_LOST__Q2_LOST__Q3_LOST,Q1_LOST__Q2_LOST__Q3_LOST__Q3_LEAD_not_leading,False,False,-11.0,0.2279476374387741,338.6972425930917
2019,2019_12_BAL_LA,LA,BAL,LA,BAL,home,home dog,-3.5,3.5,3.5-7,-14.0,-22.0,-29.0,-39,LOST,LOST,LOST,LOST,not_leading,not_leading,not_leading,Q1_LOST__Q2_LOST__Q3_LOST,Q1_LOST__Q2_LOST__Q3_LOST__Q3_LEAD_not_leading,False,False,-35.5,0.0002726912498474121,366615.1038251366
2019,2019_12_CAR_NO,NO,CAR,CAR,NO,away,away dog,10.0,10.0,7.5+,-8.0,-2.0,-7.0,-3,LOST,LOST,LOST,LOST,not_leading,not_leading,not_leading,Q1_LOST__Q2_LOST__Q3_LOST,Q1_LOST__Q2_LOST__Q3_LOST__Q3_LEAD_not_leading,False,True,7.0,0.1564319133758545,539.2557493031032
2019,2019_12_DAL_NE,NE,DAL,DAL,NE,away,away dog,5.5,5.5,3.5-7,-7.0,-4.0,-4.0,-4,LOST,LOST,LOST,LOST,not_leading,not_leading,not_leading,Q1_LOST__Q2_LOST__Q3_LOST,Q1_LOST__Q2_LOST__Q3_LOST__Q3_LEAD_not_leading,False,True,1.5,0.23541975021362305,324.7731972753291
2019,2019_12_DEN_BUF,BUF,DEN,DEN,BUF,away,away dog,3.5,3.5,3.5-7,-3.0,-6.0,-10.0,-17,LOST,LOST,LOST,LOST,not_leading,not_leading,not_leading,Q1_LOST__Q2_LOST__Q3_LOST,Q1_LOST__Q2_LOST__Q3_LOST__Q3_LEAD_not_leading,False,False,-13.5,0.07946604490280151,1158.3991077234873
2019,2019_12_DET_WAS,WAS,DET,WAS,DET,home,home dog,-4.0,4.0,3.5-7,3.0,7.0,0.0,3,WIN,WIN,TIE,WIN,1-3,4-7,not_leading,Q1_WIN__Q2_WIN__Q3_TIE,Q1_WIN__Q2_WIN__Q3_TIE__Q3_LEAD_not_leading,True,True,7.0,0.3946249485015869,153.40516452318997
2019,2019_12_GB_SF,SF,GB,GB,SF,away,away dog,3.0,3.0,<=3,-10.0,-23.0,-22.0,-29,LOST,LOST,LOST,LOST,not_leading,not_leading,not_leading,Q1_LOST__Q2_LOST__Q3_LOST,Q1_LOST__Q2_LOST__Q3_LOST__Q3_LEAD_not_leading,False,False,-26.0,0.004339247476309538,22945.4705674101
2019,2019_12_IND_HOU,HOU,IND,IND,HOU,away,away dog,3.5,3.5,3.5-7,0.0,0.0,4.0,-3,TIE,TIE,WIN,LOST,not_leading,not_leading,4-7,Q1_TIE__Q2_TIE__Q3_WIN,Q1_TIE__Q2_TIE__Q3_WIN__Q3_LEAD_4-7,False,True,0.5,0.6358926296234131,-174.6442619290364
2019,2019_12_JAX_TEN,TEN,JAX,JAX,TEN,away,away dog,4.5,4.5,3.5-7,0.0,-4.0,-24.0,-22,TIE,LOST,LOST,LOST,not_leading,not_leading,not_leading,Q1_TIE__Q2_LOST__Q3_LOST,Q1_TIE__Q2_LOST__Q3_LOST__Q3_LEAD_not_leading,False,False,-17.5,0.0004837512969970703,206617.79201577132
2019,2019_12_MIA_CLE,CLE,MIA,MIA,CLE,away,away dog,11.0,11.0,7.5+,-14.0,-25.0,-11.0,-17,LOST,LOST,LOST,LOST,not_leading,not_leading,not_leading,Q1_LOST__Q2_LOST__Q3_LOST,Q1_LOST__Q2_LOST__Q3_LOST__Q3_LEAD_not_leading,False,False,-6.0,0.07718664407730103,1195.56092502029
2019,2019_12_NYG_CHI,CHI,NYG,NYG,CHI,away,away dog,6.0,6.0,3.5-7,0.0,4.0,-12.0,-5,TIE,WIN,LOST,LOST,not_leading,4-7,not_leading,Q1_TIE__Q2_WIN__Q3_LOST,Q1_TIE__Q2_WIN__Q3_LOST__Q3_LEAD_not_leading,False,True,1.0,0.07713544368743896,1196.4208827943046
2019,2019_12_OAK_NYJ,NYJ,LV,NYJ,LV,home,home dog,-3.5,3.5,3.5-7,0.0,10.0,31.0,31,TIE,WIN,WIN,WIN,not_leading,8+,8+,Q1_TIE__Q2_WIN__Q3_WIN,Q1_TIE__Q2_WIN__Q3_WIN__Q3_LEAD_8+,True,True,34.5,0.9997045397758484,-338355.03328626184
2019,2019_12_PIT_CIN,CIN,PIT,CIN,PIT,home,home dog,-5.5,5.5,3.5-7,0.0,4.0,0.0,-6,TIE,WIN,TIE,LOST,not_leading,4-7,not_leading,Q1_TIE__Q2_WIN__Q3_TIE,Q1_TIE__Q2_WIN__Q3_TIE__Q3_LEAD_not_leading,False,False,-0.5,0.5325548052787781,-113.92882230747642
2019,2019_12_SEA_PHI,PHI,SEA,PHI,SEA,home,home dog,-1.0,1.0,<=3,-4.0,-7.0,-7.0,-8,LOST,LOST,LOST,LOST,not_leading,not_leading,not_leading,Q1_LOST__Q2_LOST__Q3_LOST,Q1_LOST__Q2_LOST__Q3_LOST__Q3_LEAD_not_leading,False,False,-7.0,0.2137928009033203,367.74259740028015
2019,2019_12_TB_ATL,ATL,TB,TB,ATL,away,away dog,3.5,3.5,3.5-7,-3.0,9.0,12.0,13,LOST,WIN,WIN,WIN,not_leading,8+,8+,Q1_LOST__Q2_WIN__Q3_WIN,Q1_LOST__Q2_WIN__Q3_WIN__Q3_LEAD_8+,True,True,16.5,0.9386425614356995,-1529.7942407619144
2019,2019_13_BUF_DAL,DAL,BUF,BUF,DAL,away,away dog,6.5,6.5,3.5-7,-7.0,6.0,16.0,11,LOST,WIN,WIN,WIN,not_leading,4-7,8+,Q1_LOST__Q2_WIN__Q3_WIN,Q1_LOST__Q2_WIN__Q3_WIN__Q3_LEAD_8+,True,True,17.5,0.9769822359085083,-4244.470627230212
2019,2019_13_CHI_DET,DET,CHI,DET,CHI,home,home dog,-5.5,5.5,3.5-7,7.0,7.0,0.0,-4,WIN,WIN,TIE,LOST,4-7,4-7,not_leading,Q1_WIN__Q2_WIN__Q3_TIE,Q1_WIN__Q2_WIN__Q3_TIE__Q3_LEAD_not_leading,False,True,1.5,0.6266114115715027,-167.8175046025802
2019,2019_13_CLE_PIT,PIT,CLE,PIT,CLE,home,home dog,-1.0,1.0,<=3,-3.0,0.0,7.0,7,LOST,TIE,WIN,WIN,not_leading,not_leading,4-7,Q1_LOST__Q2_TIE__Q3_WIN,Q1_LOST__Q2_TIE__Q3_WIN__Q3_LEAD_4-7,True,True,8.0,0.8914380669593811,-821.133192816165
2019,2019_13_GB_NYG,NYG,GB,NYG,GB,home,home dog,-6.5,6.5,3.5-7,-7.0,-7.0,-4.0,-18,LOST,LOST,LOST,LOST,not_leading,not_leading,not_leading,Q1_LOST__Q2_LOST__Q3_LOST,Q1_LOST__Q2_LOST__Q3_LOST__Q3_LEAD_not_leading,False,False,-11.5,0.20164257287979126,395.92701864409736
2019,2019_13_LAC_DEN,DEN,LAC,DEN,LAC,home,home dog,-4.5,4.5,3.5-7,14.0,7.0,7.0,3,WIN,WIN,WIN,WIN,8+,4-7,4-7,Q1_WIN__Q2_WIN__Q3_WIN,Q1_WIN__Q2_WIN__Q3_WIN__Q3_LEAD_4-7,True,True,7.5,0.7415128350257874,-286.8664040242627
2019,2019_13_LA_ARI,ARI,LA,ARI,LA,home,home dog,-2.5,2.5,<=3,-3.0,-20.0,-34.0,-27,LOST,LOST,LOST,LOST,not_leading,not_leading,not_leading,Q1_LOST__Q2_LOST__Q3_LOST,Q1_LOST__Q2_LOST__Q3_LOST__Q3_LEAD_not_leading,False,False,-24.5,0.0005353093147277832,186707.88330920832
2019,2019_13_MIN_SEA,SEA,MIN,MIN,SEA,away,away dog,2.5,2.5,<=3,0.0,4.0,-10.0,-7,TIE,WIN,LOST,LOST,not_leading,4-7,not_leading,Q1_TIE__Q2_WIN__Q3_LOST,Q1_TIE__Q2_WIN__Q3_LOST__Q3_LEAD_not_leading,False,False,-4.5,0.13050328195095062,666.264254086612
2019,2019_13_NE_HOU,HOU,NE,HOU,NE,home,home dog,-3.5,3.5,3.5-7,4.0,11.0,12.0,6,WIN,WIN,WIN,WIN,4-7,8+,8+,Q1_WIN__Q2_WIN__Q3_WIN,Q1_WIN__Q2_WIN__Q3_WIN__Q3_LEAD_8+,True,True,9.5,0.9232070446014404,-1202.202779942439
2019,2019_13_NO_ATL,ATL,NO,ATL,NO,home,home dog,-7.0,7.0,3.5-7,-7.0,-8.0,-11.0,-8,LOST,LOST,LOST,LOST,not_leading,not_leading,not_leading,Q1_LOST__Q2_LOST__Q3_LOST,Q1_LOST__Q2_LOST__Q3_LOST__Q3_LEAD_not_leading,False,False,-1.0,0.13228605687618256,655.9375671284711
2019,2019_13_NYJ_CIN,CIN,NYJ,CIN,NYJ,home,home dog,-2.5,2.5,<=3,4.0,11.0,16.0,16,WIN,WIN,WIN,WIN,4-7,8+,8+,Q1_WIN__Q2_WIN__Q3_WIN,Q1_WIN__Q2_WIN__Q3_WIN__Q3_LEAD_8+,True,True,18.5,0.9677817225456238,-3003.828258404205
2019,2019_13_OAK_KC,KC,LV,LV,KC,away,away dog,11.5,11.5,7.5+,-7.0,-21.0,-31.0,-31,LOST,LOST,LOST,LOST,not_leading,not_leading,not_leading,Q1_LOST__Q2_LOST__Q3_LOST,Q1_LOST__Q2_LOST__Q3_LOST__Q3_LEAD_not_leading,False,False,-19.5,0.0004941310617141426,202275.458148896
2019,2019_13_PHI_MIA,MIA,PHI,MIA,PHI,home,home dog,-10.5,10.5,7.5+,-3.0,-7.0,-2.0,6,LOST,LOST,LOST,WIN,not_leading,not_leading,not_leading,Q1_LOST__Q2_LOST__Q3_LOST,Q1_LOST__Q2_LOST__Q3_LOST__Q3_LEAD_not_leading,True,True,16.5,0.3997015953063965,150.18664217075164
2019,2019_13_SF_BAL,BAL,SF,SF,BAL,away,away dog,5.5,5.5,3.5-7,0.0,-3.0,0.0,-3,TIE,LOST,TIE,LOST,not_leading,not_leading,not_leading,Q1_TIE__Q2_LOST__Q3_TIE,Q1_TIE__Q2_LOST__Q3_TIE__Q3_LEAD_not_leading,False,True,2.5,0.4615403711795807,116.66577019996159
2019,2019_13_TB_JAX,JAX,TB,JAX,TB,home,home dog,-3.0,3.0,<=3,-15.0,-25.0,-22.0,-17,LOST,LOST,LOST,LOST,not_leading,not_leading,not_leading,Q1_LOST__Q2_LOST__Q3_LOST,Q1_LOST__Q2_LOST__Q3_LOST__Q3_LEAD_not_leading,False,False,-14.0,0.006524226628243923,15227.487179413974
2019,2019_13_TEN_IND,IND,TEN,IND,TEN,home,home dog,-1.0,1.0,<=3,0.0,3.0,0.0,-14,TIE,WIN,TIE,LOST,not_leading,1-3,not_leading,Q1_TIE__Q2_WIN__Q3_TIE,Q1_TIE__Q2_WIN__Q3_TIE__Q3_LEAD_not_leading,False,False,-13.0,0.5445164442062378,-119.54689412602826
2019,2019_13_WAS_CAR,CAR,WAS,WAS,CAR,away,away dog,10.5,10.5,7.5+,-11.0,-2.0,1.0,8,LOST,LOST,WIN,WIN,not_leading,not_leading,1-3,Q1_LOST__Q2_LOST__Q3_WIN,Q1_LOST__Q2_LOST__Q3_WIN__Q3_LEAD_1-3,True,True,18.5,0.42366164922714233,136.03741377682715
2019,2019_14_BAL_BUF,BUF,BAL,BUF,BAL,home,home dog,-6.5,6.5,3.5-7,-3.0,-4.0,-8.0,-7,LOST,LOST,LOST,LOST,not_leading,not_leading,not_leading,Q1_LOST__Q2_LOST__Q3_LOST,Q1_LOST__Q2_LOST__Q3_LOST__Q3_LEAD_not_leading,False,False,-0.5,0.10591809451580048,844.1257460035062
2019,2019_14_CAR_ATL,ATL,CAR,CAR,ATL,away,away dog,3.5,3.5,3.5-7,-3.0,-3.0,-20.0,-20,LOST,LOST,LOST,LOST,not_leading,not_leading,not_leading,Q1_LOST__Q2_LOST__Q3_LOST,Q1_LOST__Q2_LOST__Q3_LOST__Q3_LEAD_not_leading,False,False,-16.5,0.0072422027587890625,13707.95364761654
2019,2019_14_CIN_CLE,CLE,CIN,CIN,CLE,away,away dog,6.5,6.5,3.5-7,-1.0,-1.0,-8.0,-8,LOST,LOST,LOST,LOST,not_leading,not_leading,not_leading,Q1_LOST__Q2_LOST__Q3_LOST,Q1_LOST__Q2_LOST__Q3_LOST__Q3_LEAD_not_leading,False,False,-1.5,0.1511385142803192,561.6447202499838
2019,2019_14_DAL_CHI,CHI,DAL,CHI,DAL,home,home dog,-3.0,3.0,<=3,-7.0,10.0,17.0,7,LOST,WIN,WIN,WIN,not_leading,8+,8+,Q1_LOST__Q2_WIN__Q3_WIN,Q1_LOST__Q2_WIN__Q3_WIN__Q3_LEAD_8+,True,True,10.0,0.9560486674308777,-2175.243869858323
2019,2019_14_DEN_HOU,HOU,DEN,DEN,HOU,away,away dog,8.0,8.0,7.5+,14.0,28.0,28.0,14,WIN,WIN,WIN,WIN,8+,8+,8+,Q1_WIN__Q2_WIN__Q3_WIN,Q1_WIN__Q2_WIN__Q3_WIN__Q3_LEAD_8+,True,True,22.0,0.9991621375083923,-119251.32674112542
2019,2019_14_DET_MIN,MIN,DET,DET,MIN,away,away dog,12.0,12.0,7.5+,-7.0,-17.0,-17.0,-13,LOST,LOST,LOST,LOST,not_leading,not_leading,not_leading,Q1_LOST__Q2_LOST__Q3_LOST,Q1_LOST__Q2_LOST__Q3_LOST__Q3_LEAD_not_leading,False,False,-1.0,0.022571265697479248,4330.411716396035
2019,2019_14_IND_TB,TB,IND,IND,TB,away,away dog,3.0,3.0,<=3,-4.0,6.0,7.0,-3,LOST,WIN,WIN,LOST,not_leading,4-7,4-7,Q1_LOST__Q2_WIN__Q3_WIN,Q1_LOST__Q2_WIN__Q3_WIN__Q3_LEAD_4-7,False,False,0.0,0.7321003675460815,-273.27412167017826
2019,2019_14_KC_NE,NE,KC,KC,NE,away,away dog,3.0,3.0,<=3,-4.0,13.0,10.0,7,LOST,WIN,WIN,WIN,not_leading,8+,8+,Q1_LOST__Q2_WIN__Q3_WIN,Q1_LOST__Q2_WIN__Q3_WIN__Q3_LEAD_8+,True,True,10.0,0.8009273409843445,-402.3291520516425
2019,2019_14_LAC_JAX,JAX,LAC,JAX,LAC,home,home dog,-3.5,3.5,3.5-7,-4.0,-21.0,-28.0,-35,LOST,LOST,LOST,LOST,not_leading,not_leading,not_leading,Q1_LOST__Q2_LOST__Q3_LOST,Q1_LOST__Q2_LOST__Q3_LOST__Q3_LEAD_not_leading,False,False,-31.5,0.0004098760546185076,243876.19444511112
2019,2019_14_MIA_NYJ,NYJ,MIA,MIA,NYJ,away,away dog,5.0,5.0,3.5-7,3.0,-7.0,-4.0,-1,WIN,LOST,LOST,LOST,1-3,not_leading,not_leading,Q1_WIN__Q2_LOST__Q3_LOST,Q1_WIN__Q2_LOST__Q3_LOST__Q3_LEAD_not_leading,False,True,4.0,0.25145405530929565,297.686964630565
2019,2019_14_NYG_PHI,PHI,NYG,NYG,PHI,away,away dog,9.5,9.5,7.5+,0.0,14.0,7.0,-6,TIE,WIN,WIN,LOST,not_leading,8+,4-7,Q1_TIE__Q2_WIN__Q3_WIN,Q1_TIE__Q2_WIN__Q3_WIN__Q3_LEAD_4-7,False,True,3.5,0.8075424432754517,-419.59508216725067
2019,2019_14_PIT_ARI,ARI,PIT,ARI,PIT,home,home dog,-2.5,2.5,<=3,-10.0,-3.0,-10.0,-6,LOST,LOST,LOST,LOST,not_leading,not_leading,not_leading,Q1_LOST__Q2_LOST__Q3_LOST,Q1_LOST__Q2_LOST__Q3_LOST__Q3_LEAD_not_leading,False,False,-3.5,0.2696450352668762,270.85793143206524
2019,2019_14_SEA_LA,LA,SEA,SEA,LA,away,away dog,1.0,1.0,<=3,-4.0,-18.0,-12.0,-16,LOST,LOST,LOST,LOST,not_leading,not_leading,not_leading,Q1_LOST__Q2_LOST__Q3_LOST,Q1_LOST__Q2_LOST__Q3_LOST__Q3_LEAD_not_leading,False,False,-15.0,0.08150684833526611,1126.8907710511037
2019,2019_14_SF_NO,NO,SF,SF,NO,away,away dog,1.0,1.0,<=3,-6.0,1.0,2.0,2,LOST,WIN,WIN,WIN,not_leading,1-3,1-3,Q1_LOST__Q2_WIN__Q3_WIN,Q1_LOST__Q2_WIN__Q3_WIN__Q3_LEAD_1-3,True,True,3.0,0.6380667090415955,-176.2940091396361
2019,2019_14_TEN_OAK,LV,TEN,LV,TEN,home,home dog,-3.0,3.0,<=3,0.0,0.0,-7.0,-21,TIE,TIE,LOST,LOST,not_leading,not_leading,not_leading,Q1_TIE__Q2_TIE__Q3_LOST,Q1_TIE__Q2_TIE__Q3_LOST__Q3_LEAD_not_leading,False,False,-18.0,0.14710307121276855,579.7954602549454
2019,2019_14_WAS_GB,GB,WAS,WAS,GB,away,away dog,13.0,13.0,7.5+,-14.0,-8.0,-8.0,-5,LOST,LOST,LOST,LOST,not_leading,not_leading,not_leading,Q1_LOST__Q2_LOST__Q3_LOST,Q1_LOST__Q2_LOST__Q3_LOST__Q3_LEAD_not_leading,False,True,8.0,0.12149232625961304,723.0972529599378
2019,2019_15_ATL_SF,SF,ATL,ATL,SF,away,away dog,10.5,10.5,7.5+,0.0,0.0,-3.0,7,TIE,TIE,LOST,WIN,not_leading,not_leading,not_leading,Q1_TIE__Q2_TIE__Q3_LOST,Q1_TIE__Q2_TIE__Q3_LOST__Q3_LEAD_not_leading,True,True,17.5,0.4180402159690857,139.21143512038338
2019,2019_15_BUF_PIT,PIT,BUF,BUF,PIT,away,away dog,1.0,1.0,<=3,0.0,4.0,-3.0,7,TIE,WIN,LOST,WIN,not_leading,4-7,not_leading,Q1_TIE__Q2_WIN__Q3_LOST,Q1_TIE__Q2_WIN__Q3_LOST__Q3_LEAD_not_leading,True,True,8.0,0.5342214703559875,-114.69430992542422
2019,2019_15_CHI_GB,GB,CHI,CHI,GB,away,away dog,4.0,4.0,3.5-7,-7.0,-4.0,-18.0,-8,LOST,LOST,LOST,LOST,not_leading,not_leading,not_leading,Q1_LOST__Q2_LOST__Q3_LOST,Q1_LOST__Q2_LOST__Q3_LOST__Q3_LEAD_not_leading,False,False,-4.0,0.021927151829004288,4460.5558250262275
2019,2019_15_CLE_ARI,ARI,CLE,ARI,CLE,home,home dog,-3.0,3.0,<=3,7.0,11.0,11.0,14,WIN,WIN,WIN,WIN,4-7,8+,8+,Q1_WIN__Q2_WIN__Q3_WIN,Q1_WIN__Q2_WIN__Q3_WIN__Q3_LEAD_8+,True,True,17.0,0.8604398965835571,-616.5371589157054
2019,2019_15_DEN_KC,KC,DEN,DEN,KC,away,away dog,10.0,10.0,7.5+,-6.0,-12.0,-20.0,-20,LOST,LOST,LOST,LOST,not_leading,not_leading,not_leading,Q1_LOST__Q2_LOST__Q3_LOST,Q1_LOST__Q2_LOST__Q3_LOST__Q3_LEAD_not_leading,False,False,-10.0,0.008854329586029053,11193.90983567933
2019,2019_15_HOU_TEN,TEN,HOU,HOU,TEN,away,away dog,3.0,3.0,<=3,0.0,14.0,7.0,3,TIE,WIN,WIN,WIN,not_leading,8+,4-7,Q1_TIE__Q2_WIN__Q3_WIN,Q1_TIE__Q2_WIN__Q3_WIN__Q3_LEAD_4-7,True,True,6.0,0.7752195596694946,-344.87856618202744
2019,2019_15_IND_NO,NO,IND,IND,NO,away,away dog,8.0,8.0,7.5+,-3.0,-17.0,-34.0,-27,LOST,LOST,LOST,LOST,not_leading,not_leading,not_leading,Q1_LOST__Q2_LOST__Q3_LOST,Q1_LOST__Q2_LOST__Q3_LOST__Q3_LEAD_not_leading,False,False,-19.0,0.00012623469228856266,792075.2585367563
2019,2019_15_JAX_OAK,LV,JAX,JAX,LV,away,away dog,7.0,7.0,3.5-7,-7.0,-13.0,-10.0,4,LOST,LOST,LOST,WIN,not_leading,not_leading,not_leading,Q1_LOST__Q2_LOST__Q3_LOST,Q1_LOST__Q2_LOST__Q3_LOST__Q3_LEAD_not_leading,True,True,11.0,0.11572688817977905,764.1034211915584
2019,2019_15_LA_DAL,DAL,LA,DAL,LA,home,home dog,-1.0,1.0,<=3,7.0,21.0,24.0,23,WIN,WIN,WIN,WIN,4-7,8+,8+,Q1_WIN__Q2_WIN__Q3_WIN,Q1_WIN__Q2_WIN__Q3_WIN__Q3_LEAD_8+,True,True,24.0,0.9994589686393738,-184732.16921890492
2019,2019_15_MIA_NYG,NYG,MIA,MIA,NYG,away,away dog,3.5,3.5,3.5-7,0.0,3.0,-10.0,-16,TIE,WIN,LOST,LOST,not_leading,1-3,not_leading,Q1_TIE__Q2_WIN__Q3_LOST,Q1_TIE__Q2_WIN__Q3_LOST__Q3_LEAD_not_leading,False,False,-12.5,0.05662941932678223,1665.8665970587863
2019,2019_15_MIN_LAC,LAC,MIN,LAC,MIN,home,home dog,-1.0,1.0,<=3,-3.0,-9.0,-15.0,-29,LOST,LOST,LOST,LOST,not_leading,not_leading,not_leading,Q1_LOST__Q2_LOST__Q3_LOST,Q1_LOST__Q2_LOST__Q3_LOST__Q3_LEAD_not_leading,False,False,-28.0,0.07813717424869537,1179.8005681869108
2019,2019_15_NE_CIN,CIN,NE,CIN,NE,home,home dog,-10.5,10.5,7.5+,3.0,-3.0,-17.0,-21,WIN,LOST,LOST,LOST,1-3,not_leading,not_leading,Q1_WIN__Q2_LOST__Q3_LOST,Q1_WIN__Q2_LOST__Q3_LOST__Q3_LEAD_not_leading,False,False,-10.5,0.02856987714767456,3400.190059730078
2019,2019_15_NYJ_BAL,BAL,NYJ,NYJ,BAL,away,away dog,17.0,17.0,7.5+,-13.0,-14.0,-28.0,-21,LOST,LOST,LOST,LOST,not_leading,not_leading,not_leading,Q1_LOST__Q2_LOST__Q3_LOST,Q1_LOST__Q2_LOST__Q3_LOST__Q3_LEAD_not_leading,False,False,-4.0,0.0004625431611202657,216096.0405117719
2019,2019_15_PHI_WAS,WAS,PHI,WAS,PHI,home,home dog,-7.0,7.0,3.5-7,4.0,4.0,-3.0,-10,WIN,WIN,LOST,LOST,4-7,4-7,not_leading,Q1_WIN__Q2_WIN__Q3_LOST,Q1_WIN__Q2_WIN__Q3_LOST__Q3_LEAD_not_leading,False,False,-3.0,0.6103421449661255,-156.63540130945546
2019,2019_15_SEA_CAR,CAR,SEA,CAR,SEA,home,home dog,-6.0,6.0,3.5-7,-13.0,-13.0,-13.0,-6,LOST,LOST,LOST,LOST,not_leading,not_leading,not_leading,Q1_LOST__Q2_LOST__Q3_LOST,Q1_LOST__Q2_LOST__Q3_LOST__Q3_LEAD_not_leading,False,False,0.0,0.10010108351707458,898.9901855851806
2019,2019_15_TB_DET,DET,TB,DET,TB,home,home dog,-5.5,5.5,3.5-7,-14.0,-18.0,-14.0,-21,LOST,LOST,LOST,LOST,not_leading,not_leading,not_leading,Q1_LOST__Q2_LOST__Q3_LOST,Q1_LOST__Q2_LOST__Q3_LOST__Q3_LEAD_not_leading,False,False,-15.5,0.17781002819538116,462.39797617105165
2019,2019_16_ARI_SEA,SEA,ARI,ARI,SEA,away,away dog,8.0,8.0,7.5+,0.0,10.0,13.0,14,TIE,WIN,WIN,WIN,not_leading,8+,8+,Q1_TIE__Q2_WIN__Q3_WIN,Q1_TIE__Q2_WIN__Q3_WIN__Q3_LEAD_8+,True,True,22.0,0.8898797035217285,-808.097809378234
2019,2019_16_BAL_CLE,CLE,BAL,CLE,BAL,home,home dog,-9.5,9.5,7.5+,0.0,-8.0,-12.0,-16,TIE,LOST,LOST,LOST,not_leading,not_leading,not_leading,Q1_TIE__Q2_LOST__Q3_LOST,Q1_TIE__Q2_LOST__Q3_LOST__Q3_LEAD_not_leading,False,False,-6.5,0.05657243728637695,1667.6452491128698
2019,2019_16_BUF_NE,NE,BUF,BUF,NE,away,away dog,7.0,7.0,3.5-7,-4.0,0.0,4.0,-7,LOST,TIE,WIN,LOST,not_leading,not_leading,4-7,Q1_LOST__Q2_TIE__Q3_WIN,Q1_LOST__Q2_TIE__Q3_WIN__Q3_LEAD_4-7,False,False,0.0,0.451518714427948,121.4747624064599
2019,2019_16_CAR_IND,IND,CAR,CAR,IND,away,away dog,7.5,7.5,7.5+,-14.0,-18.0,-18.0,-32,LOST,LOST,LOST,LOST,not_leading,not_leading,not_leading,Q1_LOST__Q2_LOST__Q3_LOST,Q1_LOST__Q2_LOST__Q3_LOST__Q3_LEAD_not_leading,False,False,-24.5,0.034911952912807465,2764.3485012067304
2019,2019_16_CIN_MIA,MIA,CIN,MIA,CIN,home,home dog,-1.5,1.5,<=3,14.0,15.0,16.0,3,WIN,WIN,WIN,WIN,8+,8+,8+,Q1_WIN__Q2_WIN__Q3_WIN,Q1_WIN__Q2_WIN__Q3_WIN__Q3_LEAD_8+,True,True,4.5,0.9773082137107849,-4306.880918296319
2019,2019_16_DAL_PHI,PHI,DAL,PHI,DAL,home,home dog,-2.0,2.0,<=3,10.0,4.0,11.0,8,WIN,WIN,WIN,WIN,8+,4-7,8+,Q1_WIN__Q2_WIN__Q3_WIN,Q1_WIN__Q2_WIN__Q3_WIN__Q3_LEAD_8+,True,True,10.0,0.887762188911438,-790.9653443000088
2019,2019_16_DET_DEN,DEN,DET,DET,DEN,away,away dog,9.5,9.5,7.5+,3.0,0.0,4.0,-10,WIN,TIE,WIN,LOST,1-3,not_leading,4-7,Q1_WIN__Q2_TIE__Q3_WIN,Q1_WIN__Q2_TIE__Q3_WIN__Q3_LEAD_4-7,False,False,-0.5,0.5249117612838745,-110.48721448091237
2019,2019_16_GB_MIN,MIN,GB,GB,MIN,away,away dog,4.0,4.0,3.5-7,0.0,-1.0,7.0,13,TIE,LOST,WIN,WIN,not_leading,not_leading,4-7,Q1_TIE__Q2_LOST__Q3_WIN,Q1_TIE__Q2_LOST__Q3_WIN__Q3_LEAD_4-7,True,True,17.0,0.7340536117553711,-276.01563480537175
2019,2019_16_HOU_TB,TB,HOU,TB,HOU,home,home dog,-3.0,3.0,<=3,-7.0,0.0,0.0,-3,LOST,TIE,TIE,LOST,not_leading,not_leading,not_leading,Q1_LOST__Q2_TIE__Q3_TIE,Q1_LOST__Q2_TIE__Q3_TIE__Q3_LEAD_not_leading,False,False,0.0,0.6141554713249207,-159.17174553020615
2019,2019_16_JAX_ATL,ATL,JAX,JAX,ATL,away,away dog,7.5,7.5,7.5+,-14.0,-14.0,-11.0,-12,LOST,LOST,LOST,LOST,not_leading,not_leading,not_leading,Q1_LOST__Q2_LOST__Q3_LOST,Q1_LOST__Q2_LOST__Q3_LOST__Q3_LEAD_not_leading,False,False,-4.5,0.053695619106292725,1762.3493250361043
2019,2019_16_KC_CHI,CHI,KC,CHI,KC,home,home dog,-6.5,6.5,3.5-7,-7.0,-17.0,-14.0,-23,LOST,LOST,LOST,LOST,not_leading,not_leading,not_leading,Q1_LOST__Q2_LOST__Q3_LOST,Q1_LOST__Q2_LOST__Q3_LOST__Q3_LEAD_not_leading,False,False,-16.5,0.036499977111816406,2639.72774540799
2019,2019_16_LA_SF,SF,LA,LA,SF,away,away dog,7.0,7.0,3.5-7,4.0,-3.0,4.0,-3,WIN,LOST,WIN,LOST,4-7,not_leading,4-7,Q1_WIN__Q2_LOST__Q3_WIN,Q1_WIN__Q2_LOST__Q3_WIN__Q3_LEAD_4-7,False,True,4.0,0.6744937300682068,-207.21374436490598
2019,2019_16_NO_TEN,TEN,NO,TEN,NO,home,home dog,-3.5,3.5,3.5-7,14.0,4.0,-10.0,-10,WIN,WIN,LOST,LOST,8+,4-7,not_leading,Q1_WIN__Q2_WIN__Q3_LOST,Q1_WIN__Q2_WIN__Q3_LOST__Q3_LEAD_not_leading,False,False,-6.5,0.1916997730731964,421.6490264796358
2019,2019_16_NYG_WAS,WAS,NYG,WAS,NYG,home,home dog,-1.0,1.0,<=3,-7.0,-14.0,-14.0,-6,LOST,LOST,LOST,LOST,not_leading,not_leading,not_leading,Q1_LOST__Q2_LOST__Q3_LOST,Q1_LOST__Q2_LOST__Q3_LOST__Q3_LEAD_not_leading,False,False,-5.0,0.04034072160720825,2378.8847600121157
2019,2019_16_OAK_LAC,LAC,LV,LV,LAC,away,away dog,7.5,7.5,7.5+,7.0,7.0,7.0,7,WIN,WIN,WIN,WIN,4-7,4-7,4-7,Q1_WIN__Q2_WIN__Q3_WIN,Q1_WIN__Q2_WIN__Q3_WIN__Q3_LEAD_4-7,True,True,14.5,0.8286115527153015,-483.46989884263905
2019,2019_16_PIT_NYJ,NYJ,PIT,NYJ,PIT,home,home dog,-3.0,3.0,<=3,7.0,0.0,3.0,6,WIN,TIE,WIN,WIN,4-7,not_leading,1-3,Q1_WIN__Q2_TIE__Q3_WIN,Q1_WIN__Q2_TIE__Q3_WIN__Q3_LEAD_1-3,True,True,9.0,0.6772332787513733,-209.82128396988657
2019,2019_17_ARI_LA,LA,ARI,ARI,LA,away,away dog,7.0,7.0,3.5-7,4.0,-7.0,0.0,-7,WIN,LOST,TIE,LOST,4-7,not_leading,not_leading,Q1_WIN__Q2_LOST__Q3_TIE,Q1_WIN__Q2_LOST__Q3_TIE__Q3_LEAD_not_leading,False,False,0.0,0.2845683693885803,251.4094001903958
2019,2019_17_ATL_TB,TB,ATL,ATL,TB,away,away dog,1.0,1.0,<=3,10.0,-6.0,-6.0,6,WIN,LOST,LOST,WIN,8+,not_leading,not_leading,Q1_WIN__Q2_LOST__Q3_LOST,Q1_WIN__Q2_LOST__Q3_LOST__Q3_LEAD_not_leading,True,True,7.0,0.27618247270584106,262.0794579042998
2019,2019_17_CHI_MIN,MIN,CHI,MIN,CHI,home,home dog,-5.5,5.5,3.5-7,-6.0,-5.0,-12.0,-2,LOST,LOST,LOST,LOST,not_leading,not_leading,not_leading,Q1_LOST__Q2_LOST__Q3_LOST,Q1_LOST__Q2_LOST__Q3_LOST__Q3_LEAD_not_leading,False,True,3.5,0.19344253838062286,416.94937854484334
2019,2019_17_CLE_CIN,CIN,CLE,CIN,CLE,home,home dog,-2.5,2.5,<=3,6.0,4.0,7.0,10,WIN,WIN,WIN,WIN,4-7,4-7,4-7,Q1_WIN__Q2_WIN__Q3_WIN,Q1_WIN__Q2_WIN__Q3_WIN__Q3_LEAD_4-7,True,True,12.5,0.8959304094314575,-860.8954878527925
2019,2019_17_GB_DET,DET,GB,DET,GB,home,home dog,-13.5,13.5,7.5+,7.0,14.0,7.0,-3,WIN,WIN,WIN,LOST,4-7,8+,4-7,Q1_WIN__Q2_WIN__Q3_WIN,Q1_WIN__Q2_WIN__Q3_WIN__Q3_LEAD_4-7,False,True,10.5,0.789095938205719,-374.14923709502335
2019,2019_17_IND_JAX,JAX,IND,JAX,IND,home,home dog,-5.0,5.0,3.5-7,-7.0,-4.0,4.0,18,LOST,LOST,WIN,WIN,not_leading,not_leading,4-7,Q1_LOST__Q2_LOST__Q3_WIN,Q1_LOST__Q2_LOST__Q3_WIN__Q3_LEAD_4-7,True,True,23.0,0.6898133158683777,-222.3865017931161
2019,2019_17_LAC_KC,KC,LAC,LAC,KC,away,away dog,10.0,10.0,7.5+,-3.0,-3.0,-10.0,-10,LOST,LOST,LOST,LOST,not_leading,not_leading,not_leading,Q1_LOST__Q2_LOST__Q3_LOST,Q1_LOST__Q2_LOST__Q3_LOST__Q3_LEAD_not_leading,False,False,0.0,0.12080717086791992,727.765432147495
2019,2019_17_MIA_NE,NE,MIA,MIA,NE,away,away dog,17.5,17.5,7.5+,3.0,0.0,0.0,3,WIN,TIE,TIE,WIN,1-3,not_leading,not_leading,Q1_WIN__Q2_TIE__Q3_TIE,Q1_WIN__Q2_TIE__Q3_TIE__Q3_LEAD_not_leading,True,True,20.5,0.4407532811164856,126.88430077409055
2019,2019_17_NO_CAR,CAR,NO,CAR,NO,home,home dog,-13.5,13.5,7.5+,-14.0,-32.0,-32.0,-32,LOST,LOST,LOST,LOST,not_leading,not_leading,not_leading,Q1_LOST__Q2_LOST__Q3_LOST,Q1_LOST__Q2_LOST__Q3_LOST__Q3_LEAD_not_leading,False,False,-18.5,0.0002741217613220215,364701.39160687104
2019,2019_17_NYJ_BUF,BUF,NYJ,BUF,NYJ,home,home dog,-1.5,1.5,<=3,0.0,-3.0,0.0,-7,TIE,LOST,TIE,LOST,not_leading,not_leading,not_leading,Q1_TIE__Q2_LOST__Q3_TIE,Q1_TIE__Q2_LOST__Q3_TIE__Q3_LEAD_not_leading,False,False,-5.5,0.4263683557510376,134.53898173060335
2019,2019_17_OAK_DEN,DEN,LV,LV,DEN,away,away dog,5.5,5.5,3.5-7,0.0,-7.0,-10.0,-1,TIE,LOST,LOST,LOST,not_leading,not_leading,not_leading,Q1_TIE__Q2_LOST__Q3_LOST,Q1_TIE__Q2_LOST__Q3_LOST__Q3_LEAD_not_leading,False,True,4.5,0.12163132429122925,722.156632616808
2019,2019_17_PHI_NYG,NYG,PHI,NYG,PHI,home,home dog,-4.0,4.0,3.5-7,-3.0,-7.0,0.0,-17,LOST,LOST,TIE,LOST,not_leading,not_leading,not_leading,Q1_LOST__Q2_LOST__Q3_TIE,Q1_LOST__Q2_LOST__Q3_TIE__Q3_LEAD_not_leading,False,False,-13.0,0.5416580438613892,-118.17771351867732
2019,2019_17_PIT_BAL,BAL,PIT,BAL,PIT,home,home dog,-2.0,2.0,<=3,6.0,9.0,6.0,18,WIN,WIN,WIN,WIN,4-7,8+,4-7,Q1_WIN__Q2_WIN__Q3_WIN,Q1_WIN__Q2_WIN__Q3_WIN__Q3_LEAD_4-7,True,True,20.0,0.8463951349258423,-551.0210464474661
2019,2019_17_SF_SEA,SEA,SF,SEA,SF,home,home dog,-3.5,3.5,3.5-7,-10.0,-13.0,-12.0,-5,LOST,LOST,LOST,LOST,not_leading,not_leading,not_leading,Q1_LOST__Q2_LOST__Q3_LOST,Q1_LOST__Q2_LOST__Q3_LOST__Q3_LEAD_not_leading,False,False,-1.5,0.12053623050451279,729.6260765866249
2019,2019_17_TEN_HOU,HOU,TEN,HOU,TEN,home,home dog,-10.0,10.0,7.5+,0.0,-7.0,-7.0,-21,TIE,LOST,LOST,LOST,not_leading,not_leading,not_leading,Q1_TIE__Q2_LOST__Q3_LOST,Q1_TIE__Q2_LOST__Q3_LOST__Q3_LEAD_not_leading,False,False,-11.0,0.16733425855636597,497.606257455734
2019,2019_17_WAS_DAL,DAL,WAS,WAS,DAL,away,away dog,13.0,13.0,7.5+,-6.0,-17.0,-21.0,-31,LOST,LOST,LOST,LOST,not_leading,not_leading,not_leading,Q1_LOST__Q2_LOST__Q3_LOST,Q1_LOST__Q2_LOST__Q3_LOST__Q3_LEAD_not_leading,False,False,-18.0,0.014153278432786465,6965.500793678107
2020,2020_01_ARI_SF,SF,ARI,ARI,SF,away,away dog,7.0,7.0,3.5-7,-3.0,-3.0,-3.0,4,LOST,LOST,LOST,WIN,not_leading,not_leading,not_leading,Q1_LOST__Q2_LOST__Q3_LOST,Q1_LOST__Q2_LOST__Q3_LOST__Q3_LEAD_not_leading,True,True,11.0,0.3786366283893585,164.10545758707815
2020,2020_01_CHI_DET,DET,CHI,CHI,DET,away,away dog,2.5,2.5,<=3,0.0,-7.0,-17.0,4,TIE,LOST,LOST,WIN,not_leading,not_leading,not_leading,Q1_TIE__Q2_LOST__Q3_LOST,Q1_TIE__Q2_LOST__Q3_LOST__Q3_LEAD_not_leading,True,True,6.5,0.04211314022541046,2274.5557672676578
2020,2020_01_CLE_BAL,BAL,CLE,CLE,BAL,away,away dog,7.0,7.0,3.5-7,-4.0,-18.0,-25.0,-32,LOST,LOST,LOST,LOST,not_leading,not_leading,not_leading,Q1_LOST__Q2_LOST__Q3_LOST,Q1_LOST__Q2_LOST__Q3_LOST__Q3_LEAD_not_leading,False,False,-25.0,0.00025790929794311523,387633.2100762653
2020,2020_01_DAL_LA,LA,DAL,DAL,LA,away,away dog,1.0,1.0,<=3,-7.0,1.0,-3.0,-3,LOST,WIN,LOST,LOST,not_leading,1-3,not_leading,Q1_LOST__Q2_WIN__Q3_LOST,Q1_LOST__Q2_WIN__Q3_LOST__Q3_LEAD_not_leading,False,False,-2.0,0.4116040766239166,142.95191831000784
2020,2020_01_GB_MIN,MIN,GB,GB,MIN,away,away dog,1.0,1.0,<=3,-4.0,12.0,19.0,9,LOST,WIN,WIN,WIN,not_leading,8+,8+,Q1_LOST__Q2_WIN__Q3_WIN,Q1_LOST__Q2_WIN__Q3_WIN__Q3_LEAD_8+,True,True,10.0,0.9709539413452148,-3342.8078930951833
2020,2020_01_HOU_KC,KC,HOU,HOU,KC,away,away dog,9.5,9.5,7.5+,7.0,-10.0,-17.0,-14,WIN,LOST,LOST,LOST,4-7,not_leading,not_leading,Q1_WIN__Q2_LOST__Q3_LOST,Q1_WIN__Q2_LOST__Q3_LOST__Q3_LEAD_not_leading,False,False,-4.5,0.025768015533685684,3780.7800262799933
2020,2020_01_IND_JAX,JAX,IND,JAX,IND,home,home dog,-7.0,7.0,3.5-7,-7.0,-3.0,0.0,7,LOST,LOST,TIE,WIN,not_leading,not_leading,not_leading,Q1_LOST__Q2_LOST__Q3_TIE,Q1_LOST__Q2_LOST__Q3_TIE__Q3_LEAD_not_leading,True,True,14.0,0.4688986539840698,113.2657007017072
2020,2020_01_LAC_CIN,CIN,LAC,CIN,LAC,home,home dog,-2.5,2.5,<=3,7.0,1.0,7.0,-3,WIN,WIN,WIN,LOST,4-7,1-3,4-7,Q1_WIN__Q2_WIN__Q3_WIN,Q1_WIN__Q2_WIN__Q3_WIN__Q3_LEAD_4-7,False,False,-0.5,0.7253775000572205,-264.136223437031
2020,2020_01_LV_CAR,CAR,LV,CAR,LV,home,home dog,-3.0,3.0,<=3,0.0,-2.0,-12.0,-4,TIE,LOST,LOST,LOST,not_leading,not_leading,not_leading,Q1_TIE__Q2_LOST__Q3_LOST,Q1_TIE__Q2_LOST__Q3_LOST__Q3_LEAD_not_leading,False,False,-1.0,0.12089328467845917,727.175804396173
2020,2020_01_MIA_NE,NE,MIA,MIA,NE,away,away dog,7.5,7.5,7.5+,0.0,-4.0,-11.0,-10,TIE,LOST,LOST,LOST,not_leading,not_leading,not_leading,Q1_TIE__Q2_LOST__Q3_LOST,Q1_TIE__Q2_LOST__Q3_LOST__Q3_LEAD_not_leading,False,False,-2.5,0.12481686472892761,701.173785426962
2020,2020_01_NYJ_BUF,BUF,NYJ,NYJ,BUF,away,away dog,6.5,6.5,3.5-7,-14.0,-18.0,-11.0,-10,LOST,LOST,LOST,LOST,not_leading,not_leading,not_leading,Q1_LOST__Q2_LOST__Q3_LOST,Q1_LOST__Q2_LOST__Q3_LOST__Q3_LEAD_not_leading,False,False,-3.5,0.10918047279119492,815.914700161151
2020,2020_01_PHI_WAS,WAS,PHI,WAS,PHI,home,home dog,-5.5,5.5,3.5-7,-10.0,-10.0,-3.0,10,LOST,LOST,LOST,WIN,not_leading,not_leading,not_leading,Q1_LOST__Q2_LOST__Q3_LOST,Q1_LOST__Q2_LOST__Q3_LOST__Q3_LEAD_not_leading,True,True,15.5,0.5712199211120605,-133.21979010628135
2020,2020_01_PIT_NYG,NYG,PIT,NYG,PIT,home,home dog,-6.0,6.0,3.5-7,0.0,-6.0,-6.0,-10,TIE,LOST,LOST,LOST,not_leading,not_leading,not_leading,Q1_TIE__Q2_LOST__Q3_LOST,Q1_TIE__Q2_LOST__Q3_LOST__Q3_LEAD_not_leading,False,False,-4.0,0.19224995374679565,420.15617195781385
2020,2020_01_SEA_ATL,ATL,SEA,SEA,ATL,away,away dog,1.0,1.0,<=3,11.0,2.0,16.0,13,WIN,WIN,WIN,WIN,8+,1-3,8+,Q1_WIN__Q2_WIN__Q3_WIN,Q1_WIN__Q2_WIN__Q3_WIN__Q3_LEAD_8+,True,True,14.0,0.9802913665771484,-4973.918513500435
2020,2020_01_TB_NO,NO,TB,TB,NO,away,away dog,4.0,4.0,3.5-7,7.0,-10.0,-7.0,-11,WIN,LOST,LOST,LOST,4-7,not_leading,not_leading,Q1_WIN__Q2_LOST__Q3_LOST,Q1_WIN__Q2_LOST__Q3_LOST__Q3_LEAD_not_leading,False,False,-7.0,0.19233809411525726,419.9178065062644
2020,2020_01_TEN_DEN,DEN,TEN,DEN,TEN,home,home dog,-3.0,3.0,<=3,7.0,0.0,0.0,-2,WIN,TIE,TIE,LOST,4-7,not_leading,not_leading,Q1_WIN__Q2_TIE__Q3_TIE,Q1_WIN__Q2_TIE__Q3_TIE__Q3_LEAD_not_leading,False,True,1.0,0.36851078271865845,171.36248025704458
2020,2020_02_ATL_DAL,DAL,ATL,ATL,DAL,away,away dog,3.0,3.0,<=3,20.0,19.0,5.0,-1,WIN,WIN,WIN,LOST,8+,8+,4-7,Q1_WIN__Q2_WIN__Q3_WIN,Q1_WIN__Q2_WIN__Q3_WIN__Q3_LEAD_4-7,False,True,2.0,0.8536568284034729,-583.3253571659856
2020,2020_02_BAL_HOU,HOU,BAL,HOU,BAL,home,home dog,-7.5,7.5,7.5+,-3.0,-10.0,-13.0,-17,LOST,LOST,LOST,LOST,not_leading,not_leading,not_leading,Q1_LOST__Q2_LOST__Q3_LOST,Q1_LOST__Q2_LOST__Q3_LOST__Q3_LEAD_not_leading,False,False,-9.5,0.12167362868785858,721.8707790538565
2020,2020_02_BUF_MIA,MIA,BUF,MIA,BUF,home,home dog,-5.5,5.5,3.5-7,0.0,-7.0,-4.0,-3,TIE,LOST,LOST,LOST,not_leading,not_leading,not_leading,Q1_TIE__Q2_LOST__Q3_LOST,Q1_TIE__Q2_LOST__Q3_LOST__Q3_LEAD_not_leading,False,True,2.5,0.44671571254730225,123.85601668177523
2020,2020_02_CAR_TB,TB,CAR,CAR,TB,away,away dog,7.5,7.5,7.5+,-14.0,-21.0,-14.0,-14,LOST,LOST,LOST,LOST,not_leading,not_leading,not_leading,Q1_LOST__Q2_LOST__Q3_LOST,Q1_LOST__Q2_LOST__Q3_LOST__Q3_LEAD_not_leading,False,False,-6.5,0.12737016379833221,685.1132244623006
2020,2020_02_CIN_CLE,CLE,CIN,CIN,CLE,away,away dog,6.0,6.0,3.5-7,-4.0,-8.0,-12.0,-5,LOST,LOST,LOST,LOST,not_leading,not_leading,not_leading,Q1_LOST__Q2_LOST__Q3_LOST,Q1_LOST__Q2_LOST__Q3_LOST__Q3_LEAD_not_leading,False,True,1.0,0.07638555765151978,1209.147999628571
2020,2020_02_DEN_PIT,PIT,DEN,DEN,PIT,away,away dog,6.0,6.0,3.5-7,-7.0,-14.0,-3.0,-5,LOST,LOST,LOST,LOST,not_leading,not_leading,not_leading,Q1_LOST__Q2_LOST__Q3_LOST,Q1_LOST__Q2_LOST__Q3_LOST__Q3_LEAD_not_leading,False,True,1.0,0.25774306058883667,287.9832875870303
2020,2020_02_DET_GB,GB,DET,DET,GB,away,away dog,7.0,7.0,3.5-7,11.0,-3.0,-20.0,-21,WIN,LOST,LOST,LOST,8+,not_leading,not_leading,Q1_WIN__Q2_LOST__Q3_LOST,Q1_WIN__Q2_LOST__Q3_LOST__Q3_LEAD_not_leading,False,False,-14.0,0.023936593905091286,4077.7038285605922
2020,2020_02_JAX_TEN,TEN,JAX,JAX,TEN,away,away dog,7.0,7.0,3.5-7,-7.0,-14.0,-13.0,-3,LOST,LOST,LOST,LOST,not_leading,not_leading,not_leading,Q1_LOST__Q2_LOST__Q3_LOST,Q1_LOST__Q2_LOST__Q3_LOST__Q3_LEAD_not_leading,False,True,4.0,0.14136752486228943,607.3760405539615
2020,2020_02_KC_LAC,LAC,KC,LAC,KC,home,home dog,-8.5,8.5,7.5+,7.0,8.0,8.0,-3,WIN,WIN,WIN,LOST,4-7,8+,8+,Q1_WIN__Q2_WIN__Q3_WIN,Q1_WIN__Q2_WIN__Q3_WIN__Q3_LEAD_8+,False,True,5.5,0.883948802947998,-761.6886558713436
2020,2020_02_LA_PHI,PHI,LA,LA,PHI,away,away dog,2.0,2.0,<=3,11.0,5.0,8.0,18,WIN,WIN,WIN,WIN,8+,4-7,8+,Q1_WIN__Q2_WIN__Q3_WIN,Q1_WIN__Q2_WIN__Q3_WIN__Q3_LEAD_8+,True,True,20.0,0.7704963088035583,-335.72283948324775
2020,2020_02_MIN_IND,IND,MIN,MIN,IND,away,away dog,3.5,3.5,3.5-7,3.0,-12.0,-15.0,-17,WIN,LOST,LOST,LOST,1-3,not_leading,not_leading,Q1_WIN__Q2_LOST__Q3_LOST,Q1_WIN__Q2_LOST__Q3_LOST__Q3_LEAD_not_leading,False,False,-13.5,0.01834261417388916,5351.785609836939
2020,2020_02_NE_SEA,SEA,NE,NE,SEA,away,away dog,4.0,4.0,3.5-7,0.0,0.0,-11.0,-5,TIE,TIE,LOST,LOST,not_leading,not_leading,not_leading,Q1_TIE__Q2_TIE__Q3_LOST,Q1_TIE__Q2_TIE__Q3_LOST__Q3_LEAD_not_leading,False,False,-1.0,0.21606607735157013,362.8213795786454
2020,2020_02_NO_LV,LV,NO,LV,NO,home,home dog,-4.0,4.0,3.5-7,-10.0,0.0,7.0,10,LOST,TIE,WIN,WIN,not_leading,not_leading,4-7,Q1_LOST__Q2_TIE__Q3_WIN,Q1_LOST__Q2_TIE__Q3_WIN__Q3_LEAD_4-7,True,True,14.0,0.857485830783844,-601.6846152913164
2020,2020_02_NYG_CHI,CHI,NYG,NYG,CHI,away,away dog,4.5,4.5,3.5-7,-10.0,-17.0,-14.0,-4,LOST,LOST,LOST,LOST,not_leading,not_leading,not_leading,Q1_LOST__Q2_LOST__Q3_LOST,Q1_LOST__Q2_LOST__Q3_LOST__Q3_LEAD_not_leading,False,True,0.5,0.14007440209388733,613.9063133960283
2020,2020_02_SF_NYJ,NYJ,SF,NYJ,SF,home,home dog,-7.0,7.0,3.5-7,-4.0,-18.0,-18.0,-18,LOST,LOST,LOST,LOST,not_leading,not_leading,not_leading,Q1_LOST__Q2_LOST__Q3_LOST,Q1_LOST__Q2_LOST__Q3_LOST__Q3_LEAD_not_leading,False,False,-11.0,0.01925986260175705,5092.145035908882
2020,2020_02_WAS_ARI,ARI,WAS,WAS,ARI,away,away dog,7.5,7.5,7.5+,-14.0,-20.0,-17.0,-15,LOST,LOST,LOST,LOST,not_leading,not_leading,not_leading,Q1_LOST__Q2_LOST__Q3_LOST,Q1_LOST__Q2_LOST__Q3_LOST__Q3_LEAD_not_leading,False,False,-7.5,0.01234292984008789,8001.804133668147
2020,2020_03_CAR_LAC,LAC,CAR,CAR,LAC,away,away dog,6.0,6.0,3.5-7,6.0,11.0,8.0,5,WIN,WIN,WIN,WIN,4-7,8+,8+,Q1_WIN__Q2_WIN__Q3_WIN,Q1_WIN__Q2_WIN__Q3_WIN__Q3_LEAD_8+,True,True,11.0,0.8854849338531494,-773.2475416969422
2020,2020_03_CHI_ATL,ATL,CHI,CHI,ATL,away,away dog,2.5,2.5,<=3,-3.0,-6.0,-16.0,4,LOST,LOST,LOST,WIN,not_leading,not_leading,not_leading,Q1_LOST__Q2_LOST__Q3_LOST,Q1_LOST__Q2_LOST__Q3_LOST__Q3_LEAD_not_leading,True,True,6.5,0.016943275928497314,5802.046358804057
2020,2020_03_CIN_PHI,PHI,CIN,CIN,PHI,away,away dog,5.5,5.5,3.5-7,0.0,-3.0,1.0,0,TIE,LOST,WIN,LOST,not_leading,not_leading,1-3,Q1_TIE__Q2_LOST__Q3_WIN,Q1_TIE__Q2_LOST__Q3_WIN__Q3_LEAD_1-3,False,True,5.5,0.6436386108398438,-180.61401442976728
2020,2020_03_DAL_SEA,SEA,DAL,DAL,SEA,away,away dog,5.5,5.5,3.5-7,0.0,-8.0,-8.0,-7,TIE,LOST,LOST,LOST,not_leading,not_leading,not_leading,Q1_TIE__Q2_LOST__Q3_LOST,Q1_TIE__Q2_LOST__Q3_LOST__Q3_LEAD_not_leading,False,False,-1.5,0.18512676656246185,440.1704024591169
2020,2020_03_DET_ARI,ARI,DET,DET,ARI,away,away dog,4.5,4.5,3.5-7,-4.0,4.0,-3.0,3,LOST,WIN,LOST,WIN,not_leading,4-7,not_leading,Q1_LOST__Q2_WIN__Q3_LOST,Q1_LOST__Q2_WIN__Q3_LOST__Q3_LEAD_not_leading,True,True,7.5,0.32552921772003174,207.19208770379572
2020,2020_03_GB_NO,NO,GB,GB,NO,away,away dog,3.5,3.5,3.5-7,-4.0,-4.0,0.0,7,LOST,LOST,TIE,WIN,not_leading,not_leading,not_leading,Q1_LOST__Q2_LOST__Q3_TIE,Q1_LOST__Q2_LOST__Q3_TIE__Q3_LEAD_not_leading,True,True,10.5,0.5054841041564941,-102.21796880649904
2020,2020_03_HOU_PIT,PIT,HOU,HOU,PIT,away,away dog,4.0,4.0,3.5-7,4.0,4.0,1.0,-7,WIN,WIN,WIN,LOST,4-7,4-7,1-3,Q1_WIN__Q2_WIN__Q3_WIN,Q1_WIN__Q2_WIN__Q3_WIN__Q3_LEAD_1-3,False,False,-3.0,0.5346183776855469,-114.87741501840209
2020,2020_03_KC_BAL,BAL,KC,KC,BAL,away,away dog,3.5,3.5,3.5-7,3.0,17.0,14.0,14,WIN,WIN,WIN,WIN,1-3,8+,8+,Q1_WIN__Q2_WIN__Q3_WIN,Q1_WIN__Q2_WIN__Q3_WIN__Q3_LEAD_8+,True,True,17.5,0.8449960947036743,-545.1450355965352
2020,2020_03_LA_BUF,BUF,LA,LA,BUF,away,away dog,1.5,1.5,<=3,-7.0,-18.0,-11.0,-3,LOST,LOST,LOST,LOST,not_leading,not_leading,not_leading,Q1_LOST__Q2_LOST__Q3_LOST,Q1_LOST__Q2_LOST__Q3_LOST__Q3_LEAD_not_leading,False,False,-1.5,0.099834144115448,901.6613142329362
2020,2020_03_LV_NE,NE,LV,LV,NE,away,away dog,7.0,7.0,3.5-7,3.0,-3.0,-13.0,-16,WIN,LOST,LOST,LOST,1-3,not_leading,not_leading,Q1_WIN__Q2_LOST__Q3_LOST,Q1_WIN__Q2_LOST__Q3_LOST__Q3_LEAD_not_leading,False,False,-9.0,0.09363533556461334,967.9728907576211
2020,2020_03_MIA_JAX,JAX,MIA,MIA,JAX,away,away dog,3.0,3.0,<=3,14.0,14.0,21.0,18,WIN,WIN,WIN,WIN,8+,8+,8+,Q1_WIN__Q2_WIN__Q3_WIN,Q1_WIN__Q2_WIN__Q3_WIN__Q3_LEAD_8+,True,True,21.0,0.9759306311607361,-4054.658174371064
2020,2020_03_NYJ_IND,IND,NYJ,NYJ,IND,away,away dog,12.5,12.5,7.5+,0.0,-10.0,-24.0,-29,TIE,LOST,LOST,LOST,not_leading,not_leading,not_leading,Q1_TIE__Q2_LOST__Q3_LOST,Q1_TIE__Q2_LOST__Q3_LOST__Q3_LEAD_not_leading,False,False,-16.5,0.0038635709788650274,25782.79095868358
2020,2020_03_SF_NYG,NYG,SF,NYG,SF,home,home dog,-3.0,3.0,<=3,-6.0,-10.0,-14.0,-27,LOST,LOST,LOST,LOST,not_leading,not_leading,not_leading,Q1_LOST__Q2_LOST__Q3_LOST,Q1_LOST__Q2_LOST__Q3_LOST__Q3_LEAD_not_leading,False,False,-24.0,0.035626113414764404,2706.9298167831394
2020,2020_03_TB_DEN,DEN,TB,DEN,TB,home,home dog,-6.0,6.0,3.5-7,-10.0,-13.0,-18.0,-18,LOST,LOST,LOST,LOST,not_leading,not_leading,not_leading,Q1_LOST__Q2_LOST__Q3_LOST,Q1_LOST__Q2_LOST__Q3_LOST__Q3_LEAD_not_leading,False,False,-12.0,0.02236919105052948,4370.434347585984
2020,2020_03_TEN_MIN,MIN,TEN,MIN,TEN,home,home dog,-3.0,3.0,<=3,1.0,8.0,-1.0,-1,WIN,WIN,LOST,LOST,1-3,8+,not_leading,Q1_WIN__Q2_WIN__Q3_LOST,Q1_WIN__Q2_WIN__Q3_LOST__Q3_LEAD_not_leading,False,True,2.0,0.5429604053497314,-118.79942388037745
2020,2020_03_WAS_CLE,CLE,WAS,WAS,CLE,away,away dog,7.5,7.5,7.5+,7.0,-10.0,3.0,-14,WIN,LOST,WIN,LOST,4-7,not_leading,1-3,Q1_WIN__Q2_LOST__Q3_WIN,Q1_WIN__Q2_LOST__Q3_WIN__Q3_LEAD_1-3,False,False,-6.5,0.530272364616394,-112.88932663783851
2020,2020_04_ARI_CAR,CAR,ARI,CAR,ARI,home,home dog,-3.0,3.0,<=3,14.0,14.0,14.0,10,WIN,WIN,WIN,WIN,8+,8+,8+,Q1_WIN__Q2_WIN__Q3_WIN,Q1_WIN__Q2_WIN__Q3_WIN__Q3_LEAD_8+,True,True,13.0,0.9602351784706116,-2414.785585699018
2020,2020_04_ATL_GB,GB,ATL,ATL,GB,away,away dog,5.0,5.0,3.5-7,-7.0,-17.0,-18.0,-14,LOST,LOST,LOST,LOST,not_leading,not_leading,not_leading,Q1_LOST__Q2_LOST__Q3_LOST,Q1_LOST__Q2_LOST__Q3_LOST__Q3_LEAD_not_leading,False,False,-9.0,0.03611697256565094,2668.7813483875734
2020,2020_04_BAL_WAS,WAS,BAL,WAS,BAL,home,home dog,-14.5,14.5,7.5+,-7.0,-14.0,-18.0,-14,LOST,LOST,LOST,LOST,not_leading,not_leading,not_leading,Q1_LOST__Q2_LOST__Q3_LOST,Q1_LOST__Q2_LOST__Q3_LOST__Q3_LEAD_not_leading,False,True,0.5,0.04107346385717392,2334.6619595496795
2020,2020_04_BUF_LV,LV,BUF,LV,BUF,home,home dog,-3.0,3.0,<=3,-4.0,-4.0,-1.0,-7,LOST,LOST,LOST,LOST,not_leading,not_leading,not_leading,Q1_LOST__Q2_LOST__Q3_LOST,Q1_LOST__Q2_LOST__Q3_LOST__Q3_LEAD_not_leading,False,False,-4.0,0.2561214566230774,290.43975978617664
2020,2020_04_CLE_DAL,DAL,CLE,CLE,DAL,away,away dog,3.5,3.5,3.5-7,-7.0,17.0,27.0,11,LOST,WIN,WIN,WIN,not_leading,8+,8+,Q1_LOST__Q2_WIN__Q3_WIN,Q1_LOST__Q2_WIN__Q3_WIN__Q3_LEAD_8+,True,True,14.5,0.9991179704666138,-113274.88849844574
2020,2020_04_DEN_NYJ,NYJ,DEN,DEN,NYJ,away,away dog,1.0,1.0,<=3,-4.0,4.0,8.0,9,LOST,WIN,WIN,WIN,not_leading,4-7,8+,Q1_LOST__Q2_WIN__Q3_WIN,Q1_LOST__Q2_WIN__Q3_WIN__Q3_LEAD_8+,True,True,10.0,0.8413631916046143,-530.370725505019
2020,2020_04_IND_CHI,CHI,IND,CHI,IND,home,home dog,-3.5,3.5,3.5-7,-7.0,-7.0,-13.0,-8,LOST,LOST,LOST,LOST,not_leading,not_leading,not_leading,Q1_LOST__Q2_LOST__Q3_LOST,Q1_LOST__Q2_LOST__Q3_LOST__Q3_LEAD_not_leading,False,False,-4.5,0.07670850306749344,1203.6364418689425
2020,2020_04_JAX_CIN,CIN,JAX,JAX,CIN,away,away dog,1.0,1.0,<=3,4.0,3.0,-14.0,-8,WIN,WIN,LOST,LOST,4-7,1-3,not_leading,Q1_WIN__Q2_WIN__Q3_LOST,Q1_WIN__Q2_WIN__Q3_LOST__Q3_LEAD_not_leading,False,False,-7.0,0.09925700724124908,907.4855446421534
2020,2020_04_LAC_TB,TB,LAC,LAC,TB,away,away dog,7.5,7.5,7.5+,7.0,10.0,3.0,-7,WIN,WIN,WIN,LOST,4-7,8+,1-3,Q1_WIN__Q2_WIN__Q3_WIN,Q1_WIN__Q2_WIN__Q3_WIN__Q3_LEAD_1-3,False,True,0.5,0.5859532356262207,-141.51861239936014
2020,2020_04_MIN_HOU,HOU,MIN,MIN,HOU,away,away dog,3.5,3.5,3.5-7,7.0,11.0,8.0,8,WIN,WIN,WIN,WIN,4-7,8+,8+,Q1_WIN__Q2_WIN__Q3_WIN,Q1_WIN__Q2_WIN__Q3_WIN__Q3_LEAD_8+,True,True,11.5,0.8245289325714111,-469.8945214469435
2020,2020_04_NE_KC,KC,NE,NE,KC,away,away dog,7.0,7.0,3.5-7,-6.0,-3.0,-10.0,-16,LOST,LOST,LOST,LOST,not_leading,not_leading,not_leading,Q1_LOST__Q2_LOST__Q3_LOST,Q1_LOST__Q2_LOST__Q3_LOST__Q3_LEAD_not_leading,False,False,-9.0,0.24984110891819,300.2543874104594
2020,2020_04_NO_DET,DET,NO,DET,NO,home,home dog,-3.0,3.0,<=3,7.0,-14.0,-14.0,-6,WIN,LOST,LOST,LOST,4-7,not_leading,not_leading,Q1_WIN__Q2_LOST__Q3_LOST,Q1_WIN__Q2_LOST__Q3_LOST__Q3_LEAD_not_leading,False,False,-3.0,0.03116995096206665,3108.218072646263
2020,2020_04_NYG_LA,LA,NYG,NYG,LA,away,away dog,13.5,13.5,7.5+,-7.0,-4.0,-4.0,-8,LOST,LOST,LOST,LOST,not_leading,not_leading,not_leading,Q1_LOST__Q2_LOST__Q3_LOST,Q1_LOST__Q2_LOST__Q3_LOST__Q3_LEAD_not_leading,False,True,5.5,0.44623759388923645,124.09586590058043
2020,2020_04_PHI_SF,SF,PHI,PHI,SF,away,away dog,8.5,8.5,7.5+,1.0,1.0,-3.0,5,WIN,WIN,LOST,WIN,1-3,1-3,not_leading,Q1_WIN__Q2_WIN__Q3_LOST,Q1_WIN__Q2_WIN__Q3_LOST__Q3_LEAD_not_leading,True,True,13.5,0.24930238723754883,301.1193037823364
2020,2020_04_SEA_MIA,MIA,SEA,MIA,SEA,home,home dog,-4.5,4.5,3.5-7,-7.0,-8.0,-5.0,-8,LOST,LOST,LOST,LOST,not_leading,not_leading,not_leading,Q1_LOST__Q2_LOST__Q3_LOST,Q1_LOST__Q2_LOST__Q3_LOST__Q3_LEAD_not_leading,False,False,-3.5,0.34119540452957153,193.0871830993051
2020,2020_05_ARI_NYJ,NYJ,ARI,NYJ,ARI,home,home dog,-7.0,7.0,3.5-7,-7.0,-14.0,-14.0,-20,LOST,LOST,LOST,LOST,not_leading,not_leading,not_leading,Q1_LOST__Q2_LOST__Q3_LOST,Q1_LOST__Q2_LOST__Q3_LOST__Q3_LEAD_not_leading,False,False,-13.0,0.058810267597436905,1600.3833528612995
2020,2020_05_BUF_TEN,TEN,BUF,TEN,BUF,home,home dog,-3.0,3.0,<=3,0.0,11.0,18.0,26,TIE,WIN,WIN,WIN,not_leading,8+,8+,Q1_TIE__Q2_WIN__Q3_WIN,Q1_TIE__Q2_WIN__Q3_WIN__Q3_LEAD_8+,True,True,29.0,0.98032546043396,-4982.711067485852
2020,2020_05_CAR_ATL,ATL,CAR,CAR,ATL,away,away dog,2.5,2.5,<=3,-4.0,13.0,10.0,7,LOST,WIN,WIN,WIN,not_leading,8+,8+,Q1_LOST__Q2_WIN__Q3_WIN,Q1_LOST__Q2_WIN__Q3_WIN__Q3_LEAD_8+,True,True,9.5,0.7108628153800964,-245.85658752767776
2020,2020_05_CIN_BAL,BAL,CIN,CIN,BAL,away,away dog,12.5,12.5,7.5+,-10.0,-17.0,-20.0,-24,LOST,LOST,LOST,LOST,not_leading,not_leading,not_leading,Q1_LOST__Q2_LOST__Q3_LOST,Q1_LOST__Q2_LOST__Q3_LOST__Q3_LEAD_not_leading,False,False,-11.5,0.018013548105955124,5451.377186315719
2020,2020_05_IND_CLE,CLE,IND,IND,CLE,away,away dog,1.0,1.0,<=3,4.0,-10.0,-7.0,-9,WIN,LOST,LOST,LOST,4-7,not_leading,not_leading,Q1_WIN__Q2_LOST__Q3_LOST,Q1_WIN__Q2_LOST__Q3_LOST__Q3_LEAD_not_leading,False,False,-8.0,0.14811861515045166,575.1345865502785
2020,2020_05_JAX_HOU,HOU,JAX,JAX,HOU,away,away dog,6.5,6.5,3.5-7,0.0,-3.0,-6.0,-16,TIE,LOST,LOST,LOST,not_leading,not_leading,not_leading,Q1_TIE__Q2_LOST__Q3_LOST,Q1_TIE__Q2_LOST__Q3_LOST__Q3_LEAD_not_leading,False,False,-9.5,0.14047890901565552,611.8506308221372
2020,2020_05_LAC_NO,NO,LAC,LAC,NO,away,away dog,7.0,7.0,3.5-7,3.0,10.0,7.0,-3,WIN,WIN,WIN,LOST,1-3,8+,4-7,Q1_WIN__Q2_WIN__Q3_WIN,Q1_WIN__Q2_WIN__Q3_WIN__Q3_LEAD_4-7,False,True,4.0,0.7379927635192871,-281.6688475600989
2020,2020_05_LA_WAS,WAS,LA,WAS,LA,home,home dog,-7.0,7.0,3.5-7,1.0,-10.0,-13.0,-20,WIN,LOST,LOST,LOST,1-3,not_leading,not_leading,Q1_WIN__Q2_LOST__Q3_LOST,Q1_WIN__Q2_LOST__Q3_LOST__Q3_LEAD_not_leading,False,False,-13.0,0.05091816186904907,1863.9357810515473
2020,2020_05_LV_KC,KC,LV,LV,KC,away,away dog,11.0,11.0,7.5+,-4.0,0.0,0.0,8,LOST,TIE,TIE,WIN,not_leading,not_leading,not_leading,Q1_LOST__Q2_TIE__Q3_TIE,Q1_LOST__Q2_TIE__Q3_TIE__Q3_LEAD_not_leading,True,True,19.0,0.6213536858558655,-164.09870178198608
2020,2020_05_MIA_SF,SF,MIA,MIA,SF,away,away dog,8.5,8.5,7.5+,14.0,23.0,20.0,26,WIN,WIN,WIN,WIN,8+,8+,8+,Q1_WIN__Q2_WIN__Q3_WIN,Q1_WIN__Q2_WIN__Q3_WIN__Q3_LEAD_8+,True,True,34.5,0.9857006072998047,-6893.303988261971
2020,2020_05_MIN_SEA,SEA,MIN,MIN,SEA,away,away dog,6.5,6.5,3.5-7,7.0,13.0,-2.0,-1,WIN,WIN,LOST,LOST,4-7,8+,not_leading,Q1_WIN__Q2_WIN__Q3_LOST,Q1_WIN__Q2_WIN__Q3_LOST__Q3_LEAD_not_leading,False,True,5.5,0.35758036375045776,179.6574144932252
2020,2020_05_NYG_DAL,DAL,NYG,NYG,DAL,away,away dog,7.5,7.5,7.5+,11.0,-4.0,-8.0,-3,WIN,LOST,LOST,LOST,8+,not_leading,not_leading,Q1_WIN__Q2_LOST__Q3_LOST,Q1_WIN__Q2_LOST__Q3_LOST__Q3_LEAD_not_leading,False,True,4.5,0.14686495065689087,580.8976515684958
2020,2020_05_PHI_PIT,PIT,PHI,PHI,PIT,away,away dog,7.5,7.5,7.5+,0.0,-3.0,-9.0,-9,TIE,LOST,LOST,LOST,not_leading,not_leading,not_leading,Q1_TIE__Q2_LOST__Q3_LOST,Q1_TIE__Q2_LOST__Q3_LOST__Q3_LEAD_not_leading,False,False,-1.5,0.18971000611782074,427.1203245752588
2020,2020_05_TB_CHI,CHI,TB,CHI,TB,home,home dog,-3.5,3.5,3.5-7,-10.0,1.0,-2.0,1,LOST,WIN,LOST,WIN,not_leading,1-3,not_leading,Q1_LOST__Q2_WIN__Q3_LOST,Q1_LOST__Q2_WIN__Q3_LOST__Q3_LEAD_not_leading,True,True,4.5,0.5153094530105591,-106.31720717709504
2020,2020_06_ARI_DAL,DAL,ARI,ARI,DAL,away,away dog,1.0,1.0,<=3,0.0,18.0,25.0,28,TIE,WIN,WIN,WIN,not_leading,8+,8+,Q1_TIE__Q2_WIN__Q3_WIN,Q1_TIE__Q2_WIN__Q3_WIN__Q3_LEAD_8+,True,True,29.0,0.9964019060134888,-27692.492462644535
2020,2020_06_ATL_MIN,MIN,ATL,ATL,MIN,away,away dog,3.5,3.5,3.5-7,10.0,20.0,23.0,17,WIN,WIN,WIN,WIN,8+,8+,8+,Q1_WIN__Q2_WIN__Q3_WIN,Q1_WIN__Q2_WIN__Q3_WIN__Q3_LEAD_8+,True,True,20.5,0.9986739158630371,-75309.99640417116
2020,2020_06_BAL_PHI,PHI,BAL,PHI,BAL,home,home dog,-10.5,10.5,7.5+,-14.0,-17.0,-18.0,-2,LOST,LOST,LOST,LOST,not_leading,not_leading,not_leading,Q1_LOST__Q2_LOST__Q3_LOST,Q1_LOST__Q2_LOST__Q3_LOST__Q3_LEAD_not_leading,False,True,8.5,0.03941578045487404,2437.0549268835875
2020,2020_06_CHI_CAR,CAR,CHI,CHI,CAR,away,away dog,2.0,2.0,<=3,4.0,7.0,14.0,7,WIN,WIN,WIN,WIN,4-7,4-7,8+,Q1_WIN__Q2_WIN__Q3_WIN,Q1_WIN__Q2_WIN__Q3_WIN__Q3_LEAD_8+,True,True,9.0,0.9087518453598022,-995.9125737316201
2020,2020_06_CIN_IND,IND,CIN,CIN,IND,away,away dog,7.5,7.5,7.5+,14.0,3.0,6.0,-4,WIN,WIN,WIN,LOST,8+,1-3,4-7,Q1_WIN__Q2_WIN__Q3_WIN,Q1_WIN__Q2_WIN__Q3_WIN__Q3_LEAD_4-7,False,True,3.5,0.5881730318069458,-142.8204263522696
2020,2020_06_CLE_PIT,PIT,CLE,CLE,PIT,away,away dog,3.0,3.0,<=3,-10.0,-17.0,-24.0,-31,LOST,LOST,LOST,LOST,not_leading,not_leading,not_leading,Q1_LOST__Q2_LOST__Q3_LOST,Q1_LOST__Q2_LOST__Q3_LOST__Q3_LEAD_not_leading,False,False,-28.0,0.004217416048049927,23611.20109106584
2020,2020_06_DEN_NE,NE,DEN,DEN,NE,away,away dog,7.0,7.0,3.5-7,6.0,9.0,15.0,6,WIN,WIN,WIN,WIN,4-7,8+,8+,Q1_WIN__Q2_WIN__Q3_WIN,Q1_WIN__Q2_WIN__Q3_WIN__Q3_LEAD_8+,True,True,13.0,0.9761391282081604,-4090.96170803784
2020,2020_06_DET_JAX,JAX,DET,JAX,DET,home,home dog,-3.0,3.0,<=3,-4.0,-14.0,-14.0,-18,LOST,LOST,LOST,LOST,not_leading,not_leading,not_leading,Q1_LOST__Q2_LOST__Q3_LOST,Q1_LOST__Q2_LOST__Q3_LOST__Q3_LEAD_not_leading,False,False,-15.0,0.035626113414764404,2706.9298167831394
2020,2020_06_GB_TB,TB,GB,TB,GB,home,home dog,-3.0,3.0,<=3,-10.0,18.0,28.0,28,LOST,WIN,WIN,WIN,not_leading,8+,8+,Q1_LOST__Q2_WIN__Q3_WIN,Q1_LOST__Q2_WIN__Q3_WIN__Q3_LEAD_8+,True,True,31.0,0.9996097683906555,-256158.07239957232
2020,2020_06_HOU_TEN,TEN,HOU,HOU,TEN,away,away dog,4.0,4.0,3.5-7,-14.0,-11.0,2.0,-6,LOST,LOST,WIN,LOST,not_leading,not_leading,1-3,Q1_LOST__Q2_LOST__Q3_WIN,Q1_LOST__Q2_LOST__Q3_WIN__Q3_LEAD_1-3,False,False,-2.0,0.4701414704322815,112.70193396905168
2020,2020_06_KC_BUF,BUF,KC,BUF,KC,home,home dog,-5.5,5.5,3.5-7,-4.0,-3.0,-10.0,-9,LOST,LOST,LOST,LOST,not_leading,not_leading,not_leading,Q1_LOST__Q2_LOST__Q3_LOST,Q1_LOST__Q2_LOST__Q3_LOST__Q3_LEAD_not_leading,False,False,-3.5,0.18703244626522064,434.66658858856704
2020,2020_06_LA_SF,SF,LA,SF,LA,home,home dog,-2.0,2.0,<=3,7.0,15.0,12.0,8,WIN,WIN,WIN,WIN,4-7,8+,8+,Q1_WIN__Q2_WIN__Q3_WIN,Q1_WIN__Q2_WIN__Q3_WIN__Q3_LEAD_8+,True,True,10.0,0.9326252341270447,-1384.2352133521945
2020,2020_06_NYJ_MIA,MIA,NYJ,NYJ,MIA,away,away dog,9.5,9.5,7.5+,-7.0,-21.0,-24.0,-24,LOST,LOST,LOST,LOST,not_leading,not_leading,not_leading,Q1_LOST__Q2_LOST__Q3_LOST,Q1_LOST__Q2_LOST__Q3_LOST__Q3_LEAD_not_leading,False,False,-14.5,0.0004112124443054199,243083.30192781563
2020,2020_06_WAS_NYG,NYG,WAS,WAS,NYG,away,away dog,2.0,2.0,<=3,-10.0,-3.0,-3.0,-1,LOST,LOST,LOST,LOST,not_leading,not_leading,not_leading,Q1_LOST__Q2_LOST__Q3_LOST,Q1_LOST__Q2_LOST__Q3_LOST__Q3_LEAD_not_leading,False,True,1.0,0.3691706657409668,170.87742683804203
2020,2020_07_BUF_NYJ,NYJ,BUF,NYJ,BUF,home,home dog,-9.5,9.5,7.5+,3.0,4.0,-2.0,-8,WIN,WIN,LOST,LOST,1-3,4-7,not_leading,Q1_WIN__Q2_WIN__Q3_LOST,Q1_WIN__Q2_WIN__Q3_LOST__Q3_LEAD_not_leading,False,True,1.5,0.3617074489593506,176.4665209071716
2020,2020_07_CAR_NO,NO,CAR,CAR,NO,away,away dog,7.0,7.0,3.5-7,-4.0,-4.0,0.0,-3,LOST,LOST,TIE,LOST,not_leading,not_leading,not_leading,Q1_LOST__Q2_LOST__Q3_TIE,Q1_LOST__Q2_LOST__Q3_TIE__Q3_LEAD_not_leading,False,True,4.0,0.4398517608642578,127.3493228798529
2020,2020_07_CHI_LA,LA,CHI,CHI,LA,away,away dog,6.5,6.5,3.5-7,-7.0,-7.0,-21.0,-14,LOST,LOST,LOST,LOST,not_leading,not_leading,not_leading,Q1_LOST__Q2_LOST__Q3_LOST,Q1_LOST__Q2_LOST__Q3_LOST__Q3_LEAD_not_leading,False,False,-7.5,0.0069367289543151855,14316.01663530362
2020,2020_07_CLE_CIN,CIN,CLE,CIN,CLE,home,home dog,-4.5,4.5,3.5-7,4.0,7.0,3.0,-3,WIN,WIN,WIN,LOST,4-7,4-7,1-3,Q1_WIN__Q2_WIN__Q3_WIN,Q1_WIN__Q2_WIN__Q3_WIN__Q3_LEAD_1-3,False,True,1.5,0.6627011299133301,-196.47297654541418
2020,2020_07_DAL_WAS,WAS,DAL,WAS,DAL,home,home dog,-1.0,1.0,<=3,6.0,19.0,19.0,22,WIN,WIN,WIN,WIN,4-7,8+,8+,Q1_WIN__Q2_WIN__Q3_WIN,Q1_WIN__Q2_WIN__Q3_WIN__Q3_LEAD_8+,True,True,23.0,0.9921501874923706,-12639.157770049658
2020,2020_07_DET_ATL,ATL,DET,DET,ATL,away,away dog,1.0,1.0,<=3,7.0,-4.0,-1.0,1,WIN,LOST,LOST,WIN,4-7,not_leading,not_leading,Q1_WIN__Q2_LOST__Q3_LOST,Q1_WIN__Q2_LOST__Q3_LOST__Q3_LEAD_not_leading,True,True,2.0,0.2922075390815735,242.22251867390634
2020,2020_07_GB_HOU,HOU,GB,HOU,GB,home,home dog,-2.5,2.5,<=3,-7.0,-21.0,-21.0,-15,LOST,LOST,LOST,LOST,not_leading,not_leading,not_leading,Q1_LOST__Q2_LOST__Q3_LOST,Q1_LOST__Q2_LOST__Q3_LOST__Q3_LEAD_not_leading,False,False,-12.5,0.0334031917154789,2893.7258945725366
2020,2020_07_JAX_LAC,LAC,JAX,JAX,LAC,away,away dog,8.0,8.0,7.5+,-9.0,-2.0,-7.0,-10,LOST,LOST,LOST,LOST,not_leading,not_leading,not_leading,Q1_LOST__Q2_LOST__Q3_LOST,Q1_LOST__Q2_LOST__Q3_LOST__Q3_LEAD_not_leading,False,False,-2.0,0.18490347266197205,440.822725286578
2020,2020_07_KC_DEN,DEN,KC,DEN,KC,home,home dog,-7.0,7.0,3.5-7,-4.0,-15.0,-21.0,-27,LOST,LOST,LOST,LOST,not_leading,not_leading,not_leading,Q1_LOST__Q2_LOST__Q3_LOST,Q1_LOST__Q2_LOST__Q3_LOST__Q3_LEAD_not_leading,False,False,-20.0,0.02223457396030426,4397.500162518589
2020,2020_07_NYG_PHI,PHI,NYG,NYG,PHI,away,away dog,5.0,5.0,3.5-7,0.0,-3.0,4.0,-1,TIE,LOST,WIN,LOST,not_leading,not_leading,4-7,Q1_TIE__Q2_LOST__Q3_WIN,Q1_TIE__Q2_LOST__Q3_WIN__Q3_LEAD_4-7,False,True,4.0,0.46332985162734985,115.82895997046332
2020,2020_07_PIT_TEN,TEN,PIT,PIT,TEN,away,away dog,1.0,1.0,<=3,7.0,17.0,10.0,3,WIN,WIN,WIN,WIN,4-7,8+,8+,Q1_WIN__Q2_WIN__Q3_WIN,Q1_WIN__Q2_WIN__Q3_WIN__Q3_LEAD_8+,True,True,4.0,0.8261896371841431,-475.33968849685226
2020,2020_07_SEA_ARI,ARI,SEA,ARI,SEA,home,home dog,-3.5,3.5,3.5-7,-3.0,-10.0,-3.0,3,LOST,LOST,LOST,WIN,not_leading,not_leading,not_leading,Q1_LOST__Q2_LOST__Q3_LOST,Q1_LOST__Q2_LOST__Q3_LOST__Q3_LEAD_not_leading,True,True,6.5,0.30904829502105713,223.5740226076525
2020,2020_07_SF_NE,NE,SF,SF,NE,away,away dog,3.0,3.0,<=3,7.0,20.0,24.0,27,WIN,WIN,WIN,WIN,4-7,8+,8+,Q1_WIN__Q2_WIN__Q3_WIN,Q1_WIN__Q2_WIN__Q3_WIN__Q3_LEAD_8+,True,True,30.0,0.9992997646331787,-142709.12495743958
2020,2020_07_TB_LV,LV,TB,LV,TB,home,home dog,-3.5,3.5,3.5-7,0.0,-11.0,-7.0,-25,TIE,LOST,LOST,LOST,not_leading,not_leading,not_leading,Q1_TIE__Q2_LOST__Q3_LOST,Q1_TIE__Q2_LOST__Q3_LOST__Q3_LEAD_not_leading,False,False,-21.5,0.32599401473999023,206.75409816882393
2020,2020_08_ATL_CAR,CAR,ATL,ATL,CAR,away,away dog,1.5,1.5,<=3,-1.0,2.0,2.0,8,LOST,WIN,WIN,WIN,not_leading,1-3,1-3,Q1_LOST__Q2_WIN__Q3_WIN,Q1_LOST__Q2_WIN__Q3_WIN__Q3_LEAD_1-3,True,True,9.5,0.7032012939453125,-236.92869261220503
2020,2020_08_DAL_PHI,PHI,DAL,DAL,PHI,away,away dog,10.0,10.0,7.5+,-4.0,2.0,-6.0,-14,LOST,WIN,LOST,LOST,not_leading,1-3,not_leading,Q1_LOST__Q2_WIN__Q3_LOST,Q1_LOST__Q2_WIN__Q3_LOST__Q3_LEAD_not_leading,False,False,-4.0,0.26655617356300354,275.15544533566725
2020,2020_08_IND_DET,DET,IND,DET,IND,home,home dog,-3.5,3.5,3.5-7,7.0,-13.0,-6.0,-20,WIN,LOST,LOST,LOST,4-7,not_leading,not_leading,Q1_WIN__Q2_LOST__Q3_LOST,Q1_WIN__Q2_LOST__Q3_LOST__Q3_LEAD_not_leading,False,False,-16.5,0.225905179977417,342.6635989931558
2020,2020_08_LAC_DEN,DEN,LAC,DEN,LAC,home,home dog,-3.0,3.0,<=3,3.0,-11.0,-14.0,1,WIN,LOST,LOST,WIN,1-3,not_leading,not_leading,Q1_WIN__Q2_LOST__Q3_LOST,Q1_WIN__Q2_LOST__Q3_LOST__Q3_LEAD_not_leading,True,True,4.0,0.06988826394081116,1330.8554020556394
2020,2020_08_LA_MIA,MIA,LA,MIA,LA,home,home dog,-3.5,3.5,3.5-7,0.0,18.0,18.0,11,TIE,WIN,WIN,WIN,not_leading,8+,8+,Q1_TIE__Q2_WIN__Q3_WIN,Q1_TIE__Q2_WIN__Q3_WIN__Q3_LEAD_8+,True,True,14.5,0.9827507138252258,-5697.341350057879
2020,2020_08_LV_CLE,CLE,LV,LV,CLE,away,away dog,1.0,1.0,<=3,0.0,3.0,0.0,10,TIE,WIN,TIE,WIN,not_leading,1-3,not_leading,Q1_TIE__Q2_WIN__Q3_TIE,Q1_TIE__Q2_WIN__Q3_TIE__Q3_LEAD_not_leading,True,True,11.0,0.635079026222229,-174.03193344786436
2020,2020_08_MIN_GB,GB,MIN,MIN,GB,away,away dog,5.5,5.5,3.5-7,0.0,0.0,14.0,6,TIE,TIE,WIN,WIN,not_leading,not_leading,8+,Q1_TIE__Q2_TIE__Q3_WIN,Q1_TIE__Q2_TIE__Q3_WIN__Q3_LEAD_8+,True,True,11.5,0.9378212690353394,-1508.2669821105728
2020,2020_08_NE_BUF,BUF,NE,NE,BUF,away,away dog,4.0,4.0,3.5-7,-7.0,-1.0,0.0,-3,LOST,LOST,TIE,LOST,not_leading,not_leading,not_leading,Q1_LOST__Q2_LOST__Q3_TIE,Q1_LOST__Q2_LOST__Q3_TIE__Q3_LEAD_not_leading,False,True,1.0,0.29230600595474243,242.10723680950622
2020,2020_08_NO_CHI,CHI,NO,CHI,NO,home,home dog,-5.5,5.5,3.5-7,0.0,3.0,-3.0,-3,TIE,WIN,LOST,LOST,not_leading,1-3,not_leading,Q1_TIE__Q2_WIN__Q3_LOST,Q1_TIE__Q2_WIN__Q3_LOST__Q3_LEAD_not_leading,False,True,2.5,0.4851897060871124,106.10494976586683
2020,2020_08_NYJ_KC,KC,NYJ,NYJ,KC,away,away dog,20.0,20.0,7.5+,-11.0,-12.0,-19.0,-26,LOST,LOST,LOST,LOST,not_leading,not_leading,not_leading,Q1_LOST__Q2_LOST__Q3_LOST,Q1_LOST__Q2_LOST__Q3_LOST__Q3_LEAD_not_leading,False,False,-6.0,0.009050190448760986,10949.491230727688
2020,2020_08_PIT_BAL,BAL,PIT,PIT,BAL,away,away dog,4.0,4.0,3.5-7,0.0,-10.0,4.0,4,TIE,LOST,WIN,WIN,not_leading,not_leading,4-7,Q1_TIE__Q2_LOST__Q3_WIN,Q1_TIE__Q2_LOST__Q3_WIN__Q3_LEAD_4-7,True,True,8.0,0.6742157340049744,-206.95159477568782
2020,2020_08_SF_SEA,SEA,SF,SF,SEA,away,away dog,1.0,1.0,<=3,-6.0,-6.0,-20.0,-10,LOST,LOST,LOST,LOST,not_leading,not_leading,not_leading,Q1_LOST__Q2_LOST__Q3_LOST,Q1_LOST__Q2_LOST__Q3_LOST__Q3_LEAD_not_leading,False,False,-9.0,0.008412420749664307,11787.184792081453
2020,2020_08_TB_NYG,NYG,TB,NYG,TB,home,home dog,-13.0,13.0,7.5+,4.0,8.0,2.0,-2,WIN,WIN,WIN,LOST,4-7,8+,1-3,Q1_WIN__Q2_WIN__Q3_WIN,Q1_WIN__Q2_WIN__Q3_WIN__Q3_LEAD_1-3,False,True,11.0,0.6067169308662415,-154.26978135687108
2020,2020_08_TEN_CIN,CIN,TEN,CIN,TEN,home,home dog,-7.5,7.5,7.5+,3.0,10.0,10.0,11,WIN,WIN,WIN,WIN,1-3,8+,8+,Q1_WIN__Q2_WIN__Q3_WIN,Q1_WIN__Q2_WIN__Q3_WIN__Q3_LEAD_8+,True,True,18.5,0.9348762631416321,-1435.5384200000915
2020,2020_09_BAL_IND,IND,BAL,BAL,IND,away,away dog,1.0,1.0,<=3,0.0,-3.0,4.0,14,TIE,LOST,WIN,WIN,not_leading,not_leading,4-7,Q1_TIE__Q2_LOST__Q3_WIN,Q1_TIE__Q2_LOST__Q3_WIN__Q3_LEAD_4-7,True,True,15.0,0.7598443031311035,-316.396534847104
2020,2020_09_CAR_KC,KC,CAR,CAR,KC,away,away dog,10.0,10.0,7.5+,4.0,4.0,-3.0,-2,WIN,WIN,LOST,LOST,4-7,4-7,not_leading,Q1_WIN__Q2_WIN__Q3_LOST,Q1_WIN__Q2_WIN__Q3_LOST__Q3_LEAD_not_leading,False,True,8.0,0.27326440811157227,265.9459374569212
2020,2020_09_CHI_TEN,TEN,CHI,CHI,TEN,away,away dog,6.5,6.5,3.5-7,-3.0,-10.0,-17.0,-7,LOST,LOST,LOST,LOST,not_leading,not_leading,not_leading,Q1_LOST__Q2_LOST__Q3_LOST,Q1_LOST__Q2_LOST__Q3_LOST__Q3_LEAD_not_leading,False,False,-0.5,0.05304951220750809,1785.0314703901654
2020,2020_09_DEN_ATL,ATL,DEN,DEN,ATL,away,away dog,4.5,4.5,3.5-7,-10.0,-17.0,-21.0,-7,LOST,LOST,LOST,LOST,not_leading,not_leading,not_leading,Q1_LOST__Q2_LOST__Q3_LOST,Q1_LOST__Q2_LOST__Q3_LOST__Q3_LEAD_not_leading,False,False,-2.5,0.02214828133583069,4415.023016175238
2020,2020_09_DET_MIN,MIN,DET,DET,MIN,away,away dog,3.0,3.0,<=3,-13.0,-10.0,-17.0,-14,LOST,LOST,LOST,LOST,not_leading,not_leading,not_leading,Q1_LOST__Q2_LOST__Q3_LOST,Q1_LOST__Q2_LOST__Q3_LOST__Q3_LEAD_not_leading,False,False,-11.0,0.020540058612823486,4768.535279522932
2020,2020_09_GB_SF,SF,GB,SF,GB,home,home dog,-6.0,6.0,3.5-7,-4.0,-18.0,-28.0,-17,LOST,LOST,LOST,LOST,not_leading,not_leading,not_leading,Q1_LOST__Q2_LOST__Q3_LOST,Q1_LOST__Q2_LOST__Q3_LOST__Q3_LEAD_not_leading,False,False,-11.0,0.0012952731922268867,77103.79036647543
2020,2020_09_HOU_JAX,JAX,HOU,JAX,HOU,home,home dog,-7.0,7.0,3.5-7,-3.0,-4.0,-8.0,-2,LOST,LOST,LOST,LOST,not_leading,not_leading,not_leading,Q1_LOST__Q2_LOST__Q3_LOST,Q1_LOST__Q2_LOST__Q3_LOST__Q3_LEAD_not_leading,False,True,5.0,0.16674166917800903,499.73011241264845
2020,2020_09_LV_LAC,LAC,LV,LAC,LV,home,home dog,-1.0,1.0,<=3,-7.0,3.0,-8.0,-5,LOST,WIN,LOST,LOST,not_leading,1-3,not_leading,Q1_LOST__Q2_WIN__Q3_LOST,Q1_LOST__Q2_WIN__Q3_LOST__Q3_LEAD_not_leading,False,False,-4.0,0.1666315793991089,500.1263407609205
2020,2020_09_MIA_ARI,ARI,MIA,MIA,ARI,away,away dog,6.0,6.0,3.5-7,7.0,7.0,-7.0,3,WIN,WIN,LOST,WIN,4-7,4-7,not_leading,Q1_WIN__Q2_WIN__Q3_LOST,Q1_WIN__Q2_WIN__Q3_LOST__Q3_LEAD_not_leading,True,True,9.0,0.17054975032806396,486.33917556398205
2020,2020_09_NE_NYJ,NYJ,NE,NYJ,NE,home,home dog,-9.5,9.5,7.5+,-4.0,10.0,10.0,-3,LOST,WIN,WIN,LOST,not_leading,8+,8+,Q1_LOST__Q2_WIN__Q3_WIN,Q1_LOST__Q2_WIN__Q3_WIN__Q3_LEAD_8+,False,True,6.5,0.8525794148445129,-578.3313191609452
2020,2020_09_NO_TB,TB,NO,NO,TB,away,away dog,3.0,3.0,<=3,14.0,31.0,31.0,35,WIN,WIN,WIN,WIN,8+,8+,8+,Q1_WIN__Q2_WIN__Q3_WIN,Q1_WIN__Q2_WIN__Q3_WIN__Q3_LEAD_8+,True,True,38.0,0.9997953772544861,-488604.22371103993
2020,2020_09_NYG_WAS,WAS,NYG,NYG,WAS,away,away dog,3.0,3.0,<=3,10.0,17.0,13.0,3,WIN,WIN,WIN,WIN,8+,8+,8+,Q1_WIN__Q2_WIN__Q3_WIN,Q1_WIN__Q2_WIN__Q3_WIN__Q3_LEAD_8+,True,True,6.0,0.9140383005142212,-1063.3087828439645
2020,2020_09_PIT_DAL,DAL,PIT,DAL,PIT,home,home dog,-14.0,14.0,7.5+,3.0,4.0,10.0,-5,WIN,WIN,WIN,LOST,1-3,4-7,8+,Q1_WIN__Q2_WIN__Q3_WIN,Q1_WIN__Q2_WIN__Q3_WIN__Q3_LEAD_8+,False,True,9.0,0.799984335899353,-399.96084281519296
2020,2020_09_SEA_BUF,BUF,SEA,BUF,SEA,home,home dog,-3.0,3.0,<=3,14.0,14.0,7.0,10,WIN,WIN,WIN,WIN,8+,8+,4-7,Q1_WIN__Q2_WIN__Q3_WIN,Q1_WIN__Q2_WIN__Q3_WIN__Q3_LEAD_4-7,True,True,13.0,0.8705062866210938,-672.2382607671007
2020,2020_10_BAL_NE,NE,BAL,NE,BAL,home,home dog,-7.0,7.0,3.5-7,0.0,3.0,6.0,6,TIE,WIN,WIN,WIN,not_leading,1-3,4-7,Q1_TIE__Q2_WIN__Q3_WIN,Q1_TIE__Q2_WIN__Q3_WIN__Q3_LEAD_4-7,True,True,13.0,0.7869603037834167,-369.39608803392525
2020,2020_10_BUF_ARI,ARI,BUF,BUF,ARI,away,away dog,3.0,3.0,<=3,4.0,7.0,-3.0,-2,WIN,WIN,LOST,LOST,4-7,4-7,not_leading,Q1_WIN__Q2_WIN__Q3_LOST,Q1_WIN__Q2_WIN__Q3_LOST__Q3_LEAD_not_leading,False,True,1.0,0.36314865946769714,175.36932160669375
2020,2020_10_CIN_PIT,PIT,CIN,CIN,PIT,away,away dog,6.5,6.5,3.5-7,-12.0,-15.0,-22.0,-26,LOST,LOST,LOST,LOST,not_leading,not_leading,not_leading,Q1_LOST__Q2_LOST__Q3_LOST,Q1_LOST__Q2_LOST__Q3_LOST__Q3_LEAD_not_leading,False,False,-19.5,0.0007318854331970215,136533.40662920434
2020,2020_10_DEN_LV,LV,DEN,DEN,LV,away,away dog,3.5,3.5,3.5-7,-4.0,-4.0,-14.0,-25,LOST,LOST,LOST,LOST,not_leading,not_leading,not_leading,Q1_LOST__Q2_LOST__Q3_LOST,Q1_LOST__Q2_LOST__Q3_LOST__Q3_LEAD_not_leading,False,False,-21.5,0.06396132707595825,1463.4447340538052
2020,2020_10_HOU_CLE,CLE,HOU,HOU,CLE,away,away dog,4.5,4.5,3.5-7,-3.0,-3.0,-3.0,-3,LOST,LOST,LOST,LOST,not_leading,not_leading,not_leading,Q1_LOST__Q2_LOST__Q3_LOST,Q1_LOST__Q2_LOST__Q3_LOST__Q3_LEAD_not_leading,False,True,1.5,0.20194214582443237,395.19133111985235
2020,2020_10_IND_TEN,TEN,IND,TEN,IND,home,home dog,-1.0,1.0,<=3,4.0,4.0,-10.0,-17,WIN,WIN,LOST,LOST,4-7,4-7,not_leading,Q1_WIN__Q2_WIN__Q3_LOST,Q1_WIN__Q2_WIN__Q3_LOST__Q3_LEAD_not_leading,False,False,-16.0,0.20011529326438904,399.711932900009
2020,2020_10_JAX_GB,GB,JAX,JAX,GB,away,away dog,13.5,13.5,7.5+,3.0,-7.0,0.0,-4,WIN,LOST,TIE,LOST,1-3,not_leading,not_leading,Q1_WIN__Q2_LOST__Q3_TIE,Q1_WIN__Q2_LOST__Q3_TIE__Q3_LEAD_not_leading,False,True,9.5,0.5634384751319885,-129.06278795465005
2020,2020_10_LAC_MIA,MIA,LAC,LAC,MIA,away,away dog,1.0,1.0,<=3,-14.0,-10.0,-6.0,-8,LOST,LOST,LOST,LOST,not_leading,not_leading,not_leading,Q1_LOST__Q2_LOST__Q3_LOST,Q1_LOST__Q2_LOST__Q3_LOST__Q3_LEAD_not_leading,False,False,-7.0,0.22295787930488586,348.5152097417201
2020,2020_10_MIN_CHI,CHI,MIN,CHI,MIN,home,home dog,-3.5,3.5,3.5-7,-4.0,-1.0,0.0,-6,LOST,LOST,TIE,LOST,not_leading,not_leading,not_leading,Q1_LOST__Q2_LOST__Q3_TIE,Q1_LOST__Q2_LOST__Q3_TIE__Q3_LEAD_not_leading,False,False,-2.5,0.4435972571372986,125.42970767073255
2020,2020_10_PHI_NYG,NYG,PHI,NYG,PHI,home,home dog,-4.5,4.5,3.5-7,4.0,11.0,4.0,10,WIN,WIN,WIN,WIN,4-7,8+,4-7,Q1_WIN__Q2_WIN__Q3_WIN,Q1_WIN__Q2_WIN__Q3_WIN__Q3_LEAD_4-7,True,True,14.5,0.7774761319160461,-349.38999515446125
2020,2020_10_SEA_LA,LA,SEA,SEA,LA,away,away dog,3.0,3.0,<=3,-3.0,-4.0,-10.0,-7,LOST,LOST,LOST,LOST,not_leading,not_leading,not_leading,Q1_LOST__Q2_LOST__Q3_LOST,Q1_LOST__Q2_LOST__Q3_LOST__Q3_LEAD_not_leading,False,False,-4.0,0.15274740755558014,554.6755954834326
2020,2020_10_SF_NO,NO,SF,SF,NO,away,away dog,9.5,9.5,7.5+,7.0,-7.0,-7.0,-14,WIN,LOST,LOST,LOST,4-7,not_leading,not_leading,Q1_WIN__Q2_LOST__Q3_LOST,Q1_WIN__Q2_LOST__Q3_LOST__Q3_LEAD_not_leading,False,False,-4.5,0.10757791996002197,829.5587796934717
2020,2020_10_TB_CAR,CAR,TB,CAR,TB,home,home dog,-6.0,6.0,3.5-7,7.0,0.0,-12.0,-23,WIN,TIE,LOST,LOST,4-7,not_leading,not_leading,Q1_WIN__Q2_TIE__Q3_LOST,Q1_WIN__Q2_TIE__Q3_LOST__Q3_LEAD_not_leading,False,False,-17.0,0.07577651739120483,1219.670043474533
2020,2020_10_WAS_DET,DET,WAS,WAS,DET,away,away dog,2.5,2.5,<=3,-4.0,-14.0,-14.0,-3,LOST,LOST,LOST,LOST,not_leading,not_leading,not_leading,Q1_LOST__Q2_LOST__Q3_LOST,Q1_LOST__Q2_LOST__Q3_LOST__Q3_LEAD_not_leading,False,False,-0.5,0.07812736928462982,1179.9611828178276
2020,2020_11_ARI_SEA,SEA,ARI,ARI,SEA,away,away dog,3.0,3.0,<=3,-7.0,-9.0,-9.0,-7,LOST,LOST,LOST,LOST,not_leading,not_leading,not_leading,Q1_LOST__Q2_LOST__Q3_LOST,Q1_LOST__Q2_LOST__Q3_LOST__Q3_LEAD_not_leading,False,False,-4.0,0.2607172429561615,283.55729320447966
2020,2020_11_ATL_NO,NO,ATL,ATL,NO,away,away dog,3.5,3.5,3.5-7,0.0,-1.0,-8.0,-15,TIE,LOST,LOST,LOST,not_leading,not_leading,not_leading,Q1_TIE__Q2_LOST__Q3_LOST,Q1_TIE__Q2_LOST__Q3_LOST__Q3_LEAD_not_leading,False,False,-11.5,0.1041860580444336,859.8213223246405
2020,2020_11_CIN_WAS,WAS,CIN,CIN,WAS,away,away dog,2.0,2.0,<=3,-7.0,2.0,-8.0,-11,LOST,WIN,LOST,LOST,not_leading,1-3,not_leading,Q1_LOST__Q2_WIN__Q3_LOST,Q1_LOST__Q2_WIN__Q3_LOST__Q3_LEAD_not_leading,False,False,-9.0,0.14225506782531738,602.9626538352599
2020,2020_11_DAL_MIN,MIN,DAL,DAL,MIN,away,away dog,7.0,7.0,3.5-7,-1.0,9.0,2.0,3,LOST,WIN,WIN,WIN,not_leading,8+,1-3,Q1_LOST__Q2_WIN__Q3_WIN,Q1_LOST__Q2_WIN__Q3_WIN__Q3_LEAD_1-3,True,True,10.0,0.3218280076980591,210.72497609909882
2020,2020_11_DET_CAR,CAR,DET,CAR,DET,home,home dog,-3.0,3.0,<=3,7.0,7.0,17.0,20,WIN,WIN,WIN,WIN,4-7,4-7,8+,Q1_WIN__Q2_WIN__Q3_WIN,Q1_WIN__Q2_WIN__Q3_WIN__Q3_LEAD_8+,True,True,23.0,0.9541483521461487,-2080.94669833334
2020,2020_11_GB_IND,IND,GB,GB,IND,away,away dog,1.5,1.5,<=3,0.0,14.0,3.0,-3,TIE,WIN,WIN,LOST,not_leading,8+,1-3,Q1_TIE__Q2_WIN__Q3_WIN,Q1_TIE__Q2_WIN__Q3_WIN__Q3_LEAD_1-3,False,False,-1.5,0.530272364616394,-112.88932663783851
2020,2020_11_KC_LV,LV,KC,LV,KC,home,home dog,-7.5,7.5,7.5+,7.0,3.0,-4.0,-4,WIN,WIN,LOST,LOST,4-7,1-3,not_leading,Q1_WIN__Q2_WIN__Q3_LOST,Q1_WIN__Q2_WIN__Q3_LOST__Q3_LEAD_not_leading,False,True,3.5,0.5837217569351196,-140.2239407559289
2020,2020_11_LA_TB,TB,LA,LA,TB,away,away dog,4.0,4.0,3.5-7,7.0,3.0,7.0,3,WIN,WIN,WIN,WIN,4-7,1-3,4-7,Q1_WIN__Q2_WIN__Q3_WIN,Q1_WIN__Q2_WIN__Q3_WIN__Q3_LEAD_4-7,True,True,7.0,0.825900137424469,-474.38299215552956
2020,2020_11_MIA_DEN,DEN,MIA,DEN,MIA,home,home dog,-4.0,4.0,3.5-7,0.0,3.0,10.0,7,TIE,WIN,WIN,WIN,not_leading,1-3,8+,Q1_TIE__Q2_WIN__Q3_WIN,Q1_TIE__Q2_WIN__Q3_WIN__Q3_LEAD_8+,True,True,11.0,0.8381739854812622,-517.9476167499696
2020,2020_11_NE_HOU,HOU,NE,HOU,NE,home,home dog,-2.5,2.5,<=3,0.0,11.0,7.0,7,TIE,WIN,WIN,WIN,not_leading,8+,4-7,Q1_TIE__Q2_WIN__Q3_WIN,Q1_TIE__Q2_WIN__Q3_WIN__Q3_LEAD_4-7,True,True,9.5,0.7573306560516357,-312.0833656734088
2020,2020_11_NYJ_LAC,LAC,NYJ,NYJ,LAC,away,away dog,10.0,10.0,7.5+,-1.0,-18.0,-12.0,-6,LOST,LOST,LOST,LOST,not_leading,not_leading,not_leading,Q1_LOST__Q2_LOST__Q3_LOST,Q1_LOST__Q2_LOST__Q3_LOST__Q3_LEAD_not_leading,False,True,4.0,0.08219212293624878,1116.66160244533
2020,2020_11_PHI_CLE,CLE,PHI,PHI,CLE,away,away dog,2.5,2.5,<=3,0.0,-7.0,-5.0,-5,TIE,LOST,LOST,LOST,not_leading,not_leading,not_leading,Q1_TIE__Q2_LOST__Q3_LOST,Q1_TIE__Q2_LOST__Q3_LOST__Q3_LEAD_not_leading,False,False,-2.5,0.16196292638778687,517.4252480507212
2020,2020_11_PIT_JAX,JAX,PIT,JAX,PIT,home,home dog,-11.0,11.0,7.5+,3.0,-14.0,-14.0,-24,WIN,LOST,LOST,LOST,1-3,not_leading,not_leading,Q1_WIN__Q2_LOST__Q3_LOST,Q1_WIN__Q2_LOST__Q3_LOST__Q3_LEAD_not_leading,False,False,-13.0,0.0797680988907814,1153.6339889072717
2020,2020_11_TEN_BAL,BAL,TEN,TEN,BAL,away,away dog,6.0,6.0,3.5-7,4.0,-7.0,-8.0,6,WIN,LOST,LOST,WIN,4-7,not_leading,not_leading,Q1_WIN__Q2_LOST__Q3_LOST,Q1_WIN__Q2_LOST__Q3_LOST__Q3_LEAD_not_leading,True,True,12.0,0.15566770732402802,542.3939924280271
2020,2020_12_ARI_NE,NE,ARI,NE,ARI,home,home dog,-1.0,1.0,<=3,-10.0,-3.0,7.0,3,LOST,LOST,WIN,WIN,not_leading,not_leading,4-7,Q1_LOST__Q2_LOST__Q3_WIN,Q1_LOST__Q2_LOST__Q3_WIN__Q3_LEAD_4-7,True,True,4.0,0.822547435760498,-463.53088177995136
2020,2020_12_BAL_PIT,PIT,BAL,BAL,PIT,away,away dog,10.5,10.5,7.5+,1.0,-5.0,-5.0,-5,WIN,LOST,LOST,LOST,1-3,not_leading,not_leading,Q1_WIN__Q2_LOST__Q3_LOST,Q1_WIN__Q2_LOST__Q3_LOST__Q3_LEAD_not_leading,False,True,5.5,0.15826880931854248,531.8364334107882
2020,2020_12_CAR_MIN,MIN,CAR,CAR,MIN,away,away dog,3.0,3.0,<=3,-7.0,-3.0,11.0,-1,LOST,LOST,WIN,LOST,not_leading,not_leading,8+,Q1_LOST__Q2_LOST__Q3_WIN,Q1_LOST__Q2_LOST__Q3_WIN__Q3_LEAD_8+,False,True,2.0,0.7600913047790527,-316.82524223602485
2020,2020_12_CHI_GB,GB,CHI,CHI,GB,away,away dog,7.5,7.5,7.5+,-3.0,-17.0,-31.0,-16,LOST,LOST,LOST,LOST,not_leading,not_leading,not_leading,Q1_LOST__Q2_LOST__Q3_LOST,Q1_LOST__Q2_LOST__Q3_LOST__Q3_LEAD_not_leading,False,False,-8.5,0.0004073724849149585,245375.58733839283
2020,2020_12_CLE_JAX,JAX,CLE,JAX,CLE,home,home dog,-7.5,7.5,7.5+,-4.0,-4.0,-1.0,-2,LOST,LOST,LOST,LOST,not_leading,not_leading,not_leading,Q1_LOST__Q2_LOST__Q3_LOST,Q1_LOST__Q2_LOST__Q3_LOST__Q3_LEAD_not_leading,False,True,5.5,0.28207308053970337,254.51805542260684
2020,2020_12_HOU_DET,DET,HOU,DET,HOU,home,home dog,-3.0,3.0,<=3,-6.0,-9.0,-9.0,-16,LOST,LOST,LOST,LOST,not_leading,not_leading,not_leading,Q1_LOST__Q2_LOST__Q3_LOST,Q1_LOST__Q2_LOST__Q3_LOST__Q3_LEAD_not_leading,False,False,-13.0,0.14419156312942505,593.5218526637436
2020,2020_12_KC_TB,TB,KC,TB,KC,home,home dog,-3.5,3.5,3.5-7,-17.0,-13.0,-17.0,-3,LOST,LOST,LOST,LOST,not_leading,not_leading,not_leading,Q1_LOST__Q2_LOST__Q3_LOST,Q1_LOST__Q2_LOST__Q3_LOST__Q3_LEAD_not_leading,False,True,0.5,0.04439898952841759,2152.3035110065957
2020,2020_12_LAC_BUF,BUF,LAC,LAC,BUF,away,away dog,4.5,4.5,3.5-7,-1.0,-11.0,-10.0,-10,LOST,LOST,LOST,LOST,not_leading,not_leading,not_leading,Q1_LOST__Q2_LOST__Q3_LOST,Q1_LOST__Q2_LOST__Q3_LOST__Q3_LEAD_not_leading,False,False,-5.5,0.18284624814987183,446.90758498929637
2020,2020_12_LV_ATL,ATL,LV,ATL,LV,home,home dog,-3.5,3.5,3.5-7,6.0,13.0,24.0,37,WIN,WIN,WIN,WIN,4-7,8+,8+,Q1_WIN__Q2_WIN__Q3_WIN,Q1_WIN__Q2_WIN__Q3_WIN__Q3_LEAD_8+,True,True,40.5,0.9990909099578857,-109900.10490427485
2020,2020_12_MIA_NYJ,NYJ,MIA,NYJ,MIA,home,home dog,-7.5,7.5,7.5+,0.0,-10.0,-10.0,-17,TIE,LOST,LOST,LOST,not_leading,not_leading,not_leading,Q1_TIE__Q2_LOST__Q3_LOST,Q1_TIE__Q2_LOST__Q3_LOST__Q3_LEAD_not_leading,False,False,-9.5,0.2741522490978241,264.76082297000454
2020,2020_12_NO_DEN,DEN,NO,DEN,NO,home,home dog,-17.0,17.0,7.5+,0.0,-17.0,-21.0,-28,TIE,LOST,LOST,LOST,not_leading,not_leading,not_leading,Q1_TIE__Q2_LOST__Q3_LOST,Q1_TIE__Q2_LOST__Q3_LOST__Q3_LEAD_not_leading,False,False,-11.0,0.019892558455467224,4927.005461558226
2020,2020_12_NYG_CIN,CIN,NYG,CIN,NYG,home,home dog,-6.5,6.5,3.5-7,0.0,0.0,-3.0,-2,TIE,TIE,LOST,LOST,not_leading,not_leading,not_leading,Q1_TIE__Q2_TIE__Q3_LOST,Q1_TIE__Q2_TIE__Q3_LOST__Q3_LEAD_not_leading,False,True,4.5,0.2915225625038147,243.02662250607602
2020,2020_12_SEA_PHI,PHI,SEA,PHI,SEA,home,home dog,-6.5,6.5,3.5-7,0.0,-8.0,-8.0,-6,TIE,LOST,LOST,LOST,not_leading,not_leading,not_leading,Q1_TIE__Q2_LOST__Q3_LOST,Q1_TIE__Q2_LOST__Q3_LOST__Q3_LEAD_not_leading,False,True,0.5,0.18961457908153534,427.3856076066779
2020,2020_12_SF_LA,LA,SF,SF,LA,away,away dog,5.0,5.0,3.5-7,4.0,4.0,4.0,3,WIN,WIN,WIN,WIN,4-7,4-7,4-7,Q1_WIN__Q2_WIN__Q3_WIN,Q1_WIN__Q2_WIN__Q3_WIN__Q3_LEAD_4-7,True,True,8.0,0.4151232838630676,140.8922936565176
2020,2020_12_TEN_IND,IND,TEN,TEN,IND,away,away dog,3.0,3.0,<=3,7.0,21.0,24.0,19,WIN,WIN,WIN,WIN,4-7,8+,8+,Q1_WIN__Q2_WIN__Q3_WIN,Q1_WIN__Q2_WIN__Q3_WIN__Q3_LEAD_8+,True,True,22.0,0.9951515793800354,-20525.273225723173
2020,2020_12_WAS_DAL,DAL,WAS,WAS,DAL,away,away dog,2.5,2.5,<=3,4.0,4.0,4.0,25,WIN,WIN,WIN,WIN,4-7,4-7,4-7,Q1_WIN__Q2_WIN__Q3_WIN,Q1_WIN__Q2_WIN__Q3_WIN__Q3_LEAD_4-7,True,True,27.5,0.6635257601737976,-197.1995718057126
2020,2020_13_BUF_SF,SF,BUF,BUF,SF,away,away dog,1.5,1.5,<=3,-7.0,10.0,10.0,10,LOST,WIN,WIN,WIN,not_leading,8+,8+,Q1_LOST__Q2_WIN__Q3_WIN,Q1_LOST__Q2_WIN__Q3_WIN__Q3_LEAD_8+,True,True,11.5,0.9032721519470215,-933.828437341326
2020,2020_13_CIN_MIA,MIA,CIN,CIN,MIA,away,away dog,10.5,10.5,7.5+,7.0,1.0,-9.0,-12,WIN,WIN,LOST,LOST,4-7,1-3,not_leading,Q1_WIN__Q2_WIN__Q3_LOST,Q1_WIN__Q2_WIN__Q3_LOST__Q3_LEAD_not_leading,False,False,-1.5,0.06156790256500244,1524.2229446491465
2020,2020_13_CLE_TEN,TEN,CLE,CLE,TEN,away,away dog,4.0,4.0,3.5-7,10.0,31.0,20.0,6,WIN,WIN,WIN,WIN,8+,8+,8+,Q1_WIN__Q2_WIN__Q3_WIN,Q1_WIN__Q2_WIN__Q3_WIN__Q3_LEAD_8+,True,True,10.0,0.9853288531303406,-6716.099715203887
2020,2020_13_DAL_BAL,BAL,DAL,DAL,BAL,away,away dog,8.5,8.5,7.5+,-4.0,-7.0,-14.0,-17,LOST,LOST,LOST,LOST,not_leading,not_leading,not_leading,Q1_LOST__Q2_LOST__Q3_LOST,Q1_LOST__Q2_LOST__Q3_LOST__Q3_LEAD_not_leading,False,False,-8.5,0.09224793314933777,984.0351277910218
2020,2020_13_DEN_KC,KC,DEN,DEN,KC,away,away dog,13.0,13.0,7.5+,0.0,1.0,-3.0,-6,TIE,WIN,LOST,LOST,not_leading,1-3,not_leading,Q1_TIE__Q2_WIN__Q3_LOST,Q1_TIE__Q2_WIN__Q3_LOST__Q3_LEAD_not_leading,False,True,7.0,0.3743251860141754,167.14739947050498
2020,2020_13_DET_CHI,CHI,DET,DET,CHI,away,away dog,3.0,3.0,<=3,-3.0,-10.0,-3.0,4,LOST,LOST,LOST,WIN,not_leading,not_leading,not_leading,Q1_LOST__Q2_LOST__Q3_LOST,Q1_LOST__Q2_LOST__Q3_LOST__Q3_LEAD_not_leading,True,True,7.0,0.2691975235939026,271.4744425021339
2020,2020_13_IND_HOU,HOU,IND,HOU,IND,home,home dog,-3.5,3.5,3.5-7,-4.0,-4.0,-4.0,-6,LOST,LOST,LOST,LOST,not_leading,not_leading,not_leading,Q1_LOST__Q2_LOST__Q3_LOST,Q1_LOST__Q2_LOST__Q3_LOST__Q3_LEAD_not_leading,False,False,-2.5,0.31427162885665894,218.19607886275526
2020,2020_13_JAX_MIN,MIN,JAX,JAX,MIN,away,away dog,10.5,10.5,7.5+,9.0,3.0,-3.0,-3,WIN,WIN,LOST,LOST,8+,1-3,not_leading,Q1_WIN__Q2_WIN__Q3_LOST,Q1_WIN__Q2_WIN__Q3_LOST__Q3_LEAD_not_leading,False,True,7.5,0.14542526006698608,587.6384470891632
2020,2020_13_LA_ARI,ARI,LA,ARI,LA,home,home dog,-2.5,2.5,<=3,7.0,-7.0,-3.0,-10,WIN,LOST,LOST,LOST,4-7,not_leading,not_leading,Q1_WIN__Q2_LOST__Q3_LOST,Q1_WIN__Q2_LOST__Q3_LOST__Q3_LEAD_not_leading,False,False,-7.5,0.22865331172943115,337.3433266443632
2020,2020_13_LV_NYJ,NYJ,LV,NYJ,LV,home,home dog,-7.5,7.5,7.5+,0.0,-4.0,-11.0,-3,TIE,LOST,LOST,LOST,not_leading,not_leading,not_leading,Q1_TIE__Q2_LOST__Q3_LOST,Q1_TIE__Q2_LOST__Q3_LOST__Q3_LEAD_not_leading,False,True,4.5,0.11936965584754944,737.7338385536857
2020,2020_13_NE_LAC,LAC,NE,NE,LAC,away,away dog,2.5,2.5,<=3,7.0,28.0,35.0,45,WIN,WIN,WIN,WIN,4-7,8+,8+,Q1_WIN__Q2_WIN__Q3_WIN,Q1_WIN__Q2_WIN__Q3_WIN__Q3_LEAD_8+,True,True,47.5,0.9998471736907959,-654237.5975039002
2020,2020_13_NO_ATL,ATL,NO,ATL,NO,home,home dog,-2.5,2.5,<=3,-4.0,-5.0,-12.0,-5,LOST,LOST,LOST,LOST,not_leading,not_leading,not_leading,Q1_LOST__Q2_LOST__Q3_LOST,Q1_LOST__Q2_LOST__Q3_LOST__Q3_LEAD_not_leading,False,False,-2.5,0.07334750890731812,1263.3728191963542
2020,2020_13_NYG_SEA,SEA,NYG,NYG,SEA,away,away dog,11.0,11.0,7.5+,-3.0,-5.0,9.0,5,LOST,LOST,WIN,WIN,not_leading,not_leading,8+,Q1_LOST__Q2_LOST__Q3_WIN,Q1_LOST__Q2_LOST__Q3_WIN__Q3_LEAD_8+,True,True,16.0,0.8514713644981384,-573.270845464319
2020,2020_13_PHI_GB,GB,PHI,PHI,GB,away,away dog,8.0,8.0,7.5+,3.0,-11.0,-17.0,-14,WIN,LOST,LOST,LOST,1-3,not_leading,not_leading,Q1_WIN__Q2_LOST__Q3_LOST,Q1_WIN__Q2_LOST__Q3_LOST__Q3_LEAD_not_leading,False,False,-6.0,0.014634370803833008,6733.228523484466
2020,2020_13_WAS_PIT,PIT,WAS,WAS,PIT,away,away dog,5.5,5.5,3.5-7,0.0,-11.0,-4.0,6,TIE,LOST,LOST,WIN,not_leading,not_leading,not_leading,Q1_TIE__Q2_LOST__Q3_LOST,Q1_TIE__Q2_LOST__Q3_LOST__Q3_LEAD_not_leading,True,True,11.5,0.21498769521713257,365.14289991807357
2020,2020_14_ARI_NYG,NYG,ARI,NYG,ARI,home,home dog,-3.0,3.0,<=3,-3.0,-13.0,-13.0,-19,LOST,LOST,LOST,LOST,not_leading,not_leading,not_leading,Q1_LOST__Q2_LOST__Q3_LOST,Q1_LOST__Q2_LOST__Q3_LOST__Q3_LEAD_not_leading,False,False,-16.0,0.03613930940628052,2667.0700310233756
2020,2020_14_ATL_LAC,LAC,ATL,ATL,LAC,away,away dog,1.0,1.0,<=3,0.0,7.0,0.0,-3,TIE,WIN,TIE,LOST,not_leading,4-7,not_leading,Q1_TIE__Q2_WIN__Q3_TIE,Q1_TIE__Q2_WIN__Q3_TIE__Q3_LEAD_not_leading,False,False,-2.0,0.4979741871356964,100.81362163607551
2020,2020_14_BAL_CLE,CLE,BAL,CLE,BAL,home,home dog,-3.0,3.0,<=3,0.0,-7.0,-14.0,-5,TIE,LOST,LOST,LOST,not_leading,not_leading,not_leading,Q1_TIE__Q2_LOST__Q3_LOST,Q1_TIE__Q2_LOST__Q3_LOST__Q3_LEAD_not_leading,False,False,-2.0,0.13293272256851196,652.260226585378
2020,2020_14_DAL_CIN,CIN,DAL,CIN,DAL,home,home dog,-3.0,3.0,<=3,-10.0,-10.0,-13.0,-23,LOST,LOST,LOST,LOST,not_leading,not_leading,not_leading,Q1_LOST__Q2_LOST__Q3_LOST,Q1_LOST__Q2_LOST__Q3_LOST__Q3_LEAD_not_leading,False,False,-20.0,0.051043033599853516,1859.1312065019385
2020,2020_14_DEN_CAR,CAR,DEN,DEN,CAR,away,away dog,4.0,4.0,3.5-7,6.0,6.0,15.0,5,WIN,WIN,WIN,WIN,4-7,4-7,8+,Q1_WIN__Q2_WIN__Q3_WIN,Q1_WIN__Q2_WIN__Q3_WIN__Q3_LEAD_8+,True,True,9.0,0.8774697780609131,-716.1251846072123
2020,2020_14_GB_DET,DET,GB,DET,GB,home,home dog,-9.5,9.5,7.5+,0.0,0.0,-7.0,-7,TIE,TIE,LOST,LOST,not_leading,not_leading,not_leading,Q1_TIE__Q2_TIE__Q3_LOST,Q1_TIE__Q2_TIE__Q3_LOST__Q3_LEAD_not_leading,False,True,2.5,0.13282686471939087,652.8597487508217
2020,2020_14_HOU_CHI,CHI,HOU,CHI,HOU,home,home dog,-1.0,1.0,<=3,7.0,23.0,26.0,29,WIN,WIN,WIN,WIN,4-7,8+,8+,Q1_WIN__Q2_WIN__Q3_WIN,Q1_WIN__Q2_WIN__Q3_WIN__Q3_LEAD_8+,True,True,30.0,0.9996806383132935,-313024.5987308697
2020,2020_14_IND_LV,LV,IND,LV,IND,home,home dog,-2.5,2.5,<=3,-3.0,-6.0,-7.0,-17,LOST,LOST,LOST,LOST,not_leading,not_leading,not_leading,Q1_LOST__Q2_LOST__Q3_LOST,Q1_LOST__Q2_LOST__Q3_LOST__Q3_LEAD_not_leading,False,False,-14.5,0.2179861068725586,358.7448321119983
2020,2020_14_KC_MIA,MIA,KC,MIA,KC,home,home dog,-7.5,7.5,7.5+,7.0,-4.0,-20.0,-6,WIN,LOST,LOST,LOST,4-7,not_leading,not_leading,Q1_WIN__Q2_LOST__Q3_LOST,Q1_WIN__Q2_LOST__Q3_LOST__Q3_LEAD_not_leading,False,True,1.5,0.010056376457214355,9843.939591507722
2020,2020_14_MIN_TB,TB,MIN,MIN,TB,away,away dog,7.0,7.0,3.5-7,0.0,-11.0,-9.0,-12,TIE,LOST,LOST,LOST,not_leading,not_leading,not_leading,Q1_TIE__Q2_LOST__Q3_LOST,Q1_TIE__Q2_LOST__Q3_LOST__Q3_LEAD_not_leading,False,False,-5.0,0.1741904318332672,474.08434520512975
2020,2020_14_NE_LA,LA,NE,NE,LA,away,away dog,5.0,5.0,3.5-7,-10.0,-14.0,-21.0,-21,LOST,LOST,LOST,LOST,not_leading,not_leading,not_leading,Q1_LOST__Q2_LOST__Q3_LOST,Q1_LOST__Q2_LOST__Q3_LOST__Q3_LEAD_not_leading,False,False,-16.0,0.012974867597222328,7607.207742251497
2020,2020_14_NO_PHI,PHI,NO,PHI,NO,home,home dog,-7.5,7.5,7.5+,0.0,17.0,3.0,3,TIE,WIN,WIN,WIN,not_leading,8+,1-3,Q1_TIE__Q2_WIN__Q3_WIN,Q1_TIE__Q2_WIN__Q3_WIN__Q3_LEAD_1-3,True,True,10.5,0.724541425704956,-263.0309938832759
2020,2020_14_NYJ_SEA,SEA,NYJ,NYJ,SEA,away,away dog,16.5,16.5,7.5+,-4.0,-20.0,-34.0,-37,LOST,LOST,LOST,LOST,not_leading,not_leading,not_leading,Q1_LOST__Q2_LOST__Q3_LOST,Q1_LOST__Q2_LOST__Q3_LOST__Q3_LEAD_not_leading,False,False,-20.5,8.64267349243164e-05,1156949.3793103448
2020,2020_14_PIT_BUF,BUF,PIT,PIT,BUF,away,away dog,2.0,2.0,<=3,0.0,-2.0,-16.0,-11,TIE,LOST,LOST,LOST,not_leading,not_leading,not_leading,Q1_TIE__Q2_LOST__Q3_LOST,Q1_TIE__Q2_LOST__Q3_LOST__Q3_LEAD_not_leading,False,False,-9.0,0.060951318591833115,1540.6535955302372
2020,2020_14_TEN_JAX,JAX,TEN,JAX,TEN,home,home dog,-7.5,7.5,7.5+,-7.0,-14.0,-21.0,-21,LOST,LOST,LOST,LOST,not_leading,not_leading,not_leading,Q1_LOST__Q2_LOST__Q3_LOST,Q1_LOST__Q2_LOST__Q3_LOST__Q3_LEAD_not_leading,False,False,-13.5,0.021732568740844727,4501.388873651992
2020,2020_14_WAS_SF,SF,WAS,WAS,SF,away,away dog,3.0,3.0,<=3,-7.0,6.0,16.0,8,LOST,WIN,WIN,WIN,not_leading,4-7,8+,Q1_LOST__Q2_WIN__Q3_WIN,Q1_LOST__Q2_WIN__Q3_WIN__Q3_LEAD_8+,True,True,11.0,0.9457681179046631,-1743.9337920119578
2020,2020_15_BUF_DEN,DEN,BUF,DEN,BUF,home,home dog,-5.5,5.5,3.5-7,-7.0,-8.0,-25.0,-29,LOST,LOST,LOST,LOST,not_leading,not_leading,not_leading,Q1_LOST__Q2_LOST__Q3_LOST,Q1_LOST__Q2_LOST__Q3_LOST__Q3_LEAD_not_leading,False,False,-23.5,0.0056715053506195545,17532.003113437248
2020,2020_15_CAR_GB,GB,CAR,CAR,GB,away,away dog,9.5,9.5,7.5+,-4.0,-18.0,-11.0,-8,LOST,LOST,LOST,LOST,not_leading,not_leading,not_leading,Q1_LOST__Q2_LOST__Q3_LOST,Q1_LOST__Q2_LOST__Q3_LOST__Q3_LEAD_not_leading,False,True,1.5,0.13956007361412048,616.5373119284608
2020,2020_15_CHI_MIN,MIN,CHI,CHI,MIN,away,away dog,2.5,2.5,<=3,3.0,10.0,7.0,6,WIN,WIN,WIN,WIN,1-3,8+,4-7,Q1_WIN__Q2_WIN__Q3_WIN,Q1_WIN__Q2_WIN__Q3_WIN__Q3_LEAD_4-7,True,True,8.5,0.8500162363052368,-566.7388358350124
2020,2020_15_CLE_NYG,NYG,CLE,NYG,CLE,home,home dog,-6.0,6.0,3.5-7,3.0,-10.0,-10.0,-14,WIN,LOST,LOST,LOST,1-3,not_leading,not_leading,Q1_WIN__Q2_LOST__Q3_LOST,Q1_WIN__Q2_LOST__Q3_LOST__Q3_LEAD_not_leading,False,False,-8.0,0.07989847660064697,1151.5883187588868
2020,2020_15_DET_TEN,TEN,DET,DET,TEN,away,away dog,9.5,9.5,7.5+,-7.0,-9.0,-6.0,-21,LOST,LOST,LOST,LOST,not_leading,not_leading,not_leading,Q1_LOST__Q2_LOST__Q3_LOST,Q1_LOST__Q2_LOST__Q3_LOST__Q3_LEAD_not_leading,False,False,-11.5,0.14790529012680054,576.1083387502171
2020,2020_15_HOU_IND,IND,HOU,HOU,IND,away,away dog,7.5,7.5,7.5+,-14.0,-4.0,-4.0,-7,LOST,LOST,LOST,LOST,not_leading,not_leading,not_leading,Q1_LOST__Q2_LOST__Q3_LOST,Q1_LOST__Q2_LOST__Q3_LOST__Q3_LEAD_not_leading,False,True,0.5,0.1924106478691101,419.72175712451383
2020,2020_15_JAX_BAL,BAL,JAX,JAX,BAL,away,away dog,13.0,13.0,7.5+,-9.0,-26.0,-26.0,-26,LOST,LOST,LOST,LOST,not_leading,not_leading,not_leading,Q1_LOST__Q2_LOST__Q3_LOST,Q1_LOST__Q2_LOST__Q3_LOST__Q3_LEAD_not_leading,False,False,-13.0,0.00032782554626464844,304940.2909090909
2020,2020_15_KC_NO,NO,KC,NO,KC,home,home dog,-2.5,2.5,<=3,-7.0,-5.0,-6.0,-3,LOST,LOST,LOST,LOST,not_leading,not_leading,not_leading,Q1_LOST__Q2_LOST__Q3_LOST,Q1_LOST__Q2_LOST__Q3_LOST__Q3_LEAD_not_leading,False,False,-0.5,0.1581040620803833,532.4948181859994
2020,2020_15_LAC_LV,LV,LAC,LAC,LV,away,away dog,3.5,3.5,3.5-7,4.0,7.0,7.0,3,WIN,WIN,WIN,WIN,4-7,4-7,4-7,Q1_WIN__Q2_WIN__Q3_WIN,Q1_WIN__Q2_WIN__Q3_WIN__Q3_LEAD_4-7,True,True,6.5,0.8001426458358765,-400.3568691191602
2020,2020_15_NE_MIA,MIA,NE,MIA,NE,home,home dog,-1.5,1.5,<=3,0.0,-6.0,-2.0,10,TIE,LOST,LOST,WIN,not_leading,not_leading,not_leading,Q1_TIE__Q2_LOST__Q3_LOST,Q1_TIE__Q2_LOST__Q3_LOST__Q3_LEAD_not_leading,True,True,11.5,0.6090941429138184,-155.8160697447758
2020,2020_15_NYJ_LA,LA,NYJ,NYJ,LA,away,away dog,17.5,17.5,7.5+,7.0,10.0,13.0,3,WIN,WIN,WIN,WIN,4-7,8+,8+,Q1_WIN__Q2_WIN__Q3_WIN,Q1_WIN__Q2_WIN__Q3_WIN__Q3_LEAD_8+,True,True,20.5,0.8443243503570557,-542.3612185294149
2020,2020_15_PHI_ARI,ARI,PHI,PHI,ARI,away,away dog,6.5,6.5,3.5-7,-16.0,-6.0,0.0,-7,LOST,LOST,TIE,LOST,not_leading,not_leading,not_leading,Q1_LOST__Q2_LOST__Q3_TIE,Q1_LOST__Q2_LOST__Q3_TIE__Q3_LEAD_not_leading,False,False,-0.5,0.44041913747787476,127.05643667680921
2020,2020_15_PIT_CIN,CIN,PIT,CIN,PIT,home,home dog,-14.5,14.5,7.5+,3.0,17.0,7.0,10,WIN,WIN,WIN,WIN,1-3,8+,4-7,Q1_WIN__Q2_WIN__Q3_WIN,Q1_WIN__Q2_WIN__Q3_WIN__Q3_LEAD_4-7,True,True,24.5,0.8582152724266052,-605.294580816083
2020,2020_15_SEA_WAS,WAS,SEA,WAS,SEA,home,home dog,-6.0,6.0,3.5-7,-3.0,-10.0,-17.0,-5,LOST,LOST,LOST,LOST,not_leading,not_leading,not_leading,Q1_LOST__Q2_LOST__Q3_LOST,Q1_LOST__Q2_LOST__Q3_LOST__Q3_LEAD_not_leading,False,True,1.0,0.06186750531196594,1516.3573995064378
2020,2020_15_SF_DAL,DAL,SF,DAL,SF,home,home dog,-4.0,4.0,3.5-7,7.0,3.0,0.0,8,WIN,WIN,TIE,WIN,4-7,1-3,not_leading,Q1_WIN__Q2_WIN__Q3_TIE,Q1_WIN__Q2_WIN__Q3_TIE__Q3_LEAD_not_leading,True,True,12.0,0.5545423030853271,-124.4882077302055
2020,2020_15_TB_ATL,ATL,TB,ATL,TB,home,home dog,-6.0,6.0,3.5-7,7.0,17.0,3.0,-4,WIN,WIN,WIN,LOST,4-7,8+,1-3,Q1_WIN__Q2_WIN__Q3_WIN,Q1_WIN__Q2_WIN__Q3_WIN__Q3_LEAD_1-3,False,True,2.0,0.6758416295051575,-208.49118548857905
2020,2020_16_ATL_KC,KC,ATL,ATL,KC,away,away dog,11.0,11.0,7.5+,0.0,0.0,0.0,-3,TIE,TIE,TIE,LOST,not_leading,not_leading,not_leading,Q1_TIE__Q2_TIE__Q3_TIE,Q1_TIE__Q2_TIE__Q3_TIE__Q3_LEAD_not_leading,False,True,8.0,0.341616690158844,192.72574461599717
2020,2020_16_BUF_NE,NE,BUF,NE,BUF,home,home dog,-7.0,7.0,3.5-7,0.0,-15.0,-22.0,-29,TIE,LOST,LOST,LOST,not_leading,not_leading,not_leading,Q1_TIE__Q2_LOST__Q3_LOST,Q1_TIE__Q2_LOST__Q3_LOST__Q3_LEAD_not_leading,False,False,-22.0,0.00103759765625,96276.4705882353
2020,2020_16_CAR_WAS,WAS,CAR,WAS,CAR,home,home dog,-1.0,1.0,<=3,-6.0,-17.0,-14.0,-7,LOST,LOST,LOST,LOST,not_leading,not_leading,not_leading,Q1_LOST__Q2_LOST__Q3_LOST,Q1_LOST__Q2_LOST__Q3_LOST__Q3_LEAD_not_leading,False,False,-6.0,0.039321303367614746,2443.1506953139447
2020,2020_16_CHI_JAX,JAX,CHI,JAX,CHI,home,home dog,-9.5,9.5,7.5+,-4.0,0.0,-24.0,-24,LOST,TIE,LOST,LOST,not_leading,not_leading,not_leading,Q1_LOST__Q2_TIE__Q3_LOST,Q1_LOST__Q2_TIE__Q3_LOST__Q3_LEAD_not_leading,False,False,-14.5,0.0005997419357299805,166638.3820314053
2020,2020_16_CIN_HOU,HOU,CIN,CIN,HOU,away,away dog,7.5,7.5,7.5+,4.0,0.0,0.0,6,WIN,TIE,TIE,WIN,4-7,not_leading,not_leading,Q1_WIN__Q2_TIE__Q3_TIE,Q1_WIN__Q2_TIE__Q3_TIE__Q3_LEAD_not_leading,True,True,13.5,0.46608299016952515,114.55406463906286
2020,2020_16_CLE_NYJ,NYJ,CLE,NYJ,CLE,home,home dog,-6.5,6.5,3.5-7,4.0,10.0,10.0,7,WIN,WIN,WIN,WIN,4-7,8+,8+,Q1_WIN__Q2_WIN__Q3_WIN,Q1_WIN__Q2_WIN__Q3_WIN__Q3_LEAD_8+,True,True,13.5,0.8194451332092285,-453.84826660962204
2020,2020_16_DEN_LAC,LAC,DEN,DEN,LAC,away,away dog,2.5,2.5,<=3,-3.0,-13.0,-10.0,-3,LOST,LOST,LOST,LOST,not_leading,not_leading,not_leading,Q1_LOST__Q2_LOST__Q3_LOST,Q1_LOST__Q2_LOST__Q3_LOST__Q3_LEAD_not_leading,False,False,-0.5,0.060076892375946045,1564.5335010710144
2020,2020_16_IND_PIT,PIT,IND,PIT,IND,home,home dog,-1.0,1.0,<=3,-7.0,-14.0,-10.0,4,LOST,LOST,LOST,WIN,not_leading,not_leading,not_leading,Q1_LOST__Q2_LOST__Q3_LOST,Q1_LOST__Q2_LOST__Q3_LOST__Q3_LEAD_not_leading,True,True,5.0,0.2594897150993347,285.3717283620247
2020,2020_16_LA_SEA,SEA,LA,LA,SEA,away,away dog,1.5,1.5,<=3,3.0,0.0,-7.0,-11,WIN,TIE,LOST,LOST,1-3,not_leading,not_leading,Q1_WIN__Q2_TIE__Q3_LOST,Q1_WIN__Q2_TIE__Q3_LOST__Q3_LEAD_not_leading,False,False,-9.5,0.2996463477611542,233.7267440339678
2020,2020_16_MIA_LV,LV,MIA,LV,MIA,home,home dog,-2.0,2.0,<=3,4.0,7.0,3.0,-1,WIN,WIN,WIN,LOST,4-7,4-7,1-3,Q1_WIN__Q2_WIN__Q3_WIN,Q1_WIN__Q2_WIN__Q3_WIN__Q3_LEAD_1-3,False,True,1.0,0.7506976127624512,-301.1193037823364
2020,2020_16_MIN_NO,NO,MIN,MIN,NO,away,away dog,6.5,6.5,3.5-7,-7.0,-10.0,-4.0,-19,LOST,LOST,LOST,LOST,not_leading,not_leading,not_leading,Q1_LOST__Q2_LOST__Q3_LOST,Q1_LOST__Q2_LOST__Q3_LOST__Q3_LEAD_not_leading,False,False,-12.5,0.24416500329971313,309.559104083601
2020,2020_16_NYG_BAL,BAL,NYG,NYG,BAL,away,away dog,10.0,10.0,7.5+,-14.0,-17.0,-14.0,-14,LOST,LOST,LOST,LOST,not_leading,not_leading,not_leading,Q1_LOST__Q2_LOST__Q3_LOST,Q1_LOST__Q2_LOST__Q3_LOST__Q3_LEAD_not_leading,False,False,-4.0,0.027697265148162842,3510.464768455054
2020,2020_16_PHI_DAL,DAL,PHI,DAL,PHI,home,home dog,-3.0,3.0,<=3,-11.0,3.0,13.0,20,LOST,WIN,WIN,WIN,not_leading,1-3,8+,Q1_LOST__Q2_WIN__Q3_WIN,Q1_LOST__Q2_WIN__Q3_WIN__Q3_LEAD_8+,True,True,23.0,0.9218201637268066,-1179.1021926748192
2020,2020_16_SF_ARI,ARI,SF,SF,ARI,away,away dog,6.0,6.0,3.5-7,4.0,1.0,8.0,8,WIN,WIN,WIN,WIN,4-7,1-3,8+,Q1_WIN__Q2_WIN__Q3_WIN,Q1_WIN__Q2_WIN__Q3_WIN__Q3_LEAD_8+,True,True,14.0,0.6758025884628296,-208.45403584764475
2020,2020_16_TB_DET,DET,TB,DET,TB,home,home dog,-12.0,12.0,7.5+,-13.0,-34.0,-40.0,-40,LOST,LOST,LOST,LOST,not_leading,not_leading,not_leading,Q1_LOST__Q2_LOST__Q3_LOST,Q1_LOST__Q2_LOST__Q3_LOST__Q3_LEAD_not_leading,False,False,-28.0,0.0002676844596862793,373474.1705633489
2020,2020_16_TEN_GB,GB,TEN,TEN,GB,away,away dog,3.0,3.0,<=3,-6.0,-12.0,-19.0,-26,LOST,LOST,LOST,LOST,not_leading,not_leading,not_leading,Q1_LOST__Q2_LOST__Q3_LOST,Q1_LOST__Q2_LOST__Q3_LOST__Q3_LEAD_not_leading,False,False,-23.0,0.031171070411801338,3108.10285559331
2020,2020_17_ARI_LA,LA,ARI,ARI,LA,away,away dog,1.0,1.0,<=3,7.0,-5.0,-8.0,-11,WIN,LOST,LOST,LOST,4-7,not_leading,not_leading,Q1_WIN__Q2_LOST__Q3_LOST,Q1_WIN__Q2_LOST__Q3_LOST__Q3_LEAD_not_leading,False,False,-10.0,0.08178883790969849,1122.6607267657735
2020,2020_17_ATL_TB,TB,ATL,ATL,TB,away,away dog,7.5,7.5,7.5+,-7.0,-13.0,-3.0,-17,LOST,LOST,LOST,LOST,not_leading,not_leading,not_leading,Q1_LOST__Q2_LOST__Q3_LOST,Q1_LOST__Q2_LOST__Q3_LOST__Q3_LEAD_not_leading,False,False,-9.5,0.29183506965637207,242.65929765654042
2020,2020_17_BAL_CIN,CIN,BAL,CIN,BAL,home,home dog,-13.5,13.5,7.5+,-10.0,-14.0,-35.0,-35,LOST,LOST,LOST,LOST,not_leading,not_leading,not_leading,Q1_LOST__Q2_LOST__Q3_LOST,Q1_LOST__Q2_LOST__Q3_LOST__Q3_LEAD_not_leading,False,False,-21.5,0.00010296417895006016,971111.5516261451
2020,2020_17_DAL_NYG,NYG,DAL,NYG,DAL,home,home dog,-1.5,1.5,<=3,3.0,11.0,4.0,4,WIN,WIN,WIN,WIN,1-3,8+,4-7,Q1_WIN__Q2_WIN__Q3_WIN,Q1_WIN__Q2_WIN__Q3_WIN__Q3_LEAD_4-7,True,True,5.5,0.537371039390564,-116.15594464355793
2020,2020_17_GB_CHI,CHI,GB,CHI,GB,home,home dog,-4.5,4.5,3.5-7,7.0,-8.0,-5.0,-19,WIN,LOST,LOST,LOST,4-7,not_leading,not_leading,Q1_WIN__Q2_LOST__Q3_LOST,Q1_WIN__Q2_LOST__Q3_LOST__Q3_LEAD_not_leading,False,False,-14.5,0.39868566393852234,150.82416812313593
2020,2020_17_JAX_IND,IND,JAX,JAX,IND,away,away dog,15.5,15.5,7.5+,-10.0,-13.0,-6.0,-14,LOST,LOST,LOST,LOST,not_leading,not_leading,not_leading,Q1_LOST__Q2_LOST__Q3_LOST,Q1_LOST__Q2_LOST__Q3_LOST__Q3_LEAD_not_leading,False,True,1.5,0.18675298988819122,435.46666138983835
2020,2020_17_LAC_KC,KC,LAC,KC,LAC,home,home dog,-7.0,7.0,3.5-7,0.0,-10.0,-17.0,-17,TIE,LOST,LOST,LOST,not_leading,not_leading,not_leading,Q1_TIE__Q2_LOST__Q3_LOST,Q1_TIE__Q2_LOST__Q3_LOST__Q3_LEAD_not_leading,False,False,-10.0,0.042954884469509125,2228.0239543184775
2020,2020_17_LV_DEN,DEN,LV,DEN,LV,home,home dog,-2.5,2.5,<=3,7.0,-7.0,-1.0,-1,WIN,LOST,LOST,LOST,4-7,not_leading,not_leading,Q1_WIN__Q2_LOST__Q3_LOST,Q1_WIN__Q2_LOST__Q3_LOST__Q3_LEAD_not_leading,False,True,1.5,0.7024679780006409,-236.0982771804488
2020,2020_17_MIA_BUF,BUF,MIA,BUF,MIA,home,home dog,-3.5,3.5,3.5-7,-3.0,22.0,22.0,30,LOST,WIN,WIN,WIN,not_leading,8+,8+,Q1_LOST__Q2_WIN__Q3_WIN,Q1_LOST__Q2_WIN__Q3_WIN__Q3_LEAD_8+,True,True,33.5,0.9993584752082825,-155778.62120226704
2020,2020_17_MIN_DET,DET,MIN,DET,MIN,home,home dog,-3.0,3.0,<=3,-1.0,-5.0,-2.0,-2,LOST,LOST,LOST,LOST,not_leading,not_leading,not_leading,Q1_LOST__Q2_LOST__Q3_LOST,Q1_LOST__Q2_LOST__Q3_LOST__Q3_LEAD_not_leading,False,True,1.0,0.2613239288330078,282.66683210592004
2020,2020_17_NO_CAR,CAR,NO,CAR,NO,home,home dog,-6.0,6.0,3.5-7,0.0,-9.0,-19.0,-26,TIE,LOST,LOST,LOST,not_leading,not_leading,not_leading,Q1_TIE__Q2_LOST__Q3_LOST,Q1_TIE__Q2_LOST__Q3_LOST__Q3_LEAD_not_leading,False,False,-20.0,0.011985480785369873,8243.428335562927
2020,2020_17_NYJ_NE,NE,NYJ,NYJ,NE,away,away dog,3.0,3.0,<=3,-7.0,0.0,0.0,-14,LOST,TIE,TIE,LOST,not_leading,not_leading,not_leading,Q1_LOST__Q2_TIE__Q3_TIE,Q1_LOST__Q2_TIE__Q3_TIE__Q3_LEAD_not_leading,False,False,-11.0,0.3236215114593506,209.002944671559
2020,2020_17_PIT_CLE,CLE,PIT,PIT,CLE,away,away dog,10.5,10.5,7.5+,-7.0,-4.0,-8.0,-2,LOST,LOST,LOST,LOST,not_leading,not_leading,not_leading,Q1_LOST__Q2_LOST__Q3_LOST,Q1_LOST__Q2_LOST__Q3_LOST__Q3_LEAD_not_leading,False,True,8.5,0.07540106773376465,1226.2411661475708
2020,2020_17_SEA_SF,SF,SEA,SF,SEA,home,home dog,-7.0,7.0,3.5-7,-3.0,-3.0,3.0,-3,LOST,LOST,WIN,LOST,not_leading,not_leading,1-3,Q1_LOST__Q2_LOST__Q3_WIN,Q1_LOST__Q2_LOST__Q3_WIN__Q3_LEAD_1-3,False,True,4.0,0.8166044354438782,-445.2694575358636
2020,2020_17_TEN_HOU,HOU,TEN,HOU,TEN,home,home dog,-7.0,7.0,3.5-7,0.0,-8.0,-3.0,-3,TIE,LOST,LOST,LOST,not_leading,not_leading,not_leading,Q1_TIE__Q2_LOST__Q3_LOST,Q1_TIE__Q2_LOST__Q3_LOST__Q3_LEAD_not_leading,False,True,4.0,0.2933976650238037,240.83434164987946
2020,2020_17_WAS_PHI,PHI,WAS,PHI,WAS,home,home dog,-6.5,6.5,3.5-7,-10.0,-3.0,-3.0,-6,LOST,LOST,LOST,LOST,not_leading,not_leading,not_leading,Q1_LOST__Q2_LOST__Q3_LOST,Q1_LOST__Q2_LOST__Q3_LOST__Q3_LEAD_not_leading,False,True,0.5,0.3723243474960327,168.58302625794715
2021,2021_01_ARI_TEN,TEN,ARI,ARI,TEN,away,away dog,2.5,2.5,<=3,10.0,18.0,25.0,25,WIN,WIN,WIN,WIN,8+,8+,8+,Q1_WIN__Q2_WIN__Q3_WIN,Q1_WIN__Q2_WIN__Q3_WIN__Q3_LEAD_8+,True,True,27.5,0.9990259408950806,-102563.17464202669
2021,2021_01_BAL_LV,LV,BAL,LV,BAL,home,home dog,-3.0,3.0,<=3,-7.0,-4.0,-7.0,6,LOST,LOST,LOST,WIN,not_leading,not_leading,not_leading,Q1_LOST__Q2_LOST__Q3_LOST,Q1_LOST__Q2_LOST__Q3_LOST__Q3_LEAD_not_leading,True,True,9.0,0.3003051280975342,232.99464658998977
2021,2021_01_CHI_LA,LA,CHI,CHI,LA,away,away dog,9.5,9.5,7.5+,-10.0,-6.0,-13.0,-20,LOST,LOST,LOST,LOST,not_leading,not_leading,not_leading,Q1_LOST__Q2_LOST__Q3_LOST,Q1_LOST__Q2_LOST__Q3_LOST__Q3_LEAD_not_leading,False,False,-10.5,0.07222484052181244,1284.5651894489024
2021,2021_01_CLE_KC,KC,CLE,CLE,KC,away,away dog,5.5,5.5,3.5-7,5.0,12.0,2.0,-4,WIN,WIN,WIN,LOST,4-7,8+,1-3,Q1_WIN__Q2_WIN__Q3_WIN,Q1_WIN__Q2_WIN__Q3_WIN__Q3_LEAD_1-3,False,True,1.5,0.6606379151344299,-194.67051406055728
2021,2021_01_DAL_TB,TB,DAL,DAL,TB,away,away dog,10.0,10.0,7.5+,0.0,-5.0,-2.0,-2,TIE,LOST,LOST,LOST,not_leading,not_leading,not_leading,Q1_TIE__Q2_LOST__Q3_LOST,Q1_TIE__Q2_LOST__Q3_LOST__Q3_LEAD_not_leading,False,True,8.0,0.2614595293998718,282.4683698832092
2021,2021_01_DEN_NYG,NYG,DEN,NYG,DEN,home,home dog,-3.0,3.0,<=3,0.0,-3.0,-10.0,-14,TIE,LOST,LOST,LOST,not_leading,not_leading,not_leading,Q1_TIE__Q2_LOST__Q3_LOST,Q1_TIE__Q2_LOST__Q3_LOST__Q3_LEAD_not_leading,False,False,-11.0,0.08298355340957642,1105.0580614020785
2021,2021_01_GB_NO,NO,GB,NO,GB,home,home dog,-4.0,4.0,3.5-7,3.0,14.0,21.0,35,WIN,WIN,WIN,WIN,1-3,8+,8+,Q1_WIN__Q2_WIN__Q3_WIN,Q1_WIN__Q2_WIN__Q3_WIN__Q3_LEAD_8+,True,True,39.0,0.9921699166297913,-12671.256099324792
2021,2021_01_JAX_HOU,HOU,JAX,HOU,JAX,home,home dog,-3.5,3.5,3.5-7,14.0,20.0,20.0,16,WIN,WIN,WIN,WIN,8+,8+,8+,Q1_WIN__Q2_WIN__Q3_WIN,Q1_WIN__Q2_WIN__Q3_WIN__Q3_LEAD_8+,True,True,19.5,0.9837050437927246,-6036.868287829573
2021,2021_01_LAC_WAS,WAS,LAC,LAC,WAS,away,away dog,2.5,2.5,<=3,4.0,4.0,-3.0,4,WIN,WIN,LOST,WIN,4-7,4-7,not_leading,Q1_WIN__Q2_WIN__Q3_LOST,Q1_WIN__Q2_WIN__Q3_LOST__Q3_LEAD_not_leading,True,True,6.5,0.22857189178466797,337.49911338270573
2021,2021_01_MIA_NE,NE,MIA,MIA,NE,away,away dog,3.5,3.5,3.5-7,7.0,0.0,4.0,1,WIN,TIE,WIN,WIN,4-7,not_leading,4-7,Q1_WIN__Q2_TIE__Q3_WIN,Q1_WIN__Q2_TIE__Q3_WIN__Q3_LEAD_4-7,True,True,4.5,0.5866019129753113,-141.8975876732295
2021,2021_01_MIN_CIN,CIN,MIN,CIN,MIN,home,home dog,-3.0,3.0,<=3,0.0,7.0,7.0,3,TIE,WIN,WIN,WIN,not_leading,4-7,4-7,Q1_TIE__Q2_WIN__Q3_WIN,Q1_TIE__Q2_WIN__Q3_WIN__Q3_LEAD_4-7,True,True,6.0,0.8628273606300354,-629.0083537015914
2021,2021_01_NYJ_CAR,CAR,NYJ,NYJ,CAR,away,away dog,3.5,3.5,3.5-7,0.0,-16.0,-8.0,-5,TIE,LOST,LOST,LOST,not_leading,not_leading,not_leading,Q1_TIE__Q2_LOST__Q3_LOST,Q1_TIE__Q2_LOST__Q3_LOST__Q3_LEAD_not_leading,False,False,-1.5,0.12473040819168091,701.7291168190826
2021,2021_01_PHI_ATL,ATL,PHI,PHI,ATL,away,away dog,3.5,3.5,3.5-7,4.0,9.0,16.0,26,WIN,WIN,WIN,WIN,4-7,8+,8+,Q1_WIN__Q2_WIN__Q3_WIN,Q1_WIN__Q2_WIN__Q3_WIN__Q3_LEAD_8+,True,True,29.5,0.9444138407707214,-1699.00898688693
2021,2021_01_PIT_BUF,BUF,PIT,PIT,BUF,away,away dog,6.5,6.5,3.5-7,-3.0,-10.0,-4.0,7,LOST,LOST,LOST,WIN,not_leading,not_leading,not_leading,Q1_LOST__Q2_LOST__Q3_LOST,Q1_LOST__Q2_LOST__Q3_LOST__Q3_LEAD_not_leading,True,True,13.5,0.22899430990219116,336.69207345244666
2021,2021_01_SEA_IND,IND,SEA,IND,SEA,home,home dog,-3.0,3.0,<=3,-4.0,-11.0,-11.0,-12,LOST,LOST,LOST,LOST,not_leading,not_leading,not_leading,Q1_LOST__Q2_LOST__Q3_LOST,Q1_LOST__Q2_LOST__Q3_LOST__Q3_LEAD_not_leading,False,False,-9.0,0.16201934218406677,517.2102580591403
2021,2021_01_SF_DET,DET,SF,DET,SF,home,home dog,-9.5,9.5,7.5+,-7.0,-21.0,-21.0,-8,LOST,LOST,LOST,LOST,not_leading,not_leading,not_leading,Q1_LOST__Q2_LOST__Q3_LOST,Q1_LOST__Q2_LOST__Q3_LOST__Q3_LEAD_not_leading,False,True,1.5,0.015271501615643501,6448.144545102499
2021,2021_02_ATL_TB,TB,ATL,ATL,TB,away,away dog,13.5,13.5,7.5+,-7.0,-11.0,-3.0,-23,LOST,LOST,LOST,LOST,not_leading,not_leading,not_leading,Q1_LOST__Q2_LOST__Q3_LOST,Q1_LOST__Q2_LOST__Q3_LOST__Q3_LEAD_not_leading,False,False,-9.5,0.24930238723754883,301.1193037823364
2021,2021_02_BUF_MIA,MIA,BUF,MIA,BUF,home,home dog,-3.5,3.5,3.5-7,-14.0,-14.0,-21.0,-35,LOST,LOST,LOST,LOST,not_leading,not_leading,not_leading,Q1_LOST__Q2_LOST__Q3_LOST,Q1_LOST__Q2_LOST__Q3_LOST__Q3_LEAD_not_leading,False,False,-31.5,0.009628474712371826,10285.860999510955
2021,2021_02_CIN_CHI,CHI,CIN,CIN,CHI,away,away dog,2.0,2.0,<=3,-7.0,-7.0,-4.0,-3,LOST,LOST,LOST,LOST,not_leading,not_leading,not_leading,Q1_LOST__Q2_LOST__Q3_LOST,Q1_LOST__Q2_LOST__Q3_LOST__Q3_LEAD_not_leading,False,False,-1.0,0.18948745727539062,427.73941577919595
2021,2021_02_DAL_LAC,LAC,DAL,DAL,LAC,away,away dog,3.0,3.0,<=3,11.0,3.0,0.0,3,WIN,WIN,TIE,WIN,8+,1-3,not_leading,Q1_WIN__Q2_WIN__Q3_TIE,Q1_WIN__Q2_WIN__Q3_TIE__Q3_LEAD_not_leading,True,True,6.0,0.5265249609947205,-111.20437565217654
2021,2021_02_DEN_JAX,JAX,DEN,JAX,DEN,home,home dog,-6.0,6.0,3.5-7,4.0,-3.0,-13.0,-10,WIN,LOST,LOST,LOST,4-7,not_leading,not_leading,Q1_WIN__Q2_LOST__Q3_LOST,Q1_WIN__Q2_LOST__Q3_LOST__Q3_LEAD_not_leading,False,False,-4.0,0.04649621248245239,2050.712814247824
2021,2021_02_DET_GB,GB,DET,DET,GB,away,away dog,11.5,11.5,7.5+,0.0,3.0,-11.0,-18,TIE,WIN,LOST,LOST,not_leading,1-3,not_leading,Q1_TIE__Q2_WIN__Q3_LOST,Q1_TIE__Q2_WIN__Q3_LOST__Q3_LEAD_not_leading,False,False,-6.5,0.0569767951965332,1655.1004694992844
2021,2021_02_HOU_CLE,CLE,HOU,HOU,CLE,away,away dog,13.5,13.5,7.5+,0.0,0.0,-10.0,-10,TIE,TIE,LOST,LOST,not_leading,not_leading,not_leading,Q1_TIE__Q2_TIE__Q3_LOST,Q1_TIE__Q2_TIE__Q3_LOST__Q3_LEAD_not_leading,False,True,3.5,0.15245407819747925,555.9352244448745
2021,2021_02_KC_BAL,BAL,KC,BAL,KC,home,home dog,-3.5,3.5,3.5-7,-7.0,-4.0,-11.0,1,LOST,LOST,LOST,WIN,not_leading,not_leading,not_leading,Q1_LOST__Q2_LOST__Q3_LOST,Q1_LOST__Q2_LOST__Q3_LOST__Q3_LEAD_not_leading,True,True,4.5,0.2254934459924698,343.471869259293
2021,2021_02_LA_IND,IND,LA,IND,LA,home,home dog,-4.0,4.0,3.5-7,-7.0,-4.0,-3.0,-3,LOST,LOST,LOST,LOST,not_leading,not_leading,not_leading,Q1_LOST__Q2_LOST__Q3_LOST,Q1_LOST__Q2_LOST__Q3_LOST__Q3_LEAD_not_leading,False,True,1.0,0.3765019178390503,165.60289672348682
2021,2021_02_LV_PIT,PIT,LV,LV,PIT,away,away dog,5.5,5.5,3.5-7,3.0,2.0,9.0,9,WIN,WIN,WIN,WIN,1-3,1-3,8+,Q1_WIN__Q2_WIN__Q3_WIN,Q1_WIN__Q2_WIN__Q3_WIN__Q3_LEAD_8+,True,True,14.5,0.8723529577255249,-683.4102398156112
2021,2021_02_MIN_ARI,ARI,MIN,MIN,ARI,away,away dog,4.0,4.0,3.5-7,7.0,-1.0,-1.0,-1,WIN,LOST,LOST,LOST,4-7,not_leading,not_leading,Q1_WIN__Q2_LOST__Q3_LOST,Q1_WIN__Q2_LOST__Q3_LOST__Q3_LEAD_not_leading,False,True,3.0,0.5340726971626282,-114.62575683164933
2021,2021_02_NE_NYJ,NYJ,NE,NYJ,NE,home,home dog,-5.5,5.5,3.5-7,-10.0,-10.0,-19.0,-19,LOST,LOST,LOST,LOST,not_leading,not_leading,not_leading,Q1_LOST__Q2_LOST__Q3_LOST,Q1_LOST__Q2_LOST__Q3_LOST__Q3_LEAD_not_leading,False,False,-13.5,0.02976354770362377,3259.814528690234
2021,2021_02_NO_CAR,CAR,NO,CAR,NO,home,home dog,-3.0,3.0,<=3,7.0,17.0,17.0,19,WIN,WIN,WIN,WIN,4-7,8+,8+,Q1_WIN__Q2_WIN__Q3_WIN,Q1_WIN__Q2_WIN__Q3_WIN__Q3_LEAD_8+,True,True,22.0,0.9397623538970947,-1560.0914290237677
2021,2021_02_NYG_WAS,WAS,NYG,NYG,WAS,away,away dog,4.0,4.0,3.5-7,7.0,-4.0,3.0,-1,WIN,LOST,WIN,LOST,4-7,not_leading,1-3,Q1_WIN__Q2_LOST__Q3_WIN,Q1_WIN__Q2_LOST__Q3_WIN__Q3_LEAD_1-3,False,True,3.0,0.7160329222679138,-252.15349891492278
2021,2021_02_SF_PHI,PHI,SF,PHI,SF,home,home dog,-3.0,3.0,<=3,3.0,-4.0,-4.0,-6,WIN,LOST,LOST,LOST,1-3,not_leading,not_leading,Q1_WIN__Q2_LOST__Q3_LOST,Q1_WIN__Q2_LOST__Q3_LOST__Q3_LEAD_not_leading,False,False,-3.0,0.33351361751556396,199.83783194499796
2021,2021_02_TEN_SEA,SEA,TEN,TEN,SEA,away,away dog,6.5,6.5,3.5-7,0.0,-15.0,-8.0,3,TIE,LOST,LOST,WIN,not_leading,not_leading,not_leading,Q1_TIE__Q2_LOST__Q3_LOST,Q1_TIE__Q2_LOST__Q3_LOST__Q3_LEAD_not_leading,True,True,9.5,0.12790226936340332,681.8469562559068
2021,2021_03_ARI_JAX,JAX,ARI,JAX,ARI,home,home dog,-8.0,8.0,7.5+,-7.0,6.0,-5.0,-12,LOST,WIN,LOST,LOST,not_leading,4-7,not_leading,Q1_LOST__Q2_WIN__Q3_LOST,Q1_LOST__Q2_WIN__Q3_LOST__Q3_LEAD_not_leading,False,False,-4.0,0.32101354002952576,211.51333987595143
2021,2021_03_ATL_NYG,NYG,ATL,ATL,NYG,away,away dog,3.0,3.0,<=3,-3.0,1.0,1.0,3,LOST,WIN,WIN,WIN,not_leading,1-3,1-3,Q1_LOST__Q2_WIN__Q3_WIN,Q1_LOST__Q2_WIN__Q3_WIN__Q3_LEAD_1-3,True,True,6.0,0.36237651109695435,175.9560758982109
2021,2021_03_BAL_DET,DET,BAL,DET,BAL,home,home dog,-7.5,7.5,7.5+,0.0,-10.0,-9.0,-2,TIE,LOST,LOST,LOST,not_leading,not_leading,not_leading,Q1_TIE__Q2_LOST__Q3_LOST,Q1_TIE__Q2_LOST__Q3_LOST__Q3_LEAD_not_leading,False,True,5.5,0.14852865040302277,573.2707779183111
2021,2021_03_CAR_HOU,HOU,CAR,HOU,CAR,home,home dog,-8.0,8.0,7.5+,-7.0,-1.0,-8.0,-15,LOST,LOST,LOST,LOST,not_leading,not_leading,not_leading,Q1_LOST__Q2_LOST__Q3_LOST,Q1_LOST__Q2_LOST__Q3_LOST__Q3_LEAD_not_leading,False,False,-7.0,0.14122319221496582,608.0989916145141
2021,2021_03_CHI_CLE,CLE,CHI,CHI,CLE,away,away dog,7.5,7.5,7.5+,3.0,-7.0,-7.0,-20,WIN,LOST,LOST,LOST,1-3,not_leading,not_leading,Q1_WIN__Q2_LOST__Q3_LOST,Q1_WIN__Q2_LOST__Q3_LOST__Q3_LEAD_not_leading,False,False,-12.5,0.11958688497543335,736.212098179018
2021,2021_03_CIN_PIT,PIT,CIN,CIN,PIT,away,away dog,2.5,2.5,<=3,7.0,7.0,17.0,14,WIN,WIN,WIN,WIN,4-7,4-7,8+,Q1_WIN__Q2_WIN__Q3_WIN,Q1_WIN__Q2_WIN__Q3_WIN__Q3_LEAD_8+,True,True,16.5,0.9658461213111877,-2827.92513878539
2021,2021_03_GB_SF,SF,GB,GB,SF,away,away dog,3.5,3.5,3.5-7,10.0,10.0,3.0,2,WIN,WIN,WIN,WIN,8+,8+,1-3,Q1_WIN__Q2_WIN__Q3_WIN,Q1_WIN__Q2_WIN__Q3_WIN__Q3_LEAD_1-3,True,True,5.5,0.7612466216087341,-318.84224078337996
2021,2021_03_IND_TEN,TEN,IND,IND,TEN,away,away dog,4.5,4.5,3.5-7,-7.0,-4.0,-1.0,-9,LOST,LOST,LOST,LOST,not_leading,not_leading,not_leading,Q1_LOST__Q2_LOST__Q3_LOST,Q1_LOST__Q2_LOST__Q3_LOST__Q3_LEAD_not_leading,False,False,-4.5,0.29919612407684326,234.2289286284897
2021,2021_03_LAC_KC,KC,LAC,LAC,KC,away,away dog,6.5,6.5,3.5-7,0.0,11.0,-3.0,6,TIE,WIN,LOST,WIN,not_leading,8+,not_leading,Q1_TIE__Q2_WIN__Q3_LOST,Q1_TIE__Q2_WIN__Q3_LOST__Q3_LEAD_not_leading,True,True,12.5,0.41045698523521423,143.630888490531
2021,2021_03_MIA_LV,LV,MIA,MIA,LV,away,away dog,4.0,4.0,3.5-7,12.0,2.0,-5.0,-3,WIN,WIN,LOST,LOST,8+,1-3,not_leading,Q1_WIN__Q2_WIN__Q3_LOST,Q1_WIN__Q2_WIN__Q3_LOST__Q3_LEAD_not_leading,False,True,1.0,0.17298638820648193,478.08016594136234
2021,2021_03_NO_NE,NE,NO,NO,NE,away,away dog,3.0,3.0,<=3,7.0,11.0,15.0,15,WIN,WIN,WIN,WIN,4-7,8+,8+,Q1_WIN__Q2_WIN__Q3_WIN,Q1_WIN__Q2_WIN__Q3_WIN__Q3_LEAD_8+,True,True,18.0,0.9470967054367065,-1790.2414457451243
2021,2021_03_NYJ_DEN,DEN,NYJ,NYJ,DEN,away,away dog,10.5,10.5,7.5+,-7.0,-17.0,-20.0,-26,LOST,LOST,LOST,LOST,not_leading,not_leading,not_leading,Q1_LOST__Q2_LOST__Q3_LOST,Q1_LOST__Q2_LOST__Q3_LOST__Q3_LEAD_not_leading,False,False,-15.5,0.01574103906750679,6252.820774482641
2021,2021_03_PHI_DAL,DAL,PHI,PHI,DAL,away,away dog,3.5,3.5,3.5-7,-7.0,-13.0,-13.0,-20,LOST,LOST,LOST,LOST,not_leading,not_leading,not_leading,Q1_LOST__Q2_LOST__Q3_LOST,Q1_LOST__Q2_LOST__Q3_LOST__Q3_LEAD_not_leading,False,False,-16.5,0.03337705135345459,2896.0705318461214
2021,2021_03_SEA_MIN,MIN,SEA,MIN,SEA,home,home dog,-2.0,2.0,<=3,-3.0,4.0,7.0,13,LOST,WIN,WIN,WIN,not_leading,4-7,4-7,Q1_LOST__Q2_WIN__Q3_WIN,Q1_LOST__Q2_WIN__Q3_WIN__Q3_LEAD_4-7,True,True,15.0,0.8877131938934326,-790.576582123937
2021,2021_03_TB_LA,LA,TB,LA,TB,home,home dog,-1.0,1.0,<=3,0.0,7.0,14.0,10,TIE,WIN,WIN,WIN,not_leading,4-7,8+,Q1_TIE__Q2_WIN__Q3_WIN,Q1_TIE__Q2_WIN__Q3_WIN__Q3_LEAD_8+,True,True,11.0,0.9645467400550842,-2720.615090272979
2021,2021_03_WAS_BUF,BUF,WAS,WAS,BUF,away,away dog,7.5,7.5,7.5+,-7.0,-13.0,-22.0,-22,LOST,LOST,LOST,LOST,not_leading,not_leading,not_leading,Q1_LOST__Q2_LOST__Q3_LOST,Q1_LOST__Q2_LOST__Q3_LOST__Q3_LEAD_not_leading,False,False,-14.5,0.0007408261299133301,134884.4396170247
2021,2021_04_ARI_LA,LA,ARI,ARI,LA,away,away dog,3.5,3.5,3.5-7,-3.0,11.0,21.0,17,LOST,WIN,WIN,WIN,not_leading,8+,8+,Q1_LOST__Q2_WIN__Q3_WIN,Q1_LOST__Q2_WIN__Q3_WIN__Q3_LEAD_8+,True,True,20.5,0.9657265543937683,-2817.710730018278
2021,2021_04_BAL_DEN,DEN,BAL,BAL,DEN,away,away dog,1.0,1.0,<=3,0.0,10.0,10.0,16,TIE,WIN,WIN,WIN,not_leading,8+,8+,Q1_TIE__Q2_WIN__Q3_WIN,Q1_TIE__Q2_WIN__Q3_WIN__Q3_LEAD_8+,True,True,17.0,0.918705403804779,-1130.094061355073
2021,2021_04_CAR_DAL,DAL,CAR,CAR,DAL,away,away dog,4.5,4.5,3.5-7,0.0,1.0,-19.0,-8,TIE,WIN,LOST,LOST,not_leading,1-3,not_leading,Q1_TIE__Q2_WIN__Q3_LOST,Q1_TIE__Q2_WIN__Q3_LOST__Q3_LEAD_not_leading,False,False,-3.5,0.012636363506317139,7813.669146191328
2021,2021_04_CLE_MIN,MIN,CLE,MIN,CLE,home,home dog,-1.0,1.0,<=3,7.0,-4.0,-4.0,-7,WIN,LOST,LOST,LOST,4-7,not_leading,not_leading,Q1_WIN__Q2_LOST__Q3_LOST,Q1_WIN__Q2_LOST__Q3_LOST__Q3_LEAD_not_leading,False,False,-6.0,0.28732016682624817,248.043790676459
2021,2021_04_DET_CHI,CHI,DET,DET,CHI,away,away dog,3.0,3.0,<=3,-7.0,-14.0,-17.0,-10,LOST,LOST,LOST,LOST,not_leading,not_leading,not_leading,Q1_LOST__Q2_LOST__Q3_LOST,Q1_LOST__Q2_LOST__Q3_LOST__Q3_LEAD_not_leading,False,False,-7.0,0.0221987534314394,4404.757454460174
2021,2021_04_HOU_BUF,BUF,HOU,HOU,BUF,away,away dog,19.0,19.0,7.5+,-7.0,-16.0,-19.0,-40,LOST,LOST,LOST,LOST,not_leading,not_leading,not_leading,Q1_LOST__Q2_LOST__Q3_LOST,Q1_LOST__Q2_LOST__Q3_LOST__Q3_LEAD_not_leading,False,False,-21.0,0.0074111223220825195,13393.23296176551
2021,2021_04_IND_MIA,MIA,IND,IND,MIA,away,away dog,2.5,2.5,<=3,-3.0,4.0,14.0,10,LOST,WIN,WIN,WIN,not_leading,4-7,8+,Q1_LOST__Q2_WIN__Q3_WIN,Q1_LOST__Q2_WIN__Q3_WIN__Q3_LEAD_8+,True,True,12.5,0.9030510187149048,-931.4703535247342
2021,2021_04_JAX_CIN,CIN,JAX,JAX,CIN,away,away dog,7.5,7.5,7.5+,7.0,14.0,0.0,-3,WIN,WIN,TIE,LOST,4-7,8+,not_leading,Q1_WIN__Q2_WIN__Q3_TIE,Q1_WIN__Q2_WIN__Q3_TIE__Q3_LEAD_not_leading,False,True,4.5,0.6207677721977234,-163.69066938092038
2021,2021_04_KC_PHI,PHI,KC,PHI,KC,home,home dog,-7.5,7.5,7.5+,3.0,-8.0,-12.0,-12,WIN,LOST,LOST,LOST,1-3,not_leading,not_leading,Q1_WIN__Q2_LOST__Q3_LOST,Q1_WIN__Q2_LOST__Q3_LOST__Q3_LEAD_not_leading,False,False,-4.5,0.14299285411834717,599.3356459423882
2021,2021_04_LV_LAC,LAC,LV,LV,LAC,away,away dog,3.0,3.0,<=3,-7.0,-21.0,-7.0,-14,LOST,LOST,LOST,LOST,not_leading,not_leading,not_leading,Q1_LOST__Q2_LOST__Q3_LOST,Q1_LOST__Q2_LOST__Q3_LOST__Q3_LEAD_not_leading,False,False,-11.0,0.14178472757339478,605.294580816083
2021,2021_04_NYG_NO,NO,NYG,NYG,NO,away,away dog,7.5,7.5,7.5+,0.0,0.0,-4.0,6,TIE,TIE,LOST,WIN,not_leading,not_leading,not_leading,Q1_TIE__Q2_TIE__Q3_LOST,Q1_TIE__Q2_TIE__Q3_LOST__Q3_LEAD_not_leading,True,True,13.5,0.153312087059021,552.2642925179325
2021,2021_04_PIT_GB,GB,PIT,PIT,GB,away,away dog,6.5,6.5,3.5-7,7.0,-7.0,-17.0,-10,WIN,LOST,LOST,LOST,4-7,not_leading,not_leading,Q1_WIN__Q2_LOST__Q3_LOST,Q1_WIN__Q2_LOST__Q3_LOST__Q3_LEAD_not_leading,False,False,-3.5,0.03468377888202667,2783.1921786879043
2021,2021_04_SEA_SF,SF,SEA,SEA,SF,away,away dog,2.5,2.5,<=3,-7.0,0.0,8.0,7,LOST,TIE,WIN,WIN,not_leading,not_leading,8+,Q1_LOST__Q2_TIE__Q3_WIN,Q1_LOST__Q2_TIE__Q3_WIN__Q3_LEAD_8+,True,True,9.5,0.8655267953872681,-643.6425739089733
2021,2021_04_TB_NE,NE,TB,NE,TB,home,home dog,-6.0,6.0,3.5-7,-3.0,1.0,-6.0,-2,LOST,WIN,LOST,LOST,not_leading,1-3,not_leading,Q1_LOST__Q2_WIN__Q3_LOST,Q1_LOST__Q2_WIN__Q3_LOST__Q3_LEAD_not_leading,False,True,4.0,0.4937753975391388,102.52122827175398
2021,2021_04_TEN_NYJ,NYJ,TEN,NYJ,TEN,home,home dog,-5.5,5.5,3.5-7,-3.0,-2.0,1.0,3,LOST,LOST,WIN,WIN,not_leading,not_leading,1-3,Q1_LOST__Q2_LOST__Q3_WIN,Q1_LOST__Q2_LOST__Q3_WIN__Q3_LEAD_1-3,True,True,8.5,0.5148631930351257,-106.12742336666362
2021,2021_04_WAS_ATL,ATL,WAS,ATL,WAS,home,home dog,-1.0,1.0,<=3,3.0,4.0,1.0,-4,WIN,WIN,WIN,LOST,1-3,4-7,1-3,Q1_WIN__Q2_WIN__Q3_WIN,Q1_WIN__Q2_WIN__Q3_WIN__Q3_LEAD_1-3,False,False,-3.0,0.7650737166404724,-325.6654409628638
2021,2021_05_BUF_KC,KC,BUF,BUF,KC,away,away dog,2.5,2.5,<=3,4.0,11.0,18.0,18,WIN,WIN,WIN,WIN,4-7,8+,8+,Q1_WIN__Q2_WIN__Q3_WIN,Q1_WIN__Q2_WIN__Q3_WIN__Q3_LEAD_8+,True,True,20.5,0.9599348306655884,-2395.9335418086175
2021,2021_05_CHI_LV,LV,CHI,CHI,LV,away,away dog,5.5,5.5,3.5-7,-3.0,11.0,11.0,11,LOST,WIN,WIN,WIN,not_leading,8+,8+,Q1_LOST__Q2_WIN__Q3_WIN,Q1_LOST__Q2_WIN__Q3_WIN__Q3_LEAD_8+,True,True,16.5,0.8280116319656372,-481.43466993081927
2021,2021_05_CLE_LAC,LAC,CLE,CLE,LAC,away,away dog,2.5,2.5,<=3,-4.0,7.0,6.0,-5,LOST,WIN,WIN,LOST,not_leading,4-7,4-7,Q1_LOST__Q2_WIN__Q3_WIN,Q1_LOST__Q2_WIN__Q3_WIN__Q3_LEAD_4-7,False,False,-2.5,0.8109908699989319,-429.0749711372931
2021,2021_05_DEN_PIT,PIT,DEN,PIT,DEN,home,home dog,-2.0,2.0,<=3,4.0,7.0,18.0,8,WIN,WIN,WIN,WIN,4-7,4-7,8+,Q1_WIN__Q2_WIN__Q3_WIN,Q1_WIN__Q2_WIN__Q3_WIN__Q3_LEAD_8+,True,True,10.0,0.9829192757606506,-5754.552687504144
2021,2021_05_DET_MIN,MIN,DET,DET,MIN,away,away dog,10.0,10.0,7.5+,0.0,-7.0,-7.0,-2,TIE,LOST,LOST,LOST,not_leading,not_leading,not_leading,Q1_TIE__Q2_LOST__Q3_LOST,Q1_TIE__Q2_LOST__Q3_LOST__Q3_LEAD_not_leading,False,True,8.0,0.17455480992794037,472.8859608124345
2021,2021_05_GB_CIN,CIN,GB,CIN,GB,home,home dog,-2.0,2.0,<=3,7.0,-2.0,-5.0,-3,WIN,LOST,LOST,LOST,4-7,not_leading,not_leading,Q1_WIN__Q2_LOST__Q3_LOST,Q1_WIN__Q2_LOST__Q3_LOST__Q3_LEAD_not_leading,False,False,-1.0,0.2805249094963074,256.47458252300527
2021,2021_05_IND_BAL,BAL,IND,IND,BAL,away,away dog,7.5,7.5,7.5+,7.0,7.0,13.0,-6,WIN,WIN,WIN,LOST,4-7,4-7,8+,Q1_WIN__Q2_WIN__Q3_WIN,Q1_WIN__Q2_WIN__Q3_WIN__Q3_LEAD_8+,False,True,1.5,0.9532244801521301,-2037.8704143798827
2021,2021_05_LA_SEA,SEA,LA,SEA,LA,home,home dog,-2.5,2.5,<=3,0.0,4.0,-9.0,-9,TIE,WIN,LOST,LOST,not_leading,4-7,not_leading,Q1_TIE__Q2_WIN__Q3_LOST,Q1_TIE__Q2_WIN__Q3_LOST__Q3_LEAD_not_leading,False,False,-6.5,0.11832338571548462,745.1414688255772
2021,2021_05_MIA_TB,TB,MIA,MIA,TB,away,away dog,11.0,11.0,7.5+,3.0,-14.0,-7.0,-28,WIN,LOST,LOST,LOST,1-3,not_leading,not_leading,Q1_WIN__Q2_LOST__Q3_LOST,Q1_WIN__Q2_LOST__Q3_LOST__Q3_LEAD_not_leading,False,False,-17.0,0.10440552234649658,857.8037421059422
2021,2021_05_NE_HOU,HOU,NE,HOU,NE,home,home dog,-8.0,8.0,7.5+,6.0,6.0,7.0,-3,WIN,WIN,WIN,LOST,4-7,4-7,4-7,Q1_WIN__Q2_WIN__Q3_WIN,Q1_WIN__Q2_WIN__Q3_WIN__Q3_LEAD_4-7,False,True,5.0,0.857692301273346,-602.7026710064431
2021,2021_05_NO_WAS,WAS,NO,WAS,NO,home,home dog,-2.5,2.5,<=3,-1.0,-7.0,-4.0,-11,LOST,LOST,LOST,LOST,not_leading,not_leading,not_leading,Q1_LOST__Q2_LOST__Q3_LOST,Q1_LOST__Q2_LOST__Q3_LOST__Q3_LEAD_not_leading,False,False,-8.5,0.3647339344024658,174.17245988867862
2021,2021_05_NYG_DAL,DAL,NYG,NYG,DAL,away,away dog,7.5,7.5,7.5+,-3.0,-7.0,-14.0,-24,LOST,LOST,LOST,LOST,not_leading,not_leading,not_leading,Q1_LOST__Q2_LOST__Q3_LOST,Q1_LOST__Q2_LOST__Q3_LOST__Q3_LEAD_not_leading,False,False,-16.5,0.08959536254405975,1016.1291964282595
2021,2021_05_NYJ_ATL,ATL,NYJ,NYJ,ATL,away,away dog,3.0,3.0,<=3,-10.0,-17.0,-11.0,-7,LOST,LOST,LOST,LOST,not_leading,not_leading,not_leading,Q1_LOST__Q2_LOST__Q3_LOST,Q1_LOST__Q2_LOST__Q3_LOST__Q3_LEAD_not_leading,False,False,-4.0,0.07791107892990112,1183.51450619716
2021,2021_05_PHI_CAR,CAR,PHI,PHI,CAR,away,away dog,2.5,2.5,<=3,-7.0,-9.0,-3.0,3,LOST,LOST,LOST,WIN,not_leading,not_leading,not_leading,Q1_LOST__Q2_LOST__Q3_LOST,Q1_LOST__Q2_LOST__Q3_LOST__Q3_LEAD_not_leading,True,True,5.5,0.2905588746070862,244.16432860716066
2021,2021_05_SF_ARI,ARI,SF,SF,ARI,away,away dog,6.0,6.0,3.5-7,-7.0,-10.0,-3.0,-7,LOST,LOST,LOST,LOST,not_leading,not_leading,not_leading,Q1_LOST__Q2_LOST__Q3_LOST,Q1_LOST__Q2_LOST__Q3_LOST__Q3_LEAD_not_leading,False,False,-1.0,0.25432342290878296,293.2001184014677
2021,2021_05_TEN_JAX,JAX,TEN,JAX,TEN,home,home dog,-4.0,4.0,3.5-7,-1.0,-11.0,-18.0,-18,LOST,LOST,LOST,LOST,not_leading,not_leading,not_leading,Q1_LOST__Q2_LOST__Q3_LOST,Q1_LOST__Q2_LOST__Q3_LOST__Q3_LEAD_not_leading,False,False,-14.0,0.041407424956560135,2315.025810103101
2021,2021_06_ARI_CLE,CLE,ARI,ARI,CLE,away,away dog,3.0,3.0,<=3,7.0,9.0,16.0,23,WIN,WIN,WIN,WIN,4-7,8+,8+,Q1_WIN__Q2_WIN__Q3_WIN,Q1_WIN__Q2_WIN__Q3_WIN__Q3_LEAD_8+,True,True,26.0,0.9281312823295593,-1291.4259672554253
2021,2021_06_BUF_TEN,TEN,BUF,TEN,BUF,home,home dog,-6.0,6.0,3.5-7,-3.0,-3.0,-7.0,3,LOST,LOST,LOST,WIN,not_leading,not_leading,not_leading,Q1_LOST__Q2_LOST__Q3_LOST,Q1_LOST__Q2_LOST__Q3_LOST__Q3_LEAD_not_leading,True,True,9.0,0.250148206949234,299.7630093758552
2021,2021_06_CIN_DET,DET,CIN,DET,CIN,home,home dog,-3.5,3.5,3.5-7,-7.0,-10.0,-20.0,-23,LOST,LOST,LOST,LOST,not_leading,not_leading,not_leading,Q1_LOST__Q2_LOST__Q3_LOST,Q1_LOST__Q2_LOST__Q3_LOST__Q3_LEAD_not_leading,False,False,-19.5,0.010334789752960205,9576.05557445974
2021,2021_06_DAL_NE,NE,DAL,NE,DAL,home,home dog,-3.5,3.5,3.5-7,7.0,4.0,-3.0,-6,WIN,WIN,LOST,LOST,4-7,4-7,not_leading,Q1_WIN__Q2_WIN__Q3_LOST,Q1_WIN__Q2_WIN__Q3_LOST__Q3_LEAD_not_leading,False,False,-2.5,0.34555959701538086,189.38568300144476
2021,2021_06_GB_CHI,CHI,GB,CHI,GB,home,home dog,-5.5,5.5,3.5-7,7.0,-3.0,-10.0,-10,WIN,LOST,LOST,LOST,4-7,not_leading,not_leading,Q1_WIN__Q2_LOST__Q3_LOST,Q1_WIN__Q2_LOST__Q3_LOST__Q3_LEAD_not_leading,False,False,-4.5,0.16632868349552155,501.21921185465607
2021,2021_06_HOU_IND,IND,HOU,HOU,IND,away,away dog,10.5,10.5,7.5+,-7.0,-7.0,-21.0,-28,LOST,LOST,LOST,LOST,not_leading,not_leading,not_leading,Q1_LOST__Q2_LOST__Q3_LOST,Q1_LOST__Q2_LOST__Q3_LOST__Q3_LEAD_not_leading,False,False,-17.5,0.021278496831655502,4599.580087406946
2021,2021_06_KC_WAS,WAS,KC,WAS,KC,home,home dog,-6.0,6.0,3.5-7,-4.0,3.0,-4.0,-18,LOST,WIN,LOST,LOST,not_leading,1-3,not_leading,Q1_LOST__Q2_WIN__Q3_LOST,Q1_LOST__Q2_WIN__Q3_LOST__Q3_LEAD_not_leading,False,False,-12.0,0.21362370252609253,368.11284898400146
2021,2021_06_LAC_BAL,BAL,LAC,LAC,BAL,away,away dog,3.0,3.0,<=3,-7.0,-11.0,-21.0,-28,LOST,LOST,LOST,LOST,not_leading,not_leading,not_leading,Q1_LOST__Q2_LOST__Q3_LOST,Q1_LOST__Q2_LOST__Q3_LOST__Q3_LEAD_not_leading,False,False,-25.0,0.0057828426361083984,17192.533498247783
2021,2021_06_LA_NYG,NYG,LA,NYG,LA,home,home dog,-7.5,7.5,7.5+,3.0,-25.0,-28.0,-27,WIN,LOST,LOST,LOST,1-3,not_leading,not_leading,Q1_WIN__Q2_LOST__Q3_LOST,Q1_WIN__Q2_LOST__Q3_LOST__Q3_LEAD_not_leading,False,False,-19.5,0.000499725341796875,200009.92366412215
2021,2021_06_LV_DEN,DEN,LV,LV,DEN,away,away dog,5.0,5.0,3.5-7,3.0,10.0,21.0,10,WIN,WIN,WIN,WIN,1-3,8+,8+,Q1_WIN__Q2_WIN__Q3_WIN,Q1_WIN__Q2_WIN__Q3_WIN__Q3_LEAD_8+,True,True,15.0,0.9741531014442444,-3768.936142736239
2021,2021_06_MIA_JAX,JAX,MIA,JAX,MIA,home,home dog,-2.5,2.5,<=3,-4.0,-3.0,4.0,3,LOST,LOST,WIN,WIN,not_leading,not_leading,4-7,Q1_LOST__Q2_LOST__Q3_WIN,Q1_LOST__Q2_LOST__Q3_WIN__Q3_LEAD_4-7,True,True,5.5,0.8233704566955566,-466.15670362481404
2021,2021_06_MIN_CAR,CAR,MIN,CAR,MIN,home,home dog,-2.5,2.5,<=3,1.0,-2.0,-8.0,-6,WIN,LOST,LOST,LOST,1-3,not_leading,not_leading,Q1_WIN__Q2_LOST__Q3_LOST,Q1_WIN__Q2_LOST__Q3_LOST__Q3_LEAD_not_leading,False,False,-3.5,0.13477472960948944,641.9788582752166
2021,2021_06_SEA_PIT,PIT,SEA,SEA,PIT,away,away dog,5.5,5.5,3.5-7,0.0,-14.0,-3.0,-3,TIE,LOST,LOST,LOST,not_leading,not_leading,not_leading,Q1_TIE__Q2_LOST__Q3_LOST,Q1_TIE__Q2_LOST__Q3_LOST__Q3_LEAD_not_leading,False,True,2.5,0.5384963154792786,-116.68299377469005
2021,2021_06_TB_PHI,PHI,TB,PHI,TB,home,home dog,-7.0,7.0,3.5-7,-7.0,-14.0,-14.0,-6,LOST,LOST,LOST,LOST,not_leading,not_leading,not_leading,Q1_LOST__Q2_LOST__Q3_LOST,Q1_LOST__Q2_LOST__Q3_LOST__Q3_LEAD_not_leading,False,True,1.0,0.05418318510055542,1745.5910226468934
2021,2021_07_ATL_MIA,MIA,ATL,MIA,ATL,home,home dog,-1.5,1.5,<=3,7.0,-6.0,-6.0,-2,WIN,LOST,LOST,LOST,4-7,not_leading,not_leading,Q1_WIN__Q2_LOST__Q3_LOST,Q1_WIN__Q2_LOST__Q3_LOST__Q3_LEAD_not_leading,False,False,-0.5,0.21040117740631104,375.28251140385714
2021,2021_07_CAR_NYG,NYG,CAR,NYG,CAR,home,home dog,-3.0,3.0,<=3,-3.0,2.0,9.0,22,LOST,WIN,WIN,WIN,not_leading,1-3,8+,Q1_LOST__Q2_WIN__Q3_WIN,Q1_LOST__Q2_WIN__Q3_WIN__Q3_LEAD_8+,True,True,25.0,0.9031344652175903,-932.3589316327146
2021,2021_07_CHI_TB,TB,CHI,CHI,TB,away,away dog,12.5,12.5,7.5+,-21.0,-32.0,-32.0,-35,LOST,LOST,LOST,LOST,not_leading,not_leading,not_leading,Q1_LOST__Q2_LOST__Q3_LOST,Q1_LOST__Q2_LOST__Q3_LOST__Q3_LEAD_not_leading,False,False,-22.5,0.0002174183464376256,459842.7860550336
2021,2021_07_CIN_BAL,BAL,CIN,CIN,BAL,away,away dog,6.5,6.5,3.5-7,3.0,3.0,10.0,24,WIN,WIN,WIN,WIN,1-3,1-3,8+,Q1_WIN__Q2_WIN__Q3_WIN,Q1_WIN__Q2_WIN__Q3_WIN__Q3_LEAD_8+,True,True,30.5,0.9223722815513611,-1188.1996534029702
2021,2021_07_DEN_CLE,CLE,DEN,DEN,CLE,away,away dog,2.0,2.0,<=3,-10.0,-10.0,-10.0,-3,LOST,LOST,LOST,LOST,not_leading,not_leading,not_leading,Q1_LOST__Q2_LOST__Q3_LOST,Q1_LOST__Q2_LOST__Q3_LOST__Q3_LEAD_not_leading,False,False,-1.0,0.14511136710643768,589.1258899563053
2021,2021_07_DET_LA,LA,DET,DET,LA,away,away dog,17.0,17.0,7.5+,7.0,-1.0,2.0,-9,WIN,LOST,WIN,LOST,4-7,not_leading,1-3,Q1_WIN__Q2_LOST__Q3_WIN,Q1_WIN__Q2_LOST__Q3_WIN__Q3_LEAD_1-3,False,True,8.0,0.37161076068878174,169.09877371325223
2021,2021_07_HOU_ARI,ARI,HOU,HOU,ARI,away,away dog,20.5,20.5,7.5+,2.0,-12.0,-19.0,-26,WIN,LOST,LOST,LOST,1-3,not_leading,not_leading,Q1_WIN__Q2_LOST__Q3_LOST,Q1_WIN__Q2_LOST__Q3_LOST__Q3_LEAD_not_leading,False,False,-5.5,0.02232280932366848,4379.722894643542
2021,2021_07_IND_SF,SF,IND,IND,SF,away,away dog,3.5,3.5,3.5-7,-5.0,1.0,8.0,12,LOST,WIN,WIN,WIN,not_leading,1-3,8+,Q1_LOST__Q2_WIN__Q3_WIN,Q1_LOST__Q2_WIN__Q3_WIN__Q3_LEAD_8+,True,True,15.5,0.8148581981658936,-440.1265354952282
2021,2021_07_KC_TEN,TEN,KC,TEN,KC,home,home dog,-4.0,4.0,3.5-7,14.0,27.0,24.0,24,WIN,WIN,WIN,WIN,8+,8+,8+,Q1_WIN__Q2_WIN__Q3_WIN,Q1_WIN__Q2_WIN__Q3_WIN__Q3_LEAD_8+,True,True,28.0,0.9995482563972473,-221264.50719092228
2021,2021_07_NO_SEA,SEA,NO,SEA,NO,home,home dog,-6.0,6.0,3.5-7,7.0,-3.0,0.0,-3,WIN,LOST,TIE,LOST,4-7,not_leading,not_leading,Q1_WIN__Q2_LOST__Q3_TIE,Q1_WIN__Q2_LOST__Q3_TIE__Q3_LEAD_not_leading,False,True,3.0,0.5346617698669434,-114.89745205633861
2021,2021_07_NYJ_NE,NE,NYJ,NYJ,NE,away,away dog,7.0,7.0,3.5-7,-14.0,-24.0,-21.0,-41,LOST,LOST,LOST,LOST,not_leading,not_leading,not_leading,Q1_LOST__Q2_LOST__Q3_LOST,Q1_LOST__Q2_LOST__Q3_LOST__Q3_LEAD_not_leading,False,False,-34.0,0.0067754387855529785,14659.19171659057
2021,2021_07_PHI_LV,LV,PHI,PHI,LV,away,away dog,1.0,1.0,<=3,7.0,-10.0,-23.0,-11,WIN,LOST,LOST,LOST,4-7,not_leading,not_leading,Q1_WIN__Q2_LOST__Q3_LOST,Q1_WIN__Q2_LOST__Q3_LOST__Q3_LEAD_not_leading,False,False,-10.0,0.00510758813470602,19478.712566994353
2021,2021_07_WAS_GB,GB,WAS,WAS,GB,away,away dog,8.5,8.5,7.5+,0.0,-7.0,-14.0,-14,TIE,LOST,LOST,LOST,not_leading,not_leading,not_leading,Q1_TIE__Q2_LOST__Q3_LOST,Q1_TIE__Q2_LOST__Q3_LOST__Q3_LEAD_not_leading,False,False,-5.5,0.03162872791290283,3061.682641027284
2021,2021_08_CAR_ATL,ATL,CAR,CAR,ATL,away,away dog,2.5,2.5,<=3,0.0,-1.0,2.0,6,TIE,LOST,WIN,WIN,not_leading,not_leading,1-3,Q1_TIE__Q2_LOST__Q3_WIN,Q1_TIE__Q2_LOST__Q3_WIN__Q3_LEAD_1-3,True,True,8.5,0.4135553240776062,141.8056162692138
2021,2021_08_CIN_NYJ,NYJ,CIN,NYJ,CIN,home,home dog,-11.5,11.5,7.5+,7.0,-3.0,-7.0,3,WIN,LOST,LOST,WIN,4-7,not_leading,not_leading,Q1_WIN__Q2_LOST__Q3_LOST,Q1_WIN__Q2_LOST__Q3_LOST__Q3_LEAD_not_leading,True,True,14.5,0.371538370847702,169.1512044148764
2021,2021_08_DAL_MIN,MIN,DAL,DAL,MIN,away,away dog,4.5,4.5,3.5-7,-7.0,-7.0,0.0,4,LOST,LOST,TIE,WIN,not_leading,not_leading,not_leading,Q1_LOST__Q2_LOST__Q3_TIE,Q1_LOST__Q2_LOST__Q3_TIE__Q3_LEAD_not_leading,True,True,8.5,0.47531962394714355,110.38474946517292
2021,2021_08_GB_ARI,ARI,GB,GB,ARI,away,away dog,6.5,6.5,3.5-7,-7.0,3.0,3.0,3,LOST,WIN,WIN,WIN,not_leading,1-3,1-3,Q1_LOST__Q2_WIN__Q3_WIN,Q1_LOST__Q2_WIN__Q3_WIN__Q3_LEAD_1-3,True,True,9.5,0.7503655552864075,-300.58574494689924
2021,2021_08_JAX_SEA,SEA,JAX,JAX,SEA,away,away dog,4.0,4.0,3.5-7,-7.0,-17.0,-24.0,-24,LOST,LOST,LOST,LOST,not_leading,not_leading,not_leading,Q1_LOST__Q2_LOST__Q3_LOST,Q1_LOST__Q2_LOST__Q3_LOST__Q3_LEAD_not_leading,False,False,-20.0,0.005117667838931084,19440.150542651627
2021,2021_08_LA_HOU,HOU,LA,HOU,LA,home,home dog,-17.0,17.0,7.5+,-7.0,-24.0,-38.0,-16,LOST,LOST,LOST,LOST,not_leading,not_leading,not_leading,Q1_LOST__Q2_LOST__Q3_LOST,Q1_LOST__Q2_LOST__Q3_LOST__Q3_LEAD_not_leading,False,True,1.0,8.173844980774447e-05,1223314.442471177
2021,2021_08_MIA_BUF,BUF,MIA,MIA,BUF,away,away dog,15.0,15.0,7.5+,-3.0,0.0,-7.0,-15,LOST,TIE,LOST,LOST,not_leading,not_leading,not_leading,Q1_LOST__Q2_TIE__Q3_LOST,Q1_LOST__Q2_TIE__Q3_LOST__Q3_LEAD_not_leading,False,False,0.0,0.12396955490112305,706.6496655550555
2021,2021_08_NE_LAC,LAC,NE,NE,LAC,away,away dog,3.5,3.5,3.5-7,0.0,-1.0,-1.0,3,TIE,LOST,LOST,WIN,not_leading,not_leading,not_leading,Q1_TIE__Q2_LOST__Q3_LOST,Q1_TIE__Q2_LOST__Q3_LOST__Q3_LEAD_not_leading,True,True,6.5,0.4316357970237732,131.67679949050265
2021,2021_08_NYG_KC,KC,NYG,NYG,KC,away,away dog,10.5,10.5,7.5+,-7.0,-4.0,-4.0,-3,LOST,LOST,LOST,LOST,not_leading,not_leading,not_leading,Q1_LOST__Q2_LOST__Q3_LOST,Q1_LOST__Q2_LOST__Q3_LOST__Q3_LEAD_not_leading,False,True,7.5,0.5136589407920837,-105.61702144348227
2021,2021_08_PHI_DET,DET,PHI,DET,PHI,home,home dog,-3.0,3.0,<=3,-7.0,-17.0,-38.0,-38,LOST,LOST,LOST,LOST,not_leading,not_leading,not_leading,Q1_LOST__Q2_LOST__Q3_LOST,Q1_LOST__Q2_LOST__Q3_LOST__Q3_LEAD_not_leading,False,False,-35.0,9.888768545351923e-05,1011148.2615138525
2021,2021_08_PIT_CLE,CLE,PIT,PIT,CLE,away,away dog,5.5,5.5,3.5-7,-3.0,0.0,-1.0,5,LOST,TIE,LOST,WIN,not_leading,not_leading,not_leading,Q1_LOST__Q2_TIE__Q3_LOST,Q1_LOST__Q2_TIE__Q3_LOST__Q3_LEAD_not_leading,True,True,10.5,0.5149798393249512,-106.17699656199953
2021,2021_08_SF_CHI,CHI,SF,CHI,SF,home,home dog,-4.5,4.5,3.5-7,0.0,4.0,1.0,-11,TIE,WIN,WIN,LOST,not_leading,4-7,1-3,Q1_TIE__Q2_WIN__Q3_WIN,Q1_TIE__Q2_WIN__Q3_WIN__Q3_LEAD_1-3,False,False,-6.5,0.39775848388671875,151.40884242831112
2021,2021_08_TB_NO,NO,TB,NO,TB,home,home dog,-4.0,4.0,3.5-7,0.0,9.0,2.0,9,TIE,WIN,WIN,WIN,not_leading,8+,1-3,Q1_TIE__Q2_WIN__Q3_WIN,Q1_TIE__Q2_WIN__Q3_WIN__Q3_LEAD_1-3,True,True,13.0,0.6147751808166504,-159.58867399040693
2021,2021_08_TEN_IND,IND,TEN,TEN,IND,away,away dog,3.0,3.0,<=3,-14.0,-3.0,-3.0,3,LOST,LOST,LOST,WIN,not_leading,not_leading,not_leading,Q1_LOST__Q2_LOST__Q3_LOST,Q1_LOST__Q2_LOST__Q3_LOST__Q3_LEAD_not_leading,True,True,6.0,0.38642457127571106,158.78271578297424
2021,2021_08_WAS_DEN,DEN,WAS,WAS,DEN,away,away dog,4.0,4.0,3.5-7,0.0,-7.0,0.0,-7,TIE,LOST,TIE,LOST,not_leading,not_leading,not_leading,Q1_TIE__Q2_LOST__Q3_TIE,Q1_TIE__Q2_LOST__Q3_TIE__Q3_LEAD_not_leading,False,False,-3.0,0.47823184728622437,109.10359811346787
2021,2021_09_ARI_SF,SF,ARI,ARI,SF,away,away dog,5.5,5.5,3.5-7,14.0,10.0,17.0,14,WIN,WIN,WIN,WIN,8+,8+,8+,Q1_WIN__Q2_WIN__Q3_WIN,Q1_WIN__Q2_WIN__Q3_WIN__Q3_LEAD_8+,True,True,19.5,0.9554439187049866,-2144.3625447642694
2021,2021_09_ATL_NO,NO,ATL,ATL,NO,away,away dog,7.0,7.0,3.5-7,3.0,10.0,14.0,2,WIN,WIN,WIN,WIN,1-3,8+,8+,Q1_WIN__Q2_WIN__Q3_WIN,Q1_WIN__Q2_WIN__Q3_WIN__Q3_LEAD_8+,True,True,9.0,0.9138804078102112,-1061.1759584232793
2021,2021_09_BUF_JAX,JAX,BUF,JAX,BUF,home,home dog,-14.5,14.5,7.5+,0.0,0.0,0.0,3,TIE,TIE,TIE,WIN,not_leading,not_leading,not_leading,Q1_TIE__Q2_TIE__Q3_TIE,Q1_TIE__Q2_TIE__Q3_TIE__Q3_LEAD_not_leading,True,True,17.5,0.6408825516700745,-178.460432555003
2021,2021_09_CHI_PIT,PIT,CHI,CHI,PIT,away,away dog,7.0,7.0,3.5-7,-7.0,-11.0,-14.0,-2,LOST,LOST,LOST,LOST,not_leading,not_leading,not_leading,Q1_LOST__Q2_LOST__Q3_LOST,Q1_LOST__Q2_LOST__Q3_LOST__Q3_LEAD_not_leading,False,True,5.0,0.07578166574239731,1219.5803895354777
2021,2021_09_CLE_CIN,CIN,CLE,CLE,CIN,away,away dog,2.5,2.5,<=3,0.0,14.0,24.0,25,TIE,WIN,WIN,WIN,not_leading,8+,8+,Q1_TIE__Q2_WIN__Q3_WIN,Q1_TIE__Q2_WIN__Q3_WIN__Q3_LEAD_8+,True,True,27.5,0.9937322735786438,-15854.748704293661
2021,2021_09_DEN_DAL,DAL,DEN,DEN,DAL,away,away dog,10.5,10.5,7.5+,6.0,16.0,19.0,14,WIN,WIN,WIN,WIN,4-7,8+,8+,Q1_WIN__Q2_WIN__Q3_WIN,Q1_WIN__Q2_WIN__Q3_WIN__Q3_LEAD_8+,True,True,24.5,0.9845339059829712,-6365.756634473828
2021,2021_09_GB_KC,KC,GB,GB,KC,away,away dog,7.0,7.0,3.5-7,-7.0,-13.0,-13.0,-6,LOST,LOST,LOST,LOST,not_leading,not_leading,not_leading,Q1_LOST__Q2_LOST__Q3_LOST,Q1_LOST__Q2_LOST__Q3_LOST__Q3_LEAD_not_leading,False,True,1.0,0.04091470688581467,2344.1089185627407
2021,2021_09_HOU_MIA,MIA,HOU,HOU,MIA,away,away dog,4.0,4.0,3.5-7,-7.0,-11.0,-11.0,-8,LOST,LOST,LOST,LOST,not_leading,not_leading,not_leading,Q1_LOST__Q2_LOST__Q3_LOST,Q1_LOST__Q2_LOST__Q3_LOST__Q3_LEAD_not_leading,False,False,-4.0,0.09903378784656525,909.7563889501199
2021,2021_09_LAC_PHI,PHI,LAC,PHI,LAC,home,home dog,-1.0,1.0,<=3,-7.0,3.0,1.0,-3,LOST,WIN,WIN,LOST,not_leading,1-3,1-3,Q1_LOST__Q2_WIN__Q3_WIN,Q1_LOST__Q2_WIN__Q3_WIN__Q3_LEAD_1-3,False,False,-2.0,0.558015763759613,-126.25241309649756
2021,2021_09_LV_NYG,NYG,LV,NYG,LV,home,home dog,-3.0,3.0,<=3,0.0,-3.0,1.0,7,TIE,LOST,WIN,WIN,not_leading,not_leading,1-3,Q1_TIE__Q2_LOST__Q3_WIN,Q1_TIE__Q2_LOST__Q3_WIN__Q3_LEAD_1-3,True,True,10.0,0.7396724224090576,-284.13141214386394
2021,2021_09_MIN_BAL,BAL,MIN,MIN,BAL,away,away dog,7.5,7.5,7.5+,4.0,7.0,7.0,-3,WIN,WIN,WIN,LOST,4-7,4-7,4-7,Q1_WIN__Q2_WIN__Q3_WIN,Q1_WIN__Q2_WIN__Q3_WIN__Q3_LEAD_4-7,False,True,4.5,0.6966242790222168,-229.6242681441314
2021,2021_09_NE_CAR,CAR,NE,CAR,NE,home,home dog,-3.5,3.5,3.5-7,0.0,-8.0,-18.0,-18,TIE,LOST,LOST,LOST,not_leading,not_leading,not_leading,Q1_TIE__Q2_LOST__Q3_LOST,Q1_TIE__Q2_LOST__Q3_LOST__Q3_LEAD_not_leading,False,False,-14.5,0.028582898899912834,3398.595448633972
2021,2021_09_NYJ_IND,IND,NYJ,NYJ,IND,away,away dog,10.5,10.5,7.5+,0.0,-18.0,-26.0,-15,TIE,LOST,LOST,LOST,not_leading,not_leading,not_leading,Q1_TIE__Q2_LOST__Q3_LOST,Q1_TIE__Q2_LOST__Q3_LOST__Q3_LEAD_not_leading,False,False,-4.5,0.0008507496095262468,117443.39805772765
2021,2021_09_TEN_LA,LA,TEN,TEN,LA,away,away dog,7.0,7.0,3.5-7,-3.0,18.0,15.0,12,LOST,WIN,WIN,WIN,not_leading,8+,8+,Q1_LOST__Q2_WIN__Q3_WIN,Q1_LOST__Q2_WIN__Q3_WIN__Q3_LEAD_8+,True,True,19.0,0.9517854452133179,-1974.0624992273515
2021,2021_10_ATL_DAL,DAL,ATL,ATL,DAL,away,away dog,8.0,8.0,7.5+,-4.0,-33.0,-40.0,-40,LOST,LOST,LOST,LOST,not_leading,not_leading,not_leading,Q1_LOST__Q2_LOST__Q3_LOST,Q1_LOST__Q2_LOST__Q3_LOST__Q3_LEAD_not_leading,False,False,-32.0,7.40167815820314e-05,1350944.9638933826
2021,2021_10_BAL_MIA,MIA,BAL,MIA,BAL,home,home dog,-8.5,8.5,7.5+,-3.0,3.0,3.0,12,LOST,WIN,WIN,WIN,not_leading,1-3,1-3,Q1_LOST__Q2_WIN__Q3_WIN,Q1_LOST__Q2_WIN__Q3_WIN__Q3_LEAD_1-3,True,True,20.5,0.7952504754066467,-388.4016224145425
2021,2021_10_BUF_NYJ,NYJ,BUF,NYJ,BUF,home,home dog,-13.0,13.0,7.5+,-10.0,-14.0,-35.0,-28,LOST,LOST,LOST,LOST,not_leading,not_leading,not_leading,Q1_LOST__Q2_LOST__Q3_LOST,Q1_LOST__Q2_LOST__Q3_LOST__Q3_LEAD_not_leading,False,False,-15.0,0.00012182198406662792,820769.9009967458
2021,2021_10_CAR_ARI,ARI,CAR,CAR,ARI,away,away dog,7.0,7.0,3.5-7,17.0,23.0,28.0,24,WIN,WIN,WIN,WIN,8+,8+,8+,Q1_WIN__Q2_WIN__Q3_WIN,Q1_WIN__Q2_WIN__Q3_WIN__Q3_LEAD_8+,True,True,31.0,0.9993962049484253,-165519.11154985192
2021,2021_10_CLE_NE,NE,CLE,CLE,NE,away,away dog,2.5,2.5,<=3,0.0,-17.0,-24.0,-38,TIE,LOST,LOST,LOST,not_leading,not_leading,not_leading,Q1_TIE__Q2_LOST__Q3_LOST,Q1_TIE__Q2_LOST__Q3_LOST__Q3_LEAD_not_leading,False,False,-35.5,0.00037109851837158203,269370.22165114037
2021,2021_10_DET_PIT,PIT,DET,DET,PIT,away,away dog,9.0,9.0,7.5+,-7.0,0.0,3.0,0,LOST,TIE,WIN,LOST,not_leading,not_leading,1-3,Q1_LOST__Q2_TIE__Q3_WIN,Q1_LOST__Q2_TIE__Q3_WIN__Q3_LEAD_1-3,False,True,9.0,0.5153262615203857,-106.3243622683016
2021,2021_10_JAX_IND,IND,JAX,JAX,IND,away,away dog,10.5,10.5,7.5+,-11.0,-11.0,-11.0,-6,LOST,LOST,LOST,LOST,not_leading,not_leading,not_leading,Q1_LOST__Q2_LOST__Q3_LOST,Q1_LOST__Q2_LOST__Q3_LOST__Q3_LEAD_not_leading,False,True,4.5,0.10603722929954529,843.0650033066153
2021,2021_10_KC_LV,LV,KC,LV,KC,home,home dog,-2.5,2.5,<=3,-7.0,-10.0,-13.0,-27,LOST,LOST,LOST,LOST,not_leading,not_leading,not_leading,Q1_LOST__Q2_LOST__Q3_LOST,Q1_LOST__Q2_LOST__Q3_LOST__Q3_LEAD_not_leading,False,False,-24.5,0.050994277000427246,1861.0043691601347
2021,2021_10_LA_SF,SF,LA,SF,LA,home,home dog,-3.5,3.5,3.5-7,14.0,14.0,17.0,21,WIN,WIN,WIN,WIN,8+,8+,8+,Q1_WIN__Q2_WIN__Q3_WIN,Q1_WIN__Q2_WIN__Q3_WIN__Q3_LEAD_8+,True,True,24.5,0.9861786365509033,-7135.176208794052
2021,2021_10_MIN_LAC,LAC,MIN,MIN,LAC,away,away dog,3.0,3.0,<=3,0.0,3.0,3.0,7,TIE,WIN,WIN,WIN,not_leading,1-3,1-3,Q1_TIE__Q2_WIN__Q3_WIN,Q1_TIE__Q2_WIN__Q3_WIN__Q3_LEAD_1-3,True,True,10.0,0.7066023349761963,-240.83434164987946
2021,2021_10_NO_TEN,TEN,NO,NO,TEN,away,away dog,3.0,3.0,<=3,-3.0,-7.0,-8.0,-2,LOST,LOST,LOST,LOST,not_leading,not_leading,not_leading,Q1_LOST__Q2_LOST__Q3_LOST,Q1_LOST__Q2_LOST__Q3_LOST__Q3_LEAD_not_leading,False,True,1.0,0.11266356706619263,787.5983834352371
2021,2021_10_PHI_DEN,DEN,PHI,PHI,DEN,away,away dog,1.0,1.0,<=3,10.0,10.0,14.0,17,WIN,WIN,WIN,WIN,8+,8+,8+,Q1_WIN__Q2_WIN__Q3_WIN,Q1_WIN__Q2_WIN__Q3_WIN__Q3_LEAD_8+,True,True,18.0,0.9237791895866394,-1211.9776535788603
2021,2021_10_SEA_GB,GB,SEA,SEA,GB,away,away dog,3.0,3.0,<=3,0.0,-3.0,-3.0,-17,TIE,LOST,LOST,LOST,not_leading,not_leading,not_leading,Q1_TIE__Q2_LOST__Q3_LOST,Q1_TIE__Q2_LOST__Q3_LOST__Q3_LEAD_not_leading,False,False,-14.0,0.23590821027755737,323.893682557064
2021,2021_10_TB_WAS,WAS,TB,WAS,TB,home,home dog,-10.0,10.0,7.5+,6.0,10.0,10.0,10,WIN,WIN,WIN,WIN,4-7,8+,8+,Q1_WIN__Q2_WIN__Q3_WIN,Q1_WIN__Q2_WIN__Q3_WIN__Q3_LEAD_8+,True,True,20.0,0.8877816200256348,-791.1196189326886
2021,2021_11_ARI_SEA,SEA,ARI,ARI,SEA,away,away dog,2.5,2.5,<=3,7.0,7.0,10.0,10,WIN,WIN,WIN,WIN,4-7,4-7,8+,Q1_WIN__Q2_WIN__Q3_WIN,Q1_WIN__Q2_WIN__Q3_WIN__Q3_LEAD_8+,True,True,12.5,0.8836837410926819,-759.7250370619377
2021,2021_11_BAL_CHI,CHI,BAL,CHI,BAL,home,home dog,-5.0,5.0,3.5-7,0.0,-6.0,1.0,-3,TIE,LOST,WIN,LOST,not_leading,not_leading,1-3,Q1_TIE__Q2_LOST__Q3_WIN,Q1_TIE__Q2_LOST__Q3_WIN__Q3_LEAD_1-3,False,True,2.0,0.6303126811981201,-170.4988646191331
2021,2021_11_CIN_LV,LV,CIN,LV,CIN,home,home dog,-1.0,1.0,<=3,0.0,-4.0,-7.0,-19,TIE,LOST,LOST,LOST,not_leading,not_leading,not_leading,Q1_TIE__Q2_LOST__Q3_LOST,Q1_TIE__Q2_LOST__Q3_LOST__Q3_LEAD_not_leading,False,False,-18.0,0.15182095766067505,558.6705916024016
2021,2021_11_DAL_KC,KC,DAL,DAL,KC,away,away dog,2.5,2.5,<=3,-6.0,-13.0,-13.0,-10,LOST,LOST,LOST,LOST,not_leading,not_leading,not_leading,Q1_LOST__Q2_LOST__Q3_LOST,Q1_LOST__Q2_LOST__Q3_LOST__Q3_LEAD_not_leading,False,False,-7.5,0.13164904713630676,659.5953193376479
2021,2021_11_DET_CLE,CLE,DET,DET,CLE,away,away dog,13.0,13.0,7.5+,0.0,-13.0,-6.0,-3,TIE,LOST,LOST,LOST,not_leading,not_leading,not_leading,Q1_TIE__Q2_LOST__Q3_LOST,Q1_TIE__Q2_LOST__Q3_LOST__Q3_LEAD_not_leading,False,True,10.0,0.24518387019634247,307.8571723332384
2021,2021_11_GB_MIN,MIN,GB,MIN,GB,home,home dog,-1.0,1.0,<=3,6.0,6.0,6.0,3,WIN,WIN,WIN,WIN,4-7,4-7,4-7,Q1_WIN__Q2_WIN__Q3_WIN,Q1_WIN__Q2_WIN__Q3_WIN__Q3_LEAD_4-7,True,True,4.0,0.7556930184364319,-309.3210900482606
2021,2021_11_HOU_TEN,TEN,HOU,HOU,TEN,away,away dog,10.5,10.5,7.5+,3.0,12.0,13.0,9,WIN,WIN,WIN,WIN,1-3,8+,8+,Q1_WIN__Q2_WIN__Q3_WIN,Q1_WIN__Q2_WIN__Q3_WIN__Q3_LEAD_8+,True,True,19.5,0.8952972888946533,-855.0851066252235
2021,2021_11_IND_BUF,BUF,IND,IND,BUF,away,away dog,7.5,7.5,7.5+,14.0,17.0,31.0,26,WIN,WIN,WIN,WIN,8+,8+,8+,Q1_WIN__Q2_WIN__Q3_WIN,Q1_WIN__Q2_WIN__Q3_WIN__Q3_LEAD_8+,True,True,33.5,0.9994837045669556,-193587.55483722003
2021,2021_11_MIA_NYJ,NYJ,MIA,NYJ,MIA,home,home dog,-3.5,3.5,3.5-7,0.0,0.0,0.0,-7,TIE,TIE,TIE,LOST,not_leading,not_leading,not_leading,Q1_TIE__Q2_TIE__Q3_TIE,Q1_TIE__Q2_TIE__Q3_TIE__Q3_LEAD_not_leading,False,False,-3.5,0.4772269129753113,109.54392403509182
2021,2021_11_NE_ATL,ATL,NE,ATL,NE,home,home dog,-7.0,7.0,3.5-7,-3.0,-13.0,-13.0,-25,LOST,LOST,LOST,LOST,not_leading,not_leading,not_leading,Q1_LOST__Q2_LOST__Q3_LOST,Q1_LOST__Q2_LOST__Q3_LOST__Q3_LEAD_not_leading,False,False,-18.0,0.06859755516052246,1357.7779013551417
2021,2021_11_NO_PHI,PHI,NO,NO,PHI,away,away dog,2.5,2.5,<=3,-14.0,-20.0,-26.0,-11,LOST,LOST,LOST,LOST,not_leading,not_leading,not_leading,Q1_LOST__Q2_LOST__Q3_LOST,Q1_LOST__Q2_LOST__Q3_LOST__Q3_LEAD_not_leading,False,False,-8.5,0.0009133431012742221,109387.8801410862
2021,2021_11_NYG_TB,TB,NYG,NYG,TB,away,away dog,11.5,11.5,7.5+,-4.0,-7.0,-17.0,-20,LOST,LOST,LOST,LOST,not_leading,not_leading,not_leading,Q1_LOST__Q2_LOST__Q3_LOST,Q1_LOST__Q2_LOST__Q3_LOST__Q3_LEAD_not_leading,False,False,-8.5,0.02970612607896328,3266.3090143152695
2021,2021_11_PIT_LAC,LAC,PIT,PIT,LAC,away,away dog,5.5,5.5,3.5-7,-4.0,-7.0,-17.0,-4,LOST,LOST,LOST,LOST,not_leading,not_leading,not_leading,Q1_LOST__Q2_LOST__Q3_LOST,Q1_LOST__Q2_LOST__Q3_LOST__Q3_LEAD_not_leading,False,True,1.5,0.04746272414922714,2006.9165706879965
2021,2021_11_SF_JAX,JAX,SF,JAX,SF,home,home dog,-6.5,6.5,3.5-7,-3.0,-17.0,-24.0,-20,LOST,LOST,LOST,LOST,not_leading,not_leading,not_leading,Q1_LOST__Q2_LOST__Q3_LOST,Q1_LOST__Q2_LOST__Q3_LOST__Q3_LEAD_not_leading,False,False,-13.5,0.003878208575770259,25685.101045045983
2021,2021_11_WAS_CAR,CAR,WAS,WAS,CAR,away,away dog,3.5,3.5,3.5-7,-7.0,0.0,7.0,6,LOST,TIE,WIN,WIN,not_leading,not_leading,4-7,Q1_LOST__Q2_TIE__Q3_WIN,Q1_LOST__Q2_TIE__Q3_WIN__Q3_LEAD_4-7,True,True,9.5,0.7478041052818298,-296.5171602485852
2021,2021_12_ATL_JAX,JAX,ATL,JAX,ATL,home,home dog,-1.5,1.5,<=3,-7.0,-11.0,-10.0,-7,LOST,LOST,LOST,LOST,not_leading,not_leading,not_leading,Q1_LOST__Q2_LOST__Q3_LOST,Q1_LOST__Q2_LOST__Q3_LOST__Q3_LEAD_not_leading,False,False,-5.5,0.10830473899841309,823.320631440377
2021,2021_12_BUF_NO,NO,BUF,NO,BUF,home,home dog,-7.0,7.0,3.5-7,-7.0,-10.0,-24.0,-25,LOST,LOST,LOST,LOST,not_leading,not_leading,not_leading,Q1_LOST__Q2_LOST__Q3_LOST,Q1_LOST__Q2_LOST__Q3_LOST__Q3_LEAD_not_leading,False,False,-18.0,0.005647001788020134,17608.512189981167
2021,2021_12_CAR_MIA,MIA,CAR,MIA,CAR,home,home dog,-1.0,1.0,<=3,0.0,11.0,17.0,23,TIE,WIN,WIN,WIN,not_leading,8+,8+,Q1_TIE__Q2_WIN__Q3_WIN,Q1_TIE__Q2_WIN__Q3_WIN__Q3_LEAD_8+,True,True,24.0,0.9873560070991516,-7808.894032461074
2021,2021_12_CHI_DET,DET,CHI,DET,CHI,home,home dog,-2.0,2.0,<=3,7.0,-3.0,1.0,-2,WIN,LOST,WIN,LOST,4-7,not_leading,1-3,Q1_WIN__Q2_LOST__Q3_WIN,Q1_WIN__Q2_LOST__Q3_WIN__Q3_LEAD_1-3,False,False,0.0,0.530493974685669,-112.9898118624797
2021,2021_12_CLE_BAL,BAL,CLE,CLE,BAL,away,away dog,3.0,3.0,<=3,-3.0,-3.0,-3.0,-6,LOST,LOST,LOST,LOST,not_leading,not_leading,not_leading,Q1_LOST__Q2_LOST__Q3_LOST,Q1_LOST__Q2_LOST__Q3_LOST__Q3_LEAD_not_leading,False,False,-3.0,0.3013952374458313,231.7902460816842
2021,2021_12_LAC_DEN,DEN,LAC,DEN,LAC,home,home dog,-2.5,2.5,<=3,7.0,7.0,7.0,15,WIN,WIN,WIN,WIN,4-7,4-7,4-7,Q1_WIN__Q2_WIN__Q3_WIN,Q1_WIN__Q2_WIN__Q3_WIN__Q3_LEAD_4-7,True,True,17.5,0.7281509637832642,-267.85122136785304
2021,2021_12_LA_GB,GB,LA,GB,LA,home,home dog,-2.0,2.0,<=3,7.0,3.0,19.0,8,WIN,WIN,WIN,WIN,4-7,1-3,8+,Q1_WIN__Q2_WIN__Q3_WIN,Q1_WIN__Q2_WIN__Q3_WIN__Q3_LEAD_8+,True,True,10.0,0.9777812957763672,-4400.7125075113745
2021,2021_12_LV_DAL,DAL,LV,LV,DAL,away,away dog,7.0,7.0,3.5-7,8.0,4.0,8.0,3,WIN,WIN,WIN,WIN,8+,4-7,8+,Q1_WIN__Q2_WIN__Q3_WIN,Q1_WIN__Q2_WIN__Q3_WIN__Q3_LEAD_8+,True,True,10.0,0.8274295926094055,-479.4736276751135
2021,2021_12_MIN_SF,SF,MIN,MIN,SF,away,away dog,3.5,3.5,3.5-7,0.0,0.0,-8.0,-8,TIE,TIE,LOST,LOST,not_leading,not_leading,not_leading,Q1_TIE__Q2_TIE__Q3_LOST,Q1_TIE__Q2_TIE__Q3_LOST__Q3_LEAD_not_leading,False,False,-4.5,0.18317678570747375,445.92070503789785
2021,2021_12_NYJ_HOU,HOU,NYJ,NYJ,HOU,away,away dog,3.0,3.0,<=3,3.0,-3.0,4.0,7,WIN,LOST,WIN,WIN,1-3,not_leading,4-7,Q1_WIN__Q2_LOST__Q3_WIN,Q1_WIN__Q2_LOST__Q3_WIN__Q3_LEAD_4-7,True,True,10.0,0.7502065896987915,-300.3308168915143
2021,2021_12_PHI_NYG,NYG,PHI,NYG,PHI,home,home dog,-4.0,4.0,3.5-7,3.0,3.0,10.0,6,WIN,WIN,WIN,WIN,1-3,1-3,8+,Q1_WIN__Q2_WIN__Q3_WIN,Q1_WIN__Q2_WIN__Q3_WIN__Q3_LEAD_8+,True,True,10.0,0.6944179534912109,-227.24435595114005
2021,2021_12_PIT_CIN,CIN,PIT,PIT,CIN,away,away dog,3.5,3.5,3.5-7,-7.0,-28.0,-31.0,-31,LOST,LOST,LOST,LOST,not_leading,not_leading,not_leading,Q1_LOST__Q2_LOST__Q3_LOST,Q1_LOST__Q2_LOST__Q3_LOST__Q3_LEAD_not_leading,False,False,-27.5,0.00012445449829101562,803406.5134099617
2021,2021_12_SEA_WAS,WAS,SEA,WAS,SEA,home,home dog,-1.0,1.0,<=3,-4.0,0.0,8.0,2,LOST,TIE,WIN,WIN,not_leading,not_leading,8+,Q1_LOST__Q2_TIE__Q3_WIN,Q1_LOST__Q2_TIE__Q3_WIN__Q3_LEAD_8+,True,True,3.0,0.9129674434661865,-1048.995318334105
2021,2021_12_TB_IND,IND,TB,IND,TB,home,home dog,-3.0,3.0,<=3,3.0,10.0,-4.0,-7,WIN,WIN,LOST,LOST,1-3,8+,not_leading,Q1_WIN__Q2_WIN__Q3_LOST,Q1_WIN__Q2_WIN__Q3_LOST__Q3_LEAD_not_leading,False,False,-4.0,0.2837959825992584,252.36580547797124
2021,2021_12_TEN_NE,NE,TEN,TEN,NE,away,away dog,7.5,7.5,7.5+,-7.0,-3.0,-13.0,-23,LOST,LOST,LOST,LOST,not_leading,not_leading,not_leading,Q1_LOST__Q2_LOST__Q3_LOST,Q1_LOST__Q2_LOST__Q3_LOST__Q3_LEAD_not_leading,False,False,-15.5,0.1378631889820099,625.3567884103511
2021,2021_13_ARI_CHI,CHI,ARI,CHI,ARI,home,home dog,-7.5,7.5,7.5+,-14.0,-14.0,-10.0,-11,LOST,LOST,LOST,LOST,not_leading,not_leading,not_leading,Q1_LOST__Q2_LOST__Q3_LOST,Q1_LOST__Q2_LOST__Q3_LOST__Q3_LEAD_not_leading,False,False,-3.5,0.10129439830780029,887.2214226114751
2021,2021_13_BAL_PIT,PIT,BAL,PIT,BAL,home,home dog,-4.0,4.0,3.5-7,0.0,-4.0,-7.0,1,TIE,LOST,LOST,WIN,not_leading,not_leading,not_leading,Q1_TIE__Q2_LOST__Q3_LOST,Q1_TIE__Q2_LOST__Q3_LOST__Q3_LEAD_not_leading,True,True,5.0,0.26013898849487305,284.40989018441906
2021,2021_13_DAL_NO,NO,DAL,NO,DAL,home,home dog,-6.0,6.0,3.5-7,-7.0,-6.0,-10.0,-10,LOST,LOST,LOST,LOST,not_leading,not_leading,not_leading,Q1_LOST__Q2_LOST__Q3_LOST,Q1_LOST__Q2_LOST__Q3_LOST__Q3_LEAD_not_leading,False,False,-4.0,0.2617397904396057,282.05883725987843
2021,2021_13_DEN_KC,KC,DEN,DEN,KC,away,away dog,8.5,8.5,7.5+,-10.0,-7.0,-10.0,-13,LOST,LOST,LOST,LOST,not_leading,not_leading,not_leading,Q1_LOST__Q2_LOST__Q3_LOST,Q1_LOST__Q2_LOST__Q3_LOST__Q3_LEAD_not_leading,False,False,-4.5,0.06512373685836792,1435.5384200000915
2021,2021_13_IND_HOU,HOU,IND,HOU,IND,home,home dog,-10.0,10.0,7.5+,-7.0,-14.0,-21.0,-31,LOST,LOST,LOST,LOST,not_leading,not_leading,not_leading,Q1_LOST__Q2_LOST__Q3_LOST,Q1_LOST__Q2_LOST__Q3_LOST__Q3_LEAD_not_leading,False,False,-21.0,0.017365165054798126,5658.655312773388
2021,2021_13_JAX_LA,LA,JAX,JAX,LA,away,away dog,14.0,14.0,7.5+,-10.0,-9.0,-23.0,-30,LOST,LOST,LOST,LOST,not_leading,not_leading,not_leading,Q1_LOST__Q2_LOST__Q3_LOST,Q1_LOST__Q2_LOST__Q3_LOST__Q3_LEAD_not_leading,False,False,-16.0,0.0007203221321105957,138726.77699627637
2021,2021_13_LAC_CIN,CIN,LAC,LAC,CIN,away,away dog,2.5,2.5,<=3,16.0,11.0,2.0,19,WIN,WIN,WIN,WIN,8+,8+,1-3,Q1_WIN__Q2_WIN__Q3_WIN,Q1_WIN__Q2_WIN__Q3_WIN__Q3_LEAD_1-3,True,True,21.5,0.48521989583969116,106.09212618321486
2021,2021_13_MIN_DET,DET,MIN,DET,MIN,home,home dog,-7.0,7.0,3.5-7,-6.0,14.0,8.0,2,LOST,WIN,WIN,WIN,not_leading,8+,8+,Q1_LOST__Q2_WIN__Q3_WIN,Q1_LOST__Q2_WIN__Q3_WIN__Q3_LEAD_8+,True,True,9.0,0.8572501540184021,-600.52614986983
2021,2021_13_NE_BUF,BUF,NE,NE,BUF,away,away dog,3.0,3.0,<=3,1.0,4.0,1.0,4,WIN,WIN,WIN,WIN,1-3,4-7,1-3,Q1_WIN__Q2_WIN__Q3_WIN,Q1_WIN__Q2_WIN__Q3_WIN__Q3_LEAD_1-3,True,True,7.0,0.6964050531387329,-229.38624649011933
2021,2021_13_NYG_MIA,MIA,NYG,NYG,MIA,away,away dog,6.5,6.5,3.5-7,0.0,-7.0,-4.0,-11,TIE,LOST,LOST,LOST,not_leading,not_leading,not_leading,Q1_TIE__Q2_LOST__Q3_LOST,Q1_TIE__Q2_LOST__Q3_LOST__Q3_LEAD_not_leading,False,False,-4.5,0.20672394335269928,383.73690235478114
2021,2021_13_PHI_NYJ,NYJ,PHI,NYJ,PHI,home,home dog,-5.0,5.0,3.5-7,5.0,-6.0,-9.0,-15,WIN,LOST,LOST,LOST,4-7,not_leading,not_leading,Q1_WIN__Q2_LOST__Q3_LOST,Q1_WIN__Q2_LOST__Q3_LOST__Q3_LEAD_not_leading,False,False,-10.0,0.09837871789932251,916.4800084337006
2021,2021_13_SF_SEA,SEA,SF,SEA,SF,home,home dog,-3.0,3.0,<=3,-7.0,-2.0,7.0,7,LOST,LOST,WIN,WIN,not_leading,not_leading,4-7,Q1_LOST__Q2_LOST__Q3_WIN,Q1_LOST__Q2_LOST__Q3_WIN__Q3_LEAD_4-7,True,True,10.0,0.8133600950241089,-435.79110004860604
2021,2021_13_TB_ATL,ATL,TB,ATL,TB,home,home dog,-11.0,11.0,7.5+,-6.0,-3.0,-10.0,-13,LOST,LOST,LOST,LOST,not_leading,not_leading,not_leading,Q1_LOST__Q2_LOST__Q3_LOST,Q1_LOST__Q2_LOST__Q3_LOST__Q3_LEAD_not_leading,False,False,-2.0,0.17629775404930115,467.222200528064
2021,2021_13_WAS_LV,LV,WAS,WAS,LV,away,away dog,1.0,1.0,<=3,7.0,4.0,1.0,2,WIN,WIN,WIN,WIN,4-7,4-7,1-3,Q1_WIN__Q2_WIN__Q3_WIN,Q1_WIN__Q2_WIN__Q3_WIN__Q3_LEAD_1-3,True,True,3.0,0.7038832306861877,-237.7046164313111
2021,2021_14_ATL_CAR,CAR,ATL,ATL,CAR,away,away dog,2.5,2.5,<=3,0.0,10.0,6.0,8,TIE,WIN,WIN,WIN,not_leading,8+,4-7,Q1_TIE__Q2_WIN__Q3_WIN,Q1_TIE__Q2_WIN__Q3_WIN__Q3_LEAD_4-7,True,True,10.5,0.8757556080818176,-704.8653018146056
2021,2021_14_BAL_CLE,CLE,BAL,BAL,CLE,away,away dog,3.0,3.0,<=3,-10.0,-18.0,-15.0,-2,LOST,LOST,LOST,LOST,not_leading,not_leading,not_leading,Q1_LOST__Q2_LOST__Q3_LOST,Q1_LOST__Q2_LOST__Q3_LOST__Q3_LEAD_not_leading,False,True,1.0,0.023086130619049072,4231.605051107479
2021,2021_14_BUF_TB,TB,BUF,BUF,TB,away,away dog,3.5,3.5,3.5-7,-7.0,-21.0,-14.0,-6,LOST,LOST,LOST,LOST,not_leading,not_leading,not_leading,Q1_LOST__Q2_LOST__Q3_LOST,Q1_LOST__Q2_LOST__Q3_LOST__Q3_LEAD_not_leading,False,False,-2.5,0.03471297025680542,2780.767599551501
2021,2021_14_CHI_GB,GB,CHI,CHI,GB,away,away dog,11.5,11.5,7.5+,3.0,6.0,-11.0,-15,WIN,WIN,LOST,LOST,1-3,4-7,not_leading,Q1_WIN__Q2_WIN__Q3_LOST,Q1_WIN__Q2_WIN__Q3_LOST__Q3_LEAD_not_leading,False,False,-3.5,0.11340627819299698,781.7853966587113
2021,2021_14_DAL_WAS,WAS,DAL,WAS,DAL,home,home dog,-6.5,6.5,3.5-7,-18.0,-24.0,-19.0,-7,LOST,LOST,LOST,LOST,not_leading,not_leading,not_leading,Q1_LOST__Q2_LOST__Q3_LOST,Q1_LOST__Q2_LOST__Q3_LOST__Q3_LEAD_not_leading,False,False,-0.5,0.015077916905283928,6532.215884208505
2021,2021_14_DET_DEN,DEN,DET,DET,DEN,away,away dog,13.0,13.0,7.5+,-14.0,-7.0,-21.0,-28,LOST,LOST,LOST,LOST,not_leading,not_leading,not_leading,Q1_LOST__Q2_LOST__Q3_LOST,Q1_LOST__Q2_LOST__Q3_LOST__Q3_LEAD_not_leading,False,False,-15.0,0.017687376588582993,5553.749695392866
2021,2021_14_JAX_TEN,TEN,JAX,JAX,TEN,away,away dog,8.5,8.5,7.5+,-7.0,-10.0,-17.0,-20,LOST,LOST,LOST,LOST,not_leading,not_leading,not_leading,Q1_LOST__Q2_LOST__Q3_LOST,Q1_LOST__Q2_LOST__Q3_LOST__Q3_LEAD_not_leading,False,False,-11.5,0.015624046325683594,6300.390648843313
2021,2021_14_LA_ARI,ARI,LA,LA,ARI,away,away dog,3.0,3.0,<=3,-3.0,0.0,14.0,7,LOST,TIE,WIN,WIN,not_leading,not_leading,8+,Q1_LOST__Q2_TIE__Q3_WIN,Q1_LOST__Q2_TIE__Q3_WIN__Q3_LEAD_8+,True,True,10.0,0.9066512584686279,-971.2517208000347
2021,2021_14_LV_KC,KC,LV,LV,KC,away,away dog,10.0,10.0,7.5+,-14.0,-32.0,-29.0,-39,LOST,LOST,LOST,LOST,not_leading,not_leading,not_leading,Q1_LOST__Q2_LOST__Q3_LOST,Q1_LOST__Q2_LOST__Q3_LOST__Q3_LEAD_not_leading,False,False,-29.0,0.0002613663673400879,382504.6978335234
2021,2021_14_NO_NYJ,NYJ,NO,NYJ,NO,home,home dog,-4.5,4.5,3.5-7,-3.0,-4.0,-7.0,-21,LOST,LOST,LOST,LOST,not_leading,not_leading,not_leading,Q1_LOST__Q2_LOST__Q3_LOST,Q1_LOST__Q2_LOST__Q3_LOST__Q3_LEAD_not_leading,False,False,-16.5,0.16642189025878906,500.8824911464362
2021,2021_14_NYG_LAC,LAC,NYG,NYG,LAC,away,away dog,9.5,9.5,7.5+,0.0,-17.0,-23.0,-16,TIE,LOST,LOST,LOST,not_leading,not_leading,not_leading,Q1_TIE__Q2_LOST__Q3_LOST,Q1_TIE__Q2_LOST__Q3_LOST__Q3_LEAD_not_leading,False,False,-6.5,0.000775456428527832,128856.31053036125
2021,2021_14_PIT_MIN,MIN,PIT,PIT,MIN,away,away dog,3.5,3.5,3.5-7,-6.0,-23.0,-22.0,-8,LOST,LOST,LOST,LOST,not_leading,not_leading,not_leading,Q1_LOST__Q2_LOST__Q3_LOST,Q1_LOST__Q2_LOST__Q3_LOST__Q3_LEAD_not_leading,False,False,-4.5,0.005821767263114452,17076.914754662197
2021,2021_14_SEA_HOU,HOU,SEA,HOU,SEA,home,home dog,-10.0,10.0,7.5+,-3.0,-3.0,-6.0,-20,LOST,LOST,LOST,LOST,not_leading,not_leading,not_leading,Q1_LOST__Q2_LOST__Q3_LOST,Q1_LOST__Q2_LOST__Q3_LOST__Q3_LEAD_not_leading,False,False,-10.0,0.28990957140922546,244.93514482432784
2021,2021_14_SF_CIN,CIN,SF,CIN,SF,home,home dog,-2.5,2.5,<=3,0.0,-11.0,-14.0,-3,TIE,LOST,LOST,LOST,not_leading,not_leading,not_leading,Q1_TIE__Q2_LOST__Q3_LOST,Q1_TIE__Q2_LOST__Q3_LOST__Q3_LEAD_not_leading,False,False,-0.5,0.03484320640563965,2769.9999315738696
2021,2021_15_ARI_DET,DET,ARI,DET,ARI,home,home dog,-13.0,13.0,7.5+,3.0,17.0,18.0,18,WIN,WIN,WIN,WIN,1-3,8+,8+,Q1_WIN__Q2_WIN__Q3_WIN,Q1_WIN__Q2_WIN__Q3_WIN__Q3_LEAD_8+,True,True,31.0,0.9893504977226257,-9290.110203784652
2021,2021_15_ATL_SF,SF,ATL,ATL,SF,away,away dog,9.5,9.5,7.5+,0.0,-7.0,-18.0,-18,TIE,LOST,LOST,LOST,not_leading,not_leading,not_leading,Q1_TIE__Q2_LOST__Q3_LOST,Q1_TIE__Q2_LOST__Q3_LOST__Q3_LEAD_not_leading,False,False,-8.5,0.02029566653072834,4827.160182130336
2021,2021_15_CAR_BUF,BUF,CAR,CAR,BUF,away,away dog,14.0,14.0,7.5+,0.0,-9.0,-16.0,-17,TIE,LOST,LOST,LOST,not_leading,not_leading,not_leading,Q1_TIE__Q2_LOST__Q3_LOST,Q1_TIE__Q2_LOST__Q3_LOST__Q3_LEAD_not_leading,False,False,-3.0,0.060487277805805206,1553.2402122815088
2021,2021_15_CIN_DEN,DEN,CIN,CIN,DEN,away,away dog,3.0,3.0,<=3,3.0,3.0,5.0,5,WIN,WIN,WIN,WIN,1-3,1-3,4-7,Q1_WIN__Q2_WIN__Q3_WIN,Q1_WIN__Q2_WIN__Q3_WIN__Q3_LEAD_4-7,True,True,8.0,0.694543719291687,-227.37909257623755
2021,2021_15_DAL_NYG,NYG,DAL,NYG,DAL,home,home dog,-11.5,11.5,7.5+,-3.0,-12.0,-15.0,-15,LOST,LOST,LOST,LOST,not_leading,not_leading,not_leading,Q1_LOST__Q2_LOST__Q3_LOST,Q1_LOST__Q2_LOST__Q3_LOST__Q3_LEAD_not_leading,False,False,-3.5,0.06252049654722214,1499.4754604111206
2021,2021_15_GB_BAL,BAL,GB,BAL,GB,home,home dog,-9.5,9.5,7.5+,7.0,0.0,-4.0,-1,WIN,TIE,LOST,LOST,4-7,not_leading,not_leading,Q1_WIN__Q2_TIE__Q3_LOST,Q1_WIN__Q2_TIE__Q3_LOST__Q3_LEAD_not_leading,False,True,8.5,0.27025604248046875,270.01947886966093
2021,2021_15_HOU_JAX,JAX,HOU,HOU,JAX,away,away dog,6.0,6.0,3.5-7,11.0,10.0,10.0,14,WIN,WIN,WIN,WIN,8+,8+,8+,Q1_WIN__Q2_WIN__Q3_WIN,Q1_WIN__Q2_WIN__Q3_WIN__Q3_LEAD_8+,True,True,20.0,0.8758774995803833,-705.6557003116551
2021,2021_15_KC_LAC,LAC,KC,LAC,KC,home,home dog,-3.0,3.0,<=3,-7.0,4.0,1.0,-6,LOST,WIN,WIN,LOST,not_leading,4-7,1-3,Q1_LOST__Q2_WIN__Q3_WIN,Q1_LOST__Q2_WIN__Q3_WIN__Q3_LEAD_1-3,False,False,-3.0,0.6636149287223816,-197.27835310940435
2021,2021_15_LV_CLE,CLE,LV,CLE,LV,home,home dog,-3.0,3.0,<=3,-7.0,-10.0,-3.0,-2,LOST,LOST,LOST,LOST,not_leading,not_leading,not_leading,Q1_LOST__Q2_LOST__Q3_LOST,Q1_LOST__Q2_LOST__Q3_LOST__Q3_LEAD_not_leading,False,True,1.0,0.2942958474159241,239.79412512291228
2021,2021_15_MIN_CHI,CHI,MIN,CHI,MIN,home,home dog,-7.0,7.0,3.5-7,-7.0,-7.0,-14.0,-8,LOST,LOST,LOST,LOST,not_leading,not_leading,not_leading,Q1_LOST__Q2_LOST__Q3_LOST,Q1_LOST__Q2_LOST__Q3_LOST__Q3_LEAD_not_leading,False,False,-1.0,0.04555344581604004,2095.223615000131
2021,2021_15_NE_IND,IND,NE,IND,NE,home,home dog,-1.0,1.0,<=3,14.0,17.0,20.0,10,WIN,WIN,WIN,WIN,8+,8+,8+,Q1_WIN__Q2_WIN__Q3_WIN,Q1_WIN__Q2_WIN__Q3_WIN__Q3_LEAD_8+,True,True,11.0,0.9737218022346497,-3705.436007938758
2021,2021_15_NO_TB,TB,NO,NO,TB,away,away dog,11.5,11.5,7.5+,3.0,6.0,6.0,9,WIN,WIN,WIN,WIN,1-3,4-7,4-7,Q1_WIN__Q2_WIN__Q3_WIN,Q1_WIN__Q2_WIN__Q3_WIN__Q3_LEAD_4-7,True,True,20.5,0.7690969109535217,-333.08212295016585
2021,2021_15_NYJ_MIA,MIA,NYJ,NYJ,MIA,away,away dog,10.5,10.5,7.5+,10.0,7.0,0.0,-7,WIN,WIN,TIE,LOST,8+,4-7,not_leading,Q1_WIN__Q2_WIN__Q3_TIE,Q1_WIN__Q2_WIN__Q3_TIE__Q3_LEAD_not_leading,False,True,3.5,0.2991645336151123,234.26422173643815
2021,2021_15_SEA_LA,LA,SEA,SEA,LA,away,away dog,7.5,7.5,7.5+,-3.0,0.0,0.0,-10,LOST,TIE,TIE,LOST,not_leading,not_leading,not_leading,Q1_LOST__Q2_TIE__Q3_TIE,Q1_LOST__Q2_TIE__Q3_TIE__Q3_LEAD_not_leading,False,False,-2.5,0.5205169916152954,-108.55796399727015
2021,2021_15_TEN_PIT,PIT,TEN,TEN,PIT,away,away dog,1.0,1.0,<=3,10.0,10.0,3.0,-6,WIN,WIN,WIN,LOST,8+,8+,1-3,Q1_WIN__Q2_WIN__Q3_WIN,Q1_WIN__Q2_WIN__Q3_WIN__Q3_LEAD_1-3,False,False,-5.0,0.4285317063331604,133.35496188992693
2021,2021_15_WAS_PHI,PHI,WAS,WAS,PHI,away,away dog,10.0,10.0,7.5+,10.0,0.0,-10.0,-10,WIN,TIE,LOST,LOST,8+,not_leading,not_leading,Q1_WIN__Q2_TIE__Q3_LOST,Q1_WIN__Q2_TIE__Q3_LOST__Q3_LEAD_not_leading,False,False,0.0,0.14214877784252167,603.488285427147
2021,2021_16_BAL_CIN,CIN,BAL,BAL,CIN,away,away dog,7.5,7.5,7.5+,-3.0,-17.0,-20.0,-20,LOST,LOST,LOST,LOST,not_leading,not_leading,not_leading,Q1_LOST__Q2_LOST__Q3_LOST,Q1_LOST__Q2_LOST__Q3_LOST__Q3_LEAD_not_leading,False,False,-12.5,0.028459366410970688,3413.781668781333
2021,2021_16_BUF_NE,NE,BUF,BUF,NE,away,away dog,1.0,1.0,<=3,7.0,10.0,6.0,12,WIN,WIN,WIN,WIN,4-7,8+,4-7,Q1_WIN__Q2_WIN__Q3_WIN,Q1_WIN__Q2_WIN__Q3_WIN__Q3_LEAD_4-7,True,True,13.0,0.8261817097663879,-475.3134486917334
2021,2021_16_CHI_SEA,SEA,CHI,CHI,SEA,away,away dog,7.0,7.0,3.5-7,-7.0,-10.0,-10.0,1,LOST,LOST,LOST,WIN,not_leading,not_leading,not_leading,Q1_LOST__Q2_LOST__Q3_LOST,Q1_LOST__Q2_LOST__Q3_LOST__Q3_LEAD_not_leading,True,True,8.0,0.25777825713157654,287.9303131022314
2021,2021_16_CLE_GB,GB,CLE,CLE,GB,away,away dog,7.5,7.5,7.5+,-1.0,-9.0,-9.0,-2,LOST,LOST,LOST,LOST,not_leading,not_leading,not_leading,Q1_LOST__Q2_LOST__Q3_LOST,Q1_LOST__Q2_LOST__Q3_LOST__Q3_LEAD_not_leading,False,True,5.5,0.1943514347076416,414.53183327628994
2021,2021_16_DEN_LV,LV,DEN,LV,DEN,home,home dog,-1.0,1.0,<=3,0.0,-6.0,1.0,4,TIE,LOST,WIN,WIN,not_leading,not_leading,1-3,Q1_TIE__Q2_LOST__Q3_WIN,Q1_TIE__Q2_LOST__Q3_WIN__Q3_LEAD_1-3,True,True,5.0,0.6845242977142334,-216.98162259550892
2021,2021_16_DET_ATL,ATL,DET,DET,ATL,away,away dog,7.5,7.5,7.5+,3.0,0.0,0.0,-4,WIN,TIE,TIE,LOST,1-3,not_leading,not_leading,Q1_WIN__Q2_TIE__Q3_TIE,Q1_WIN__Q2_TIE__Q3_TIE__Q3_LEAD_not_leading,False,True,3.5,0.341616690158844,192.72574461599717
2021,2021_16_IND_ARI,ARI,IND,IND,ARI,away,away dog,3.0,3.0,<=3,1.0,6.0,2.0,6,WIN,WIN,WIN,WIN,1-3,4-7,1-3,Q1_WIN__Q2_WIN__Q3_WIN,Q1_WIN__Q2_WIN__Q3_WIN__Q3_LEAD_1-3,True,True,9.0,0.528439998626709,-112.06209116289982
2021,2021_16_JAX_NYJ,NYJ,JAX,JAX,NYJ,away,away dog,2.5,2.5,<=3,-3.0,-1.0,-1.0,-5,LOST,LOST,LOST,LOST,not_leading,not_leading,not_leading,Q1_LOST__Q2_LOST__Q3_LOST,Q1_LOST__Q2_LOST__Q3_LOST__Q3_LEAD_not_leading,False,False,-2.5,0.3241155743598938,208.53191858334236
2021,2021_16_LAC_HOU,HOU,LAC,HOU,LAC,home,home dog,-13.5,13.5,7.5+,1.0,5.0,2.0,12,WIN,WIN,WIN,WIN,1-3,4-7,1-3,Q1_WIN__Q2_WIN__Q3_WIN,Q1_WIN__Q2_WIN__Q3_WIN__Q3_LEAD_1-3,True,True,25.5,0.8133347034454346,-435.71821782507016
2021,2021_16_LA_MIN,MIN,LA,MIN,LA,home,home dog,-3.5,3.5,3.5-7,-7.0,-10.0,-7.0,-7,LOST,LOST,LOST,LOST,not_leading,not_leading,not_leading,Q1_LOST__Q2_LOST__Q3_LOST,Q1_LOST__Q2_LOST__Q3_LOST__Q3_LEAD_not_leading,False,False,-3.5,0.16509491205215454,505.7121855360955
2021,2021_16_MIA_NO,NO,MIA,NO,MIA,home,home dog,-3.0,3.0,<=3,-10.0,-7.0,-14.0,-17,LOST,LOST,LOST,LOST,not_leading,not_leading,not_leading,Q1_LOST__Q2_LOST__Q3_LOST,Q1_LOST__Q2_LOST__Q3_LOST__Q3_LEAD_not_leading,False,False,-14.0,0.07519616186618805,1229.8551085353333
2021,2021_16_NYG_PHI,PHI,NYG,NYG,PHI,away,away dog,11.0,11.0,7.5+,0.0,0.0,-17.0,-24,TIE,TIE,LOST,LOST,not_leading,not_leading,not_leading,Q1_TIE__Q2_TIE__Q3_LOST,Q1_TIE__Q2_TIE__Q3_LOST__Q3_LEAD_not_leading,False,False,-13.0,0.01304316520690918,7566.850677244229
2021,2021_16_PIT_KC,KC,PIT,PIT,KC,away,away dog,10.5,10.5,7.5+,-14.0,-23.0,-27.0,-26,LOST,LOST,LOST,LOST,not_leading,not_leading,not_leading,Q1_LOST__Q2_LOST__Q3_LOST,Q1_LOST__Q2_LOST__Q3_LOST__Q3_LEAD_not_leading,False,False,-15.5,0.0003134012222290039,318979.802206162
2021,2021_16_SF_TEN,TEN,SF,TEN,SF,home,home dog,-3.5,3.5,3.5-7,-7.0,-10.0,0.0,3,LOST,LOST,TIE,WIN,not_leading,not_leading,not_leading,Q1_LOST__Q2_LOST__Q3_TIE,Q1_LOST__Q2_LOST__Q3_TIE__Q3_LEAD_not_leading,True,True,6.5,0.6594530344009399,-193.64525337669315
2021,2021_16_TB_CAR,CAR,TB,CAR,TB,home,home dog,-11.5,11.5,7.5+,-4.0,-13.0,-23.0,-26,LOST,LOST,LOST,LOST,not_leading,not_leading,not_leading,Q1_LOST__Q2_LOST__Q3_LOST,Q1_LOST__Q2_LOST__Q3_LOST__Q3_LEAD_not_leading,False,False,-14.5,0.006690435577183962,14846.70994830661
2021,2021_16_WAS_DAL,DAL,WAS,WAS,DAL,away,away dog,10.5,10.5,7.5+,-21.0,-35.0,-42.0,-42,LOST,LOST,LOST,LOST,not_leading,not_leading,not_leading,Q1_LOST__Q2_LOST__Q3_LOST,Q1_LOST__Q2_LOST__Q3_LOST__Q3_LEAD_not_leading,False,False,-31.5,0.00010335445404052734,967444.1753171857
2021,2021_17_ARI_DAL,DAL,ARI,ARI,DAL,away,away dog,6.5,6.5,3.5-7,3.0,3.0,15.0,3,WIN,WIN,WIN,WIN,1-3,1-3,8+,Q1_WIN__Q2_WIN__Q3_WIN,Q1_WIN__Q2_WIN__Q3_WIN__Q3_LEAD_8+,True,True,9.5,0.9102517366409302,-1014.2276881716859
2021,2021_17_ATL_BUF,BUF,ATL,ATL,BUF,away,away dog,14.0,14.0,7.5+,-12.0,1.0,-7.0,-14,LOST,WIN,LOST,LOST,not_leading,1-3,not_leading,Q1_LOST__Q2_WIN__Q3_LOST,Q1_LOST__Q2_WIN__Q3_LOST__Q3_LEAD_not_leading,False,False,0.0,0.13566136360168457,637.1295507069358
2021,2021_17_CAR_NO,NO,CAR,CAR,NO,away,away dog,7.0,7.0,3.5-7,0.0,1.0,-2.0,-8,TIE,WIN,LOST,LOST,not_leading,1-3,not_leading,Q1_TIE__Q2_WIN__Q3_LOST,Q1_TIE__Q2_WIN__Q3_LOST__Q3_LEAD_not_leading,False,False,-1.0,0.517964780330658,-107.45372105506362
2021,2021_17_CLE_PIT,PIT,CLE,PIT,CLE,home,home dog,-1.0,1.0,<=3,0.0,10.0,6.0,12,TIE,WIN,WIN,WIN,not_leading,8+,4-7,Q1_TIE__Q2_WIN__Q3_WIN,Q1_TIE__Q2_WIN__Q3_WIN__Q3_LEAD_4-7,True,True,13.0,0.8086415529251099,-422.579491674407
2021,2021_17_DEN_LAC,LAC,DEN,DEN,LAC,away,away dog,8.0,8.0,7.5+,-7.0,-14.0,-17.0,-21,LOST,LOST,LOST,LOST,not_leading,not_leading,not_leading,Q1_LOST__Q2_LOST__Q3_LOST,Q1_LOST__Q2_LOST__Q3_LOST__Q3_LEAD_not_leading,False,False,-13.0,0.04020167142152786,2387.4587663648813
2021,2021_17_DET_SEA,SEA,DET,DET,SEA,away,away dog,8.5,8.5,7.5+,-10.0,-24.0,-16.0,-22,LOST,LOST,LOST,LOST,not_leading,not_leading,not_leading,Q1_LOST__Q2_LOST__Q3_LOST,Q1_LOST__Q2_LOST__Q3_LOST__Q3_LEAD_not_leading,False,False,-13.5,0.0165557861328125,5940.184331797235
2021,2021_17_HOU_SF,SF,HOU,HOU,SF,away,away dog,14.0,14.0,7.5+,0.0,4.0,-3.0,-16,TIE,WIN,LOST,LOST,not_leading,4-7,not_leading,Q1_TIE__Q2_WIN__Q3_LOST,Q1_TIE__Q2_WIN__Q3_LOST__Q3_LEAD_not_leading,False,False,-2.0,0.31970691680908203,212.78647643309063
2021,2021_17_JAX_NE,NE,JAX,JAX,NE,away,away dog,17.5,17.5,7.5+,-4.0,-25.0,-38.0,-40,LOST,LOST,LOST,LOST,not_leading,not_leading,not_leading,Q1_LOST__Q2_LOST__Q3_LOST,Q1_LOST__Q2_LOST__Q3_LOST__Q3_LEAD_not_leading,False,False,-22.5,8.64267349243164e-05,1156949.3793103448
2021,2021_17_KC_CIN,CIN,KC,CIN,KC,home,home dog,-3.5,3.5,3.5-7,-7.0,-11.0,-4.0,3,LOST,LOST,LOST,WIN,not_leading,not_leading,not_leading,Q1_LOST__Q2_LOST__Q3_LOST,Q1_LOST__Q2_LOST__Q3_LOST__Q3_LEAD_not_leading,True,True,6.5,0.3295884132385254,203.40872428555102
2021,2021_17_LA_BAL,BAL,LA,BAL,LA,home,home dog,-7.0,7.0,3.5-7,7.0,6.0,9.0,-1,WIN,WIN,WIN,LOST,4-7,4-7,8+,Q1_WIN__Q2_WIN__Q3_WIN,Q1_WIN__Q2_WIN__Q3_WIN__Q3_LEAD_8+,False,True,6.0,0.7975784540176392,-394.01855674353004
2021,2021_17_LV_IND,IND,LV,LV,IND,away,away dog,8.5,8.5,7.5+,7.0,3.0,-4.0,3,WIN,WIN,LOST,WIN,4-7,1-3,not_leading,Q1_WIN__Q2_WIN__Q3_LOST,Q1_WIN__Q2_WIN__Q3_LOST__Q3_LEAD_not_leading,True,True,11.5,0.2710731625556946,268.9040960646705
2021,2021_17_MIA_TEN,TEN,MIA,MIA,TEN,away,away dog,3.0,3.0,<=3,-7.0,-14.0,-14.0,-31,LOST,LOST,LOST,LOST,not_leading,not_leading,not_leading,Q1_LOST__Q2_LOST__Q3_LOST,Q1_LOST__Q2_LOST__Q3_LOST__Q3_LEAD_not_leading,False,False,-28.0,0.04636549949645996,2056.776074581814
2021,2021_17_MIN_GB,GB,MIN,MIN,GB,away,away dog,13.0,13.0,7.5+,-3.0,-17.0,-20.0,-27,LOST,LOST,LOST,LOST,not_leading,not_leading,not_leading,Q1_LOST__Q2_LOST__Q3_LOST,Q1_LOST__Q2_LOST__Q3_LOST__Q3_LEAD_not_leading,False,False,-14.0,0.007234334945678711,13722.97070164453
2021,2021_17_NYG_CHI,CHI,NYG,NYG,CHI,away,away dog,7.0,7.0,3.5-7,-14.0,-19.0,-26.0,-26,LOST,LOST,LOST,LOST,not_leading,not_leading,not_leading,Q1_LOST__Q2_LOST__Q3_LOST,Q1_LOST__Q2_LOST__Q3_LOST__Q3_LEAD_not_leading,False,False,-19.0,0.0003464221954345703,288565.10667584307
2021,2021_17_PHI_WAS,WAS,PHI,WAS,PHI,home,home dog,-6.5,6.5,3.5-7,10.0,9.0,2.0,-4,WIN,WIN,WIN,LOST,8+,8+,1-3,Q1_WIN__Q2_WIN__Q3_WIN,Q1_WIN__Q2_WIN__Q3_WIN__Q3_LEAD_1-3,False,True,2.5,0.5581231117248535,-126.30737803542311
2021,2021_17_TB_NYJ,NYJ,TB,NYJ,TB,home,home dog,-14.5,14.5,7.5+,0.0,7.0,7.0,-4,TIE,WIN,WIN,LOST,not_leading,4-7,4-7,Q1_TIE__Q2_WIN__Q3_WIN,Q1_TIE__Q2_WIN__Q3_WIN__Q3_LEAD_4-7,False,True,10.5,0.8158591985702515,-443.06269563050074
2021,2021_18_CAR_TB,TB,CAR,CAR,TB,away,away dog,11.0,11.0,7.5+,7.0,-3.0,-7.0,-24,WIN,LOST,LOST,LOST,4-7,not_leading,not_leading,Q1_WIN__Q2_LOST__Q3_LOST,Q1_WIN__Q2_LOST__Q3_LOST__Q3_LEAD_not_leading,False,False,-13.0,0.09868121147155762,913.3641298964241
2021,2021_18_CHI_MIN,MIN,CHI,CHI,MIN,away,away dog,3.5,3.5,3.5-7,3.0,11.0,7.0,-14,WIN,WIN,WIN,LOST,1-3,8+,4-7,Q1_WIN__Q2_WIN__Q3_WIN,Q1_WIN__Q2_WIN__Q3_WIN__Q3_LEAD_4-7,False,False,-10.5,0.7086058855056763,-243.17783038801895
2021,2021_18_CIN_CLE,CLE,CIN,CIN,CLE,away,away dog,6.5,6.5,3.5-7,-7.0,-7.0,-4.0,-5,LOST,LOST,LOST,LOST,not_leading,not_leading,not_leading,Q1_LOST__Q2_LOST__Q3_LOST,Q1_LOST__Q2_LOST__Q3_LOST__Q3_LEAD_not_leading,False,True,1.5,0.18407249450683594,443.2642191758111
2021,2021_18_DAL_PHI,PHI,DAL,PHI,DAL,home,home dog,-6.5,6.5,3.5-7,-3.0,-13.0,-10.0,-25,LOST,LOST,LOST,LOST,not_leading,not_leading,not_leading,Q1_LOST__Q2_LOST__Q3_LOST,Q1_LOST__Q2_LOST__Q3_LOST__Q3_LEAD_not_leading,False,False,-18.5,0.09121090173721313,996.3601729112278
2021,2021_18_GB_DET,DET,GB,DET,GB,home,home dog,-4.0,4.0,3.5-7,0.0,4.0,8.0,7,TIE,WIN,WIN,WIN,not_leading,4-7,8+,Q1_TIE__Q2_WIN__Q3_WIN,Q1_TIE__Q2_WIN__Q3_WIN__Q3_LEAD_8+,True,True,11.0,0.6895167827606201,-222.0786002191573
2021,2021_18_IND_JAX,JAX,IND,JAX,IND,home,home dog,-14.0,14.0,7.5+,7.0,10.0,20.0,15,WIN,WIN,WIN,WIN,4-7,8+,8+,Q1_WIN__Q2_WIN__Q3_WIN,Q1_WIN__Q2_WIN__Q3_WIN__Q3_LEAD_8+,True,True,29.0,0.9709357619285583,-3340.6544480606703
2021,2021_18_KC_DEN,DEN,KC,DEN,KC,home,home dog,-11.5,11.5,7.5+,0.0,4.0,4.0,-4,TIE,WIN,WIN,LOST,not_leading,4-7,4-7,Q1_TIE__Q2_WIN__Q3_WIN,Q1_TIE__Q2_WIN__Q3_WIN__Q3_LEAD_4-7,False,True,7.5,0.592524528503418,-145.41354509688276
2021,2021_18_LAC_LV,LV,LAC,LV,LAC,home,home dog,-3.5,3.5,3.5-7,10.0,3.0,6.0,3,WIN,WIN,WIN,WIN,8+,1-3,4-7,Q1_WIN__Q2_WIN__Q3_WIN,Q1_WIN__Q2_WIN__Q3_WIN__Q3_LEAD_4-7,True,True,6.5,0.8888347148895264,-799.5614044494392
2021,2021_18_NE_MIA,MIA,NE,MIA,NE,home,home dog,-6.0,6.0,3.5-7,14.0,10.0,14.0,9,WIN,WIN,WIN,WIN,8+,8+,8+,Q1_WIN__Q2_WIN__Q3_WIN,Q1_WIN__Q2_WIN__Q3_WIN__Q3_LEAD_8+,True,True,15.0,0.9674198627471924,-2969.3547796942576
2021,2021_18_NO_ATL,ATL,NO,ATL,NO,home,home dog,-4.5,4.5,3.5-7,-4.0,-18.0,-11.0,-10,LOST,LOST,LOST,LOST,not_leading,not_leading,not_leading,Q1_LOST__Q2_LOST__Q3_LOST,Q1_LOST__Q2_LOST__Q3_LOST__Q3_LEAD_not_leading,False,False,-5.5,0.07090222835540771,1310.392907522391
2021,2021_18_NYJ_BUF,BUF,NYJ,NYJ,BUF,away,away dog,16.0,16.0,7.5+,-10.0,-6.0,-3.0,-17,LOST,LOST,LOST,LOST,not_leading,not_leading,not_leading,Q1_LOST__Q2_LOST__Q3_LOST,Q1_LOST__Q2_LOST__Q3_LOST__Q3_LEAD_not_leading,False,False,-1.0,0.32653680443763733,206.2441925106124
2021,2021_18_PIT_BAL,BAL,PIT,PIT,BAL,away,away dog,3.0,3.0,<=3,3.0,0.0,-4.0,3,WIN,TIE,LOST,WIN,1-3,not_leading,not_leading,Q1_WIN__Q2_TIE__Q3_LOST,Q1_WIN__Q2_TIE__Q3_LOST__Q3_LEAD_not_leading,True,True,6.0,0.1676713228225708,496.40490882164534
2021,2021_18_SEA_ARI,ARI,SEA,SEA,ARI,away,away dog,5.5,5.5,3.5-7,0.0,7.0,0.0,8,TIE,WIN,TIE,WIN,not_leading,4-7,not_leading,Q1_TIE__Q2_WIN__Q3_TIE,Q1_TIE__Q2_WIN__Q3_TIE__Q3_LEAD_not_leading,True,True,13.5,0.6388765573501587,-176.91362063404927
2021,2021_18_SF_LA,LA,SF,SF,LA,away,away dog,3.0,3.0,<=3,-3.0,-14.0,0.0,3,LOST,LOST,TIE,WIN,not_leading,not_leading,not_leading,Q1_LOST__Q2_LOST__Q3_TIE,Q1_LOST__Q2_LOST__Q3_TIE__Q3_LEAD_not_leading,True,True,6.0,0.40089255571365356,149.44339468210836
2021,2021_18_TEN_HOU,HOU,TEN,HOU,TEN,home,home dog,-10.5,10.5,7.5+,0.0,-21.0,-11.0,-3,TIE,LOST,LOST,LOST,not_leading,not_leading,not_leading,Q1_TIE__Q2_LOST__Q3_LOST,Q1_TIE__Q2_LOST__Q3_LOST__Q3_LEAD_not_leading,False,True,7.5,0.1622544378042221,516.3159624679174
2021,2021_18_WAS_NYG,NYG,WAS,NYG,WAS,home,home dog,-6.0,6.0,3.5-7,-3.0,-6.0,-12.0,-15,LOST,LOST,LOST,LOST,not_leading,not_leading,not_leading,Q1_LOST__Q2_LOST__Q3_LOST,Q1_LOST__Q2_LOST__Q3_LOST__Q3_LEAD_not_leading,False,False,-9.0,0.08193773776292801,1120.4388689535447
2022,2022_01_BAL_NYJ,NYJ,BAL,NYJ,BAL,home,home dog,-6.5,6.5,3.5-7,-3.0,-7.0,-21.0,-15,LOST,LOST,LOST,LOST,not_leading,not_leading,not_leading,Q1_LOST__Q2_LOST__Q3_LOST,Q1_LOST__Q2_LOST__Q3_LOST__Q3_LEAD_not_leading,False,False,-8.5,0.020974338054656982,4667.730916675902
2022,2022_01_BUF_LA,LA,BUF,LA,BUF,home,home dog,-1.0,1.0,<=3,-7.0,0.0,-7.0,-21,LOST,TIE,LOST,LOST,not_leading,not_leading,not_leading,Q1_LOST__Q2_TIE__Q3_LOST,Q1_LOST__Q2_TIE__Q3_LOST__Q3_LEAD_not_leading,False,False,-20.0,0.19997715950012207,400.0571077715451
2022,2022_01_CLE_CAR,CAR,CLE,CLE,CAR,away,away dog,2.5,2.5,<=3,0.0,10.0,13.0,2,TIE,WIN,WIN,WIN,not_leading,8+,8+,Q1_TIE__Q2_WIN__Q3_WIN,Q1_TIE__Q2_WIN__Q3_WIN__Q3_LEAD_8+,True,True,4.5,0.9018780589103699,-919.1400505280908
2022,2022_01_DEN_SEA,SEA,DEN,SEA,DEN,home,home dog,-6.0,6.0,3.5-7,4.0,4.0,4.0,1,WIN,WIN,WIN,WIN,4-7,4-7,4-7,Q1_WIN__Q2_WIN__Q3_WIN,Q1_WIN__Q2_WIN__Q3_WIN__Q3_LEAD_4-7,True,True,7.0,0.7531882524490356,-305.1670999953149
2022,2022_01_GB_MIN,MIN,GB,GB,MIN,away,away dog,2.5,2.5,<=3,-7.0,-17.0,-13.0,-16,LOST,LOST,LOST,LOST,not_leading,not_leading,not_leading,Q1_LOST__Q2_LOST__Q3_LOST,Q1_LOST__Q2_LOST__Q3_LOST__Q3_LEAD_not_leading,False,False,-13.5,0.07791322469711304,1183.4791575980728
2022,2022_01_IND_HOU,HOU,IND,HOU,IND,home,home dog,-7.0,7.0,3.5-7,-3.0,7.0,17.0,0,LOST,WIN,WIN,LOST,not_leading,4-7,8+,Q1_LOST__Q2_WIN__Q3_WIN,Q1_LOST__Q2_WIN__Q3_WIN__Q3_LEAD_8+,False,True,7.0,0.9867774844169617,-7462.857413326001
2022,2022_01_JAX_WAS,WAS,JAX,JAX,WAS,away,away dog,3.0,3.0,<=3,-4.0,-11.0,-2.0,-6,LOST,LOST,LOST,LOST,not_leading,not_leading,not_leading,Q1_LOST__Q2_LOST__Q3_LOST,Q1_LOST__Q2_LOST__Q3_LOST__Q3_LEAD_not_leading,False,False,-3.0,0.2682739496231079,272.7532999029081
2022,2022_01_KC_ARI,ARI,KC,ARI,KC,home,home dog,-6.0,6.0,3.5-7,-14.0,-16.0,-30.0,-23,LOST,LOST,LOST,LOST,not_leading,not_leading,not_leading,Q1_LOST__Q2_LOST__Q3_LOST,Q1_LOST__Q2_LOST__Q3_LOST__Q3_LEAD_not_leading,False,False,-17.0,0.0007077971240505576,141183.42232831262
2022,2022_01_LV_LAC,LAC,LV,LV,LAC,away,away dog,3.5,3.5,3.5-7,0.0,-14.0,-11.0,-5,TIE,LOST,LOST,LOST,not_leading,not_leading,not_leading,Q1_TIE__Q2_LOST__Q3_LOST,Q1_TIE__Q2_LOST__Q3_LOST__Q3_LEAD_not_leading,False,False,-1.5,0.08523023128509521,1073.2926039529318
2022,2022_01_NE_MIA,MIA,NE,NE,MIA,away,away dog,3.0,3.0,<=3,-3.0,-17.0,-13.0,-13,LOST,LOST,LOST,LOST,not_leading,not_leading,not_leading,Q1_LOST__Q2_LOST__Q3_LOST,Q1_LOST__Q2_LOST__Q3_LOST__Q3_LEAD_not_leading,False,False,-10.0,0.07181618362665176,1292.4438051437883
2022,2022_01_NO_ATL,ATL,NO,ATL,NO,home,home dog,-6.0,6.0,3.5-7,-4.0,9.0,13.0,-1,LOST,WIN,WIN,LOST,not_leading,8+,8+,Q1_LOST__Q2_WIN__Q3_WIN,Q1_LOST__Q2_WIN__Q3_WIN__Q3_LEAD_8+,False,True,5.0,0.9655742645263672,-2804.803590226605
2022,2022_01_NYG_TEN,TEN,NYG,NYG,TEN,away,away dog,5.5,5.5,3.5-7,-7.0,-13.0,-7.0,1,LOST,LOST,LOST,WIN,not_leading,not_leading,not_leading,Q1_LOST__Q2_LOST__Q3_LOST,Q1_LOST__Q2_LOST__Q3_LOST__Q3_LEAD_not_leading,True,True,6.5,0.20735126733779907,382.27339665635367
2022,2022_01_PHI_DET,DET,PHI,DET,PHI,home,home dog,-6.0,6.0,3.5-7,7.0,-10.0,-17.0,-3,WIN,LOST,LOST,LOST,4-7,not_leading,not_leading,Q1_WIN__Q2_LOST__Q3_LOST,Q1_WIN__Q2_LOST__Q3_LOST__Q3_LEAD_not_leading,False,True,3.0,0.06035073846578598,1556.9805530497686
2022,2022_01_PIT_CIN,CIN,PIT,PIT,CIN,away,away dog,7.5,7.5,7.5+,7.0,11.0,3.0,3,WIN,WIN,WIN,WIN,4-7,8+,1-3,Q1_WIN__Q2_WIN__Q3_WIN,Q1_WIN__Q2_WIN__Q3_WIN__Q3_LEAD_1-3,True,True,10.5,0.601273775100708,-150.79865269774376
2022,2022_01_SF_CHI,CHI,SF,CHI,SF,home,home dog,-6.5,6.5,3.5-7,0.0,-7.0,-3.0,9,TIE,LOST,LOST,WIN,not_leading,not_leading,not_leading,Q1_TIE__Q2_LOST__Q3_LOST,Q1_TIE__Q2_LOST__Q3_LOST__Q3_LEAD_not_leading,True,True,15.5,0.46972766518592834,112.88931313087093
2022,2022_01_TB_DAL,DAL,TB,DAL,TB,home,home dog,-2.5,2.5,<=3,-3.0,-9.0,-16.0,-16,LOST,LOST,LOST,LOST,not_leading,not_leading,not_leading,Q1_LOST__Q2_LOST__Q3_LOST,Q1_LOST__Q2_LOST__Q3_LOST__Q3_LEAD_not_leading,False,False,-13.5,0.0707470029592514,1313.4874385788135
2022,2022_02_ARI_LV,LV,ARI,ARI,LV,away,away dog,5.5,5.5,3.5-7,-7.0,-20.0,-16.0,6,LOST,LOST,LOST,WIN,not_leading,not_leading,not_leading,Q1_LOST__Q2_LOST__Q3_LOST,Q1_LOST__Q2_LOST__Q3_LOST__Q3_LEAD_not_leading,True,True,11.5,0.04784562811255455,1990.0551198691505
2022,2022_02_ATL_LA,LA,ATL,ATL,LA,away,away dog,10.5,10.5,7.5+,-7.0,-18.0,-18.0,-4,LOST,LOST,LOST,LOST,not_leading,not_leading,not_leading,Q1_LOST__Q2_LOST__Q3_LOST,Q1_LOST__Q2_LOST__Q3_LOST__Q3_LEAD_not_leading,False,True,6.5,0.013309836387634277,7413.240365066144
2022,2022_02_CAR_NYG,NYG,CAR,NYG,CAR,home,home dog,-1.0,1.0,<=3,6.0,0.0,0.0,3,WIN,TIE,TIE,WIN,4-7,not_leading,not_leading,Q1_WIN__Q2_TIE__Q3_TIE,Q1_WIN__Q2_TIE__Q3_TIE__Q3_LEAD_not_leading,True,True,4.0,0.5217681527137756,-109.10359811346787
2022,2022_02_CHI_GB,GB,CHI,CHI,GB,away,away dog,10.5,10.5,7.5+,4.0,-17.0,-14.0,-17,WIN,LOST,LOST,LOST,4-7,not_leading,not_leading,Q1_WIN__Q2_LOST__Q3_LOST,Q1_WIN__Q2_LOST__Q3_LOST__Q3_LEAD_not_leading,False,False,-6.5,0.04934036731719971,1926.7380531871456
2022,2022_02_CIN_DAL,DAL,CIN,DAL,CIN,home,home dog,-7.5,7.5,7.5+,11.0,14.0,8.0,3,WIN,WIN,WIN,WIN,8+,8+,8+,Q1_WIN__Q2_WIN__Q3_WIN,Q1_WIN__Q2_WIN__Q3_WIN__Q3_LEAD_8+,True,True,10.5,0.8502357602119446,-567.7161393235049
2022,2022_02_HOU_DEN,DEN,HOU,HOU,DEN,away,away dog,10.5,10.5,7.5+,0.0,0.0,3.0,-7,TIE,TIE,WIN,LOST,not_leading,not_leading,1-3,Q1_TIE__Q2_TIE__Q3_WIN,Q1_TIE__Q2_TIE__Q3_WIN__Q3_LEAD_1-3,False,True,3.5,0.6582556962966919,-192.61643549388003
2022,2022_02_IND_JAX,JAX,IND,JAX,IND,home,home dog,-3.0,3.0,<=3,7.0,17.0,24.0,24,WIN,WIN,WIN,WIN,4-7,8+,8+,Q1_WIN__Q2_WIN__Q3_WIN,Q1_WIN__Q2_WIN__Q3_WIN__Q3_LEAD_8+,True,True,27.0,0.994882345199585,-19440.200326112277
2022,2022_02_LAC_KC,KC,LAC,LAC,KC,away,away dog,4.0,4.0,3.5-7,3.0,3.0,3.0,-3,WIN,WIN,WIN,LOST,1-3,1-3,1-3,Q1_WIN__Q2_WIN__Q3_WIN,Q1_WIN__Q2_WIN__Q3_WIN__Q3_LEAD_1-3,False,True,1.0,0.4301699995994568,132.46623449592667
2022,2022_02_MIA_BAL,BAL,MIA,MIA,BAL,away,away dog,3.0,3.0,<=3,-7.0,-21.0,-21.0,4,LOST,LOST,LOST,WIN,not_leading,not_leading,not_leading,Q1_LOST__Q2_LOST__Q3_LOST,Q1_LOST__Q2_LOST__Q3_LOST__Q3_LEAD_not_leading,True,True,7.0,0.02047216333448887,4784.681621874952
2022,2022_02_MIN_PHI,PHI,MIN,MIN,PHI,away,away dog,2.5,2.5,<=3,-7.0,-17.0,-17.0,-17,LOST,LOST,LOST,LOST,not_leading,not_leading,not_leading,Q1_LOST__Q2_LOST__Q3_LOST,Q1_LOST__Q2_LOST__Q3_LOST__Q3_LEAD_not_leading,False,False,-14.5,0.01692873239517212,5807.116827513846
2022,2022_02_NE_PIT,PIT,NE,PIT,NE,home,home dog,-3.0,3.0,<=3,-3.0,-7.0,-11.0,-3,LOST,LOST,LOST,LOST,not_leading,not_leading,not_leading,Q1_LOST__Q2_LOST__Q3_LOST,Q1_LOST__Q2_LOST__Q3_LOST__Q3_LEAD_not_leading,False,False,0.0,0.22660134732723236,341.30364262835195
2022,2022_02_NYJ_CLE,CLE,NYJ,NYJ,CLE,away,away dog,6.5,6.5,3.5-7,-7.0,0.0,-3.0,1,LOST,TIE,LOST,WIN,not_leading,not_leading,not_leading,Q1_LOST__Q2_TIE__Q3_LOST,Q1_LOST__Q2_TIE__Q3_LOST__Q3_LEAD_not_leading,True,True,7.5,0.4839461147785187,106.63457551625494
2022,2022_02_SEA_SF,SF,SEA,SEA,SF,away,away dog,8.5,8.5,7.5+,-6.0,-20.0,-13.0,-20,LOST,LOST,LOST,LOST,not_leading,not_leading,not_leading,Q1_LOST__Q2_LOST__Q3_LOST,Q1_LOST__Q2_LOST__Q3_LOST__Q3_LEAD_not_leading,False,False,-11.5,0.043803539127111435,2182.9205583095622
2022,2022_02_TB_NO,NO,TB,NO,TB,home,home dog,-2.5,2.5,<=3,3.0,3.0,0.0,-10,WIN,WIN,TIE,LOST,1-3,1-3,not_leading,Q1_WIN__Q2_WIN__Q3_TIE,Q1_WIN__Q2_WIN__Q3_TIE__Q3_LEAD_not_leading,False,False,-7.5,0.5619784593582153,-128.29927462809482
2022,2022_02_TEN_BUF,BUF,TEN,TEN,BUF,away,away dog,10.0,10.0,7.5+,0.0,-10.0,-34.0,-34,TIE,LOST,LOST,LOST,not_leading,not_leading,not_leading,Q1_TIE__Q2_LOST__Q3_LOST,Q1_TIE__Q2_LOST__Q3_LOST__Q3_LEAD_not_leading,False,False,-24.0,0.0001348257064819336,741598.3200707339
2022,2022_02_WAS_DET,DET,WAS,DET,WAS,home,home dog,-1.0,1.0,<=3,12.0,22.0,14.0,9,WIN,WIN,WIN,WIN,8+,8+,8+,Q1_WIN__Q2_WIN__Q3_WIN,Q1_WIN__Q2_WIN__Q3_WIN__Q3_LEAD_8+,True,True,10.0,0.9553186893463135,-2138.072217153041
2022,2022_03_ATL_SEA,SEA,ATL,ATL,SEA,away,away dog,1.0,1.0,<=3,0.0,-3.0,4.0,4,TIE,LOST,WIN,WIN,not_leading,not_leading,4-7,Q1_TIE__Q2_LOST__Q3_WIN,Q1_TIE__Q2_LOST__Q3_WIN__Q3_LEAD_4-7,True,True,5.0,0.6581008434295654,-192.4839037425324
2022,2022_03_BAL_NE,NE,BAL,NE,BAL,home,home dog,-2.5,2.5,<=3,-7.0,-1.0,-11.0,-11,LOST,LOST,LOST,LOST,not_leading,not_leading,not_leading,Q1_LOST__Q2_LOST__Q3_LOST,Q1_LOST__Q2_LOST__Q3_LOST__Q3_LEAD_not_leading,False,False,-8.5,0.17941789329051971,457.35801020735715
2022,2022_03_BUF_MIA,MIA,BUF,MIA,BUF,home,home dog,-4.0,4.0,3.5-7,0.0,0.0,-3.0,2,TIE,TIE,LOST,WIN,not_leading,not_leading,not_leading,Q1_TIE__Q2_TIE__Q3_LOST,Q1_TIE__Q2_TIE__Q3_LOST__Q3_LEAD_not_leading,True,True,6.0,0.28048253059387207,256.52844328046996
2022,2022_03_CIN_NYJ,NYJ,CIN,NYJ,CIN,home,home dog,-6.5,6.5,3.5-7,-8.0,-11.0,-15.0,-15,LOST,LOST,LOST,LOST,not_leading,not_leading,not_leading,Q1_LOST__Q2_LOST__Q3_LOST,Q1_LOST__Q2_LOST__Q3_LOST__Q3_LEAD_not_leading,False,False,-8.5,0.030846357345581055,3141.8738744309353
2022,2022_03_DAL_NYG,NYG,DAL,DAL,NYG,away,away dog,1.0,1.0,<=3,3.0,3.0,0.0,7,WIN,WIN,TIE,WIN,1-3,1-3,not_leading,Q1_WIN__Q2_WIN__Q3_TIE,Q1_WIN__Q2_WIN__Q3_TIE__Q3_LEAD_not_leading,True,True,8.0,0.41052114963531494,143.59280901564915
2022,2022_03_DET_MIN,MIN,DET,DET,MIN,away,away dog,6.5,6.5,3.5-7,7.0,0.0,10.0,-4,WIN,TIE,WIN,LOST,4-7,not_leading,8+,Q1_WIN__Q2_TIE__Q3_WIN,Q1_WIN__Q2_TIE__Q3_WIN__Q3_LEAD_8+,False,True,2.5,0.8602086901664734,-615.3520495593544
2022,2022_03_GB_TB,TB,GB,GB,TB,away,away dog,1.0,1.0,<=3,4.0,11.0,8.0,2,WIN,WIN,WIN,WIN,4-7,8+,8+,Q1_WIN__Q2_WIN__Q3_WIN,Q1_WIN__Q2_WIN__Q3_WIN__Q3_LEAD_8+,True,True,3.0,0.8611776828765869,-620.3452735275984
2022,2022_03_HOU_CHI,CHI,HOU,HOU,CHI,away,away dog,3.0,3.0,<=3,-3.0,1.0,0.0,-3,LOST,WIN,TIE,LOST,not_leading,1-3,not_leading,Q1_LOST__Q2_WIN__Q3_TIE,Q1_LOST__Q2_WIN__Q3_TIE__Q3_LEAD_not_leading,False,False,0.0,0.4795554280281067,108.52646879880382
2022,2022_03_JAX_LAC,LAC,JAX,JAX,LAC,away,away dog,6.5,6.5,3.5-7,0.0,9.0,21.0,28,TIE,WIN,WIN,WIN,not_leading,8+,8+,Q1_TIE__Q2_WIN__Q3_WIN,Q1_TIE__Q2_WIN__Q3_WIN__Q3_LEAD_8+,True,True,34.5,0.9680334329605103,-3028.2683522589546
2022,2022_03_KC_IND,IND,KC,IND,KC,home,home dog,-4.5,4.5,3.5-7,1.0,-4.0,-4.0,3,WIN,LOST,LOST,WIN,1-3,not_leading,not_leading,Q1_WIN__Q2_LOST__Q3_LOST,Q1_WIN__Q2_LOST__Q3_LOST__Q3_LEAD_not_leading,True,True,7.5,0.23956257104873657,317.4274786008037
2022,2022_03_LA_ARI,ARI,LA,ARI,LA,home,home dog,-3.5,3.5,3.5-7,-10.0,-7.0,-11.0,-8,LOST,LOST,LOST,LOST,not_leading,not_leading,not_leading,Q1_LOST__Q2_LOST__Q3_LOST,Q1_LOST__Q2_LOST__Q3_LOST__Q3_LEAD_not_leading,False,False,-4.5,0.16235306859016418,515.9415455979764
2022,2022_03_LV_TEN,TEN,LV,TEN,LV,home,home dog,-1.5,1.5,<=3,4.0,14.0,11.0,2,WIN,WIN,WIN,WIN,4-7,8+,8+,Q1_WIN__Q2_WIN__Q3_WIN,Q1_WIN__Q2_WIN__Q3_WIN__Q3_LEAD_8+,True,True,3.5,0.9385161995887756,-1526.4446786172346
2022,2022_03_NO_CAR,CAR,NO,CAR,NO,home,home dog,-2.0,2.0,<=3,7.0,13.0,13.0,8,WIN,WIN,WIN,WIN,4-7,8+,8+,Q1_WIN__Q2_WIN__Q3_WIN,Q1_WIN__Q2_WIN__Q3_WIN__Q3_LEAD_8+,True,True,10.0,0.9365001320838928,-1474.8064253002062
2022,2022_03_PHI_WAS,WAS,PHI,WAS,PHI,home,home dog,-6.0,6.0,3.5-7,0.0,-24.0,-24.0,-16,TIE,LOST,LOST,LOST,not_leading,not_leading,not_leading,Q1_TIE__Q2_LOST__Q3_LOST,Q1_TIE__Q2_LOST__Q3_LOST__Q3_LEAD_not_leading,False,False,-10.0,0.0041359905153512955,24078.00515471114
2022,2022_03_PIT_CLE,CLE,PIT,PIT,CLE,away,away dog,4.5,4.5,3.5-7,-7.0,1.0,-2.0,-12,LOST,WIN,LOST,LOST,not_leading,1-3,not_leading,Q1_LOST__Q2_WIN__Q3_LOST,Q1_LOST__Q2_WIN__Q3_LOST__Q3_LEAD_not_leading,False,False,-7.5,0.2913084626197815,243.27873313629382
2022,2022_03_SF_DEN,DEN,SF,DEN,SF,home,home dog,-1.0,1.0,<=3,-7.0,-4.0,-2.0,1,LOST,LOST,LOST,WIN,not_leading,not_leading,not_leading,Q1_LOST__Q2_LOST__Q3_LOST,Q1_LOST__Q2_LOST__Q3_LOST__Q3_LEAD_not_leading,True,True,2.0,0.31911700963974,213.36468122740547
2022,2022_04_ARI_CAR,CAR,ARI,ARI,CAR,away,away dog,1.0,1.0,<=3,0.0,-7.0,0.0,10,TIE,LOST,TIE,WIN,not_leading,not_leading,not_leading,Q1_TIE__Q2_LOST__Q3_TIE,Q1_TIE__Q2_LOST__Q3_TIE__Q3_LEAD_not_leading,True,True,11.0,0.6373310089111328,-175.73352687188063
2022,2022_04_BUF_BAL,BAL,BUF,BAL,BUF,home,home dog,-3.0,3.0,<=3,11.0,10.0,0.0,-3,WIN,WIN,TIE,LOST,8+,8+,not_leading,Q1_WIN__Q2_WIN__Q3_TIE,Q1_WIN__Q2_WIN__Q3_TIE__Q3_LEAD_not_leading,False,False,0.0,0.6001095175743103,-150.06846722985628
2022,2022_04_CHI_NYG,NYG,CHI,CHI,NYG,away,away dog,3.0,3.0,<=3,-1.0,-5.0,-5.0,-8,LOST,LOST,LOST,LOST,not_leading,not_leading,not_leading,Q1_LOST__Q2_LOST__Q3_LOST,Q1_LOST__Q2_LOST__Q3_LOST__Q3_LEAD_not_leading,False,False,-5.0,0.2761302590370178,262.14792376881115
2022,2022_04_CLE_ATL,ATL,CLE,ATL,CLE,home,home dog,-1.0,1.0,<=3,10.0,0.0,-3.0,3,WIN,TIE,LOST,WIN,8+,not_leading,not_leading,Q1_WIN__Q2_TIE__Q3_LOST,Q1_WIN__Q2_TIE__Q3_LOST__Q3_LEAD_not_leading,True,True,4.0,0.5330885052680969,-114.17335218405624
2022,2022_04_DEN_LV,LV,DEN,DEN,LV,away,away dog,2.5,2.5,<=3,4.0,-3.0,-6.0,-9,WIN,LOST,LOST,LOST,4-7,not_leading,not_leading,Q1_WIN__Q2_LOST__Q3_LOST,Q1_WIN__Q2_LOST__Q3_LOST__Q3_LEAD_not_leading,False,False,-6.5,0.18590134382247925,437.91972636567874
2022,2022_04_JAX_PHI,PHI,JAX,JAX,PHI,away,away dog,6.5,6.5,3.5-7,14.0,-6.0,-6.0,-8,WIN,LOST,LOST,LOST,8+,not_leading,not_leading,Q1_WIN__Q2_LOST__Q3_LOST,Q1_WIN__Q2_LOST__Q3_LOST__Q3_LEAD_not_leading,False,False,-1.5,0.11981892585754395,734.5926929681608
2022,2022_04_KC_TB,TB,KC,KC,TB,away,away dog,1.0,1.0,<=3,11.0,11.0,14.0,10,WIN,WIN,WIN,WIN,8+,8+,8+,Q1_WIN__Q2_WIN__Q3_WIN,Q1_WIN__Q2_WIN__Q3_WIN__Q3_LEAD_8+,True,True,11.0,0.9632859230041504,-2623.7508929151245
2022,2022_04_LAC_HOU,HOU,LAC,HOU,LAC,home,home dog,-5.5,5.5,3.5-7,-7.0,-20.0,-13.0,-10,LOST,LOST,LOST,LOST,not_leading,not_leading,not_leading,Q1_LOST__Q2_LOST__Q3_LOST,Q1_LOST__Q2_LOST__Q3_LOST__Q3_LEAD_not_leading,False,False,-4.5,0.051279544830322266,1850.0953124854707
2022,2022_04_LA_SF,SF,LA,LA,SF,away,away dog,1.0,1.0,<=3,-4.0,-8.0,-5.0,-15,LOST,LOST,LOST,LOST,not_leading,not_leading,not_leading,Q1_LOST__Q2_LOST__Q3_LOST,Q1_LOST__Q2_LOST__Q3_LOST__Q3_LEAD_not_leading,False,False,-14.0,0.1320427656173706,657.3303961973719
2022,2022_04_MIA_CIN,CIN,MIA,MIA,CIN,away,away dog,4.0,4.0,3.5-7,-4.0,-2.0,1.0,-12,LOST,LOST,WIN,LOST,not_leading,not_leading,1-3,Q1_LOST__Q2_LOST__Q3_WIN,Q1_LOST__Q2_LOST__Q3_WIN__Q3_LEAD_1-3,False,False,-8.0,0.42338377237319946,136.19233075341666
2022,2022_04_MIN_NO,NO,MIN,NO,MIN,home,home dog,-4.0,4.0,3.5-7,-7.0,-6.0,-2.0,-3,LOST,LOST,LOST,LOST,not_leading,not_leading,not_leading,Q1_LOST__Q2_LOST__Q3_LOST,Q1_LOST__Q2_LOST__Q3_LOST__Q3_LEAD_not_leading,False,True,1.0,0.3527058959007263,183.52233734177867
2022,2022_04_NE_GB,GB,NE,NE,GB,away,away dog,10.0,10.0,7.5+,3.0,3.0,0.0,-3,WIN,WIN,TIE,LOST,1-3,1-3,not_leading,Q1_WIN__Q2_WIN__Q3_TIE,Q1_WIN__Q2_WIN__Q3_TIE__Q3_LEAD_not_leading,False,True,7.0,0.49458786845207214,102.18854197328632
2022,2022_04_NYJ_PIT,PIT,NYJ,NYJ,PIT,away,away dog,3.0,3.0,<=3,3.0,4.0,-3.0,4,WIN,WIN,LOST,WIN,1-3,4-7,not_leading,Q1_WIN__Q2_WIN__Q3_LOST,Q1_WIN__Q2_WIN__Q3_LOST__Q3_LEAD_not_leading,True,True,7.0,0.22513628005981445,344.175412214468
2022,2022_04_SEA_DET,DET,SEA,SEA,DET,away,away dog,3.0,3.0,<=3,8.0,9.0,15.0,3,WIN,WIN,WIN,WIN,8+,8+,8+,Q1_WIN__Q2_WIN__Q3_WIN,Q1_WIN__Q2_WIN__Q3_WIN__Q3_LEAD_8+,True,True,6.0,0.8655953407287598,-644.0218258966108
2022,2022_04_TEN_IND,IND,TEN,TEN,IND,away,away dog,4.5,4.5,3.5-7,14.0,14.0,7.0,7,WIN,WIN,WIN,WIN,8+,8+,4-7,Q1_WIN__Q2_WIN__Q3_WIN,Q1_WIN__Q2_WIN__Q3_WIN__Q3_LEAD_4-7,True,True,11.5,0.787166953086853,-369.8518460848237
2022,2022_04_WAS_DAL,DAL,WAS,WAS,DAL,away,away dog,3.0,3.0,<=3,-3.0,-5.0,-5.0,-15,LOST,LOST,LOST,LOST,not_leading,not_leading,not_leading,Q1_LOST__Q2_LOST__Q3_LOST,Q1_LOST__Q2_LOST__Q3_LOST__Q3_LEAD_not_leading,False,False,-12.0,0.17245399951934814,479.8647771505044
2022,2022_05_ATL_TB,TB,ATL,ATL,TB,away,away dog,10.5,10.5,7.5+,0.0,-13.0,-21.0,-6,TIE,LOST,LOST,LOST,not_leading,not_leading,not_leading,Q1_TIE__Q2_LOST__Q3_LOST,Q1_TIE__Q2_LOST__Q3_LOST__Q3_LEAD_not_leading,False,True,4.5,0.028606800362467766,3395.6723133287005
2022,2022_05_CHI_MIN,MIN,CHI,CHI,MIN,away,away dog,10.0,10.0,7.5+,-4.0,-11.0,-2.0,-7,LOST,LOST,LOST,LOST,not_leading,not_leading,not_leading,Q1_LOST__Q2_LOST__Q3_LOST,Q1_LOST__Q2_LOST__Q3_LOST__Q3_LEAD_not_leading,False,True,3.0,0.2812875509262085,255.5080901046825
2022,2022_05_CIN_BAL,BAL,CIN,CIN,BAL,away,away dog,3.0,3.0,<=3,-3.0,0.0,-3.0,-2,LOST,TIE,LOST,LOST,not_leading,not_leading,not_leading,Q1_LOST__Q2_TIE__Q3_LOST,Q1_LOST__Q2_TIE__Q3_LOST__Q3_LEAD_not_leading,False,True,1.0,0.2583889961242676,287.013384857561
2022,2022_05_DAL_LA,LA,DAL,DAL,LA,away,away dog,5.5,5.5,3.5-7,6.0,6.0,9.0,12,WIN,WIN,WIN,WIN,4-7,4-7,8+,Q1_WIN__Q2_WIN__Q3_WIN,Q1_WIN__Q2_WIN__Q3_WIN__Q3_LEAD_8+,True,True,17.5,0.8056320548057556,-414.48812663046664
2022,2022_05_DET_NE,NE,DET,DET,NE,away,away dog,3.0,3.0,<=3,-3.0,-16.0,-26.0,-29,LOST,LOST,LOST,LOST,not_leading,not_leading,not_leading,Q1_LOST__Q2_LOST__Q3_LOST,Q1_LOST__Q2_LOST__Q3_LOST__Q3_LEAD_not_leading,False,False,-26.0,0.0008120516431517899,123044.87735271764
2022,2022_05_HOU_JAX,JAX,HOU,HOU,JAX,away,away dog,7.0,7.0,3.5-7,-3.0,0.0,0.0,7,LOST,TIE,TIE,WIN,not_leading,not_leading,not_leading,Q1_LOST__Q2_TIE__Q3_TIE,Q1_LOST__Q2_TIE__Q3_TIE__Q3_LEAD_not_leading,True,True,14.0,0.4322207570075989,131.36325217773356
2022,2022_05_IND_DEN,DEN,IND,IND,DEN,away,away dog,3.5,3.5,3.5-7,-3.0,-3.0,-3.0,3,LOST,LOST,LOST,WIN,not_leading,not_leading,not_leading,Q1_LOST__Q2_LOST__Q3_LOST,Q1_LOST__Q2_LOST__Q3_LOST__Q3_LEAD_not_leading,True,True,6.5,0.21679633855819702,361.26240260813216
2022,2022_05_LAC_CLE,CLE,LAC,CLE,LAC,home,home dog,-1.0,1.0,<=3,11.0,4.0,1.0,-2,WIN,WIN,WIN,LOST,8+,4-7,1-3,Q1_WIN__Q2_WIN__Q3_WIN,Q1_WIN__Q2_WIN__Q3_WIN__Q3_LEAD_1-3,False,False,-1.0,0.5866442918777466,-141.9223879942748
2022,2022_05_LV_KC,KC,LV,LV,KC,away,away dog,7.5,7.5,7.5+,7.0,10.0,-4.0,-1,WIN,WIN,LOST,LOST,4-7,8+,not_leading,Q1_WIN__Q2_WIN__Q3_LOST,Q1_WIN__Q2_WIN__Q3_LOST__Q3_LEAD_not_leading,False,True,6.5,0.3720761835575104,168.7621632856901
2022,2022_05_MIA_NYJ,NYJ,MIA,NYJ,MIA,home,home dog,-3.0,3.0,<=3,5.0,5.0,2.0,23,WIN,WIN,WIN,WIN,4-7,4-7,1-3,Q1_WIN__Q2_WIN__Q3_WIN,Q1_WIN__Q2_WIN__Q3_WIN__Q3_LEAD_1-3,True,True,26.0,0.607670783996582,-154.8879765281839
2022,2022_05_NYG_GB,GB,NYG,NYG,GB,away,away dog,8.5,8.5,7.5+,-7.0,-10.0,-7.0,5,LOST,LOST,LOST,WIN,not_leading,not_leading,not_leading,Q1_LOST__Q2_LOST__Q3_LOST,Q1_LOST__Q2_LOST__Q3_LOST__Q3_LEAD_not_leading,True,True,13.5,0.2588129937648773,286.3793642866577
2022,2022_05_PHI_ARI,ARI,PHI,ARI,PHI,home,home dog,-5.5,5.5,3.5-7,-7.0,-4.0,-7.0,-3,LOST,LOST,LOST,LOST,not_leading,not_leading,not_leading,Q1_LOST__Q2_LOST__Q3_LOST,Q1_LOST__Q2_LOST__Q3_LOST__Q3_LEAD_not_leading,False,True,2.5,0.2367020845413208,322.47198707091707
2022,2022_05_PIT_BUF,BUF,PIT,PIT,BUF,away,away dog,14.0,14.0,7.5+,-7.0,-28.0,-28.0,-35,LOST,LOST,LOST,LOST,not_leading,not_leading,not_leading,Q1_LOST__Q2_LOST__Q3_LOST,Q1_LOST__Q2_LOST__Q3_LOST__Q3_LEAD_not_leading,False,False,-21.0,0.0003587007522583008,278683.91492190096
2022,2022_05_SEA_NO,NO,SEA,SEA,NO,away,away dog,5.5,5.5,3.5-7,7.0,2.0,-12.0,-7,WIN,WIN,LOST,LOST,4-7,1-3,not_leading,Q1_WIN__Q2_WIN__Q3_LOST,Q1_WIN__Q2_WIN__Q3_LOST__Q3_LEAD_not_leading,False,False,-1.5,0.08495227247476578,1077.1315479489263
2022,2022_05_SF_CAR,CAR,SF,CAR,SF,home,home dog,-6.0,6.0,3.5-7,-7.0,-14.0,-12.0,-22,LOST,LOST,LOST,LOST,not_leading,not_leading,not_leading,Q1_LOST__Q2_LOST__Q3_LOST,Q1_LOST__Q2_LOST__Q3_LOST__Q3_LEAD_not_leading,False,False,-16.0,0.059834063053131104,1571.2888093727245
2022,2022_05_TEN_WAS,WAS,TEN,WAS,TEN,home,home dog,-1.0,1.0,<=3,-4.0,-4.0,-4.0,-4,LOST,LOST,LOST,LOST,not_leading,not_leading,not_leading,Q1_LOST__Q2_LOST__Q3_LOST,Q1_LOST__Q2_LOST__Q3_LOST__Q3_LEAD_not_leading,False,False,-3.0,0.30675455927848816,225.9935247098142
2022,2022_06_ARI_SEA,SEA,ARI,SEA,ARI,home,home dog,-2.5,2.5,<=3,0.0,6.0,3.0,10,TIE,WIN,WIN,WIN,not_leading,4-7,1-3,Q1_TIE__Q2_WIN__Q3_WIN,Q1_TIE__Q2_WIN__Q3_WIN__Q3_LEAD_1-3,True,True,12.5,0.766189694404602,-327.6971442526881
2022,2022_06_BAL_NYG,NYG,BAL,NYG,BAL,home,home dog,-5.5,5.5,3.5-7,0.0,-3.0,-3.0,4,TIE,LOST,LOST,WIN,not_leading,not_leading,not_leading,Q1_TIE__Q2_LOST__Q3_LOST,Q1_TIE__Q2_LOST__Q3_LOST__Q3_LEAD_not_leading,True,True,9.5,0.2712819576263428,268.62016506728986
2022,2022_06_BUF_KC,KC,BUF,KC,BUF,home,home dog,-2.5,2.5,<=3,0.0,0.0,0.0,-4,TIE,TIE,TIE,LOST,not_leading,not_leading,not_leading,Q1_TIE__Q2_TIE__Q3_TIE,Q1_TIE__Q2_TIE__Q3_TIE__Q3_LEAD_not_leading,False,False,-1.5,0.4982396960258484,100.70660928392196
2022,2022_06_CAR_LA,LA,CAR,CAR,LA,away,away dog,10.0,10.0,7.5+,3.0,3.0,-7.0,-14,WIN,WIN,LOST,LOST,1-3,1-3,not_leading,Q1_WIN__Q2_WIN__Q3_LOST,Q1_WIN__Q2_WIN__Q3_LOST__Q3_LEAD_not_leading,False,False,-4.0,0.17810164391994476,461.47713069369075
2022,2022_06_CIN_NO,NO,CIN,NO,CIN,home,home dog,-3.0,3.0,<=3,0.0,6.0,2.0,-4,TIE,WIN,WIN,LOST,not_leading,4-7,1-3,Q1_TIE__Q2_WIN__Q3_WIN,Q1_TIE__Q2_WIN__Q3_WIN__Q3_LEAD_1-3,False,False,-1.0,0.7600654363632202,-316.7803024468914
2022,2022_06_DAL_PHI,PHI,DAL,DAL,PHI,away,away dog,6.5,6.5,3.5-7,0.0,-17.0,-10.0,-9,TIE,LOST,LOST,LOST,not_leading,not_leading,not_leading,Q1_TIE__Q2_LOST__Q3_LOST,Q1_TIE__Q2_LOST__Q3_LOST__Q3_LEAD_not_leading,False,False,-2.5,0.25275808572769165,295.63521662264355
2022,2022_06_DEN_LAC,LAC,DEN,DEN,LAC,away,away dog,3.5,3.5,3.5-7,10.0,3.0,0.0,-3,WIN,WIN,TIE,LOST,8+,1-3,not_leading,Q1_WIN__Q2_WIN__Q3_TIE,Q1_WIN__Q2_WIN__Q3_TIE__Q3_LEAD_not_leading,False,True,0.5,0.4257221221923828,134.89500495069467
2022,2022_06_JAX_IND,IND,JAX,JAX,IND,away,away dog,1.0,1.0,<=3,7.0,1.0,2.0,-7,WIN,WIN,WIN,LOST,4-7,1-3,1-3,Q1_WIN__Q2_WIN__Q3_WIN,Q1_WIN__Q2_WIN__Q3_WIN__Q3_LEAD_1-3,False,False,-6.0,0.4487271308898926,122.85258259665544
2022,2022_06_MIN_MIA,MIA,MIN,MIA,MIN,home,home dog,-3.0,3.0,<=3,0.0,-7.0,-7.0,-8,TIE,LOST,LOST,LOST,not_leading,not_leading,not_leading,Q1_TIE__Q2_LOST__Q3_LOST,Q1_TIE__Q2_LOST__Q3_LOST__Q3_LEAD_not_leading,False,False,-5.0,0.12160199880599976,722.3549035533293
2022,2022_06_NE_CLE,CLE,NE,NE,CLE,away,away dog,2.5,2.5,<=3,0.0,4.0,18.0,23,TIE,WIN,WIN,WIN,not_leading,4-7,8+,Q1_TIE__Q2_WIN__Q3_WIN,Q1_TIE__Q2_WIN__Q3_WIN__Q3_LEAD_8+,True,True,25.5,0.968473494052887,-3071.9341232343972
2022,2022_06_NYJ_GB,GB,NYJ,NYJ,GB,away,away dog,7.5,7.5,7.5+,0.0,0.0,7.0,17,TIE,TIE,WIN,WIN,not_leading,not_leading,4-7,Q1_TIE__Q2_TIE__Q3_WIN,Q1_TIE__Q2_TIE__Q3_WIN__Q3_LEAD_4-7,True,True,24.5,0.8494107127189636,-564.057860990972
2022,2022_06_SF_ATL,ATL,SF,ATL,SF,home,home dog,-3.5,3.5,3.5-7,14.0,7.0,14.0,14,WIN,WIN,WIN,WIN,8+,4-7,8+,Q1_WIN__Q2_WIN__Q3_WIN,Q1_WIN__Q2_WIN__Q3_WIN__Q3_LEAD_8+,True,True,17.5,0.9184310436248779,-1125.9565948118377
2022,2022_06_TB_PIT,PIT,TB,PIT,TB,home,home dog,-10.0,10.0,7.5+,4.0,1.0,1.0,2,WIN,WIN,WIN,WIN,4-7,1-3,1-3,Q1_WIN__Q2_WIN__Q3_WIN,Q1_WIN__Q2_WIN__Q3_WIN__Q3_LEAD_1-3,True,True,12.0,0.5665982961654663,-130.7328261869928
2022,2022_06_WAS_CHI,CHI,WAS,CHI,WAS,home,home dog,-1.0,1.0,<=3,0.0,-3.0,4.0,-5,TIE,LOST,WIN,LOST,not_leading,not_leading,4-7,Q1_TIE__Q2_LOST__Q3_WIN,Q1_TIE__Q2_LOST__Q3_WIN__Q3_LEAD_4-7,False,False,-4.0,0.509721577167511,-103.96573730956645
2022,2022_07_ATL_CIN,CIN,ATL,ATL,CIN,away,away dog,6.5,6.5,3.5-7,-14.0,-11.0,-18.0,-18,LOST,LOST,LOST,LOST,not_leading,not_leading,not_leading,Q1_LOST__Q2_LOST__Q3_LOST,Q1_LOST__Q2_LOST__Q3_LOST__Q3_LEAD_not_leading,False,False,-11.5,0.016582071781158447,5930.609523330254
2022,2022_07_CHI_NE,NE,CHI,CHI,NE,away,away dog,9.5,9.5,7.5+,10.0,6.0,12.0,19,WIN,WIN,WIN,WIN,8+,4-7,8+,Q1_WIN__Q2_WIN__Q3_WIN,Q1_WIN__Q2_WIN__Q3_WIN__Q3_LEAD_8+,True,True,28.5,0.943427562713623,-1667.6452491128698
2022,2022_07_CLE_BAL,BAL,CLE,CLE,BAL,away,away dog,6.5,6.5,3.5-7,7.0,-3.0,-7.0,-3,WIN,LOST,LOST,LOST,4-7,not_leading,not_leading,Q1_WIN__Q2_LOST__Q3_LOST,Q1_WIN__Q2_LOST__Q3_LOST__Q3_LEAD_not_leading,False,True,3.5,0.1438993215560913,594.9303090426347
2022,2022_07_DET_DAL,DAL,DET,DET,DAL,away,away dog,7.0,7.0,3.5-7,3.0,3.0,-4.0,-18,WIN,WIN,LOST,LOST,1-3,1-3,not_leading,Q1_WIN__Q2_WIN__Q3_LOST,Q1_WIN__Q2_WIN__Q3_LOST__Q3_LEAD_not_leading,False,False,-11.0,0.3290681838989258,203.8883881606594
2022,2022_07_GB_WAS,WAS,GB,WAS,GB,home,home dog,-4.0,4.0,3.5-7,-4.0,-4.0,6.0,2,LOST,LOST,WIN,WIN,not_leading,not_leading,4-7,Q1_LOST__Q2_LOST__Q3_WIN,Q1_LOST__Q2_LOST__Q3_WIN__Q3_LEAD_4-7,True,True,6.0,0.7528306841850281,-304.58096374251744
2022,2022_07_HOU_LV,LV,HOU,HOU,LV,away,away dog,7.0,7.0,3.5-7,-3.0,0.0,3.0,-18,LOST,TIE,WIN,LOST,not_leading,not_leading,1-3,Q1_LOST__Q2_TIE__Q3_WIN,Q1_LOST__Q2_TIE__Q3_WIN__Q3_LEAD_1-3,False,False,-11.0,0.5160576701164246,-106.63619159757637
2022,2022_07_IND_TEN,TEN,IND,IND,TEN,away,away dog,2.5,2.5,<=3,-3.0,-13.0,-6.0,-9,LOST,LOST,LOST,LOST,not_leading,not_leading,not_leading,Q1_LOST__Q2_LOST__Q3_LOST,Q1_LOST__Q2_LOST__Q3_LOST__Q3_LEAD_not_leading,False,False,-6.5,0.15715676546096802,536.3073184070865
2022,2022_07_KC_SF,SF,KC,SF,KC,home,home dog,-1.0,1.0,<=3,3.0,-1.0,-12.0,-21,WIN,LOST,LOST,LOST,1-3,not_leading,not_leading,Q1_WIN__Q2_LOST__Q3_LOST,Q1_WIN__Q2_LOST__Q3_LOST__Q3_LEAD_not_leading,False,False,-20.0,0.16664952039718628,500.0617329210652
2022,2022_07_NO_ARI,ARI,NO,NO,ARI,away,away dog,2.5,2.5,<=3,4.0,-14.0,-18.0,-8,WIN,LOST,LOST,LOST,4-7,not_leading,not_leading,Q1_WIN__Q2_LOST__Q3_LOST,Q1_WIN__Q2_LOST__Q3_LOST__Q3_LEAD_not_leading,False,False,-5.5,0.01780473254621029,5516.484254422841
2022,2022_07_NYG_JAX,JAX,NYG,NYG,JAX,away,away dog,3.0,3.0,<=3,-1.0,2.0,-4.0,6,LOST,WIN,LOST,WIN,not_leading,1-3,not_leading,Q1_LOST__Q2_WIN__Q3_LOST,Q1_LOST__Q2_WIN__Q3_LOST__Q3_LEAD_not_leading,True,True,9.0,0.2770811915397644,260.9050453561689
2022,2022_07_NYJ_DEN,DEN,NYJ,DEN,NYJ,home,home dog,-2.0,2.0,<=3,-1.0,-1.0,-1.0,-7,LOST,LOST,LOST,LOST,not_leading,not_leading,not_leading,Q1_LOST__Q2_LOST__Q3_LOST,Q1_LOST__Q2_LOST__Q3_LOST__Q3_LEAD_not_leading,False,False,-5.0,0.33357495069503784,199.7827018834588
2022,2022_07_PIT_MIA,MIA,PIT,PIT,MIA,away,away dog,7.5,7.5,7.5+,-13.0,-6.0,-6.0,-6,LOST,LOST,LOST,LOST,not_leading,not_leading,not_leading,Q1_LOST__Q2_LOST__Q3_LOST,Q1_LOST__Q2_LOST__Q3_LOST__Q3_LEAD_not_leading,False,True,1.5,0.22784842550754547,338.88826432416306
2022,2022_07_SEA_LAC,LAC,SEA,SEA,LAC,away,away dog,5.5,5.5,3.5-7,17.0,10.0,13.0,14,WIN,WIN,WIN,WIN,8+,8+,8+,Q1_WIN__Q2_WIN__Q3_WIN,Q1_WIN__Q2_WIN__Q3_WIN__Q3_LEAD_8+,True,True,19.5,0.8965949416160583,-867.0706787737722
2022,2022_07_TB_CAR,CAR,TB,CAR,TB,home,home dog,-13.0,13.0,7.5+,0.0,7.0,14.0,18,TIE,WIN,WIN,WIN,not_leading,4-7,8+,Q1_TIE__Q2_WIN__Q3_WIN,Q1_TIE__Q2_WIN__Q3_WIN__Q3_LEAD_8+,True,True,31.0,0.8940721750259399,-844.0390192519135
2022,2022_08_ARI_MIN,MIN,ARI,ARI,MIN,away,away dog,4.0,4.0,3.5-7,-4.0,-4.0,-5.0,-8,LOST,LOST,LOST,LOST,not_leading,not_leading,not_leading,Q1_LOST__Q2_LOST__Q3_LOST,Q1_LOST__Q2_LOST__Q3_LOST__Q3_LEAD_not_leading,False,False,-4.0,0.4156947135925293,140.56115396748015
2022,2022_08_BAL_TB,TB,BAL,BAL,TB,away,away dog,2.0,2.0,<=3,-7.0,-7.0,7.0,5,LOST,LOST,WIN,WIN,not_leading,not_leading,4-7,Q1_LOST__Q2_LOST__Q3_WIN,Q1_LOST__Q2_LOST__Q3_WIN__Q3_LEAD_4-7,True,True,7.0,0.7689522504806519,-332.8109674646535
2022,2022_08_CAR_ATL,ATL,CAR,CAR,ATL,away,away dog,4.5,4.5,3.5-7,3.0,-4.0,-8.0,-3,WIN,LOST,LOST,LOST,1-3,not_leading,not_leading,Q1_WIN__Q2_LOST__Q3_LOST,Q1_WIN__Q2_LOST__Q3_LOST__Q3_LEAD_not_leading,False,True,1.5,0.19659505784511566,408.6597857347128
2022,2022_08_CHI_DAL,DAL,CHI,CHI,DAL,away,away dog,10.5,10.5,7.5+,-14.0,-11.0,-19.0,-20,LOST,LOST,LOST,LOST,not_leading,not_leading,not_leading,Q1_LOST__Q2_LOST__Q3_LOST,Q1_LOST__Q2_LOST__Q3_LOST__Q3_LEAD_not_leading,False,False,-9.5,0.026917506009340286,3615.054432059951
2022,2022_08_CIN_CLE,CLE,CIN,CLE,CIN,home,home dog,-3.0,3.0,<=3,0.0,11.0,25.0,19,TIE,WIN,WIN,WIN,not_leading,8+,8+,Q1_TIE__Q2_WIN__Q3_WIN,Q1_TIE__Q2_WIN__Q3_WIN__Q3_LEAD_8+,True,True,22.0,0.9955497980117798,-22370.890144919773
2022,2022_08_DEN_JAX,JAX,DEN,DEN,JAX,away,away dog,1.0,1.0,<=3,-7.0,-3.0,4.0,4,LOST,LOST,WIN,WIN,not_leading,not_leading,4-7,Q1_LOST__Q2_LOST__Q3_WIN,Q1_LOST__Q2_LOST__Q3_WIN__Q3_LEAD_4-7,True,True,5.0,0.7069886922836304,-241.28375720161094
2022,2022_08_GB_BUF,BUF,GB,GB,BUF,away,away dog,10.5,10.5,7.5+,-7.0,-17.0,-17.0,-10,LOST,LOST,LOST,LOST,not_leading,not_leading,not_leading,Q1_LOST__Q2_LOST__Q3_LOST,Q1_LOST__Q2_LOST__Q3_LOST__Q3_LEAD_not_leading,False,True,0.5,0.03798013925552368,2532.9550644145256
2022,2022_08_LV_NO,NO,LV,NO,LV,home,home dog,-1.0,1.0,<=3,7.0,17.0,24.0,24,WIN,WIN,WIN,WIN,4-7,8+,8+,Q1_WIN__Q2_WIN__Q3_WIN,Q1_WIN__Q2_WIN__Q3_WIN__Q3_LEAD_8+,True,True,25.0,0.9964605569839478,-28153.03290559429
2022,2022_08_MIA_DET,DET,MIA,DET,MIA,home,home dog,-3.5,3.5,3.5-7,7.0,10.0,-4.0,-4,WIN,WIN,LOST,LOST,4-7,8+,not_leading,Q1_WIN__Q2_WIN__Q3_LOST,Q1_WIN__Q2_WIN__Q3_LOST__Q3_LEAD_not_leading,False,False,-0.5,0.34501388669013977,189.843405896908
2022,2022_08_NE_NYJ,NYJ,NE,NYJ,NE,home,home dog,-3.0,3.0,<=3,0.0,4.0,-9.0,-5,TIE,WIN,LOST,LOST,not_leading,4-7,not_leading,Q1_TIE__Q2_WIN__Q3_LOST,Q1_TIE__Q2_WIN__Q3_LOST__Q3_LEAD_not_leading,False,False,-2.0,0.15426616370677948,548.2302897612365
2022,2022_08_NYG_SEA,SEA,NYG,NYG,SEA,away,away dog,3.0,3.0,<=3,0.0,-3.0,-3.0,-14,TIE,LOST,LOST,LOST,not_leading,not_leading,not_leading,Q1_TIE__Q2_LOST__Q3_LOST,Q1_TIE__Q2_LOST__Q3_LOST__Q3_LEAD_not_leading,False,False,-11.0,0.35006144642829895,185.66413416932053
2022,2022_08_PIT_PHI,PHI,PIT,PIT,PHI,away,away dog,11.0,11.0,7.5+,0.0,-11.0,-15.0,-22,TIE,LOST,LOST,LOST,not_leading,not_leading,not_leading,Q1_TIE__Q2_LOST__Q3_LOST,Q1_TIE__Q2_LOST__Q3_LOST__Q3_LEAD_not_leading,False,False,-11.0,0.058389343321323395,1612.6412854086796
2022,2022_08_SF_LA,LA,SF,LA,SF,home,home dog,-1.0,1.0,<=3,7.0,4.0,-3.0,-17,WIN,WIN,LOST,LOST,4-7,4-7,not_leading,Q1_WIN__Q2_WIN__Q3_LOST,Q1_WIN__Q2_WIN__Q3_LOST__Q3_LEAD_not_leading,False,False,-16.0,0.27260708808898926,266.82831947258916
2022,2022_08_TEN_HOU,HOU,TEN,HOU,TEN,home,home dog,-1.0,1.0,<=3,0.0,-4.0,-11.0,-7,TIE,LOST,LOST,LOST,not_leading,not_leading,not_leading,Q1_TIE__Q2_LOST__Q3_LOST,Q1_TIE__Q2_LOST__Q3_LOST__Q3_LEAD_not_leading,False,False,-6.0,0.07556307315826416,1223.397736756333
2022,2022_08_WAS_IND,IND,WAS,WAS,IND,away,away dog,3.0,3.0,<=3,0.0,4.0,1.0,1,TIE,WIN,WIN,WIN,not_leading,4-7,1-3,Q1_TIE__Q2_WIN__Q3_WIN,Q1_TIE__Q2_WIN__Q3_WIN__Q3_LEAD_1-3,True,True,4.0,0.33458834886550903,198.87472274235094
2022,2022_09_BAL_NO,NO,BAL,NO,BAL,home,home dog,-1.0,1.0,<=3,-7.0,-11.0,-11.0,-14,LOST,LOST,LOST,LOST,not_leading,not_leading,not_leading,Q1_LOST__Q2_LOST__Q3_LOST,Q1_LOST__Q2_LOST__Q3_LOST__Q3_LEAD_not_leading,False,False,-13.0,0.10096478462219238,890.4443452655044
2022,2022_09_BUF_NYJ,NYJ,BUF,NYJ,BUF,home,home dog,-11.0,11.0,7.5+,-4.0,-4.0,3.0,3,LOST,LOST,WIN,WIN,not_leading,not_leading,1-3,Q1_LOST__Q2_LOST__Q3_WIN,Q1_LOST__Q2_LOST__Q3_WIN__Q3_LEAD_1-3,True,True,14.0,0.5931625366210938,-145.79840600093766
2022,2022_09_CAR_CIN,CIN,CAR,CAR,CIN,away,away dog,7.0,7.0,3.5-7,-7.0,-35.0,-35.0,-21,LOST,LOST,LOST,LOST,not_leading,not_leading,not_leading,Q1_LOST__Q2_LOST__Q3_LOST,Q1_LOST__Q2_LOST__Q3_LOST__Q3_LEAD_not_leading,False,False,-14.0,8.64267349243164e-05,1156949.3793103448
2022,2022_09_GB_DET,DET,GB,DET,GB,home,home dog,-4.0,4.0,3.5-7,0.0,8.0,2.0,6,TIE,WIN,WIN,WIN,not_leading,8+,1-3,Q1_TIE__Q2_WIN__Q3_WIN,Q1_TIE__Q2_WIN__Q3_WIN__Q3_LEAD_1-3,True,True,10.0,0.813917338848114,-437.3955820546716
2022,2022_09_IND_NE,NE,IND,IND,NE,away,away dog,5.0,5.0,3.5-7,0.0,-13.0,-13.0,-23,TIE,LOST,LOST,LOST,not_leading,not_leading,not_leading,Q1_TIE__Q2_LOST__Q3_LOST,Q1_TIE__Q2_LOST__Q3_LOST__Q3_LEAD_not_leading,False,False,-18.0,0.05963800847530365,1576.783020704161
2022,2022_09_LAC_ATL,ATL,LAC,ATL,LAC,home,home dog,-2.5,2.5,<=3,10.0,-4.0,3.0,-3,WIN,LOST,WIN,LOST,8+,not_leading,1-3,Q1_WIN__Q2_LOST__Q3_WIN,Q1_WIN__Q2_LOST__Q3_WIN__Q3_LEAD_1-3,False,False,-0.5,0.7413084506988525,-286.5607526420904
2022,2022_09_LA_TB,TB,LA,LA,TB,away,away dog,3.0,3.0,<=3,-3.0,1.0,7.0,-3,LOST,WIN,WIN,LOST,not_leading,1-3,4-7,Q1_LOST__Q2_WIN__Q3_WIN,Q1_LOST__Q2_WIN__Q3_WIN__Q3_LEAD_4-7,False,False,0.0,0.761019766330719,-318.44464901807567
2022,2022_09_LV_JAX,JAX,LV,JAX,LV,home,home dog,-2.5,2.5,<=3,-7.0,-10.0,-3.0,7,LOST,LOST,LOST,WIN,not_leading,not_leading,not_leading,Q1_LOST__Q2_LOST__Q3_LOST,Q1_LOST__Q2_LOST__Q3_LOST__Q3_LEAD_not_leading,True,True,9.5,0.6194041967391968,-162.74593451435146
2022,2022_09_MIA_CHI,CHI,MIA,CHI,MIA,home,home dog,-4.0,4.0,3.5-7,-4.0,-4.0,-10.0,-3,LOST,LOST,LOST,LOST,not_leading,not_leading,not_leading,Q1_LOST__Q2_LOST__Q3_LOST,Q1_LOST__Q2_LOST__Q3_LOST__Q3_LEAD_not_leading,False,True,1.0,0.13799826800823212,624.6467759583376
2022,2022_09_MIN_WAS,WAS,MIN,WAS,MIN,home,home dog,-3.0,3.0,<=3,-7.0,-4.0,3.0,-3,LOST,LOST,WIN,LOST,not_leading,not_leading,1-3,Q1_LOST__Q2_LOST__Q3_WIN,Q1_LOST__Q2_LOST__Q3_WIN__Q3_LEAD_1-3,False,False,0.0,0.8102412223815918,-426.98484494400094
2022,2022_09_PHI_HOU,HOU,PHI,HOU,PHI,home,home dog,-14.0,14.0,7.5+,0.0,0.0,-4.0,-12,TIE,TIE,LOST,LOST,not_leading,not_leading,not_leading,Q1_TIE__Q2_TIE__Q3_LOST,Q1_TIE__Q2_TIE__Q3_LOST__Q3_LEAD_not_leading,False,True,2.0,0.29344332218170166,240.7813108729715
2022,2022_09_SEA_ARI,ARI,SEA,SEA,ARI,away,away dog,1.5,1.5,<=3,-4.0,3.0,3.0,10,LOST,WIN,WIN,WIN,not_leading,1-3,1-3,Q1_LOST__Q2_WIN__Q3_WIN,Q1_LOST__Q2_WIN__Q3_WIN__Q3_LEAD_1-3,True,True,11.5,0.6039668917655945,-152.5041414992295
2022,2022_09_TEN_KC,KC,TEN,TEN,KC,away,away dog,14.0,14.0,7.5+,-3.0,5.0,8.0,-3,LOST,WIN,WIN,LOST,not_leading,4-7,8+,Q1_LOST__Q2_WIN__Q3_WIN,Q1_LOST__Q2_WIN__Q3_WIN__Q3_LEAD_8+,False,True,11.0,0.8215638995170593,-460.42471074714206
2022,2022_10_ARI_LA,LA,ARI,ARI,LA,away,away dog,3.5,3.5,3.5-7,0.0,14.0,7.0,10,TIE,WIN,WIN,WIN,not_leading,8+,4-7,Q1_TIE__Q2_WIN__Q3_WIN,Q1_TIE__Q2_WIN__Q3_WIN__Q3_LEAD_4-7,True,True,13.5,0.7431592345237732,-289.34629327467877
2022,2022_10_ATL_CAR,CAR,ATL,CAR,ATL,home,home dog,-2.5,2.5,<=3,3.0,10.0,10.0,10,WIN,WIN,WIN,WIN,1-3,8+,8+,Q1_WIN__Q2_WIN__Q3_WIN,Q1_WIN__Q2_WIN__Q3_WIN__Q3_LEAD_8+,True,True,12.5,0.871096134185791,-675.7719240486663
2022,2022_10_CLE_MIA,MIA,CLE,CLE,MIA,away,away dog,3.0,3.0,<=3,0.0,-10.0,-20.0,-22,TIE,LOST,LOST,LOST,not_leading,not_leading,not_leading,Q1_TIE__Q2_LOST__Q3_LOST,Q1_TIE__Q2_LOST__Q3_LOST__Q3_LEAD_not_leading,False,False,-19.0,0.012125561013817787,8147.0410965764095
2022,2022_10_DAL_GB,GB,DAL,GB,DAL,home,home dog,-3.5,3.5,3.5-7,0.0,0.0,-14.0,3,TIE,TIE,LOST,WIN,not_leading,not_leading,not_leading,Q1_TIE__Q2_TIE__Q3_LOST,Q1_TIE__Q2_TIE__Q3_LOST__Q3_LEAD_not_leading,True,True,6.5,0.10310126096010208,869.9202421849893
2022,2022_10_DEN_TEN,TEN,DEN,DEN,TEN,away,away dog,2.5,2.5,<=3,0.0,3.0,-4.0,-7,TIE,WIN,LOST,LOST,not_leading,1-3,not_leading,Q1_TIE__Q2_WIN__Q3_LOST,Q1_TIE__Q2_WIN__Q3_LOST__Q3_LEAD_not_leading,False,False,-4.5,0.3617953062057495,176.39938463748604
2022,2022_10_DET_CHI,CHI,DET,DET,CHI,away,away dog,3.0,3.0,<=3,0.0,0.0,-14.0,1,TIE,TIE,LOST,WIN,not_leading,not_leading,not_leading,Q1_TIE__Q2_TIE__Q3_LOST,Q1_TIE__Q2_TIE__Q3_LOST__Q3_LEAD_not_leading,True,True,4.0,0.03257066011428833,2970.247874900493
2022,2022_10_HOU_NYG,NYG,HOU,HOU,NYG,away,away dog,5.5,5.5,3.5-7,-7.0,-4.0,-11.0,-8,LOST,LOST,LOST,LOST,not_leading,not_leading,not_leading,Q1_LOST__Q2_LOST__Q3_LOST,Q1_LOST__Q2_LOST__Q3_LOST__Q3_LEAD_not_leading,False,False,-2.5,0.20596514642238617,385.519039201533
2022,2022_10_IND_LV,LV,IND,IND,LV,away,away dog,4.5,4.5,3.5-7,7.0,6.0,5.0,5,WIN,WIN,WIN,WIN,4-7,4-7,4-7,Q1_WIN__Q2_WIN__Q3_WIN,Q1_WIN__Q2_WIN__Q3_WIN__Q3_LEAD_4-7,True,True,9.5,0.6896220445632935,-222.1878301869038
2022,2022_10_JAX_KC,KC,JAX,JAX,KC,away,away dog,10.0,10.0,7.5+,-7.0,-13.0,-17.0,-10,LOST,LOST,LOST,LOST,not_leading,not_leading,not_leading,Q1_LOST__Q2_LOST__Q3_LOST,Q1_LOST__Q2_LOST__Q3_LOST__Q3_LEAD_not_leading,False,False,0.0,0.0335426963865757,2881.274935309659
2022,2022_10_LAC_SF,SF,LAC,LAC,SF,away,away dog,8.5,8.5,7.5+,4.0,6.0,3.0,-6,WIN,WIN,WIN,LOST,4-7,4-7,1-3,Q1_WIN__Q2_WIN__Q3_WIN,Q1_WIN__Q2_WIN__Q3_WIN__Q3_LEAD_1-3,False,True,2.5,0.5794114470481873,-137.76205818767755
2022,2022_10_MIN_BUF,BUF,MIN,MIN,BUF,away,away dog,6.5,6.5,3.5-7,-7.0,-14.0,-10.0,3,LOST,LOST,LOST,WIN,not_leading,not_leading,not_leading,Q1_LOST__Q2_LOST__Q3_LOST,Q1_LOST__Q2_LOST__Q3_LOST__Q3_LEAD_not_leading,True,True,9.5,0.081551194190979,1126.2236131799252
2022,2022_10_NO_PIT,PIT,NO,NO,PIT,away,away dog,1.0,1.0,<=3,-7.0,0.0,0.0,-10,LOST,TIE,TIE,LOST,not_leading,not_leading,not_leading,Q1_LOST__Q2_TIE__Q3_TIE,Q1_LOST__Q2_TIE__Q3_TIE__Q3_LEAD_not_leading,False,False,-9.0,0.3269365429878235,205.8697540694447
2022,2022_10_SEA_TB,TB,SEA,SEA,TB,away,away dog,2.5,2.5,<=3,0.0,-14.0,-11.0,-5,TIE,LOST,LOST,LOST,not_leading,not_leading,not_leading,Q1_TIE__Q2_LOST__Q3_LOST,Q1_TIE__Q2_LOST__Q3_LOST__Q3_LEAD_not_leading,False,False,-2.5,0.05978316068649292,1572.7118280749157
2022,2022_10_WAS_PHI,PHI,WAS,WAS,PHI,away,away dog,11.0,11.0,7.5+,-7.0,6.0,9.0,11,LOST,WIN,WIN,WIN,not_leading,4-7,8+,Q1_LOST__Q2_WIN__Q3_WIN,Q1_LOST__Q2_WIN__Q3_WIN__Q3_LEAD_8+,True,True,22.0,0.6870205402374268,-219.50978532540177
2022,2022_11_CAR_BAL,BAL,CAR,CAR,BAL,away,away dog,13.0,13.0,7.5+,0.0,-3.0,0.0,-10,TIE,LOST,TIE,LOST,not_leading,not_leading,not_leading,Q1_TIE__Q2_LOST__Q3_TIE,Q1_TIE__Q2_LOST__Q3_TIE__Q3_LEAD_not_leading,False,True,3.0,0.4554835557937622,119.54689412602826
2022,2022_11_CHI_ATL,ATL,CHI,CHI,ATL,away,away dog,3.0,3.0,<=3,0.0,0.0,-7.0,-3,TIE,TIE,LOST,LOST,not_leading,not_leading,not_leading,Q1_TIE__Q2_TIE__Q3_LOST,Q1_TIE__Q2_TIE__Q3_LOST__Q3_LEAD_not_leading,False,False,0.0,0.2177964299917221,359.1443487104024
2022,2022_11_CIN_PIT,PIT,CIN,PIT,CIN,home,home dog,-3.5,3.5,3.5-7,-7.0,3.0,-4.0,-7,LOST,WIN,LOST,LOST,not_leading,1-3,not_leading,Q1_LOST__Q2_WIN__Q3_LOST,Q1_LOST__Q2_WIN__Q3_LOST__Q3_LEAD_not_leading,False,False,-3.5,0.3440144658088684,190.68545058090427
2022,2022_11_CLE_BUF,BUF,CLE,CLE,BUF,away,away dog,7.5,7.5,7.5+,4.0,-3.0,-12.0,-8,WIN,LOST,LOST,LOST,4-7,not_leading,not_leading,Q1_WIN__Q2_LOST__Q3_LOST,Q1_WIN__Q2_LOST__Q3_LOST__Q3_LEAD_not_leading,False,False,-0.5,0.05490845441818237,1721.2131639765482
2022,2022_11_DAL_MIN,MIN,DAL,MIN,DAL,home,home dog,-1.5,1.5,<=3,-7.0,-20.0,-34.0,-37,LOST,LOST,LOST,LOST,not_leading,not_leading,not_leading,Q1_LOST__Q2_LOST__Q3_LOST,Q1_LOST__Q2_LOST__Q3_LOST__Q3_LEAD_not_leading,False,False,-35.5,0.00017470121383666992,572305.868304333
2022,2022_11_DET_NYG,NYG,DET,DET,NYG,away,away dog,3.0,3.0,<=3,-3.0,11.0,18.0,13,LOST,WIN,WIN,WIN,not_leading,8+,8+,Q1_LOST__Q2_WIN__Q3_WIN,Q1_LOST__Q2_WIN__Q3_WIN__Q3_LEAD_8+,True,True,16.0,0.9678559303283691,-3010.9937547284567
2022,2022_11_KC_LAC,LAC,KC,LAC,KC,home,home dog,-5.5,5.5,3.5-7,4.0,7.0,4.0,-3,WIN,WIN,WIN,LOST,4-7,4-7,4-7,Q1_WIN__Q2_WIN__Q3_WIN,Q1_WIN__Q2_WIN__Q3_WIN__Q3_LEAD_4-7,False,True,2.5,0.6202235221862793,-163.3127796004515
2022,2022_11_LA_NO,NO,LA,LA,NO,away,away dog,2.5,2.5,<=3,4.0,4.0,-10.0,-7,WIN,WIN,LOST,LOST,4-7,4-7,not_leading,Q1_WIN__Q2_WIN__Q3_LOST,Q1_WIN__Q2_WIN__Q3_LOST__Q3_LEAD_not_leading,False,False,-4.5,0.24843454360961914,302.5205132388365
2022,2022_11_LV_DEN,DEN,LV,LV,DEN,away,away dog,2.5,2.5,<=3,-7.0,-3.0,0.0,6,LOST,LOST,TIE,WIN,not_leading,not_leading,not_leading,Q1_LOST__Q2_LOST__Q3_TIE,Q1_LOST__Q2_LOST__Q3_TIE__Q3_LEAD_not_leading,True,True,8.5,0.47656315565109253,109.83577688329156
2022,2022_11_NYJ_NE,NE,NYJ,NYJ,NE,away,away dog,3.5,3.5,3.5-7,0.0,0.0,0.0,-7,TIE,TIE,TIE,LOST,not_leading,not_leading,not_leading,Q1_TIE__Q2_TIE__Q3_TIE,Q1_TIE__Q2_TIE__Q3_TIE__Q3_LEAD_not_leading,False,False,-3.5,0.4193982779979706,138.4368397442106
2022,2022_11_PHI_IND,IND,PHI,IND,PHI,home,home dog,-6.5,6.5,3.5-7,7.0,7.0,10.0,-1,WIN,WIN,WIN,LOST,4-7,4-7,8+,Q1_WIN__Q2_WIN__Q3_WIN,Q1_WIN__Q2_WIN__Q3_WIN__Q3_LEAD_8+,False,True,5.5,0.8407649397850037,-528.0024001308618
2022,2022_11_SF_ARI,ARI,SF,ARI,SF,home,home dog,-10.0,10.0,7.5+,3.0,-7.0,-21.0,-28,WIN,LOST,LOST,LOST,1-3,not_leading,not_leading,Q1_WIN__Q2_LOST__Q3_LOST,Q1_WIN__Q2_LOST__Q3_LOST__Q3_LEAD_not_leading,False,False,-18.0,0.01554739847779274,6331.944234454135
2022,2022_11_TEN_GB,GB,TEN,TEN,GB,away,away dog,3.0,3.0,<=3,1.0,8.0,3.0,10,WIN,WIN,WIN,WIN,1-3,8+,1-3,Q1_WIN__Q2_WIN__Q3_WIN,Q1_WIN__Q2_WIN__Q3_WIN__Q3_LEAD_1-3,True,True,13.0,0.7612466216087341,-318.84224078337996
2022,2022_11_WAS_HOU,HOU,WAS,HOU,WAS,home,home dog,-3.0,3.0,<=3,-7.0,-20.0,-17.0,-13,LOST,LOST,LOST,LOST,not_leading,not_leading,not_leading,Q1_LOST__Q2_LOST__Q3_LOST,Q1_LOST__Q2_LOST__Q3_LOST__Q3_LEAD_not_leading,False,False,-10.0,0.02361363172531128,4134.84202528706
2022,2022_12_ATL_WAS,WAS,ATL,ATL,WAS,away,away dog,3.5,3.5,3.5-7,-4.0,0.0,-3.0,-6,LOST,TIE,LOST,LOST,not_leading,not_leading,not_leading,Q1_LOST__Q2_TIE__Q3_LOST,Q1_LOST__Q2_TIE__Q3_LOST__Q3_LEAD_not_leading,False,False,-2.5,0.2864134907722473,249.14556479296166
2022,2022_12_BAL_JAX,JAX,BAL,JAX,BAL,home,home dog,-3.5,3.5,3.5-7,-6.0,1.0,-2.0,1,LOST,WIN,LOST,WIN,not_leading,1-3,not_leading,Q1_LOST__Q2_WIN__Q3_LOST,Q1_LOST__Q2_WIN__Q3_LOST__Q3_LEAD_not_leading,True,True,4.5,0.2578403949737549,287.83682444396976
2022,2022_12_BUF_DET,DET,BUF,DET,BUF,home,home dog,-10.0,10.0,7.5+,0.0,-3.0,-5.0,-3,TIE,LOST,LOST,LOST,not_leading,not_leading,not_leading,Q1_TIE__Q2_LOST__Q3_LOST,Q1_TIE__Q2_LOST__Q3_LOST__Q3_LEAD_not_leading,False,True,7.0,0.5252204537391663,-110.62406918654861
2022,2022_12_CHI_NYJ,NYJ,CHI,CHI,NYJ,away,away dog,8.5,8.5,7.5+,-4.0,-7.0,-21.0,-21,LOST,LOST,LOST,LOST,not_leading,not_leading,not_leading,Q1_LOST__Q2_LOST__Q3_LOST,Q1_LOST__Q2_LOST__Q3_LOST__Q3_LEAD_not_leading,False,False,-12.5,0.019330870360136032,5073.0728175705535
2022,2022_12_CIN_TEN,TEN,CIN,TEN,CIN,home,home dog,-1.0,1.0,<=3,0.0,0.0,0.0,-4,TIE,TIE,TIE,LOST,not_leading,not_leading,not_leading,Q1_TIE__Q2_TIE__Q3_TIE,Q1_TIE__Q2_TIE__Q3_TIE__Q3_LEAD_not_leading,False,False,-3.0,0.5037391185760498,-101.50691650944597
2022,2022_12_DEN_CAR,CAR,DEN,CAR,DEN,home,home dog,-1.0,1.0,<=3,7.0,7.0,14.0,13,WIN,WIN,WIN,WIN,4-7,4-7,8+,Q1_WIN__Q2_WIN__Q3_WIN,Q1_WIN__Q2_WIN__Q3_WIN__Q3_LEAD_8+,True,True,14.0,0.9674198627471924,-2969.3547796942576
2022,2022_12_GB_PHI,PHI,GB,GB,PHI,away,away dog,6.5,6.5,3.5-7,1.0,-7.0,-11.0,-7,WIN,LOST,LOST,LOST,1-3,not_leading,not_leading,Q1_WIN__Q2_LOST__Q3_LOST,Q1_WIN__Q2_LOST__Q3_LOST__Q3_LEAD_not_leading,False,False,-0.5,0.06787830591201782,1373.2247462041485
2022,2022_12_HOU_MIA,MIA,HOU,HOU,MIA,away,away dog,14.0,14.0,7.5+,-10.0,-30.0,-24.0,-15,LOST,LOST,LOST,LOST,not_leading,not_leading,not_leading,Q1_LOST__Q2_LOST__Q3_LOST,Q1_LOST__Q2_LOST__Q3_LOST__Q3_LEAD_not_leading,False,False,-1.0,0.005426112096756697,18329.401792080953
2022,2022_12_LAC_ARI,ARI,LAC,ARI,LAC,home,home dog,-2.5,2.5,<=3,7.0,3.0,0.0,-1,WIN,WIN,TIE,LOST,4-7,1-3,not_leading,Q1_WIN__Q2_WIN__Q3_TIE,Q1_WIN__Q2_WIN__Q3_TIE__Q3_LEAD_not_leading,False,True,1.5,0.6938912868499756,-226.68132498074246
2022,2022_12_LA_KC,KC,LA,LA,KC,away,away dog,16.5,16.5,7.5+,-7.0,-10.0,-17.0,-16,LOST,LOST,LOST,LOST,not_leading,not_leading,not_leading,Q1_LOST__Q2_LOST__Q3_LOST,Q1_LOST__Q2_LOST__Q3_LOST__Q3_LEAD_not_leading,False,True,0.5,0.04027300700545311,2383.0527302433525
2022,2022_12_LV_SEA,SEA,LV,LV,SEA,away,away dog,4.0,4.0,3.5-7,-3.0,4.0,0.0,6,LOST,WIN,TIE,WIN,not_leading,4-7,not_leading,Q1_LOST__Q2_WIN__Q3_TIE,Q1_LOST__Q2_WIN__Q3_TIE__Q3_LEAD_not_leading,True,True,10.0,0.44272488355636597,125.8739088634678
2022,2022_12_NE_MIN,MIN,NE,NE,MIN,away,away dog,2.5,2.5,<=3,3.0,0.0,3.0,-7,WIN,TIE,WIN,LOST,1-3,not_leading,1-3,Q1_WIN__Q2_TIE__Q3_WIN,Q1_WIN__Q2_TIE__Q3_WIN__Q3_LEAD_1-3,False,False,-4.5,0.39865249395370483,150.84503801351588
2022,2022_12_NO_SF,SF,NO,NO,SF,away,away dog,9.5,9.5,7.5+,-3.0,-10.0,-13.0,-13,LOST,LOST,LOST,LOST,not_leading,not_leading,not_leading,Q1_LOST__Q2_LOST__Q3_LOST,Q1_LOST__Q2_LOST__Q3_LOST__Q3_LEAD_not_leading,False,False,-3.5,0.07974449545145035,1154.0050499270073
2022,2022_12_NYG_DAL,DAL,NYG,NYG,DAL,away,away dog,10.5,10.5,7.5+,3.0,6.0,-8.0,-8,WIN,WIN,LOST,LOST,1-3,4-7,not_leading,Q1_WIN__Q2_WIN__Q3_LOST,Q1_WIN__Q2_WIN__Q3_LOST__Q3_LEAD_not_leading,False,True,2.5,0.14784018695354462,576.4060710463164
2022,2022_12_PIT_IND,IND,PIT,PIT,IND,away,away dog,2.5,2.5,<=3,3.0,13.0,-1.0,7,WIN,WIN,LOST,WIN,1-3,8+,not_leading,Q1_WIN__Q2_WIN__Q3_LOST,Q1_WIN__Q2_WIN__Q3_LOST__Q3_LEAD_not_leading,True,True,9.5,0.3965909779071808,152.14895338190036
2022,2022_12_TB_CLE,CLE,TB,CLE,TB,home,home dog,-3.0,3.0,<=3,3.0,0.0,-7.0,6,WIN,TIE,LOST,WIN,1-3,not_leading,not_leading,Q1_WIN__Q2_TIE__Q3_LOST,Q1_WIN__Q2_TIE__Q3_LOST__Q3_LEAD_not_leading,True,True,9.0,0.16689175367355347,499.19077964513303
2022,2022_13_BUF_NE,NE,BUF,NE,BUF,home,home dog,-3.5,3.5,3.5-7,4.0,-10.0,-10.0,-14,WIN,LOST,LOST,LOST,4-7,not_leading,not_leading,Q1_WIN__Q2_LOST__Q3_LOST,Q1_WIN__Q2_LOST__Q3_LOST__Q3_LEAD_not_leading,False,False,-10.5,0.08265101909637451,1109.9064366453347
2022,2022_13_CLE_HOU,HOU,CLE,HOU,CLE,home,home dog,-7.5,7.5,7.5+,3.0,-2.0,-6.0,-13,WIN,LOST,LOST,LOST,1-3,not_leading,not_leading,Q1_WIN__Q2_LOST__Q3_LOST,Q1_WIN__Q2_LOST__Q3_LOST__Q3_LEAD_not_leading,False,False,-5.5,0.17244446277618408,479.8968455704498
2022,2022_13_DEN_BAL,BAL,DEN,DEN,BAL,away,away dog,9.5,9.5,7.5+,3.0,3.0,6.0,-1,WIN,WIN,WIN,LOST,1-3,1-3,4-7,Q1_WIN__Q2_WIN__Q3_WIN,Q1_WIN__Q2_WIN__Q3_WIN__Q3_LEAD_4-7,False,True,8.5,0.7257730960845947,-264.66152143426615
2022,2022_13_GB_CHI,CHI,GB,CHI,GB,home,home dog,-4.0,4.0,3.5-7,10.0,6.0,9.0,-9,WIN,WIN,WIN,LOST,8+,4-7,8+,Q1_WIN__Q2_WIN__Q3_WIN,Q1_WIN__Q2_WIN__Q3_WIN__Q3_LEAD_8+,False,False,-5.0,0.831706702709198,-494.2007293802393
2022,2022_13_IND_DAL,DAL,IND,IND,DAL,away,away dog,11.0,11.0,7.5+,3.0,-8.0,-2.0,-35,WIN,LOST,LOST,LOST,1-3,not_leading,not_leading,Q1_WIN__Q2_LOST__Q3_LOST,Q1_WIN__Q2_LOST__Q3_LOST__Q3_LEAD_not_leading,False,False,-24.0,0.2233850359916687,347.6575593171316
2022,2022_13_JAX_DET,DET,JAX,JAX,DET,away,away dog,1.0,1.0,<=3,-11.0,-17.0,-16.0,-26,LOST,LOST,LOST,LOST,not_leading,not_leading,not_leading,Q1_LOST__Q2_LOST__Q3_LOST,Q1_LOST__Q2_LOST__Q3_LOST__Q3_LEAD_not_leading,False,False,-25.0,0.01702260971069336,5774.539903078517
2022,2022_13_KC_CIN,CIN,KC,CIN,KC,home,home dog,-2.5,2.5,<=3,4.0,4.0,-7.0,3,WIN,WIN,LOST,WIN,4-7,4-7,not_leading,Q1_WIN__Q2_WIN__Q3_LOST,Q1_WIN__Q2_WIN__Q3_LOST__Q3_LEAD_not_leading,True,True,5.5,0.36529740691185,173.749547924196
2022,2022_13_LAC_LV,LV,LAC,LAC,LV,away,away dog,2.5,2.5,<=3,7.0,3.0,-11.0,-7,WIN,WIN,LOST,LOST,4-7,1-3,not_leading,Q1_WIN__Q2_WIN__Q3_LOST,Q1_WIN__Q2_WIN__Q3_LOST__Q3_LEAD_not_leading,False,False,-4.5,0.043072521686553955,2221.6657879405566
2022,2022_13_MIA_SF,SF,MIA,MIA,SF,away,away dog,4.5,4.5,3.5-7,-3.0,-7.0,-13.0,-16,LOST,LOST,LOST,LOST,not_leading,not_leading,not_leading,Q1_LOST__Q2_LOST__Q3_LOST,Q1_LOST__Q2_LOST__Q3_LOST__Q3_LEAD_not_leading,False,False,-11.5,0.0779481753706932,1182.9036667559737
2022,2022_13_NO_TB,TB,NO,NO,TB,away,away dog,3.5,3.5,3.5-7,-3.0,7.0,10.0,-1,LOST,WIN,WIN,LOST,not_leading,4-7,8+,Q1_LOST__Q2_WIN__Q3_WIN,Q1_LOST__Q2_WIN__Q3_WIN__Q3_LEAD_8+,False,True,2.5,0.8642383217811584,-636.584883981801
2022,2022_13_NYJ_MIN,MIN,NYJ,NYJ,MIN,away,away dog,3.0,3.0,<=3,0.0,-14.0,-8.0,-5,TIE,LOST,LOST,LOST,not_leading,not_leading,not_leading,Q1_TIE__Q2_LOST__Q3_LOST,Q1_TIE__Q2_LOST__Q3_LOST__Q3_LEAD_not_leading,False,False,-2.0,0.2123401165008545,370.9425691569571
2022,2022_13_PIT_ATL,ATL,PIT,ATL,PIT,home,home dog,-1.0,1.0,<=3,-3.0,-10.0,-6.0,-3,LOST,LOST,LOST,LOST,not_leading,not_leading,not_leading,Q1_LOST__Q2_LOST__Q3_LOST,Q1_LOST__Q2_LOST__Q3_LOST__Q3_LEAD_not_leading,False,False,-2.0,0.2467280626296997,305.304524074687
2022,2022_13_SEA_LA,LA,SEA,LA,SEA,home,home dog,-7.0,7.0,3.5-7,3.0,-1.0,-4.0,-4,WIN,LOST,LOST,LOST,1-3,not_leading,not_leading,Q1_WIN__Q2_LOST__Q3_LOST,Q1_WIN__Q2_LOST__Q3_LOST__Q3_LEAD_not_leading,False,True,3.0,0.5430564284324646,-118.84540285128004
2022,2022_13_TEN_PHI,PHI,TEN,TEN,PHI,away,away dog,5.0,5.0,3.5-7,0.0,-11.0,-18.0,-25,TIE,LOST,LOST,LOST,not_leading,not_leading,not_leading,Q1_TIE__Q2_LOST__Q3_LOST,Q1_TIE__Q2_LOST__Q3_LOST__Q3_LEAD_not_leading,False,False,-20.0,0.014017939567565918,7033.7160156814725
2022,2022_13_WAS_NYG,NYG,WAS,NYG,WAS,home,home dog,-2.5,2.5,<=3,-10.0,0.0,7.0,0,LOST,TIE,WIN,LOST,not_leading,not_leading,4-7,Q1_LOST__Q2_TIE__Q3_WIN,Q1_LOST__Q2_TIE__Q3_WIN__Q3_LEAD_4-7,False,True,2.5,0.7898675799369812,-375.89039316260653
2022,2022_14_BAL_PIT,PIT,BAL,BAL,PIT,away,away dog,1.5,1.5,<=3,3.0,6.0,6.0,2,WIN,WIN,WIN,WIN,1-3,4-7,4-7,Q1_WIN__Q2_WIN__Q3_WIN,Q1_WIN__Q2_WIN__Q3_WIN__Q3_LEAD_4-7,True,True,3.5,0.692958414554596,-225.68878204213576
2022,2022_14_CAR_SEA,SEA,CAR,CAR,SEA,away,away dog,3.5,3.5,3.5-7,10.0,6.0,3.0,6,WIN,WIN,WIN,WIN,8+,4-7,1-3,Q1_WIN__Q2_WIN__Q3_WIN,Q1_WIN__Q2_WIN__Q3_WIN__Q3_LEAD_1-3,True,True,9.5,0.6032134294509888,-152.024658651213
2022,2022_14_CLE_CIN,CIN,CLE,CLE,CIN,away,away dog,4.5,4.5,3.5-7,0.0,-10.0,-10.0,-13,TIE,LOST,LOST,LOST,not_leading,not_leading,not_leading,Q1_TIE__Q2_LOST__Q3_LOST,Q1_TIE__Q2_LOST__Q3_LOST__Q3_LEAD_not_leading,False,False,-8.5,0.091361403465271,994.5541137403036
2022,2022_14_HOU_DAL,DAL,HOU,HOU,DAL,away,away dog,17.0,17.0,7.5+,3.0,3.0,6.0,-4,WIN,WIN,WIN,LOST,1-3,1-3,4-7,Q1_WIN__Q2_WIN__Q3_WIN,Q1_WIN__Q2_WIN__Q3_WIN__Q3_LEAD_4-7,False,True,13.0,0.6951241493225098,-228.00236482417876
2022,2022_14_JAX_TEN,TEN,JAX,JAX,TEN,away,away dog,3.0,3.0,<=3,-7.0,6.0,19.0,14,LOST,WIN,WIN,WIN,not_leading,4-7,8+,Q1_LOST__Q2_WIN__Q3_WIN,Q1_LOST__Q2_WIN__Q3_WIN__Q3_LEAD_8+,True,True,17.0,0.9809154272079468,-5139.834346286221
2022,2022_14_KC_DEN,DEN,KC,DEN,KC,home,home dog,-8.5,8.5,7.5+,-6.0,-13.0,-13.0,-6,LOST,LOST,LOST,LOST,not_leading,not_leading,not_leading,Q1_LOST__Q2_LOST__Q3_LOST,Q1_LOST__Q2_LOST__Q3_LOST__Q3_LEAD_not_leading,False,True,2.5,0.09905438870191574,909.5463846728678
2022,2022_14_LV_LA,LA,LV,LA,LV,home,home dog,-6.5,6.5,3.5-7,-7.0,-10.0,-10.0,1,LOST,LOST,LOST,WIN,not_leading,not_leading,not_leading,Q1_LOST__Q2_LOST__Q3_LOST,Q1_LOST__Q2_LOST__Q3_LOST__Q3_LEAD_not_leading,True,True,7.5,0.08722960948944092,1046.3997212105476
2022,2022_14_MIA_LAC,LAC,MIA,LAC,MIA,home,home dog,-3.0,3.0,<=3,0.0,10.0,6.0,6,TIE,WIN,WIN,WIN,not_leading,8+,4-7,Q1_TIE__Q2_WIN__Q3_WIN,Q1_TIE__Q2_WIN__Q3_WIN__Q3_LEAD_4-7,True,True,9.0,0.7415352463722229,-286.89994901205375
2022,2022_14_MIN_DET,DET,MIN,MIN,DET,away,away dog,2.5,2.5,<=3,0.0,-7.0,-8.0,-11,TIE,LOST,LOST,LOST,not_leading,not_leading,not_leading,Q1_TIE__Q2_LOST__Q3_LOST,Q1_TIE__Q2_LOST__Q3_LOST__Q3_LEAD_not_leading,False,False,-8.5,0.09747111797332764,925.9449371183408
2022,2022_14_NE_ARI,ARI,NE,ARI,NE,home,home dog,-2.0,2.0,<=3,0.0,3.0,-7.0,-14,TIE,WIN,LOST,LOST,not_leading,1-3,not_leading,Q1_TIE__Q2_WIN__Q3_LOST,Q1_TIE__Q2_WIN__Q3_LOST__Q3_LEAD_not_leading,False,False,-12.0,0.1632595658302307,512.5215358222093
2022,2022_14_NYJ_BUF,BUF,NYJ,NYJ,BUF,away,away dog,10.0,10.0,7.5+,0.0,-7.0,-10.0,-8,TIE,LOST,LOST,LOST,not_leading,not_leading,not_leading,Q1_TIE__Q2_LOST__Q3_LOST,Q1_TIE__Q2_LOST__Q3_LOST__Q3_LEAD_not_leading,False,True,2.0,0.08242982625961304,1113.1531089856921
2022,2022_14_PHI_NYG,NYG,PHI,NYG,PHI,home,home dog,-7.5,7.5,7.5+,-7.0,-17.0,-20.0,-26,LOST,LOST,LOST,LOST,not_leading,not_leading,not_leading,Q1_LOST__Q2_LOST__Q3_LOST,Q1_LOST__Q2_LOST__Q3_LOST__Q3_LEAD_not_leading,False,False,-18.5,0.013796329498291016,7148.304703971244
2022,2022_14_TB_SF,SF,TB,TB,SF,away,away dog,3.5,3.5,3.5-7,-7.0,-28.0,-28.0,-28,LOST,LOST,LOST,LOST,not_leading,not_leading,not_leading,Q1_LOST__Q2_LOST__Q3_LOST,Q1_LOST__Q2_LOST__Q3_LOST__Q3_LEAD_not_leading,False,False,-24.5,0.00039964914321899414,250119.47800149143
2022,2022_15_ARI_DEN,DEN,ARI,ARI,DEN,away,away dog,1.5,1.5,<=3,-3.0,3.0,-1.0,-9,LOST,WIN,LOST,LOST,not_leading,1-3,not_leading,Q1_LOST__Q2_WIN__Q3_LOST,Q1_LOST__Q2_WIN__Q3_LOST__Q3_LEAD_not_leading,False,False,-7.5,0.4311344623565674,131.94619946037983
2022,2022_15_ATL_NO,NO,ATL,ATL,NO,away,away dog,5.0,5.0,3.5-7,-14.0,-11.0,-11.0,-3,LOST,LOST,LOST,LOST,not_leading,not_leading,not_leading,Q1_LOST__Q2_LOST__Q3_LOST,Q1_LOST__Q2_LOST__Q3_LOST__Q3_LEAD_not_leading,False,True,2.0,0.1413343846797943,607.5419065683056
2022,2022_15_BAL_CLE,CLE,BAL,BAL,CLE,away,away dog,2.5,2.5,<=3,0.0,-3.0,-10.0,-10,TIE,LOST,LOST,LOST,not_leading,not_leading,not_leading,Q1_TIE__Q2_LOST__Q3_LOST,Q1_TIE__Q2_LOST__Q3_LOST__Q3_LEAD_not_leading,False,False,-7.5,0.1992657631635666,401.8423557182543
2022,2022_15_CIN_TB,TB,CIN,TB,CIN,home,home dog,-3.5,3.5,3.5-7,3.0,14.0,-3.0,-11,WIN,WIN,LOST,LOST,1-3,8+,not_leading,Q1_WIN__Q2_WIN__Q3_LOST,Q1_WIN__Q2_WIN__Q3_LOST__Q3_LEAD_not_leading,False,False,-7.5,0.2739802598953247,264.98979903955643
2022,2022_15_DAL_JAX,JAX,DAL,JAX,DAL,home,home dog,-4.0,4.0,3.5-7,-7.0,-14.0,-3.0,6,LOST,LOST,LOST,WIN,not_leading,not_leading,not_leading,Q1_LOST__Q2_LOST__Q3_LOST,Q1_LOST__Q2_LOST__Q3_LOST__Q3_LEAD_not_leading,True,True,10.0,0.40339767932891846,147.89433634411907
2022,2022_15_DET_NYJ,NYJ,DET,DET,NYJ,away,away dog,2.0,2.0,<=3,7.0,0.0,3.0,3,WIN,TIE,WIN,WIN,4-7,not_leading,1-3,Q1_WIN__Q2_TIE__Q3_WIN,Q1_WIN__Q2_TIE__Q3_WIN__Q3_LEAD_1-3,True,True,5.0,0.5318845510482788,-113.62251603517029
2022,2022_15_IND_MIN,MIN,IND,IND,MIN,away,away dog,3.5,3.5,3.5-7,17.0,33.0,22.0,-3,WIN,WIN,WIN,LOST,8+,8+,8+,Q1_WIN__Q2_WIN__Q3_WIN,Q1_WIN__Q2_WIN__Q3_WIN__Q3_LEAD_8+,False,True,0.5,0.9955392479896545,-22317.74475874878
2022,2022_15_KC_HOU,HOU,KC,HOU,KC,home,home dog,-14.5,14.5,7.5+,7.0,1.0,5.0,-6,WIN,WIN,WIN,LOST,4-7,1-3,4-7,Q1_WIN__Q2_WIN__Q3_WIN,Q1_WIN__Q2_WIN__Q3_WIN__Q3_LEAD_4-7,False,True,8.5,0.6969817876815796,-230.0131673106073
2022,2022_15_LA_GB,GB,LA,LA,GB,away,away dog,8.0,8.0,7.5+,-3.0,-4.0,-12.0,-12,LOST,LOST,LOST,LOST,not_leading,not_leading,not_leading,Q1_LOST__Q2_LOST__Q3_LOST,Q1_LOST__Q2_LOST__Q3_LOST__Q3_LEAD_not_leading,False,False,-4.0,0.06920093297958374,1345.0672222801225
2022,2022_15_MIA_BUF,BUF,MIA,MIA,BUF,away,away dog,7.0,7.0,3.5-7,-4.0,-8.0,5.0,-3,LOST,LOST,WIN,LOST,not_leading,not_leading,4-7,Q1_LOST__Q2_LOST__Q3_WIN,Q1_LOST__Q2_LOST__Q3_WIN__Q3_LEAD_4-7,False,True,4.0,0.7095863223075867,-244.33639901049457
2022,2022_15_NE_LV,LV,NE,NE,LV,away,away dog,1.0,1.0,<=3,-3.0,-14.0,-4.0,-6,LOST,LOST,LOST,LOST,not_leading,not_leading,not_leading,Q1_LOST__Q2_LOST__Q3_LOST,Q1_LOST__Q2_LOST__Q3_LOST__Q3_LEAD_not_leading,False,False,-5.0,0.3945665955543518,153.44264092986285
2022,2022_15_NYG_WAS,WAS,NYG,NYG,WAS,away,away dog,4.5,4.5,3.5-7,-3.0,11.0,8.0,8,LOST,WIN,WIN,WIN,not_leading,8+,8+,Q1_LOST__Q2_WIN__Q3_WIN,Q1_LOST__Q2_WIN__Q3_WIN__Q3_LEAD_8+,True,True,12.5,0.79936283826828,-398.4121542434598
2022,2022_15_PHI_CHI,CHI,PHI,CHI,PHI,home,home dog,-8.5,8.5,7.5+,0.0,-4.0,-4.0,-5,TIE,LOST,LOST,LOST,not_leading,not_leading,not_leading,Q1_TIE__Q2_LOST__Q3_LOST,Q1_TIE__Q2_LOST__Q3_LOST__Q3_LEAD_not_leading,False,True,3.5,0.3150317072868347,217.4283657389144
2022,2022_15_PIT_CAR,CAR,PIT,PIT,CAR,away,away dog,2.5,2.5,<=3,7.0,7.0,14.0,8,WIN,WIN,WIN,WIN,4-7,4-7,8+,Q1_WIN__Q2_WIN__Q3_WIN,Q1_WIN__Q2_WIN__Q3_WIN__Q3_LEAD_8+,True,True,10.5,0.889013409614563,-801.0097494906141
2022,2022_15_SF_SEA,SEA,SF,SEA,SF,home,home dog,-3.0,3.0,<=3,-7.0,-11.0,-15.0,-8,LOST,LOST,LOST,LOST,not_leading,not_leading,not_leading,Q1_LOST__Q2_LOST__Q3_LOST,Q1_LOST__Q2_LOST__Q3_LOST__Q3_LEAD_not_leading,False,False,-5.0,0.07175266742706299,1293.676410729268
2022,2022_15_TEN_LAC,LAC,TEN,TEN,LAC,away,away dog,3.0,3.0,<=3,-7.0,0.0,0.0,-3,LOST,TIE,TIE,LOST,not_leading,not_leading,not_leading,Q1_LOST__Q2_TIE__Q3_TIE,Q1_LOST__Q2_TIE__Q3_TIE__Q3_LEAD_not_leading,False,False,0.0,0.5440468788146973,-119.32079276053307
2022,2022_16_ATL_BAL,BAL,ATL,ATL,BAL,away,away dog,6.5,6.5,3.5-7,-3.0,-11.0,-8.0,-8,LOST,LOST,LOST,LOST,not_leading,not_leading,not_leading,Q1_LOST__Q2_LOST__Q3_LOST,Q1_LOST__Q2_LOST__Q3_LOST__Q3_LEAD_not_leading,False,False,-1.5,0.08681148290634155,1051.9213432615495
2022,2022_16_BUF_CHI,CHI,BUF,CHI,BUF,home,home dog,-8.0,8.0,7.5+,1.0,4.0,-11.0,-22,WIN,WIN,LOST,LOST,1-3,4-7,not_leading,Q1_WIN__Q2_WIN__Q3_LOST,Q1_WIN__Q2_WIN__Q3_LOST__Q3_LEAD_not_leading,False,False,-14.0,0.2352043092250824,325.16227840155534
2022,2022_16_CIN_NE,NE,CIN,NE,CIN,home,home dog,-3.0,3.0,<=3,-12.0,-22.0,-16.0,-4,LOST,LOST,LOST,LOST,not_leading,not_leading,not_leading,Q1_LOST__Q2_LOST__Q3_LOST,Q1_LOST__Q2_LOST__Q3_LOST__Q3_LEAD_not_leading,False,False,-1.0,0.07911337912082672,1164.0087063816852
2022,2022_16_DEN_LA,LA,DEN,LA,DEN,home,home dog,-3.0,3.0,<=3,14.0,25.0,28.0,37,WIN,WIN,WIN,WIN,8+,8+,8+,Q1_WIN__Q2_WIN__Q3_WIN,Q1_WIN__Q2_WIN__Q3_WIN__Q3_LEAD_8+,True,True,40.0,0.9996248483657837,-266458.8814744201
2022,2022_16_DET_CAR,CAR,DET,CAR,DET,home,home dog,-2.5,2.5,<=3,0.0,17.0,18.0,14,TIE,WIN,WIN,WIN,not_leading,8+,8+,Q1_TIE__Q2_WIN__Q3_WIN,Q1_TIE__Q2_WIN__Q3_WIN__Q3_LEAD_8+,True,True,16.5,0.9847024083137512,-6436.9766726020935
2022,2022_16_GB_MIA,MIA,GB,GB,MIA,away,away dog,3.5,3.5,3.5-7,0.0,-7.0,0.0,6,TIE,LOST,TIE,WIN,not_leading,not_leading,not_leading,Q1_TIE__Q2_LOST__Q3_TIE,Q1_TIE__Q2_LOST__Q3_TIE__Q3_LEAD_not_leading,True,True,9.5,0.511518657207489,-104.71610937754146
2022,2022_16_HOU_TEN,TEN,HOU,HOU,TEN,away,away dog,3.0,3.0,<=3,0.0,3.0,-4.0,5,TIE,WIN,LOST,WIN,not_leading,1-3,not_leading,Q1_TIE__Q2_WIN__Q3_LOST,Q1_TIE__Q2_WIN__Q3_LOST__Q3_LEAD_not_leading,True,True,8.0,0.22255027294158936,349.33667651014764
2022,2022_16_JAX_NYJ,NYJ,JAX,JAX,NYJ,away,away dog,2.5,2.5,<=3,0.0,10.0,13.0,16,TIE,WIN,WIN,WIN,not_leading,8+,8+,Q1_TIE__Q2_WIN__Q3_WIN,Q1_TIE__Q2_WIN__Q3_WIN__Q3_LEAD_8+,True,True,18.5,0.9176115393638611,-1113.762209269097
2022,2022_16_LAC_IND,IND,LAC,IND,LAC,home,home dog,-3.5,3.5,3.5-7,0.0,-7.0,-10.0,-17,TIE,LOST,LOST,LOST,not_leading,not_leading,not_leading,Q1_TIE__Q2_LOST__Q3_LOST,Q1_TIE__Q2_LOST__Q3_LOST__Q3_LEAD_not_leading,False,False,-13.5,0.22387555241584778,346.6767314291222
2022,2022_16_LV_PIT,PIT,LV,LV,PIT,away,away dog,2.5,2.5,<=3,7.0,7.0,7.0,-3,WIN,WIN,WIN,LOST,4-7,4-7,4-7,Q1_WIN__Q2_WIN__Q3_WIN,Q1_WIN__Q2_WIN__Q3_WIN__Q3_LEAD_4-7,False,False,-0.5,0.692486047744751,-225.1884971937662
2022,2022_16_NO_CLE,CLE,NO,NO,CLE,away,away dog,3.0,3.0,<=3,0.0,-7.0,7.0,7,TIE,LOST,WIN,WIN,not_leading,not_leading,4-7,Q1_TIE__Q2_LOST__Q3_WIN,Q1_TIE__Q2_LOST__Q3_WIN__Q3_LEAD_4-7,True,True,10.0,0.7539927363395691,-306.49206251906503
2022,2022_16_NYG_MIN,MIN,NYG,NYG,MIN,away,away dog,4.5,4.5,3.5-7,-7.0,-3.0,3.0,-3,LOST,LOST,WIN,LOST,not_leading,not_leading,1-3,Q1_LOST__Q2_LOST__Q3_WIN,Q1_LOST__Q2_LOST__Q3_WIN__Q3_LEAD_1-3,False,True,1.5,0.40938282012939453,144.270142963969
2022,2022_16_PHI_DAL,DAL,PHI,PHI,DAL,away,away dog,4.0,4.0,3.5-7,3.0,3.0,0.0,-6,WIN,WIN,TIE,LOST,1-3,1-3,not_leading,Q1_WIN__Q2_WIN__Q3_TIE,Q1_WIN__Q2_WIN__Q3_TIE__Q3_LEAD_not_leading,False,False,-2.0,0.5311013460159302,-113.2657007017072
2022,2022_16_SEA_KC,KC,SEA,SEA,KC,away,away dog,10.5,10.5,7.5+,-7.0,-14.0,-14.0,-14,LOST,LOST,LOST,LOST,not_leading,not_leading,not_leading,Q1_LOST__Q2_LOST__Q3_LOST,Q1_LOST__Q2_LOST__Q3_LOST__Q3_LEAD_not_leading,False,False,-3.5,0.05895596742630005,1596.181139339431
2022,2022_16_TB_ARI,ARI,TB,ARI,TB,home,home dog,-7.5,7.5,7.5+,0.0,0.0,0.0,-3,TIE,TIE,TIE,LOST,not_leading,not_leading,not_leading,Q1_TIE__Q2_TIE__Q3_TIE,Q1_TIE__Q2_TIE__Q3_TIE__Q3_LEAD_not_leading,False,True,4.5,0.6657583117485046,-199.1847023126464
2022,2022_16_WAS_SF,SF,WAS,WAS,SF,away,away dog,6.5,6.5,3.5-7,0.0,0.0,-7.0,-17,TIE,TIE,LOST,LOST,not_leading,not_leading,not_leading,Q1_TIE__Q2_TIE__Q3_LOST,Q1_TIE__Q2_TIE__Q3_LOST__Q3_LEAD_not_leading,False,False,-10.5,0.13724935054779053,628.6008975698561
2022,2022_17_ARI_ATL,ATL,ARI,ARI,ATL,away,away dog,7.0,7.0,3.5-7,3.0,-1.0,2.0,-1,WIN,LOST,WIN,LOST,1-3,not_leading,1-3,Q1_WIN__Q2_LOST__Q3_WIN,Q1_WIN__Q2_LOST__Q3_WIN__Q3_LEAD_1-3,False,True,6.0,0.6779648065567017,-210.52506693684487
2022,2022_17_CAR_TB,TB,CAR,CAR,TB,away,away dog,3.5,3.5,3.5-7,7.0,4.0,4.0,-6,WIN,WIN,WIN,LOST,4-7,4-7,4-7,Q1_WIN__Q2_WIN__Q3_WIN,Q1_WIN__Q2_WIN__Q3_WIN__Q3_LEAD_4-7,False,False,-2.5,0.7842031121253967,-363.39871248796084
2022,2022_17_CHI_DET,DET,CHI,CHI,DET,away,away dog,4.5,4.5,3.5-7,3.0,-14.0,-28.0,-31,WIN,LOST,LOST,LOST,1-3,not_leading,not_leading,Q1_WIN__Q2_LOST__Q3_LOST,Q1_WIN__Q2_LOST__Q3_LOST__Q3_LEAD_not_leading,False,False,-26.5,0.0003540515899658203,282344.7138047138
2022,2022_17_CLE_WAS,WAS,CLE,CLE,WAS,away,away dog,1.0,1.0,<=3,3.0,-4.0,10.0,14,WIN,LOST,WIN,WIN,1-3,not_leading,8+,Q1_WIN__Q2_LOST__Q3_WIN,Q1_WIN__Q2_LOST__Q3_WIN__Q3_LEAD_8+,True,True,15.0,0.8293628096580505,-486.0387164111433
2022,2022_17_DAL_TEN,TEN,DAL,TEN,DAL,home,home dog,-14.0,14.0,7.5+,-7.0,-4.0,-4.0,-14,LOST,LOST,LOST,LOST,not_leading,not_leading,not_leading,Q1_LOST__Q2_LOST__Q3_LOST,Q1_LOST__Q2_LOST__Q3_LOST__Q3_LEAD_not_leading,False,False,0.0,0.28069859743118286,256.25400666462673
2022,2022_17_DEN_KC,KC,DEN,DEN,KC,away,away dog,13.5,13.5,7.5+,-6.0,-3.0,4.0,-3,LOST,LOST,WIN,LOST,not_leading,not_leading,4-7,Q1_LOST__Q2_LOST__Q3_WIN,Q1_LOST__Q2_LOST__Q3_WIN__Q3_LEAD_4-7,False,True,10.5,0.451518714427948,121.4747624064599
2022,2022_17_IND_NYG,NYG,IND,IND,NYG,away,away dog,5.5,5.5,3.5-7,3.0,-21.0,-21.0,-28,WIN,LOST,LOST,LOST,1-3,not_leading,not_leading,Q1_WIN__Q2_LOST__Q3_LOST,Q1_WIN__Q2_LOST__Q3_LOST__Q3_LEAD_not_leading,False,False,-22.5,0.007051229476928711,14081.923922231614
2022,2022_17_JAX_HOU,HOU,JAX,HOU,JAX,home,home dog,-3.5,3.5,3.5-7,-7.0,-21.0,-25.0,-28,LOST,LOST,LOST,LOST,not_leading,not_leading,not_leading,Q1_LOST__Q2_LOST__Q3_LOST,Q1_LOST__Q2_LOST__Q3_LOST__Q3_LEAD_not_leading,False,False,-24.5,0.004067687783390284,24483.99103498875
2022,2022_17_LA_LAC,LAC,LA,LA,LAC,away,away dog,6.5,6.5,3.5-7,3.0,-7.0,-14.0,-21,WIN,LOST,LOST,LOST,1-3,not_leading,not_leading,Q1_WIN__Q2_LOST__Q3_LOST,Q1_WIN__Q2_LOST__Q3_LOST__Q3_LEAD_not_leading,False,False,-14.5,0.030035972595214844,3229.3411652643276
2022,2022_17_MIA_NE,NE,MIA,MIA,NE,away,away dog,3.0,3.0,<=3,-7.0,0.0,-2.0,-2,LOST,TIE,LOST,LOST,not_leading,not_leading,not_leading,Q1_LOST__Q2_TIE__Q3_LOST,Q1_LOST__Q2_TIE__Q3_LOST__Q3_LEAD_not_leading,False,True,1.0,0.5098196268081665,-104.00653610189471
2022,2022_17_MIN_GB,GB,MIN,MIN,GB,away,away dog,3.0,3.0,<=3,-11.0,-24.0,-24.0,-24,LOST,LOST,LOST,LOST,not_leading,not_leading,not_leading,Q1_LOST__Q2_LOST__Q3_LOST,Q1_LOST__Q2_LOST__Q3_LOST__Q3_LEAD_not_leading,False,False,-21.0,0.00042885541915893555,233078.81862404448
2022,2022_17_NO_PHI,PHI,NO,NO,PHI,away,away dog,5.5,5.5,3.5-7,7.0,13.0,3.0,10,WIN,WIN,WIN,WIN,4-7,8+,1-3,Q1_WIN__Q2_WIN__Q3_WIN,Q1_WIN__Q2_WIN__Q3_WIN__Q3_LEAD_1-3,True,True,15.5,0.6925254464149475,-225.2301656642242
2022,2022_17_NYJ_SEA,SEA,NYJ,SEA,NYJ,home,home dog,-1.0,1.0,<=3,7.0,11.0,14.0,17,WIN,WIN,WIN,WIN,4-7,8+,8+,Q1_WIN__Q2_WIN__Q3_WIN,Q1_WIN__Q2_WIN__Q3_WIN__Q3_LEAD_8+,True,True,18.0,0.9713038206100464,-3384.784460018029
2022,2022_17_PIT_BAL,BAL,PIT,PIT,BAL,away,away dog,1.0,1.0,<=3,3.0,-7.0,-7.0,3,WIN,LOST,LOST,WIN,1-3,not_leading,not_leading,Q1_WIN__Q2_LOST__Q3_LOST,Q1_WIN__Q2_LOST__Q3_LOST__Q3_LEAD_not_leading,True,True,4.0,0.18334662914276123,445.4149905430543
2022,2022_17_SF_LV,LV,SF,LV,SF,home,home dog,-10.0,10.0,7.5+,3.0,3.0,3.0,-3,WIN,WIN,WIN,LOST,1-3,1-3,1-3,Q1_WIN__Q2_WIN__Q3_WIN,Q1_WIN__Q2_WIN__Q3_WIN__Q3_LEAD_1-3,False,True,7.0,0.7640917897224426,-323.893682557064
2022,2022_18_ARI_SF,SF,ARI,ARI,SF,away,away dog,14.0,14.0,7.5+,-1.0,-8.0,-25.0,-25,LOST,LOST,LOST,LOST,not_leading,not_leading,not_leading,Q1_LOST__Q2_LOST__Q3_LOST,Q1_LOST__Q2_LOST__Q3_LOST__Q3_LEAD_not_leading,False,False,-11.0,0.004374601878225803,22759.223029583838
2022,2022_18_BAL_CIN,CIN,BAL,BAL,CIN,away,away dog,11.0,11.0,7.5+,-10.0,-17.0,-14.0,-11,LOST,LOST,LOST,LOST,not_leading,not_leading,not_leading,Q1_LOST__Q2_LOST__Q3_LOST,Q1_LOST__Q2_LOST__Q3_LOST__Q3_LEAD_not_leading,False,False,0.0,0.056647900491952896,1665.2904897014757
2022,2022_18_CAR_NO,NO,CAR,CAR,NO,away,away dog,3.5,3.5,3.5-7,-7.0,-7.0,0.0,3,LOST,LOST,TIE,WIN,not_leading,not_leading,not_leading,Q1_LOST__Q2_LOST__Q3_TIE,Q1_LOST__Q2_LOST__Q3_TIE__Q3_LEAD_not_leading,True,True,6.5,0.43025845289230347,132.41844367676063
2022,2022_18_CLE_PIT,PIT,CLE,CLE,PIT,away,away dog,2.5,2.5,<=3,0.0,-3.0,-13.0,-14,TIE,LOST,LOST,LOST,not_leading,not_leading,not_leading,Q1_TIE__Q2_LOST__Q3_LOST,Q1_TIE__Q2_LOST__Q3_LOST__Q3_LEAD_not_leading,False,False,-11.5,0.05285966396331787,1791.8016593786012
2022,2022_18_DAL_WAS,WAS,DAL,WAS,DAL,home,home dog,-7.5,7.5,7.5+,7.0,7.0,14.0,20,WIN,WIN,WIN,WIN,4-7,4-7,8+,Q1_WIN__Q2_WIN__Q3_WIN,Q1_WIN__Q2_WIN__Q3_WIN__Q3_LEAD_8+,True,True,27.5,0.973045289516449,-3609.926695781967
2022,2022_18_DET_GB,GB,DET,DET,GB,away,away dog,5.5,5.5,3.5-7,-3.0,-3.0,-3.0,4,LOST,LOST,LOST,WIN,not_leading,not_leading,not_leading,Q1_LOST__Q2_LOST__Q3_LOST,Q1_LOST__Q2_LOST__Q3_LOST__Q3_LEAD_not_leading,True,True,9.5,0.2728935480117798,266.443254992908
2022,2022_18_HOU_IND,IND,HOU,HOU,IND,away,away dog,3.0,3.0,<=3,3.0,10.0,3.0,1,WIN,WIN,WIN,WIN,1-3,8+,1-3,Q1_WIN__Q2_WIN__Q3_WIN,Q1_WIN__Q2_WIN__Q3_WIN__Q3_LEAD_1-3,True,True,4.0,0.5654676556587219,-130.13246609200817
2022,2022_18_KC_LV,LV,KC,LV,KC,home,home dog,-9.0,9.0,7.5+,-4.0,-21.0,-18.0,-18,LOST,LOST,LOST,LOST,not_leading,not_leading,not_leading,Q1_LOST__Q2_LOST__Q3_LOST,Q1_LOST__Q2_LOST__Q3_LOST__Q3_LEAD_not_leading,False,False,-9.0,0.013647043146193027,7227.594624619909
2022,2022_18_LAC_DEN,DEN,LAC,LAC,DEN,away,away dog,6.0,6.0,3.5-7,0.0,0.0,-4.0,-3,TIE,TIE,LOST,LOST,not_leading,not_leading,not_leading,Q1_TIE__Q2_TIE__Q3_LOST,Q1_TIE__Q2_TIE__Q3_LOST__Q3_LEAD_not_leading,False,True,3.0,0.2836177945137024,252.5871857633697
2022,2022_18_LA_SEA,SEA,LA,LA,SEA,away,away dog,5.5,5.5,3.5-7,-3.0,7.0,3.0,-3,LOST,WIN,WIN,LOST,not_leading,4-7,1-3,Q1_LOST__Q2_WIN__Q3_WIN,Q1_LOST__Q2_WIN__Q3_WIN__Q3_LEAD_1-3,False,True,2.5,0.6353613138198853,-174.24407719208543
2022,2022_18_MIN_CHI,CHI,MIN,CHI,MIN,home,home dog,-6.5,6.5,3.5-7,-6.0,-10.0,-10.0,-16,LOST,LOST,LOST,LOST,not_leading,not_leading,not_leading,Q1_LOST__Q2_LOST__Q3_LOST,Q1_LOST__Q2_LOST__Q3_LOST__Q3_LEAD_not_leading,False,False,-9.5,0.13128995895385742,661.672871229593
2022,2022_18_NE_BUF,BUF,NE,NE,BUF,away,away dog,8.0,8.0,7.5+,0.0,0.0,-11.0,-12,TIE,TIE,LOST,LOST,not_leading,not_leading,not_leading,Q1_TIE__Q2_TIE__Q3_LOST,Q1_TIE__Q2_TIE__Q3_LOST__Q3_LEAD_not_leading,False,False,-4.0,0.12388274073600769,707.2149470207358
2022,2022_18_NYG_PHI,PHI,NYG,NYG,PHI,away,away dog,16.5,16.5,7.5+,-10.0,-16.0,-16.0,-6,LOST,LOST,LOST,LOST,not_leading,not_leading,not_leading,Q1_LOST__Q2_LOST__Q3_LOST,Q1_LOST__Q2_LOST__Q3_LOST__Q3_LEAD_not_leading,False,True,10.5,0.03242993354797363,2983.5709191963006
2022,2022_18_NYJ_MIA,MIA,NYJ,NYJ,MIA,away,away dog,3.5,3.5,3.5-7,0.0,0.0,-3.0,-5,TIE,TIE,LOST,LOST,not_leading,not_leading,not_leading,Q1_TIE__Q2_TIE__Q3_LOST,Q1_TIE__Q2_TIE__Q3_LOST__Q3_LEAD_not_leading,False,False,-1.5,0.44540905952453613,124.51272119778544
2022,2022_18_TB_ATL,ATL,TB,TB,ATL,away,away dog,6.0,6.0,3.5-7,-3.0,7.0,-3.0,-13,LOST,WIN,LOST,LOST,not_leading,4-7,not_leading,Q1_LOST__Q2_WIN__Q3_LOST,Q1_LOST__Q2_WIN__Q3_LOST__Q3_LEAD_not_leading,False,False,-7.0,0.280845582485199,256.0675553985976
2022,2022_18_TEN_JAX,JAX,TEN,TEN,JAX,away,away dog,6.0,6.0,3.5-7,3.0,6.0,6.0,-4,WIN,WIN,WIN,LOST,1-3,4-7,4-7,Q1_WIN__Q2_WIN__Q3_WIN,Q1_WIN__Q2_WIN__Q3_WIN__Q3_LEAD_4-7,False,True,2.0,0.6100597381591797,-156.4495380085208
2023,2023_01_ARI_WAS,WAS,ARI,ARI,WAS,away,away dog,7.0,7.0,3.5-7,-4.0,3.0,6.0,-4,LOST,WIN,WIN,LOST,not_leading,1-3,4-7,Q1_LOST__Q2_WIN__Q3_WIN,Q1_LOST__Q2_WIN__Q3_WIN__Q3_LEAD_4-7,False,True,3.0,0.6119048595428467,-157.66877648147272
2023,2023_01_BUF_NYJ,NYJ,BUF,NYJ,BUF,home,home dog,-2.5,2.5,<=3,-3.0,-10.0,-7.0,6,LOST,LOST,LOST,WIN,not_leading,not_leading,not_leading,Q1_LOST__Q2_LOST__Q3_LOST,Q1_LOST__Q2_LOST__Q3_LOST__Q3_LEAD_not_leading,True,True,8.5,0.23836034536361694,319.5328709037182
2023,2023_01_CAR_ATL,ATL,CAR,CAR,ATL,away,away dog,3.5,3.5,3.5-7,0.0,0.0,0.0,-14,TIE,TIE,TIE,LOST,not_leading,not_leading,not_leading,Q1_TIE__Q2_TIE__Q3_TIE,Q1_TIE__Q2_TIE__Q3_TIE__Q3_LEAD_not_leading,False,False,-10.5,0.2825397253036499,253.93253069998713
2023,2023_01_CIN_CLE,CLE,CIN,CLE,CIN,home,home dog,-1.0,1.0,<=3,0.0,10.0,10.0,21,TIE,WIN,WIN,WIN,not_leading,8+,8+,Q1_TIE__Q2_WIN__Q3_WIN,Q1_TIE__Q2_WIN__Q3_WIN__Q3_LEAD_8+,True,True,22.0,0.8877816200256348,-791.1196189326886
2023,2023_01_DAL_NYG,NYG,DAL,NYG,DAL,home,home dog,-3.5,3.5,3.5-7,-16.0,-26.0,-33.0,-40,LOST,LOST,LOST,LOST,not_leading,not_leading,not_leading,Q1_LOST__Q2_LOST__Q3_LOST,Q1_LOST__Q2_LOST__Q3_LOST__Q3_LEAD_not_leading,False,False,-36.5,0.0001633167266845703,612207.1532846715
2023,2023_01_DET_KC,KC,DET,DET,KC,away,away dog,4.0,4.0,3.5-7,7.0,-7.0,-3.0,1,WIN,LOST,LOST,WIN,4-7,not_leading,not_leading,Q1_WIN__Q2_LOST__Q3_LOST,Q1_WIN__Q2_LOST__Q3_LOST__Q3_LEAD_not_leading,True,True,5.0,0.21679633855819702,361.26240260813216
2023,2023_01_GB_CHI,CHI,GB,GB,CHI,away,away dog,1.0,1.0,<=3,4.0,4.0,10.0,18,WIN,WIN,WIN,WIN,4-7,4-7,8+,Q1_WIN__Q2_WIN__Q3_WIN,Q1_WIN__Q2_WIN__Q3_WIN__Q3_LEAD_8+,True,True,19.0,0.8924918174743652,-830.1617574658145
2023,2023_01_HOU_BAL,BAL,HOU,HOU,BAL,away,away dog,9.5,9.5,7.5+,-7.0,-1.0,-16.0,-16,LOST,LOST,LOST,LOST,not_leading,not_leading,not_leading,Q1_LOST__Q2_LOST__Q3_LOST,Q1_LOST__Q2_LOST__Q3_LOST__Q3_LEAD_not_leading,False,False,-6.5,0.06745858490467072,1382.3910128164603
2023,2023_01_JAX_IND,IND,JAX,IND,JAX,home,home dog,-4.0,4.0,3.5-7,-7.0,-7.0,4.0,-10,LOST,LOST,WIN,LOST,not_leading,not_leading,4-7,Q1_LOST__Q2_LOST__Q3_WIN,Q1_LOST__Q2_LOST__Q3_WIN__Q3_LEAD_4-7,False,False,-6.0,0.6863845586776733,-218.86185061029033
2023,2023_01_LA_SEA,SEA,LA,LA,SEA,away,away dog,4.5,4.5,3.5-7,4.0,-6.0,4.0,17,WIN,LOST,WIN,WIN,4-7,not_leading,4-7,Q1_WIN__Q2_LOST__Q3_WIN,Q1_WIN__Q2_LOST__Q3_WIN__Q3_LEAD_4-7,True,True,21.5,0.6915439367294312,-224.19528064936384
2023,2023_01_LV_DEN,DEN,LV,LV,DEN,away,away dog,3.0,3.0,<=3,1.0,-3.0,-3.0,1,WIN,LOST,LOST,WIN,1-3,not_leading,not_leading,Q1_WIN__Q2_LOST__Q3_LOST,Q1_WIN__Q2_LOST__Q3_LOST__Q3_LEAD_not_leading,True,True,4.0,0.25774306058883667,287.9832875870303
2023,2023_01_MIA_LAC,LAC,MIA,MIA,LAC,away,away dog,3.0,3.0,<=3,0.0,3.0,3.0,2,TIE,WIN,WIN,WIN,not_leading,1-3,1-3,Q1_TIE__Q2_WIN__Q3_WIN,Q1_TIE__Q2_WIN__Q3_WIN__Q3_LEAD_1-3,True,True,5.0,0.43296921253204346,130.963304331019
2023,2023_01_PHI_NE,NE,PHI,NE,PHI,home,home dog,-3.5,3.5,3.5-7,-16.0,-2.0,-5.0,-5,LOST,LOST,LOST,LOST,not_leading,not_leading,not_leading,Q1_LOST__Q2_LOST__Q3_LOST,Q1_LOST__Q2_LOST__Q3_LOST__Q3_LEAD_not_leading,False,False,-1.5,0.2048945426940918,388.0559466598401
2023,2023_01_SF_PIT,PIT,SF,PIT,SF,home,home dog,-1.5,1.5,<=3,-10.0,-13.0,-20.0,-23,LOST,LOST,LOST,LOST,not_leading,not_leading,not_leading,Q1_LOST__Q2_LOST__Q3_LOST,Q1_LOST__Q2_LOST__Q3_LOST__Q3_LEAD_not_leading,False,False,-21.5,0.013943910598754883,7071.589296400786
2023,2023_01_TB_MIN,MIN,TB,TB,MIN,away,away dog,4.0,4.0,3.5-7,3.0,0.0,7.0,3,WIN,TIE,WIN,WIN,1-3,not_leading,4-7,Q1_WIN__Q2_TIE__Q3_WIN,Q1_WIN__Q2_TIE__Q3_WIN__Q3_LEAD_4-7,True,True,7.0,0.5971980690956116,-148.26097475619258
2023,2023_01_TEN_NO,NO,TEN,TEN,NO,away,away dog,3.0,3.0,<=3,3.0,3.0,-7.0,-1,WIN,WIN,LOST,LOST,1-3,1-3,not_leading,Q1_WIN__Q2_WIN__Q3_LOST,Q1_WIN__Q2_WIN__Q3_LOST__Q3_LEAD_not_leading,False,True,2.0,0.16339565813541412,512.0113664043938
2023,2023_02_BAL_CIN,CIN,BAL,BAL,CIN,away,away dog,3.5,3.5,3.5-7,7.0,3.0,3.0,3,WIN,WIN,WIN,WIN,4-7,1-3,1-3,Q1_WIN__Q2_WIN__Q3_WIN,Q1_WIN__Q2_WIN__Q3_WIN__Q3_LEAD_1-3,True,True,6.5,0.6399988532066345,-177.77689290917257
2023,2023_02_CHI_TB,TB,CHI,CHI,TB,away,away dog,2.5,2.5,<=3,4.0,-3.0,-10.0,-10,WIN,LOST,LOST,LOST,4-7,not_leading,not_leading,Q1_WIN__Q2_LOST__Q3_LOST,Q1_WIN__Q2_LOST__Q3_LOST__Q3_LEAD_not_leading,False,False,-7.5,0.11577045917510986,763.778210024579
2023,2023_02_CLE_PIT,PIT,CLE,PIT,CLE,home,home dog,-2.5,2.5,<=3,4.0,2.0,-3.0,4,WIN,WIN,LOST,WIN,4-7,1-3,not_leading,Q1_WIN__Q2_WIN__Q3_LOST,Q1_WIN__Q2_WIN__Q3_LOST__Q3_LEAD_not_leading,True,True,6.5,0.4157025218009949,140.55663546797535
2023,2023_02_GB_ATL,ATL,GB,GB,ATL,away,away dog,3.0,3.0,<=3,-3.0,1.0,12.0,-1,LOST,WIN,WIN,LOST,not_leading,1-3,8+,Q1_LOST__Q2_WIN__Q3_WIN,Q1_LOST__Q2_WIN__Q3_WIN__Q3_LEAD_8+,False,True,2.0,0.8712587952613831,-676.7520911663817
2023,2023_02_IND_HOU,HOU,IND,HOU,IND,home,home dog,-1.0,1.0,<=3,-7.0,-18.0,-21.0,-11,LOST,LOST,LOST,LOST,not_leading,not_leading,not_leading,Q1_LOST__Q2_LOST__Q3_LOST,Q1_LOST__Q2_LOST__Q3_LOST__Q3_LEAD_not_leading,False,False,-10.0,0.043218426406383514,2213.8278811842542
2023,2023_02_KC_JAX,JAX,KC,JAX,KC,home,home dog,-3.5,3.5,3.5-7,0.0,-1.0,-8.0,-8,TIE,LOST,LOST,LOST,not_leading,not_leading,not_leading,Q1_TIE__Q2_LOST__Q3_LOST,Q1_TIE__Q2_LOST__Q3_LOST__Q3_LEAD_not_leading,False,False,-4.5,0.3123381733894348,220.16579630603235
2023,2023_02_LAC_TEN,TEN,LAC,TEN,LAC,home,home dog,-2.5,2.5,<=3,-3.0,-4.0,3.0,3,LOST,LOST,WIN,WIN,not_leading,not_leading,1-3,Q1_LOST__Q2_LOST__Q3_WIN,Q1_LOST__Q2_LOST__Q3_WIN__Q3_LEAD_1-3,True,True,5.5,0.46150368452072144,116.68299377469005
2023,2023_02_LV_BUF,BUF,LV,LV,BUF,away,away dog,7.5,7.5,7.5+,0.0,-11.0,-18.0,-28,TIE,LOST,LOST,LOST,not_leading,not_leading,not_leading,Q1_TIE__Q2_LOST__Q3_LOST,Q1_TIE__Q2_LOST__Q3_LOST__Q3_LEAD_not_leading,False,False,-20.5,0.01977062225341797,4958.0097438618495
2023,2023_02_MIA_NE,NE,MIA,NE,MIA,home,home dog,-2.0,2.0,<=3,-3.0,-14.0,-14.0,-7,LOST,LOST,LOST,LOST,not_leading,not_leading,not_leading,Q1_LOST__Q2_LOST__Q3_LOST,Q1_LOST__Q2_LOST__Q3_LOST__Q3_LEAD_not_leading,False,False,-5.0,0.06444543600082397,1451.7002631299047
2023,2023_02_MIN_PHI,PHI,MIN,MIN,PHI,away,away dog,6.0,6.0,3.5-7,-3.0,-6.0,-13.0,-6,LOST,LOST,LOST,LOST,not_leading,not_leading,not_leading,Q1_LOST__Q2_LOST__Q3_LOST,Q1_LOST__Q2_LOST__Q3_LOST__Q3_LEAD_not_leading,False,False,0.0,0.03185272216796875,3039.4491017964074
2023,2023_02_NO_CAR,CAR,NO,CAR,NO,home,home dog,-3.0,3.0,<=3,0.0,-3.0,-7.0,-3,TIE,LOST,LOST,LOST,not_leading,not_leading,not_leading,Q1_TIE__Q2_LOST__Q3_LOST,Q1_TIE__Q2_LOST__Q3_LOST__Q3_LEAD_not_leading,False,False,0.0,0.16509491205215454,505.7121855360955
2023,2023_02_NYG_ARI,ARI,NYG,ARI,NYG,home,home dog,-5.0,5.0,3.5-7,7.0,20.0,14.0,-3,WIN,WIN,WIN,LOST,4-7,8+,8+,Q1_WIN__Q2_WIN__Q3_WIN,Q1_WIN__Q2_WIN__Q3_WIN__Q3_LEAD_8+,False,True,2.0,0.9639490842819214,-2673.854644414831
2023,2023_02_NYJ_DAL,DAL,NYJ,NYJ,DAL,away,away dog,8.5,8.5,7.5+,-7.0,-8.0,-14.0,-20,LOST,LOST,LOST,LOST,not_leading,not_leading,not_leading,Q1_LOST__Q2_LOST__Q3_LOST,Q1_LOST__Q2_LOST__Q3_LOST__Q3_LEAD_not_leading,False,False,-11.5,0.02758556604385376,3525.08421400621
2023,2023_02_SEA_DET,DET,SEA,SEA,DET,away,away dog,4.5,4.5,3.5-7,0.0,-7.0,-4.0,6,TIE,LOST,LOST,WIN,not_leading,not_leading,not_leading,Q1_TIE__Q2_LOST__Q3_LOST,Q1_TIE__Q2_LOST__Q3_LOST__Q3_LEAD_not_leading,True,True,10.5,0.3762531876564026,165.77847917482842
2023,2023_02_SF_LA,LA,SF,LA,SF,home,home dog,-7.5,7.5,7.5+,-4.0,0.0,-3.0,-7,LOST,TIE,LOST,LOST,not_leading,not_leading,not_leading,Q1_LOST__Q2_TIE__Q3_LOST,Q1_LOST__Q2_TIE__Q3_LOST__Q3_LEAD_not_leading,False,True,0.5,0.3737531900405884,167.5562447751692
2023,2023_02_WAS_DEN,DEN,WAS,WAS,DEN,away,away dog,4.0,4.0,3.5-7,-11.0,-7.0,-3.0,2,LOST,LOST,LOST,WIN,not_leading,not_leading,not_leading,Q1_LOST__Q2_LOST__Q3_LOST,Q1_LOST__Q2_LOST__Q3_LOST__Q3_LEAD_not_leading,True,True,6.0,0.3681248426437378,171.64697519959975
2023,2023_03_ATL_DET,DET,ATL,ATL,DET,away,away dog,3.0,3.0,<=3,-3.0,-10.0,-10.0,-14,LOST,LOST,LOST,LOST,not_leading,not_leading,not_leading,Q1_LOST__Q2_LOST__Q3_LOST,Q1_LOST__Q2_LOST__Q3_LOST__Q3_LEAD_not_leading,False,False,-11.0,0.1822885423898697,448.5808306378629
2023,2023_03_BUF_WAS,WAS,BUF,WAS,BUF,home,home dog,-5.5,5.5,3.5-7,-10.0,-16.0,-16.0,-34,LOST,LOST,LOST,LOST,not_leading,not_leading,not_leading,Q1_LOST__Q2_LOST__Q3_LOST,Q1_LOST__Q2_LOST__Q3_LOST__Q3_LEAD_not_leading,False,False,-28.5,0.02141040563583374,4570.6261292235395
2023,2023_03_CAR_SEA,SEA,CAR,CAR,SEA,away,away dog,5.0,5.0,3.5-7,0.0,1.0,-9.0,-10,TIE,WIN,LOST,LOST,not_leading,1-3,not_leading,Q1_TIE__Q2_WIN__Q3_LOST,Q1_TIE__Q2_WIN__Q3_LOST__Q3_LEAD_not_leading,False,False,-5.0,0.33236339688301086,200.87549031519606
2023,2023_03_CHI_KC,KC,CHI,CHI,KC,away,away dog,13.0,13.0,7.5+,-7.0,-34.0,-41.0,-31,LOST,LOST,LOST,LOST,not_leading,not_leading,not_leading,Q1_LOST__Q2_LOST__Q3_LOST,Q1_LOST__Q2_LOST__Q3_LOST__Q3_LEAD_not_leading,False,False,-18.0,0.0002765338576864451,361519.3721688413
2023,2023_03_DAL_ARI,ARI,DAL,ARI,DAL,home,home dog,-11.5,11.5,7.5+,6.0,11.0,8.0,12,WIN,WIN,WIN,WIN,4-7,8+,8+,Q1_WIN__Q2_WIN__Q3_WIN,Q1_WIN__Q2_WIN__Q3_WIN__Q3_LEAD_8+,True,True,23.5,0.7876598834991455,-370.9425691569571
2023,2023_03_DEN_MIA,MIA,DEN,DEN,MIA,away,away dog,6.0,6.0,3.5-7,-7.0,-25.0,-36.0,-50,LOST,LOST,LOST,LOST,not_leading,not_leading,not_leading,Q1_LOST__Q2_LOST__Q3_LOST,Q1_LOST__Q2_LOST__Q3_LOST__Q3_LEAD_not_leading,False,False,-44.0,0.00012373924255371094,808051.0597302505
2023,2023_03_HOU_JAX,JAX,HOU,HOU,JAX,away,away dog,7.5,7.5,7.5+,7.0,17.0,14.0,20,WIN,WIN,WIN,WIN,4-7,8+,8+,Q1_WIN__Q2_WIN__Q3_WIN,Q1_WIN__Q2_WIN__Q3_WIN__Q3_LEAD_8+,True,True,27.5,0.9734776616096497,-3670.4066107678927
2023,2023_03_IND_BAL,BAL,IND,IND,BAL,away,away dog,7.5,7.5,7.5+,-7.0,3.0,-1.0,3,LOST,WIN,LOST,WIN,not_leading,1-3,not_leading,Q1_LOST__Q2_WIN__Q3_LOST,Q1_LOST__Q2_WIN__Q3_LOST__Q3_LEAD_not_leading,True,True,10.5,0.5137046575546265,-105.63635155776386
2023,2023_03_LAC_MIN,MIN,LAC,LAC,MIN,away,away dog,1.0,1.0,<=3,7.0,4.0,4.0,4,WIN,WIN,WIN,WIN,4-7,4-7,4-7,Q1_WIN__Q2_WIN__Q3_WIN,Q1_WIN__Q2_WIN__Q3_WIN__Q3_LEAD_4-7,True,True,5.0,0.6353718042373657,-174.2519672425388
2023,2023_03_LA_CIN,CIN,LA,LA,CIN,away,away dog,3.0,3.0,<=3,3.0,0.0,-7.0,-3,WIN,TIE,LOST,LOST,1-3,not_leading,not_leading,Q1_WIN__Q2_TIE__Q3_LOST,Q1_WIN__Q2_TIE__Q3_LOST__Q3_LEAD_not_leading,False,False,0.0,0.17465591430664062,472.55433002074915
2023,2023_03_NE_NYJ,NYJ,NE,NYJ,NE,home,home dog,-2.5,2.5,<=3,-3.0,-7.0,-10.0,-5,LOST,LOST,LOST,LOST,not_leading,not_leading,not_leading,Q1_LOST__Q2_LOST__Q3_LOST,Q1_LOST__Q2_LOST__Q3_LOST__Q3_LEAD_not_leading,False,False,-2.5,0.16758175194263458,496.7236816704918
2023,2023_03_NO_GB,GB,NO,GB,NO,home,home dog,-1.5,1.5,<=3,-7.0,-17.0,-17.0,1,LOST,LOST,LOST,WIN,not_leading,not_leading,not_leading,Q1_LOST__Q2_LOST__Q3_LOST,Q1_LOST__Q2_LOST__Q3_LOST__Q3_LEAD_not_leading,True,True,2.5,0.046394363045692444,2055.434269062234
2023,2023_03_NYG_SF,SF,NYG,NYG,SF,away,away dog,10.5,10.5,7.5+,0.0,-11.0,-8.0,-18,TIE,LOST,LOST,LOST,not_leading,not_leading,not_leading,Q1_TIE__Q2_LOST__Q3_LOST,Q1_TIE__Q2_LOST__Q3_LOST__Q3_LEAD_not_leading,False,False,-7.5,0.0928659439086914,976.821015229469
2023,2023_03_PHI_TB,TB,PHI,TB,PHI,home,home dog,-6.0,6.0,3.5-7,-3.0,-10.0,-19.0,-14,LOST,LOST,LOST,LOST,not_leading,not_leading,not_leading,Q1_LOST__Q2_LOST__Q3_LOST,Q1_LOST__Q2_LOST__Q3_LOST__Q3_LEAD_not_leading,False,False,-8.0,0.011256694793701172,8783.602321345365
2023,2023_03_PIT_LV,LV,PIT,PIT,LV,away,away dog,3.0,3.0,<=3,0.0,6.0,16.0,5,TIE,WIN,WIN,WIN,not_leading,4-7,8+,Q1_TIE__Q2_WIN__Q3_WIN,Q1_TIE__Q2_WIN__Q3_WIN__Q3_LEAD_8+,True,True,8.0,0.9296659827232361,-1321.787121962629
2023,2023_03_TEN_CLE,CLE,TEN,TEN,CLE,away,away dog,3.5,3.5,3.5-7,-3.0,-10.0,-17.0,-24,LOST,LOST,LOST,LOST,not_leading,not_leading,not_leading,Q1_LOST__Q2_LOST__Q3_LOST,Q1_LOST__Q2_LOST__Q3_LOST__Q3_LEAD_not_leading,False,False,-20.5,0.02642725594341755,3683.972131427736
2023,2023_04_ARI_SF,SF,ARI,ARI,SF,away,away dog,15.0,15.0,7.5+,-7.0,-11.0,-5.0,-19,LOST,LOST,LOST,LOST,not_leading,not_leading,not_leading,Q1_LOST__Q2_LOST__Q3_LOST,Q1_LOST__Q2_LOST__Q3_LOST__Q3_LEAD_not_leading,False,False,-4.0,0.14937788248062134,569.443148740396
2023,2023_04_ATL_JAX,JAX,ATL,ATL,JAX,away,away dog,3.5,3.5,3.5-7,-7.0,-17.0,-10.0,-16,LOST,LOST,LOST,LOST,not_leading,not_leading,not_leading,Q1_LOST__Q2_LOST__Q3_LOST,Q1_LOST__Q2_LOST__Q3_LOST__Q3_LEAD_not_leading,False,False,-12.5,0.0908694863319397,1000.479424244869
2023,2023_04_BAL_CLE,CLE,BAL,CLE,BAL,home,home dog,-2.0,2.0,<=3,-4.0,-18.0,-18.0,-25,LOST,LOST,LOST,LOST,not_leading,not_leading,not_leading,Q1_LOST__Q2_LOST__Q3_LOST,Q1_LOST__Q2_LOST__Q3_LOST__Q3_LEAD_not_leading,False,False,-23.0,0.01879701018333435,5219.994989876697
2023,2023_04_CIN_TEN,TEN,CIN,TEN,CIN,home,home dog,-2.5,2.5,<=3,0.0,21.0,24.0,24,TIE,WIN,WIN,WIN,not_leading,8+,8+,Q1_TIE__Q2_WIN__Q3_WIN,Q1_TIE__Q2_WIN__Q3_WIN__Q3_LEAD_8+,True,True,26.5,0.9992129802703857,-126961.6176916086
2023,2023_04_DEN_CHI,CHI,DEN,CHI,DEN,home,home dog,-3.0,3.0,<=3,-7.0,14.0,14.0,-3,LOST,WIN,WIN,LOST,not_leading,8+,8+,Q1_LOST__Q2_WIN__Q3_WIN,Q1_LOST__Q2_WIN__Q3_WIN__Q3_LEAD_8+,False,False,0.0,0.963160514831543,-2614.4787594812187
2023,2023_04_DET_GB,GB,DET,GB,DET,home,home dog,-2.5,2.5,<=3,-11.0,-24.0,-16.0,-14,LOST,LOST,LOST,LOST,not_leading,not_leading,not_leading,Q1_LOST__Q2_LOST__Q3_LOST,Q1_LOST__Q2_LOST__Q3_LOST__Q3_LEAD_not_leading,False,False,-11.5,0.12049426138401031,729.9150420226575
2023,2023_04_KC_NYJ,NYJ,KC,NYJ,KC,home,home dog,-9.5,9.5,7.5+,-17.0,-8.0,0.0,-3,LOST,LOST,TIE,LOST,not_leading,not_leading,not_leading,Q1_LOST__Q2_LOST__Q3_TIE,Q1_LOST__Q2_LOST__Q3_TIE__Q3_LEAD_not_leading,False,True,6.5,0.5160204172134399,-106.6202863853061
2023,2023_04_LA_IND,IND,LA,IND,LA,home,home dog,-1.0,1.0,<=3,-14.0,-20.0,-15.0,-6,LOST,LOST,LOST,LOST,not_leading,not_leading,not_leading,Q1_LOST__Q2_LOST__Q3_LOST,Q1_LOST__Q2_LOST__Q3_LOST__Q3_LEAD_not_leading,False,False,-5.0,0.027716517448425293,3507.9568865778074
2023,2023_04_LV_LAC,LAC,LV,LV,LAC,away,away dog,7.0,7.0,3.5-7,0.0,-17.0,-14.0,-7,TIE,LOST,LOST,LOST,not_leading,not_leading,not_leading,Q1_TIE__Q2_LOST__Q3_LOST,Q1_TIE__Q2_LOST__Q3_LOST__Q3_LEAD_not_leading,False,False,0.0,0.08877387642860413,1026.4575123113432
2023,2023_04_MIA_BUF,BUF,MIA,MIA,BUF,away,away dog,2.5,2.5,<=3,-7.0,-17.0,-21.0,-28,LOST,LOST,LOST,LOST,not_leading,not_leading,not_leading,Q1_LOST__Q2_LOST__Q3_LOST,Q1_LOST__Q2_LOST__Q3_LOST__Q3_LEAD_not_leading,False,False,-25.5,0.00581049919128418,17110.225267736245
2023,2023_04_MIN_CAR,CAR,MIN,CAR,MIN,home,home dog,-4.5,4.5,3.5-7,7.0,6.0,-8.0,-8,WIN,WIN,LOST,LOST,4-7,4-7,not_leading,Q1_WIN__Q2_WIN__Q3_LOST,Q1_WIN__Q2_WIN__Q3_LOST__Q3_LEAD_not_leading,False,False,-3.5,0.17862093448638916,459.8447924793494
2023,2023_04_NE_DAL,DAL,NE,NE,DAL,away,away dog,6.5,6.5,3.5-7,-7.0,-25.0,-28.0,-35,LOST,LOST,LOST,LOST,not_leading,not_leading,not_leading,Q1_LOST__Q2_LOST__Q3_LOST,Q1_LOST__Q2_LOST__Q3_LOST__Q3_LEAD_not_leading,False,False,-28.5,0.00045245885848999023,220914.5698853906
2023,2023_04_PIT_HOU,HOU,PIT,HOU,PIT,home,home dog,-3.0,3.0,<=3,10.0,16.0,10.0,24,WIN,WIN,WIN,WIN,8+,8+,8+,Q1_WIN__Q2_WIN__Q3_WIN,Q1_WIN__Q2_WIN__Q3_WIN__Q3_LEAD_8+,True,True,27.0,0.9260072708129883,-1251.4841403843427
2023,2023_04_SEA_NYG,NYG,SEA,NYG,SEA,home,home dog,-2.5,2.5,<=3,-7.0,-11.0,-18.0,-21,LOST,LOST,LOST,LOST,not_leading,not_leading,not_leading,Q1_LOST__Q2_LOST__Q3_LOST,Q1_LOST__Q2_LOST__Q3_LOST__Q3_LEAD_not_leading,False,False,-18.5,0.0237402506172657,4112.255448022628
2023,2023_04_TB_NO,NO,TB,TB,NO,away,away dog,4.0,4.0,3.5-7,-3.0,11.0,8.0,17,LOST,WIN,WIN,WIN,not_leading,8+,8+,Q1_LOST__Q2_WIN__Q3_WIN,Q1_LOST__Q2_WIN__Q3_WIN__Q3_LEAD_8+,True,True,21.0,0.8808251619338989,-739.1033008539467
2023,2023_04_WAS_PHI,PHI,WAS,WAS,PHI,away,away dog,9.5,9.5,7.5+,0.0,7.0,-4.0,-3,TIE,WIN,LOST,LOST,not_leading,4-7,not_leading,Q1_TIE__Q2_WIN__Q3_LOST,Q1_TIE__Q2_WIN__Q3_LOST__Q3_LEAD_not_leading,False,True,6.5,0.20202243328094482,394.9945329137475
2023,2023_05_BAL_PIT,PIT,BAL,PIT,BAL,home,home dog,-4.5,4.5,3.5-7,-7.0,-7.0,-7.0,7,LOST,LOST,LOST,WIN,not_leading,not_leading,not_leading,Q1_LOST__Q2_LOST__Q3_LOST,Q1_LOST__Q2_LOST__Q3_LOST__Q3_LEAD_not_leading,True,True,11.5,0.31477051973342896,217.69175869674015
2023,2023_05_CAR_DET,DET,CAR,CAR,DET,away,away dog,9.5,9.5,7.5+,-14.0,-18.0,-18.0,-18,LOST,LOST,LOST,LOST,not_leading,not_leading,not_leading,Q1_LOST__Q2_LOST__Q3_LOST,Q1_LOST__Q2_LOST__Q3_LOST__Q3_LEAD_not_leading,False,False,-8.5,0.008645594120025635,11466.585085040228
2023,2023_05_CHI_WAS,WAS,CHI,CHI,WAS,away,away dog,6.0,6.0,3.5-7,10.0,24.0,13.0,20,WIN,WIN,WIN,WIN,8+,8+,8+,Q1_WIN__Q2_WIN__Q3_WIN,Q1_WIN__Q2_WIN__Q3_WIN__Q3_LEAD_8+,True,True,26.0,0.9600328803062439,-2402.056709771422
2023,2023_05_CIN_ARI,ARI,CIN,ARI,CIN,home,home dog,-3.0,3.0,<=3,-10.0,-3.0,-4.0,-14,LOST,LOST,LOST,LOST,not_leading,not_leading,not_leading,Q1_LOST__Q2_LOST__Q3_LOST,Q1_LOST__Q2_LOST__Q3_LOST__Q3_LEAD_not_leading,False,False,-11.0,0.29344332218170166,240.7813108729715
2023,2023_05_DAL_SF,SF,DAL,DAL,SF,away,away dog,3.5,3.5,3.5-7,-7.0,-14.0,-18.0,-32,LOST,LOST,LOST,LOST,not_leading,not_leading,not_leading,Q1_LOST__Q2_LOST__Q3_LOST,Q1_LOST__Q2_LOST__Q3_LOST__Q3_LEAD_not_leading,False,False,-28.5,0.00791621208190918,12532.304309851519
2023,2023_05_GB_LV,LV,GB,GB,LV,away,away dog,1.0,1.0,<=3,3.0,-7.0,3.0,-4,WIN,LOST,WIN,LOST,1-3,not_leading,1-3,Q1_WIN__Q2_LOST__Q3_WIN,Q1_WIN__Q2_LOST__Q3_WIN__Q3_LEAD_1-3,False,False,-3.0,0.3575894832611084,179.6502824636511
2023,2023_05_HOU_ATL,ATL,HOU,HOU,ATL,away,away dog,2.5,2.5,<=3,-4.0,2.0,5.0,-2,LOST,WIN,WIN,LOST,not_leading,1-3,4-7,Q1_LOST__Q2_WIN__Q3_WIN,Q1_LOST__Q2_WIN__Q3_WIN__Q3_LEAD_4-7,False,True,0.5,0.5917431116104126,-144.94381563152703
2023,2023_05_JAX_BUF,BUF,JAX,JAX,BUF,away,away dog,5.5,5.5,3.5-7,11.0,4.0,4.0,5,WIN,WIN,WIN,WIN,8+,4-7,4-7,Q1_WIN__Q2_WIN__Q3_WIN,Q1_WIN__Q2_WIN__Q3_WIN__Q3_LEAD_4-7,True,True,10.5,0.7517061829566956,-302.74865154036115
2023,2023_05_KC_MIN,MIN,KC,MIN,KC,home,home dog,-3.5,3.5,3.5-7,-4.0,0.0,-14.0,-7,LOST,TIE,LOST,LOST,not_leading,not_leading,not_leading,Q1_LOST__Q2_TIE__Q3_LOST,Q1_LOST__Q2_TIE__Q3_LOST__Q3_LEAD_not_leading,False,False,-3.5,0.10961690545082092,812.2680446846267
2023,2023_05_NO_NE,NE,NO,NO,NE,away,away dog,2.5,2.5,<=3,7.0,21.0,24.0,34,WIN,WIN,WIN,WIN,4-7,8+,8+,Q1_WIN__Q2_WIN__Q3_WIN,Q1_WIN__Q2_WIN__Q3_WIN__Q3_LEAD_8+,True,True,36.5,0.9994258880615234,-174082.05980066446
2023,2023_05_NYG_MIA,MIA,NYG,NYG,MIA,away,away dog,12.5,12.5,7.5+,-7.0,-7.0,-18.0,-15,LOST,LOST,LOST,LOST,not_leading,not_leading,not_leading,Q1_LOST__Q2_LOST__Q3_LOST,Q1_LOST__Q2_LOST__Q3_LOST__Q3_LEAD_not_leading,False,False,-2.5,0.01826084591448307,5376.197568738469
2023,2023_05_NYJ_DEN,DEN,NYJ,NYJ,DEN,away,away dog,2.5,2.5,<=3,-2.0,-5.0,5.0,10,LOST,LOST,WIN,WIN,not_leading,not_leading,4-7,Q1_LOST__Q2_LOST__Q3_WIN,Q1_LOST__Q2_LOST__Q3_WIN__Q3_LEAD_4-7,True,True,12.5,0.8303202986717224,-489.34568612029216
2023,2023_05_PHI_LA,LA,PHI,LA,PHI,home,home dog,-3.5,3.5,3.5-7,0.0,4.0,-3.0,-9,TIE,WIN,LOST,LOST,not_leading,4-7,not_leading,Q1_TIE__Q2_WIN__Q3_LOST,Q1_TIE__Q2_WIN__Q3_LOST__Q3_LEAD_not_leading,False,False,-5.5,0.25635313987731934,290.0868936025364
2023,2023_05_TEN_IND,IND,TEN,IND,TEN,home,home dog,-2.5,2.5,<=3,4.0,4.0,1.0,7,WIN,WIN,WIN,WIN,4-7,4-7,1-3,Q1_WIN__Q2_WIN__Q3_WIN,Q1_WIN__Q2_WIN__Q3_WIN__Q3_LEAD_1-3,True,True,9.5,0.701487123966217,-234.9939249812558
2023,2023_06_ARI_LA,LA,ARI,ARI,LA,away,away dog,7.0,7.0,3.5-7,0.0,3.0,-7.0,-17,TIE,WIN,LOST,LOST,not_leading,1-3,not_leading,Q1_TIE__Q2_WIN__Q3_LOST,Q1_TIE__Q2_WIN__Q3_LOST__Q3_LEAD_not_leading,False,False,-10.0,0.328734427690506,204.19691877890907
2023,2023_06_BAL_TEN,TEN,BAL,TEN,BAL,home,home dog,-5.5,5.5,3.5-7,-3.0,-15.0,-5.0,-8,LOST,LOST,LOST,LOST,not_leading,not_leading,not_leading,Q1_LOST__Q2_LOST__Q3_LOST,Q1_LOST__Q2_LOST__Q3_LOST__Q3_LEAD_not_leading,False,False,-2.5,0.1574980616569519,534.9284489469527
2023,2023_06_CAR_MIA,MIA,CAR,CAR,MIA,away,away dog,14.0,14.0,7.5+,14.0,-7.0,-14.0,-21,WIN,LOST,LOST,LOST,8+,not_leading,not_leading,Q1_WIN__Q2_LOST__Q3_LOST,Q1_WIN__Q2_LOST__Q3_LOST__Q3_LEAD_not_leading,False,False,-7.0,0.027434170246124268,3545.089284744356
2023,2023_06_DAL_LAC,LAC,DAL,LAC,DAL,home,home dog,-1.5,1.5,<=3,0.0,-3.0,0.0,-3,TIE,LOST,TIE,LOST,not_leading,not_leading,not_leading,Q1_TIE__Q2_LOST__Q3_TIE,Q1_TIE__Q2_LOST__Q3_TIE__Q3_LEAD_not_leading,False,False,-1.5,0.6056023836135864,-153.55122811397612
2023,2023_06_DEN_KC,KC,DEN,DEN,KC,away,away dog,10.5,10.5,7.5+,-3.0,-13.0,-16.0,-11,LOST,LOST,LOST,LOST,not_leading,not_leading,not_leading,Q1_LOST__Q2_LOST__Q3_LOST,Q1_LOST__Q2_LOST__Q3_LOST__Q3_LEAD_not_leading,False,False,-0.5,0.04248761758208275,2253.626908046982
2023,2023_06_DET_TB,TB,DET,TB,DET,home,home dog,-3.0,3.0,<=3,-3.0,-7.0,-11.0,-14,LOST,LOST,LOST,LOST,not_leading,not_leading,not_leading,Q1_LOST__Q2_LOST__Q3_LOST,Q1_LOST__Q2_LOST__Q3_LOST__Q3_LEAD_not_leading,False,False,-11.0,0.07057642936706543,1316.9036446984821
2023,2023_06_IND_JAX,JAX,IND,IND,JAX,away,away dog,4.0,4.0,3.5-7,3.0,-15.0,-25.0,-17,WIN,LOST,LOST,LOST,1-3,not_leading,not_leading,Q1_WIN__Q2_LOST__Q3_LOST,Q1_WIN__Q2_LOST__Q3_LOST__Q3_LEAD_not_leading,False,False,-13.0,0.004507295321673155,22086.254253000436
2023,2023_06_MIN_CHI,CHI,MIN,CHI,MIN,home,home dog,-3.0,3.0,<=3,-3.0,-6.0,-13.0,-6,LOST,LOST,LOST,LOST,not_leading,not_leading,not_leading,Q1_LOST__Q2_LOST__Q3_LOST,Q1_LOST__Q2_LOST__Q3_LOST__Q3_LEAD_not_leading,False,False,-3.0,0.08809344470500946,1035.1582440085178
2023,2023_06_NE_LV,LV,NE,NE,LV,away,away dog,3.0,3.0,<=3,-3.0,-10.0,-6.0,-4,LOST,LOST,LOST,LOST,not_leading,not_leading,not_leading,Q1_LOST__Q2_LOST__Q3_LOST,Q1_LOST__Q2_LOST__Q3_LOST__Q3_LEAD_not_leading,False,False,-1.0,0.13982683420181274,615.1703074080152
2023,2023_06_NO_HOU,HOU,NO,HOU,NO,home,home dog,-2.0,2.0,<=3,0.0,7.0,7.0,7,TIE,WIN,WIN,WIN,not_leading,4-7,4-7,Q1_TIE__Q2_WIN__Q3_WIN,Q1_TIE__Q2_WIN__Q3_WIN__Q3_LEAD_4-7,True,True,9.0,0.7606667280197144,-317.82740516010324
2023,2023_06_NYG_BUF,BUF,NYG,NYG,BUF,away,away dog,15.5,15.5,7.5+,3.0,6.0,6.0,-5,WIN,WIN,WIN,LOST,1-3,4-7,4-7,Q1_WIN__Q2_WIN__Q3_WIN,Q1_WIN__Q2_WIN__Q3_WIN__Q3_LEAD_4-7,False,True,10.5,0.5732016563415527,-134.30268998425805
2023,2023_06_PHI_NYJ,NYJ,PHI,NYJ,PHI,home,home dog,-6.5,6.5,3.5-7,-7.0,-5.0,-2.0,6,LOST,LOST,LOST,WIN,not_leading,not_leading,not_leading,Q1_LOST__Q2_LOST__Q3_LOST,Q1_LOST__Q2_LOST__Q3_LOST__Q3_LEAD_not_leading,True,True,12.5,0.32458919286727905,208.081729760143
2023,2023_06_SEA_CIN,CIN,SEA,SEA,CIN,away,away dog,3.0,3.0,<=3,0.0,-4.0,-1.0,-4,TIE,LOST,LOST,LOST,not_leading,not_leading,not_leading,Q1_TIE__Q2_LOST__Q3_LOST,Q1_TIE__Q2_LOST__Q3_LOST__Q3_LEAD_not_leading,False,False,-1.0,0.33508050441741943,198.43574508717796
2023,2023_06_SF_CLE,CLE,SF,CLE,SF,home,home dog,-9.5,9.5,7.5+,-7.0,-3.0,3.0,2,LOST,LOST,WIN,WIN,not_leading,not_leading,1-3,Q1_LOST__Q2_LOST__Q3_WIN,Q1_LOST__Q2_LOST__Q3_WIN__Q3_LEAD_1-3,True,True,11.5,0.7331732511520386,-274.7750194901946
2023,2023_06_WAS_ATL,ATL,WAS,WAS,ATL,away,away dog,1.5,1.5,<=3,-4.0,7.0,14.0,8,LOST,WIN,WIN,WIN,not_leading,4-7,8+,Q1_LOST__Q2_WIN__Q3_WIN,Q1_LOST__Q2_WIN__Q3_WIN__Q3_LEAD_8+,True,True,9.5,0.843591034412384,-539.3495387192671
2023,2023_07_ARI_SEA,SEA,ARI,ARI,SEA,away,away dog,9.5,9.5,7.5+,-4.0,-4.0,-7.0,-10,LOST,LOST,LOST,LOST,not_leading,not_leading,not_leading,Q1_LOST__Q2_LOST__Q3_LOST,Q1_LOST__Q2_LOST__Q3_LOST__Q3_LEAD_not_leading,False,False,-0.5,0.17016951739788055,487.6493130446258
2023,2023_07_ATL_TB,TB,ATL,ATL,TB,away,away dog,3.0,3.0,<=3,0.0,0.0,3.0,3,TIE,TIE,WIN,WIN,not_leading,not_leading,1-3,Q1_TIE__Q2_TIE__Q3_WIN,Q1_TIE__Q2_TIE__Q3_WIN__Q3_LEAD_1-3,True,True,6.0,0.5905280113220215,-144.21694954729395
2023,2023_07_BUF_NE,NE,BUF,NE,BUF,home,home dog,-7.5,7.5,7.5+,10.0,10.0,6.0,4,WIN,WIN,WIN,WIN,8+,8+,4-7,Q1_WIN__Q2_WIN__Q3_WIN,Q1_WIN__Q2_WIN__Q3_WIN__Q3_LEAD_4-7,True,True,11.5,0.7075178623199463,-241.90122102222196
2023,2023_07_CLE_IND,IND,CLE,IND,CLE,home,home dog,-3.5,3.5,3.5-7,7.0,-6.0,-2.0,-1,WIN,LOST,LOST,LOST,4-7,not_leading,not_leading,Q1_WIN__Q2_LOST__Q3_LOST,Q1_WIN__Q2_LOST__Q3_LOST__Q3_LEAD_not_leading,False,True,2.5,0.6033657789230347,-152.12146276353545
2023,2023_07_DET_BAL,BAL,DET,DET,BAL,away,away dog,3.0,3.0,<=3,-14.0,-28.0,-35.0,-32,LOST,LOST,LOST,LOST,not_leading,not_leading,not_leading,Q1_LOST__Q2_LOST__Q3_LOST,Q1_LOST__Q2_LOST__Q3_LOST__Q3_LEAD_not_leading,False,False,-29.0,7.996315252967179e-05,1250476.0070289022
2023,2023_07_GB_DEN,DEN,GB,GB,DEN,away,away dog,1.5,1.5,<=3,-3.0,-9.0,-6.0,-2,LOST,LOST,LOST,LOST,not_leading,not_leading,not_leading,Q1_LOST__Q2_LOST__Q3_LOST,Q1_LOST__Q2_LOST__Q3_LOST__Q3_LEAD_not_leading,False,False,-0.5,0.24011236429214478,316.4716810598307
2023,2023_07_JAX_NO,NO,JAX,JAX,NO,away,away dog,2.5,2.5,<=3,4.0,11.0,15.0,7,WIN,WIN,WIN,WIN,4-7,8+,8+,Q1_WIN__Q2_WIN__Q3_WIN,Q1_WIN__Q2_WIN__Q3_WIN__Q3_LEAD_8+,True,True,9.5,0.8686192035675049,-661.1462459917503
2023,2023_07_LAC_KC,KC,LAC,LAC,KC,away,away dog,5.5,5.5,3.5-7,0.0,-7.0,-7.0,-14,TIE,LOST,LOST,LOST,not_leading,not_leading,not_leading,Q1_TIE__Q2_LOST__Q3_LOST,Q1_TIE__Q2_LOST__Q3_LOST__Q3_LEAD_not_leading,False,False,-8.5,0.19093100726604462,423.74939739703615
2023,2023_07_LV_CHI,CHI,LV,CHI,LV,home,home dog,-2.5,2.5,<=3,7.0,11.0,18.0,18,WIN,WIN,WIN,WIN,4-7,8+,8+,Q1_WIN__Q2_WIN__Q3_WIN,Q1_WIN__Q2_WIN__Q3_WIN__Q3_LEAD_8+,True,True,20.5,0.9663809537887573,-2874.5043738498034
2023,2023_07_MIA_PHI,PHI,MIA,MIA,PHI,away,away dog,3.0,3.0,<=3,0.0,-7.0,-7.0,-14,TIE,LOST,LOST,LOST,not_leading,not_leading,not_leading,Q1_TIE__Q2_LOST__Q3_LOST,Q1_TIE__Q2_LOST__Q3_LOST__Q3_LEAD_not_leading,False,False,-11.0,0.2393098920583725,317.86822575477987
2023,2023_07_PIT_LA,LA,PIT,PIT,LA,away,away dog,3.5,3.5,3.5-7,0.0,-6.0,-7.0,7,TIE,LOST,LOST,WIN,not_leading,not_leading,not_leading,Q1_TIE__Q2_LOST__Q3_LOST,Q1_TIE__Q2_LOST__Q3_LOST__Q3_LEAD_not_leading,True,True,10.5,0.19961431622505188,400.96607242967804
2023,2023_07_SF_MIN,MIN,SF,MIN,SF,home,home dog,-7.0,7.0,3.5-7,7.0,9.0,8.0,5,WIN,WIN,WIN,WIN,4-7,8+,8+,Q1_WIN__Q2_WIN__Q3_WIN,Q1_WIN__Q2_WIN__Q3_WIN__Q3_LEAD_8+,True,True,12.0,0.8177217841148376,-448.61190907750216
2023,2023_07_WAS_NYG,NYG,WAS,NYG,WAS,home,home dog,-3.0,3.0,<=3,0.0,14.0,7.0,7,TIE,WIN,WIN,WIN,not_leading,8+,4-7,Q1_TIE__Q2_WIN__Q3_WIN,Q1_TIE__Q2_WIN__Q3_WIN__Q3_LEAD_4-7,True,True,10.0,0.6851930618286133,-217.65500652834453
2023,2023_08_ATL_TEN,TEN,ATL,TEN,ATL,home,home dog,-2.5,2.5,<=3,4.0,11.0,12.0,5,WIN,WIN,WIN,WIN,4-7,8+,8+,Q1_WIN__Q2_WIN__Q3_WIN,Q1_WIN__Q2_WIN__Q3_WIN__Q3_LEAD_8+,True,True,7.5,0.8487237691879272,-561.0423822908958
2023,2023_08_BAL_ARI,ARI,BAL,ARI,BAL,home,home dog,-9.5,9.5,7.5+,0.0,-7.0,-14.0,-7,TIE,LOST,LOST,LOST,not_leading,not_leading,not_leading,Q1_TIE__Q2_LOST__Q3_LOST,Q1_TIE__Q2_LOST__Q3_LOST__Q3_LEAD_not_leading,False,True,2.5,0.05355655774474144,1767.1849762379231
2023,2023_08_CHI_LAC,LAC,CHI,CHI,LAC,away,away dog,9.5,9.5,7.5+,-14.0,-17.0,-23.0,-17,LOST,LOST,LOST,LOST,not_leading,not_leading,not_leading,Q1_LOST__Q2_LOST__Q3_LOST,Q1_LOST__Q2_LOST__Q3_LOST__Q3_LEAD_not_leading,False,False,-7.5,0.0030490770004689693,32696.81030837178
2023,2023_08_CIN_SF,SF,CIN,CIN,SF,away,away dog,4.0,4.0,3.5-7,7.0,4.0,7.0,14,WIN,WIN,WIN,WIN,4-7,4-7,4-7,Q1_WIN__Q2_WIN__Q3_WIN,Q1_WIN__Q2_WIN__Q3_WIN__Q3_LEAD_4-7,True,True,18.0,0.8349050879478455,-505.7121855360955
2023,2023_08_CLE_SEA,SEA,CLE,CLE,SEA,away,away dog,4.0,4.0,3.5-7,-10.0,-3.0,3.0,-4,LOST,LOST,WIN,LOST,not_leading,not_leading,1-3,Q1_LOST__Q2_LOST__Q3_WIN,Q1_LOST__Q2_LOST__Q3_WIN__Q3_LEAD_1-3,False,False,0.0,0.6159303784370422,-160.3694600813611
2023,2023_08_HOU_CAR,CAR,HOU,CAR,HOU,home,home dog,-3.0,3.0,<=3,0.0,-1.0,-1.0,2,TIE,LOST,LOST,WIN,not_leading,not_leading,not_leading,Q1_TIE__Q2_LOST__Q3_LOST,Q1_TIE__Q2_LOST__Q3_LOST__Q3_LEAD_not_leading,True,True,5.0,0.5495580434799194,-122.0041862275812
2023,2023_08_JAX_PIT,PIT,JAX,PIT,JAX,home,home dog,-2.5,2.5,<=3,-6.0,-6.0,-7.0,-10,LOST,LOST,LOST,LOST,not_leading,not_leading,not_leading,Q1_LOST__Q2_LOST__Q3_LOST,Q1_LOST__Q2_LOST__Q3_LOST__Q3_LEAD_not_leading,False,False,-7.5,0.20779335498809814,381.2473430910615
2023,2023_08_KC_DEN,DEN,KC,DEN,KC,home,home dog,-7.0,7.0,3.5-7,4.0,5.0,5.0,15,WIN,WIN,WIN,WIN,4-7,4-7,4-7,Q1_WIN__Q2_WIN__Q3_WIN,Q1_WIN__Q2_WIN__Q3_WIN__Q3_LEAD_4-7,True,True,22.0,0.7346483469009399,-276.8584021696989
2023,2023_08_LA_DAL,DAL,LA,LA,DAL,away,away dog,6.5,6.5,3.5-7,-14.0,-24.0,-19.0,-23,LOST,LOST,LOST,LOST,not_leading,not_leading,not_leading,Q1_LOST__Q2_LOST__Q3_LOST,Q1_LOST__Q2_LOST__Q3_LOST__Q3_LEAD_not_leading,False,False,-16.5,0.016755910590291023,5868.043303951717
2023,2023_08_LV_DET,DET,LV,LV,DET,away,away dog,7.0,7.0,3.5-7,-3.0,-9.0,-9.0,-12,LOST,LOST,LOST,LOST,not_leading,not_leading,not_leading,Q1_LOST__Q2_LOST__Q3_LOST,Q1_LOST__Q2_LOST__Q3_LOST__Q3_LEAD_not_leading,False,False,-5.0,0.11180275678634644,794.4323277385606
2023,2023_08_MIN_GB,GB,MIN,GB,MIN,home,home dog,-1.0,1.0,<=3,-7.0,-7.0,-14.0,-14,LOST,LOST,LOST,LOST,not_leading,not_leading,not_leading,Q1_LOST__Q2_LOST__Q3_LOST,Q1_LOST__Q2_LOST__Q3_LOST__Q3_LEAD_not_leading,False,False,-13.0,0.048478901386260986,1962.753015033055
2023,2023_08_NE_MIA,MIA,NE,NE,MIA,away,away dog,7.5,7.5,7.5+,0.0,-10.0,-14.0,-14,TIE,LOST,LOST,LOST,not_leading,not_leading,not_leading,Q1_TIE__Q2_LOST__Q3_LOST,Q1_TIE__Q2_LOST__Q3_LOST__Q3_LEAD_not_leading,False,False,-6.5,0.045083317905664444,2118.1153616343663
2023,2023_08_NO_IND,IND,NO,IND,NO,home,home dog,-2.0,2.0,<=3,0.0,-1.0,-8.0,-11,TIE,LOST,LOST,LOST,not_leading,not_leading,not_leading,Q1_TIE__Q2_LOST__Q3_LOST,Q1_TIE__Q2_LOST__Q3_LOST__Q3_LEAD_not_leading,False,False,-9.0,0.1704872101545334,486.5542635682629
2023,2023_08_NYJ_NYG,NYG,NYJ,NYG,NYJ,home,home dog,-3.0,3.0,<=3,-4.0,-4.0,3.0,-3,LOST,LOST,WIN,LOST,not_leading,not_leading,1-3,Q1_LOST__Q2_LOST__Q3_WIN,Q1_LOST__Q2_LOST__Q3_WIN__Q3_LEAD_1-3,False,False,0.0,0.694863498210907,-227.7221814292113
2023,2023_08_PHI_WAS,WAS,PHI,WAS,PHI,home,home dog,-7.0,7.0,3.5-7,4.0,7.0,0.0,-7,WIN,WIN,TIE,LOST,4-7,4-7,not_leading,Q1_WIN__Q2_WIN__Q3_TIE,Q1_WIN__Q2_WIN__Q3_TIE__Q3_LEAD_not_leading,False,False,0.0,0.658383309841156,-192.72574461599717
2023,2023_08_TB_BUF,BUF,TB,TB,BUF,away,away dog,10.0,10.0,7.5+,-3.0,-7.0,-14.0,-6,LOST,LOST,LOST,LOST,not_leading,not_leading,not_leading,Q1_LOST__Q2_LOST__Q3_LOST,Q1_LOST__Q2_LOST__Q3_LOST__Q3_LEAD_not_leading,False,True,4.0,0.03960692882537842,2424.8107582611733
2023,2023_09_ARI_CLE,CLE,ARI,ARI,CLE,away,away dog,13.0,13.0,7.5+,0.0,-13.0,-20.0,-27,TIE,LOST,LOST,LOST,not_leading,not_leading,not_leading,Q1_TIE__Q2_LOST__Q3_LOST,Q1_TIE__Q2_LOST__Q3_LOST__Q3_LEAD_not_leading,False,False,-14.0,0.0068318843841552734,14537.250043622404
2023,2023_09_BUF_CIN,CIN,BUF,BUF,CIN,away,away dog,1.5,1.5,<=3,-7.0,-14.0,-11.0,-6,LOST,LOST,LOST,LOST,not_leading,not_leading,not_leading,Q1_LOST__Q2_LOST__Q3_LOST,Q1_LOST__Q2_LOST__Q3_LOST__Q3_LEAD_not_leading,False,False,-4.5,0.16260002553462982,515.0060534812305
2023,2023_09_CHI_NO,NO,CHI,CHI,NO,away,away dog,9.0,9.0,7.5+,0.0,0.0,0.0,-7,TIE,TIE,TIE,LOST,not_leading,not_leading,not_leading,Q1_TIE__Q2_TIE__Q3_TIE,Q1_TIE__Q2_TIE__Q3_TIE__Q3_LEAD_not_leading,False,True,2.0,0.4128405451774597,142.22427077024363
2023,2023_09_DAL_PHI,PHI,DAL,DAL,PHI,away,away dog,3.5,3.5,3.5-7,0.0,3.0,-11.0,-5,TIE,WIN,LOST,LOST,not_leading,1-3,not_leading,Q1_TIE__Q2_WIN__Q3_LOST,Q1_TIE__Q2_WIN__Q3_LOST__Q3_LEAD_not_leading,False,False,-1.5,0.15205031633377075,557.6770269947131
2023,2023_09_IND_CAR,CAR,IND,CAR,IND,home,home dog,-1.5,1.5,<=3,0.0,-17.0,-10.0,-14,TIE,LOST,LOST,LOST,not_leading,not_leading,not_leading,Q1_TIE__Q2_LOST__Q3_LOST,Q1_TIE__Q2_LOST__Q3_LOST__Q3_LEAD_not_leading,False,False,-12.5,0.14566411077976227,586.5109014477533
2023,2023_09_LAC_NYJ,NYJ,LAC,NYJ,LAC,home,home dog,-3.0,3.0,<=3,-14.0,-14.0,-11.0,-21,LOST,LOST,LOST,LOST,not_leading,not_leading,not_leading,Q1_LOST__Q2_LOST__Q3_LOST,Q1_LOST__Q2_LOST__Q3_LOST__Q3_LEAD_not_leading,False,False,-18.0,0.10213321447372437,879.1134110023221
2023,2023_09_LA_GB,GB,LA,LA,GB,away,away dog,3.5,3.5,3.5-7,0.0,-4.0,-7.0,-17,TIE,LOST,LOST,LOST,not_leading,not_leading,not_leading,Q1_TIE__Q2_LOST__Q3_LOST,Q1_TIE__Q2_LOST__Q3_LOST__Q3_LEAD_not_leading,False,False,-13.5,0.18361040949821472,444.63143061054126
2023,2023_09_MIA_KC,KC,MIA,MIA,KC,away,away dog,1.0,1.0,<=3,-7.0,-21.0,-7.0,-7,LOST,LOST,LOST,LOST,not_leading,not_leading,not_leading,Q1_LOST__Q2_LOST__Q3_LOST,Q1_LOST__Q2_LOST__Q3_LOST__Q3_LEAD_not_leading,False,False,-6.0,0.18175733089447021,450.1841356707687
2023,2023_09_MIN_ATL,ATL,MIN,MIN,ATL,away,away dog,3.5,3.5,3.5-7,0.0,-1.0,0.0,3,TIE,LOST,TIE,WIN,not_leading,not_leading,not_leading,Q1_TIE__Q2_LOST__Q3_TIE,Q1_TIE__Q2_LOST__Q3_TIE__Q3_LEAD_not_leading,True,True,6.5,0.5400106310844421,-117.39632860592788
2023,2023_09_NYG_LV,LV,NYG,NYG,LV,away,away dog,1.0,1.0,<=3,-7.0,-24.0,-27.0,-24,LOST,LOST,LOST,LOST,not_leading,not_leading,not_leading,Q1_LOST__Q2_LOST__Q3_LOST,Q1_LOST__Q2_LOST__Q3_LOST__Q3_LEAD_not_leading,False,False,-23.0,0.0007803871994838119,128041.5175263576
2023,2023_09_SEA_BAL,BAL,SEA,SEA,BAL,away,away dog,6.0,6.0,3.5-7,0.0,-14.0,-27.0,-34,TIE,LOST,LOST,LOST,not_leading,not_leading,not_leading,Q1_TIE__Q2_LOST__Q3_LOST,Q1_TIE__Q2_LOST__Q3_LOST__Q3_LEAD_not_leading,False,False,-28.0,0.0005100736161693931,195950.13243184582
2023,2023_09_TB_HOU,HOU,TB,TB,HOU,away,away dog,2.5,2.5,<=3,3.0,7.0,1.0,-2,WIN,WIN,WIN,LOST,1-3,4-7,1-3,Q1_WIN__Q2_WIN__Q3_WIN,Q1_WIN__Q2_WIN__Q3_WIN__Q3_LEAD_1-3,False,True,0.5,0.31757283210754395,214.88839689578882
2023,2023_09_TEN_PIT,PIT,TEN,TEN,PIT,away,away dog,3.5,3.5,3.5-7,-4.0,3.0,3.0,-4,LOST,WIN,WIN,LOST,not_leading,1-3,1-3,Q1_LOST__Q2_WIN__Q3_WIN,Q1_LOST__Q2_WIN__Q3_WIN__Q3_LEAD_1-3,False,False,-0.5,0.6000202894210815,-150.01268153142829
2023,2023_09_WAS_NE,NE,WAS,WAS,NE,away,away dog,2.5,2.5,<=3,3.0,-4.0,3.0,3,WIN,LOST,WIN,WIN,1-3,not_leading,1-3,Q1_WIN__Q2_LOST__Q3_WIN,Q1_WIN__Q2_LOST__Q3_WIN__Q3_LEAD_1-3,True,True,5.5,0.5682482719421387,-131.61459121386184
2023,2023_10_ATL_ARI,ARI,ATL,ARI,ATL,home,home dog,-2.0,2.0,<=3,3.0,-2.0,5.0,2,WIN,LOST,WIN,WIN,1-3,not_leading,4-7,Q1_WIN__Q2_LOST__Q3_WIN,Q1_WIN__Q2_LOST__Q3_WIN__Q3_LEAD_4-7,True,True,4.0,0.7230706214904785,-261.10289395157747
2023,2023_10_CAR_CHI,CHI,CAR,CAR,CHI,away,away dog,3.0,3.0,<=3,4.0,1.0,-6.0,-3,WIN,WIN,LOST,LOST,4-7,1-3,not_leading,Q1_WIN__Q2_WIN__Q3_LOST,Q1_WIN__Q2_WIN__Q3_LOST__Q3_LEAD_not_leading,False,False,0.0,0.22068454325199127,353.135496153955
2023,2023_10_CLE_BAL,BAL,CLE,CLE,BAL,away,away dog,6.0,6.0,3.5-7,-14.0,-8.0,-7.0,2,LOST,LOST,LOST,WIN,not_leading,not_leading,not_leading,Q1_LOST__Q2_LOST__Q3_LOST,Q1_LOST__Q2_LOST__Q3_LOST__Q3_LEAD_not_leading,True,True,8.0,0.22977423667907715,335.2098017832555
2023,2023_10_DEN_BUF,BUF,DEN,DEN,BUF,away,away dog,7.5,7.5,7.5+,3.0,7.0,0.0,2,WIN,WIN,TIE,WIN,1-3,4-7,not_leading,Q1_WIN__Q2_WIN__Q3_TIE,Q1_WIN__Q2_WIN__Q3_TIE__Q3_LEAD_not_leading,True,True,9.5,0.4093175232410431,144.30911046315254
2023,2023_10_DET_LAC,LAC,DET,LAC,DET,home,home dog,-2.5,2.5,<=3,-7.0,-7.0,-7.0,-3,LOST,LOST,LOST,LOST,not_leading,not_leading,not_leading,Q1_LOST__Q2_LOST__Q3_LOST,Q1_LOST__Q2_LOST__Q3_LOST__Q3_LEAD_not_leading,False,False,-0.5,0.38982874155044556,156.52290183190496
2023,2023_10_GB_PIT,PIT,GB,GB,PIT,away,away dog,3.0,3.0,<=3,0.0,-4.0,-1.0,-4,TIE,LOST,LOST,LOST,not_leading,not_leading,not_leading,Q1_TIE__Q2_LOST__Q3_LOST,Q1_TIE__Q2_LOST__Q3_LOST__Q3_LEAD_not_leading,False,False,-1.0,0.3926217257976532,154.69808069545633
2023,2023_10_HOU_CIN,CIN,HOU,HOU,CIN,away,away dog,5.5,5.5,3.5-7,-7.0,3.0,3.0,3,LOST,WIN,WIN,WIN,not_leading,1-3,1-3,Q1_LOST__Q2_WIN__Q3_WIN,Q1_LOST__Q2_WIN__Q3_WIN__Q3_LEAD_1-3,True,True,8.5,0.6328713297843933,-172.38406616751607
2023,2023_10_IND_NE,NE,IND,NE,IND,home,home dog,-1.0,1.0,<=3,-4.0,-4.0,-4.0,-4,LOST,LOST,LOST,LOST,not_leading,not_leading,not_leading,Q1_LOST__Q2_LOST__Q3_LOST,Q1_LOST__Q2_LOST__Q3_LOST__Q3_LEAD_not_leading,False,False,-3.0,0.5394880175590515,-117.14961567329686
2023,2023_10_NO_MIN,MIN,NO,MIN,NO,home,home dog,-3.0,3.0,<=3,0.0,21.0,16.0,8,TIE,WIN,WIN,WIN,not_leading,8+,8+,Q1_TIE__Q2_WIN__Q3_WIN,Q1_TIE__Q2_WIN__Q3_WIN__Q3_LEAD_8+,True,True,11.0,0.9726442098617554,-3555.5332342674865
2023,2023_10_NYG_DAL,DAL,NYG,NYG,DAL,away,away dog,17.5,17.5,7.5+,-7.0,-28.0,-35.0,-32,LOST,LOST,LOST,LOST,not_leading,not_leading,not_leading,Q1_LOST__Q2_LOST__Q3_LOST,Q1_LOST__Q2_LOST__Q3_LOST__Q3_LEAD_not_leading,False,False,-14.5,7.911986176623031e-05,1263805.1404748748
2023,2023_10_NYJ_LV,LV,NYJ,LV,NYJ,home,home dog,-1.0,1.0,<=3,-3.0,-3.0,0.0,4,LOST,LOST,TIE,WIN,not_leading,not_leading,not_leading,Q1_LOST__Q2_LOST__Q3_TIE,Q1_LOST__Q2_LOST__Q3_TIE__Q3_LEAD_not_leading,True,True,5.0,0.6925194263458252,-225.2237980812101
2023,2023_10_SF_JAX,JAX,SF,JAX,SF,home,home dog,-3.0,3.0,<=3,-10.0,-10.0,-24.0,-31,LOST,LOST,LOST,LOST,not_leading,not_leading,not_leading,Q1_LOST__Q2_LOST__Q3_LOST,Q1_LOST__Q2_LOST__Q3_LOST__Q3_LEAD_not_leading,False,False,-28.0,0.003887834260240197,25621.26106883523
2023,2023_10_TEN_TB,TB,TEN,TEN,TB,away,away dog,2.5,2.5,<=3,3.0,-4.0,-14.0,-14,WIN,LOST,LOST,LOST,1-3,not_leading,not_leading,Q1_WIN__Q2_LOST__Q3_LOST,Q1_WIN__Q2_LOST__Q3_LOST__Q3_LEAD_not_leading,False,False,-11.5,0.09867988526821136,913.3777489525912
2023,2023_10_WAS_SEA,SEA,WAS,WAS,SEA,away,away dog,6.0,6.0,3.5-7,3.0,0.0,-4.0,-3,WIN,TIE,LOST,LOST,1-3,not_leading,not_leading,Q1_WIN__Q2_TIE__Q3_LOST,Q1_WIN__Q2_TIE__Q3_LOST__Q3_LEAD_not_leading,False,True,3.0,0.24072927236557007,315.40440436400513
2023,2023_11_ARI_HOU,HOU,ARI,ARI,HOU,away,away dog,5.5,5.5,3.5-7,3.0,-11.0,-5.0,-5,WIN,LOST,LOST,LOST,1-3,not_leading,not_leading,Q1_WIN__Q2_LOST__Q3_LOST,Q1_WIN__Q2_LOST__Q3_LOST__Q3_LEAD_not_leading,False,True,0.5,0.33354824781417847,199.80670159511837
2023,2023_11_CHI_DET,DET,CHI,CHI,DET,away,away dog,8.0,8.0,7.5+,7.0,-4.0,6.0,-5,WIN,LOST,WIN,LOST,4-7,not_leading,4-7,Q1_WIN__Q2_LOST__Q3_WIN,Q1_WIN__Q2_LOST__Q3_WIN__Q3_LEAD_4-7,False,True,3.0,0.8605330586433411,-617.0157961969634
2023,2023_11_CIN_BAL,BAL,CIN,CIN,BAL,away,away dog,4.0,4.0,3.5-7,-4.0,-11.0,-14.0,-14,LOST,LOST,LOST,LOST,not_leading,not_leading,not_leading,Q1_LOST__Q2_LOST__Q3_LOST,Q1_LOST__Q2_LOST__Q3_LOST__Q3_LEAD_not_leading,False,False,-10.0,0.05480849742889404,1724.5346012219234
2023,2023_11_DAL_CAR,CAR,DAL,CAR,DAL,home,home dog,-11.0,11.0,7.5+,-7.0,-14.0,-7.0,-23,LOST,LOST,LOST,LOST,not_leading,not_leading,not_leading,Q1_LOST__Q2_LOST__Q3_LOST,Q1_LOST__Q2_LOST__Q3_LOST__Q3_LEAD_not_leading,False,False,-12.0,0.15058928728103638,564.057860990972
2023,2023_11_LAC_GB,GB,LAC,GB,LAC,home,home dog,-3.0,3.0,<=3,-3.0,0.0,3.0,3,LOST,TIE,WIN,WIN,not_leading,not_leading,1-3,Q1_LOST__Q2_TIE__Q3_WIN,Q1_LOST__Q2_TIE__Q3_WIN__Q3_LEAD_1-3,True,True,6.0,0.6385917663574219,-176.69541170137532
2023,2023_11_LV_MIA,MIA,LV,LV,MIA,away,away dog,14.0,14.0,7.5+,3.0,-1.0,-7.0,-7,WIN,LOST,LOST,LOST,1-3,not_leading,not_leading,Q1_WIN__Q2_LOST__Q3_LOST,Q1_WIN__Q2_LOST__Q3_LOST__Q3_LEAD_not_leading,False,True,7.0,0.19519850611686707,412.29900263749516
2023,2023_11_MIN_DEN,DEN,MIN,MIN,DEN,away,away dog,2.5,2.5,<=3,-3.0,1.0,8.0,-1,LOST,WIN,WIN,LOST,not_leading,1-3,8+,Q1_LOST__Q2_WIN__Q3_WIN,Q1_LOST__Q2_WIN__Q3_WIN__Q3_LEAD_8+,False,True,1.5,0.6901810169219971,-222.7691182977741
2023,2023_11_NYG_WAS,WAS,NYG,NYG,WAS,away,away dog,7.5,7.5,7.5+,4.0,5.0,2.0,12,WIN,WIN,WIN,WIN,4-7,4-7,1-3,Q1_WIN__Q2_WIN__Q3_WIN,Q1_WIN__Q2_WIN__Q3_WIN__Q3_LEAD_1-3,True,True,19.5,0.7154721021652222,-251.4593850409315
2023,2023_11_NYJ_BUF,BUF,NYJ,NYJ,BUF,away,away dog,8.0,8.0,7.5+,-6.0,-10.0,-23.0,-26,LOST,LOST,LOST,LOST,not_leading,not_leading,not_leading,Q1_LOST__Q2_LOST__Q3_LOST,Q1_LOST__Q2_LOST__Q3_LOST__Q3_LEAD_not_leading,False,False,-18.0,0.0036632874980568886,27197.884769634606
2023,2023_11_PHI_KC,KC,PHI,PHI,KC,away,away dog,2.5,2.5,<=3,0.0,-10.0,-3.0,4,TIE,LOST,LOST,WIN,not_leading,not_leading,not_leading,Q1_TIE__Q2_LOST__Q3_LOST,Q1_TIE__Q2_LOST__Q3_LOST__Q3_LEAD_not_leading,True,True,6.5,0.22153514623641968,351.3956439818411
2023,2023_11_PIT_CLE,CLE,PIT,PIT,CLE,away,away dog,2.5,2.5,<=3,-7.0,-10.0,-3.0,-3,LOST,LOST,LOST,LOST,not_leading,not_leading,not_leading,Q1_LOST__Q2_LOST__Q3_LOST,Q1_LOST__Q2_LOST__Q3_LOST__Q3_LEAD_not_leading,False,False,-0.5,0.33583128452301025,197.7685659691668
2023,2023_11_SEA_LA,LA,SEA,SEA,LA,away,away dog,2.5,2.5,<=3,7.0,6.0,9.0,-1,WIN,WIN,WIN,LOST,4-7,4-7,8+,Q1_WIN__Q2_WIN__Q3_WIN,Q1_WIN__Q2_WIN__Q3_WIN__Q3_LEAD_8+,False,True,1.5,0.8583617210388184,-606.0238286812754
2023,2023_11_TB_SF,SF,TB,TB,SF,away,away dog,13.5,13.5,7.5+,-7.0,-6.0,-20.0,-13,LOST,LOST,LOST,LOST,not_leading,not_leading,not_leading,Q1_LOST__Q2_LOST__Q3_LOST,Q1_LOST__Q2_LOST__Q3_LOST__Q3_LEAD_not_leading,False,True,0.5,0.016983620822429657,5788.025942497115
2023,2023_11_TEN_JAX,JAX,TEN,TEN,JAX,away,away dog,6.5,6.5,3.5-7,-7.0,-13.0,-20.0,-20,LOST,LOST,LOST,LOST,not_leading,not_leading,not_leading,Q1_LOST__Q2_LOST__Q3_LOST,Q1_LOST__Q2_LOST__Q3_LOST__Q3_LEAD_not_leading,False,False,-13.5,0.007668614387512207,12940.16539974195
2023,2023_12_BAL_LAC,LAC,BAL,LAC,BAL,home,home dog,-3.0,3.0,<=3,3.0,-7.0,-10.0,-10,WIN,LOST,LOST,LOST,1-3,not_leading,not_leading,Q1_WIN__Q2_LOST__Q3_LOST,Q1_WIN__Q2_LOST__Q3_LOST__Q3_LEAD_not_leading,False,False,-7.0,0.22283241152763367,348.7677502318773
2023,2023_12_BUF_PHI,PHI,BUF,BUF,PHI,away,away dog,2.5,2.5,<=3,-7.0,10.0,10.0,-3,LOST,WIN,WIN,LOST,not_leading,8+,8+,Q1_LOST__Q2_WIN__Q3_WIN,Q1_LOST__Q2_WIN__Q3_WIN__Q3_LEAD_8+,False,False,-0.5,0.7766659259796143,-347.7597090306609
2023,2023_12_CAR_TEN,TEN,CAR,CAR,TEN,away,away dog,3.5,3.5,3.5-7,-7.0,-14.0,-7.0,-7,LOST,LOST,LOST,LOST,not_leading,not_leading,not_leading,Q1_LOST__Q2_LOST__Q3_LOST,Q1_LOST__Q2_LOST__Q3_LOST__Q3_LEAD_not_leading,False,False,-3.5,0.14826488494873047,574.4685367312677
2023,2023_12_CHI_MIN,MIN,CHI,CHI,MIN,away,away dog,3.0,3.0,<=3,0.0,0.0,3.0,2,TIE,TIE,WIN,WIN,not_leading,not_leading,1-3,Q1_TIE__Q2_TIE__Q3_WIN,Q1_TIE__Q2_TIE__Q3_WIN__Q3_LEAD_1-3,True,True,5.0,0.7160329222679138,-252.15349891492278
2023,2023_12_CLE_DEN,DEN,CLE,CLE,DEN,away,away dog,1.5,1.5,<=3,-7.0,-8.0,-5.0,-17,LOST,LOST,LOST,LOST,not_leading,not_leading,not_leading,Q1_LOST__Q2_LOST__Q3_LOST,Q1_LOST__Q2_LOST__Q3_LOST__Q3_LEAD_not_leading,False,False,-15.5,0.2834113538265228,252.84401506797212
2023,2023_12_GB_DET,DET,GB,GB,DET,away,away dog,8.5,8.5,7.5+,14.0,17.0,15.0,7,WIN,WIN,WIN,WIN,8+,8+,8+,Q1_WIN__Q2_WIN__Q3_WIN,Q1_WIN__Q2_WIN__Q3_WIN__Q3_LEAD_8+,True,True,15.5,0.9137762784957886,-1059.773647616401
2023,2023_12_JAX_HOU,HOU,JAX,HOU,JAX,home,home dog,-1.0,1.0,<=3,-3.0,-6.0,-7.0,-3,LOST,LOST,LOST,LOST,not_leading,not_leading,not_leading,Q1_LOST__Q2_LOST__Q3_LOST,Q1_LOST__Q2_LOST__Q3_LOST__Q3_LEAD_not_leading,False,False,-2.0,0.1682060956954956,494.50877559770805
2023,2023_12_KC_LV,LV,KC,LV,KC,home,home dog,-9.0,9.0,7.5+,7.0,0.0,-4.0,-14,WIN,TIE,LOST,LOST,4-7,not_leading,not_leading,Q1_WIN__Q2_TIE__Q3_LOST,Q1_WIN__Q2_TIE__Q3_LOST__Q3_LEAD_not_leading,False,False,-5.0,0.2998077869415283,233.54704032254858
2023,2023_12_LA_ARI,ARI,LA,ARI,LA,home,home dog,-3.0,3.0,<=3,1.0,-13.0,-16.0,-23,WIN,LOST,LOST,LOST,1-3,not_leading,not_leading,Q1_WIN__Q2_LOST__Q3_LOST,Q1_WIN__Q2_LOST__Q3_LOST__Q3_LEAD_not_leading,False,False,-20.0,0.018819093704223633,5213.752169561527
2023,2023_12_MIA_NYJ,NYJ,MIA,NYJ,MIA,home,home dog,-9.5,9.5,7.5+,-3.0,-11.0,-14.0,-21,LOST,LOST,LOST,LOST,not_leading,not_leading,not_leading,Q1_LOST__Q2_LOST__Q3_LOST,Q1_LOST__Q2_LOST__Q3_LOST__Q3_LEAD_not_leading,False,False,-11.5,0.030319631099700928,3198.1931630753384
2023,2023_12_NE_NYG,NYG,NE,NYG,NE,home,home dog,-4.5,4.5,3.5-7,0.0,7.0,0.0,3,TIE,WIN,TIE,WIN,not_leading,4-7,not_leading,Q1_TIE__Q2_WIN__Q3_TIE,Q1_TIE__Q2_WIN__Q3_TIE__Q3_LEAD_not_leading,True,True,7.5,0.5263271927833557,-111.11619344925343
2023,2023_12_NO_ATL,ATL,NO,ATL,NO,home,home dog,-2.0,2.0,<=3,4.0,5.0,2.0,9,WIN,WIN,WIN,WIN,4-7,4-7,1-3,Q1_WIN__Q2_WIN__Q3_WIN,Q1_WIN__Q2_WIN__Q3_WIN__Q3_LEAD_1-3,True,True,11.0,0.6947717070579529,-227.62362570034335
2023,2023_12_PIT_CIN,CIN,PIT,CIN,PIT,home,home dog,-2.0,2.0,<=3,0.0,4.0,-3.0,-6,TIE,WIN,LOST,LOST,not_leading,4-7,not_leading,Q1_TIE__Q2_WIN__Q3_LOST,Q1_TIE__Q2_WIN__Q3_LOST__Q3_LEAD_not_leading,False,False,-4.0,0.3667551875114441,172.66144666837096
2023,2023_12_SF_SEA,SEA,SF,SEA,SF,home,home dog,-7.0,7.0,3.5-7,-4.0,-21.0,-11.0,-18,LOST,LOST,LOST,LOST,not_leading,not_leading,not_leading,Q1_LOST__Q2_LOST__Q3_LOST,Q1_LOST__Q2_LOST__Q3_LOST__Q3_LEAD_not_leading,False,False,-11.0,0.09089767932891846,1000.1380974550987
2023,2023_12_TB_IND,IND,TB,TB,IND,away,away dog,2.5,2.5,<=3,-7.0,-7.0,-10.0,-7,LOST,LOST,LOST,LOST,not_leading,not_leading,not_leading,Q1_LOST__Q2_LOST__Q3_LOST,Q1_LOST__Q2_LOST__Q3_LOST__Q3_LEAD_not_leading,False,False,-4.5,0.18055486679077148,453.84826660962204
2023,2023_12_WAS_DAL,DAL,WAS,WAS,DAL,away,away dog,13.0,13.0,7.5+,-7.0,-10.0,-10.0,-35,LOST,LOST,LOST,LOST,not_leading,not_leading,not_leading,Q1_LOST__Q2_LOST__Q3_LOST,Q1_LOST__Q2_LOST__Q3_LOST__Q3_LEAD_not_leading,False,False,-22.0,0.07527393102645874,1228.4811705243621
2023,2023_13_ARI_PIT,PIT,ARI,ARI,PIT,away,away dog,6.0,6.0,3.5-7,0.0,7.0,14.0,14,TIE,WIN,WIN,WIN,not_leading,4-7,8+,Q1_TIE__Q2_WIN__Q3_WIN,Q1_TIE__Q2_WIN__Q3_WIN__Q3_LEAD_8+,True,True,20.0,0.9545590877532959,-2100.660045227264
2023,2023_13_ATL_NYJ,NYJ,ATL,NYJ,ATL,home,home dog,-2.0,2.0,<=3,2.0,-2.0,-5.0,-5,WIN,LOST,LOST,LOST,1-3,not_leading,not_leading,Q1_WIN__Q2_LOST__Q3_LOST,Q1_WIN__Q2_LOST__Q3_LOST__Q3_LEAD_not_leading,False,False,-3.0,0.2651520371437073,277.14211467966936
2023,2023_13_CAR_TB,TB,CAR,CAR,TB,away,away dog,4.0,4.0,3.5-7,-7.0,-4.0,-4.0,-3,LOST,LOST,LOST,LOST,not_leading,not_leading,not_leading,Q1_LOST__Q2_LOST__Q3_LOST,Q1_LOST__Q2_LOST__Q3_LOST__Q3_LEAD_not_leading,False,True,1.0,0.20994901657104492,376.30611294700145
2023,2023_13_CIN_JAX,JAX,CIN,CIN,JAX,away,away dog,10.0,10.0,7.5+,-7.0,0.0,-7.0,3,LOST,TIE,LOST,WIN,not_leading,not_leading,not_leading,Q1_LOST__Q2_TIE__Q3_LOST,Q1_LOST__Q2_TIE__Q3_LOST__Q3_LEAD_not_leading,True,True,13.0,0.20228350162506104,394.35568989384615
2023,2023_13_CLE_LA,LA,CLE,CLE,LA,away,away dog,3.5,3.5,3.5-7,-3.0,-3.0,-7.0,-17,LOST,LOST,LOST,LOST,not_leading,not_leading,not_leading,Q1_LOST__Q2_LOST__Q3_LOST,Q1_LOST__Q2_LOST__Q3_LOST__Q3_LEAD_not_leading,False,False,-13.5,0.1899579018354416,426.4324307320939
2023,2023_13_DEN_HOU,HOU,DEN,DEN,HOU,away,away dog,3.5,3.5,3.5-7,-10.0,-10.0,-6.0,-5,LOST,LOST,LOST,LOST,not_leading,not_leading,not_leading,Q1_LOST__Q2_LOST__Q3_LOST,Q1_LOST__Q2_LOST__Q3_LOST__Q3_LEAD_not_leading,False,False,-1.5,0.12054598331451416,729.5589554327328
2023,2023_13_DET_NO,NO,DET,NO,DET,home,home dog,-4.0,4.0,3.5-7,-21.0,-17.0,-6.0,-5,LOST,LOST,LOST,LOST,not_leading,not_leading,not_leading,Q1_LOST__Q2_LOST__Q3_LOST,Q1_LOST__Q2_LOST__Q3_LOST__Q3_LEAD_not_leading,False,False,-1.0,0.26470962166786194,277.7724412506343
2023,2023_13_IND_TEN,TEN,IND,TEN,IND,home,home dog,-1.5,1.5,<=3,3.0,4.0,-3.0,-3,WIN,WIN,LOST,LOST,1-3,4-7,not_leading,Q1_WIN__Q2_WIN__Q3_LOST,Q1_WIN__Q2_WIN__Q3_LOST__Q3_LEAD_not_leading,False,False,-1.5,0.3887670934200287,157.22341651987193
2023,2023_13_KC_GB,GB,KC,GB,KC,home,home dog,-5.5,5.5,3.5-7,4.0,8.0,9.0,8,WIN,WIN,WIN,WIN,4-7,8+,8+,Q1_WIN__Q2_WIN__Q3_WIN,Q1_WIN__Q2_WIN__Q3_WIN__Q3_LEAD_8+,True,True,13.5,0.7056232690811157,-239.70076265149868
2023,2023_13_LAC_NE,NE,LAC,NE,LAC,home,home dog,-4.5,4.5,3.5-7,0.0,-6.0,-6.0,-6,TIE,LOST,LOST,LOST,not_leading,not_leading,not_leading,Q1_TIE__Q2_LOST__Q3_LOST,Q1_TIE__Q2_LOST__Q3_LOST__Q3_LEAD_not_leading,False,False,-1.5,0.20565076172351837,386.26126721787836
2023,2023_13_MIA_WAS,WAS,MIA,WAS,MIA,home,home dog,-8.5,8.5,7.5+,-17.0,-24.0,-23.0,-30,LOST,LOST,LOST,LOST,not_leading,not_leading,not_leading,Q1_LOST__Q2_LOST__Q3_LOST,Q1_LOST__Q2_LOST__Q3_LOST__Q3_LEAD_not_leading,False,False,-21.5,0.003990043420344591,24962.383905427207
2023,2023_13_SEA_DAL,DAL,SEA,SEA,DAL,away,away dog,9.5,9.5,7.5+,-3.0,1.0,1.0,-6,LOST,WIN,WIN,LOST,not_leading,1-3,1-3,Q1_LOST__Q2_WIN__Q3_WIN,Q1_LOST__Q2_WIN__Q3_WIN__Q3_LEAD_1-3,False,True,3.5,0.7102776169776917,-245.15800593943098
2023,2023_13_SF_PHI,PHI,SF,PHI,SF,home,home dog,-3.0,3.0,<=3,6.0,-8.0,-15.0,-23,WIN,LOST,LOST,LOST,4-7,not_leading,not_leading,Q1_WIN__Q2_LOST__Q3_LOST,Q1_WIN__Q2_LOST__Q3_LOST__Q3_LEAD_not_leading,False,False,-20.0,0.021629512310028076,4523.312748186055
2023,2023_14_BUF_KC,KC,BUF,BUF,KC,away,away dog,2.0,2.0,<=3,7.0,7.0,3.0,3,WIN,WIN,WIN,WIN,4-7,4-7,1-3,Q1_WIN__Q2_WIN__Q3_WIN,Q1_WIN__Q2_WIN__Q3_WIN__Q3_LEAD_1-3,True,True,5.0,0.5665004253387451,-130.68073383495698
2023,2023_14_CAR_NO,NO,CAR,CAR,NO,away,away dog,5.5,5.5,3.5-7,0.0,-11.0,-8.0,-22,TIE,LOST,LOST,LOST,not_leading,not_leading,not_leading,Q1_TIE__Q2_LOST__Q3_LOST,Q1_TIE__Q2_LOST__Q3_LOST__Q3_LEAD_not_leading,False,False,-16.5,0.25163203477859497,297.4056804332867
2023,2023_14_DEN_LAC,LAC,DEN,DEN,LAC,away,away dog,3.0,3.0,<=3,7.0,10.0,17.0,17,WIN,WIN,WIN,WIN,4-7,8+,8+,Q1_WIN__Q2_WIN__Q3_WIN,Q1_WIN__Q2_WIN__Q3_WIN__Q3_LEAD_8+,True,True,20.0,0.96262127161026,-2575.318404556769
2023,2023_14_DET_CHI,CHI,DET,CHI,DET,home,home dog,-3.0,3.0,<=3,10.0,-3.0,6.0,15,WIN,LOST,WIN,WIN,8+,not_leading,4-7,Q1_WIN__Q2_LOST__Q3_WIN,Q1_WIN__Q2_LOST__Q3_WIN__Q3_LEAD_4-7,True,True,18.0,0.8829255104064941,-754.1570443502238
2023,2023_14_GB_NYG,NYG,GB,NYG,GB,home,home dog,-6.0,6.0,3.5-7,-7.0,-3.0,8.0,2,LOST,LOST,WIN,WIN,not_leading,not_leading,8+,Q1_LOST__Q2_LOST__Q3_WIN,Q1_LOST__Q2_LOST__Q3_WIN__Q3_LEAD_8+,True,True,8.0,0.828425407409668,-482.83687864420347
2023,2023_14_HOU_NYJ,NYJ,HOU,NYJ,HOU,home,home dog,-3.5,3.5,3.5-7,0.0,0.0,8.0,24,TIE,TIE,WIN,WIN,not_leading,not_leading,8+,Q1_TIE__Q2_TIE__Q3_WIN,Q1_TIE__Q2_TIE__Q3_WIN__Q3_LEAD_8+,True,True,27.5,0.8596516251564026,-612.5127035595448
2023,2023_14_IND_CIN,CIN,IND,IND,CIN,away,away dog,3.0,3.0,<=3,-7.0,0.0,-14.0,-20,LOST,TIE,LOST,LOST,not_leading,not_leading,not_leading,Q1_LOST__Q2_TIE__Q3_LOST,Q1_LOST__Q2_TIE__Q3_LOST__Q3_LEAD_not_leading,False,False,-17.0,0.029379308223724365,3303.756114286178
2023,2023_14_JAX_CLE,CLE,JAX,JAX,CLE,away,away dog,2.5,2.5,<=3,-7.0,-7.0,-7.0,-4,LOST,LOST,LOST,LOST,not_leading,not_leading,not_leading,Q1_LOST__Q2_LOST__Q3_LOST,Q1_LOST__Q2_LOST__Q3_LOST__Q3_LEAD_not_leading,False,False,-1.5,0.1459149569272995,585.3307029369435
2023,2023_14_LA_BAL,BAL,LA,LA,BAL,away,away dog,7.5,7.5,7.5+,-4.0,3.0,2.0,-6,LOST,WIN,WIN,LOST,not_leading,1-3,1-3,Q1_LOST__Q2_WIN__Q3_WIN,Q1_LOST__Q2_WIN__Q3_WIN__Q3_LEAD_1-3,False,True,1.5,0.4695889949798584,112.95217960610256
2023,2023_14_MIN_LV,LV,MIN,LV,MIN,home,home dog,-3.0,3.0,<=3,0.0,0.0,0.0,-3,TIE,TIE,TIE,LOST,not_leading,not_leading,not_leading,Q1_TIE__Q2_TIE__Q3_TIE,Q1_TIE__Q2_TIE__Q3_TIE__Q3_LEAD_not_leading,False,False,0.0,0.5409424304962158,-117.8376017371731
2023,2023_14_NE_PIT,PIT,NE,NE,PIT,away,away dog,6.0,6.0,3.5-7,4.0,11.0,11.0,3,WIN,WIN,WIN,WIN,4-7,8+,8+,Q1_WIN__Q2_WIN__Q3_WIN,Q1_WIN__Q2_WIN__Q3_WIN__Q3_LEAD_8+,True,True,9.0,0.8267129063606262,-477.07702229751226
2023,2023_14_PHI_DAL,DAL,PHI,PHI,DAL,away,away dog,3.5,3.5,3.5-7,-10.0,-18.0,-14.0,-20,LOST,LOST,LOST,LOST,not_leading,not_leading,not_leading,Q1_LOST__Q2_LOST__Q3_LOST,Q1_LOST__Q2_LOST__Q3_LOST__Q3_LEAD_not_leading,False,False,-16.5,0.03599804639816284,2677.928526840931
2023,2023_14_SEA_SF,SF,SEA,SEA,SF,away,away dog,14.5,14.5,7.5+,3.0,-4.0,-5.0,-12,WIN,LOST,LOST,LOST,1-3,not_leading,not_leading,Q1_WIN__Q2_LOST__Q3_LOST,Q1_WIN__Q2_LOST__Q3_LOST__Q3_LEAD_not_leading,False,True,2.5,0.18482613563537598,441.0490224027595
2023,2023_14_TB_ATL,ATL,TB,TB,ATL,away,away dog,1.5,1.5,<=3,0.0,2.0,9.0,4,TIE,WIN,WIN,WIN,not_leading,1-3,8+,Q1_TIE__Q2_WIN__Q3_WIN,Q1_TIE__Q2_WIN__Q3_WIN__Q3_LEAD_8+,True,True,5.5,0.8492030501365662,-563.1433864581674
2023,2023_14_TEN_MIA,MIA,TEN,TEN,MIA,away,away dog,14.0,14.0,7.5+,-7.0,3.0,3.0,1,LOST,WIN,WIN,WIN,not_leading,1-3,1-3,Q1_LOST__Q2_WIN__Q3_WIN,Q1_LOST__Q2_WIN__Q3_WIN__Q3_LEAD_1-3,True,True,15.0,0.5378013849258423,-116.35720389156823
2023,2023_15_ATL_CAR,CAR,ATL,CAR,ATL,home,home dog,-3.0,3.0,<=3,0.0,-4.0,-4.0,2,TIE,LOST,LOST,WIN,not_leading,not_leading,not_leading,Q1_TIE__Q2_LOST__Q3_LOST,Q1_TIE__Q2_LOST__Q3_LOST__Q3_LEAD_not_leading,True,True,5.0,0.5578300952911377,-126.15740903000386
2023,2023_15_BAL_JAX,JAX,BAL,JAX,BAL,home,home dog,-4.0,4.0,3.5-7,-3.0,-10.0,-3.0,-16,LOST,LOST,LOST,LOST,not_leading,not_leading,not_leading,Q1_LOST__Q2_LOST__Q3_LOST,Q1_LOST__Q2_LOST__Q3_LOST__Q3_LEAD_not_leading,False,False,-12.0,0.19680744409561157,408.11086165734014
2023,2023_15_CHI_CLE,CLE,CHI,CHI,CLE,away,away dog,3.0,3.0,<=3,0.0,0.0,10.0,-3,TIE,TIE,WIN,LOST,not_leading,not_leading,8+,Q1_TIE__Q2_TIE__Q3_WIN,Q1_TIE__Q2_TIE__Q3_WIN__Q3_LEAD_8+,False,False,0.0,0.8916427493095398,-822.8731751940253
2023,2023_15_DAL_BUF,BUF,DAL,DAL,BUF,away,away dog,2.0,2.0,<=3,-7.0,-18.0,-21.0,-21,LOST,LOST,LOST,LOST,not_leading,not_leading,not_leading,Q1_LOST__Q2_LOST__Q3_LOST,Q1_LOST__Q2_LOST__Q3_LOST__Q3_LEAD_not_leading,False,False,-19.0,0.009037435054779053,10965.086431478074
2023,2023_15_DEN_DET,DET,DEN,DEN,DET,away,away dog,5.5,5.5,3.5-7,0.0,-21.0,-18.0,-25,TIE,LOST,LOST,LOST,not_leading,not_leading,not_leading,Q1_TIE__Q2_LOST__Q3_LOST,Q1_TIE__Q2_LOST__Q3_LOST__Q3_LEAD_not_leading,False,False,-19.5,0.012536406517028809,7876.767494270799
2023,2023_15_HOU_TEN,TEN,HOU,HOU,TEN,away,away dog,3.0,3.0,<=3,-6.0,-10.0,-4.0,3,LOST,LOST,LOST,WIN,not_leading,not_leading,not_leading,Q1_LOST__Q2_LOST__Q3_LOST,Q1_LOST__Q2_LOST__Q3_LOST__Q3_LEAD_not_leading,True,True,6.0,0.29449188709259033,239.56792829596455
2023,2023_15_KC_NE,NE,KC,NE,KC,home,home dog,-10.0,10.0,7.5+,-7.0,-4.0,-17.0,-10,LOST,LOST,LOST,LOST,not_leading,not_leading,not_leading,Q1_LOST__Q2_LOST__Q3_LOST,Q1_LOST__Q2_LOST__Q3_LOST__Q3_LEAD_not_leading,False,False,0.0,0.04779328033328056,1992.3443484661923
2023,2023_15_LAC_LV,LV,LAC,LAC,LV,away,away dog,3.0,3.0,<=3,-21.0,-42.0,-49.0,-42,LOST,LOST,LOST,LOST,not_leading,not_leading,not_leading,Q1_LOST__Q2_LOST__Q3_LOST,Q1_LOST__Q2_LOST__Q3_LOST__Q3_LEAD_not_leading,False,False,-39.0,6.807786121498793e-05,1468806.311322015
2023,2023_15_MIN_CIN,CIN,MIN,MIN,CIN,away,away dog,3.0,3.0,<=3,4.0,4.0,14.0,-3,WIN,WIN,WIN,LOST,4-7,4-7,8+,Q1_WIN__Q2_WIN__Q3_WIN,Q1_WIN__Q2_WIN__Q3_WIN__Q3_LEAD_8+,False,False,0.0,0.843431830406189,-538.6994256842413
2023,2023_15_NYG_NO,NO,NYG,NYG,NO,away,away dog,6.0,6.0,3.5-7,-4.0,-1.0,-11.0,-18,LOST,LOST,LOST,LOST,not_leading,not_leading,not_leading,Q1_LOST__Q2_LOST__Q3_LOST,Q1_LOST__Q2_LOST__Q3_LOST__Q3_LEAD_not_leading,False,False,-12.0,0.06843334436416626,1361.2759456538117
2023,2023_15_NYJ_MIA,MIA,NYJ,NYJ,MIA,away,away dog,7.5,7.5,7.5+,-7.0,-24.0,-27.0,-30,LOST,LOST,LOST,LOST,not_leading,not_leading,not_leading,Q1_LOST__Q2_LOST__Q3_LOST,Q1_LOST__Q2_LOST__Q3_LOST__Q3_LEAD_not_leading,False,False,-22.5,0.00028759241104125977,347614.3212435233
2023,2023_15_PHI_SEA,SEA,PHI,SEA,PHI,home,home dog,-5.0,5.0,3.5-7,-7.0,-7.0,-7.0,3,LOST,LOST,LOST,WIN,not_leading,not_leading,not_leading,Q1_LOST__Q2_LOST__Q3_LOST,Q1_LOST__Q2_LOST__Q3_LOST__Q3_LEAD_not_leading,True,True,8.0,0.29139411449432373,243.17783038801895
2023,2023_15_PIT_IND,IND,PIT,PIT,IND,away,away dog,1.5,1.5,<=3,6.0,-1.0,-11.0,-17,WIN,LOST,LOST,LOST,4-7,not_leading,not_leading,Q1_WIN__Q2_LOST__Q3_LOST,Q1_WIN__Q2_LOST__Q3_LOST__Q3_LEAD_not_leading,False,False,-15.5,0.06432968378067017,1454.492329558879
2023,2023_15_SF_ARI,ARI,SF,ARI,SF,home,home dog,-12.5,12.5,7.5+,-7.0,-8.0,-19.0,-16,LOST,LOST,LOST,LOST,not_leading,not_leading,not_leading,Q1_LOST__Q2_LOST__Q3_LOST,Q1_LOST__Q2_LOST__Q3_LOST__Q3_LEAD_not_leading,False,False,-3.5,0.025920359417796135,3757.9711950808455
2023,2023_15_TB_GB,GB,TB,TB,GB,away,away dog,4.0,4.0,3.5-7,-4.0,3.0,10.0,14,LOST,WIN,WIN,WIN,not_leading,1-3,8+,Q1_LOST__Q2_WIN__Q3_WIN,Q1_LOST__Q2_WIN__Q3_WIN__Q3_LEAD_8+,True,True,18.0,0.8287047147750854,-483.7872295708417
2023,2023_15_WAS_LA,LA,WAS,WAS,LA,away,away dog,6.5,6.5,3.5-7,-3.0,-13.0,-13.0,-8,LOST,LOST,LOST,LOST,not_leading,not_leading,not_leading,Q1_LOST__Q2_LOST__Q3_LOST,Q1_LOST__Q2_LOST__Q3_LOST__Q3_LEAD_not_leading,False,False,-1.5,0.031381845474243164,3086.5557454890786
2023,2023_16_ARI_CHI,CHI,ARI,ARI,CHI,away,away dog,4.5,4.5,3.5-7,-7.0,-14.0,-14.0,-11,LOST,LOST,LOST,LOST,not_leading,not_leading,not_leading,Q1_LOST__Q2_LOST__Q3_LOST,Q1_LOST__Q2_LOST__Q3_LOST__Q3_LEAD_not_leading,False,False,-6.5,0.03929073363542557,2445.129366325635
2023,2023_16_BAL_SF,SF,BAL,BAL,SF,away,away dog,6.5,6.5,3.5-7,-2.0,4.0,21.0,14,LOST,WIN,WIN,WIN,not_leading,4-7,8+,Q1_LOST__Q2_WIN__Q3_WIN,Q1_LOST__Q2_WIN__Q3_WIN__Q3_LEAD_8+,True,True,20.5,0.983026921749115,-5791.683201000137
2023,2023_16_BUF_LAC,LAC,BUF,LAC,BUF,home,home dog,-13.0,13.0,7.5+,3.0,-4.0,-8.0,-2,WIN,LOST,LOST,LOST,1-3,not_leading,not_leading,Q1_WIN__Q2_LOST__Q3_LOST,Q1_WIN__Q2_LOST__Q3_LOST__Q3_LEAD_not_leading,False,True,11.0,0.18340836465358734,445.2314030980815
2023,2023_16_CIN_PIT,PIT,CIN,PIT,CIN,home,home dog,-3.0,3.0,<=3,7.0,24.0,20.0,23,WIN,WIN,WIN,WIN,4-7,8+,8+,Q1_WIN__Q2_WIN__Q3_WIN,Q1_WIN__Q2_WIN__Q3_WIN__Q3_LEAD_8+,True,True,26.0,0.9927656650543213,-13722.97070164453
2023,2023_16_CLE_HOU,HOU,CLE,HOU,CLE,home,home dog,-3.0,3.0,<=3,-7.0,-15.0,-21.0,-14,LOST,LOST,LOST,LOST,not_leading,not_leading,not_leading,Q1_LOST__Q2_LOST__Q3_LOST,Q1_LOST__Q2_LOST__Q3_LOST__Q3_LEAD_not_leading,False,False,-11.0,0.018754124641418457,5232.160360028222
2023,2023_16_DAL_MIA,MIA,DAL,DAL,MIA,away,away dog,1.5,1.5,<=3,4.0,-6.0,-9.0,-2,WIN,LOST,LOST,LOST,4-7,not_leading,not_leading,Q1_WIN__Q2_LOST__Q3_LOST,Q1_WIN__Q2_LOST__Q3_LOST__Q3_LEAD_not_leading,False,False,-0.5,0.17855411767959595,460.05429221992887
2023,2023_16_DET_MIN,MIN,DET,MIN,DET,home,home dog,-2.5,2.5,<=3,0.0,-3.0,-2.0,-6,TIE,LOST,LOST,LOST,not_leading,not_leading,not_leading,Q1_TIE__Q2_LOST__Q3_LOST,Q1_TIE__Q2_LOST__Q3_LOST__Q3_LEAD_not_leading,False,False,-3.5,0.2975793480873108,236.04482516259716
2023,2023_16_GB_CAR,CAR,GB,CAR,GB,home,home dog,-3.5,3.5,3.5-7,-4.0,-13.0,-7.0,-3,LOST,LOST,LOST,LOST,not_leading,not_leading,not_leading,Q1_LOST__Q2_LOST__Q3_LOST,Q1_LOST__Q2_LOST__Q3_LOST__Q3_LEAD_not_leading,False,True,0.5,0.1304357647895813,666.6608936691542
2023,2023_16_IND_ATL,ATL,IND,IND,ATL,away,away dog,3.0,3.0,<=3,0.0,-6.0,-10.0,-19,TIE,LOST,LOST,LOST,not_leading,not_leading,not_leading,Q1_TIE__Q2_LOST__Q3_LOST,Q1_TIE__Q2_LOST__Q3_LOST__Q3_LEAD_not_leading,False,False,-16.0,0.07501566410064697,1233.0549185811653
2023,2023_16_JAX_TB,TB,JAX,TB,JAX,home,home dog,-2.0,2.0,<=3,3.0,20.0,24.0,18,WIN,WIN,WIN,WIN,1-3,8+,8+,Q1_WIN__Q2_WIN__Q3_WIN,Q1_WIN__Q2_WIN__Q3_WIN__Q3_LEAD_8+,True,True,20.0,0.9996119141578674,-257574.95008447242
2023,2023_16_LV_KC,KC,LV,LV,KC,away,away dog,11.0,11.0,7.5+,3.0,10.0,13.0,6,WIN,WIN,WIN,WIN,1-3,8+,8+,Q1_WIN__Q2_WIN__Q3_WIN,Q1_WIN__Q2_WIN__Q3_WIN__Q3_LEAD_8+,True,True,17.0,0.9111602306365967,-1025.6220127153326
2023,2023_16_NE_DEN,DEN,NE,NE,DEN,away,away dog,7.0,7.0,3.5-7,-7.0,-4.0,16.0,3,LOST,LOST,WIN,WIN,not_leading,not_leading,8+,Q1_LOST__Q2_LOST__Q3_WIN,Q1_LOST__Q2_LOST__Q3_WIN__Q3_LEAD_8+,True,True,10.0,0.970276951789856,-3264.3924840074596
2023,2023_16_NO_LA,LA,NO,NO,LA,away,away dog,4.0,4.0,3.5-7,-7.0,-10.0,-20.0,-8,LOST,LOST,LOST,LOST,not_leading,not_leading,not_leading,Q1_LOST__Q2_LOST__Q3_LOST,Q1_LOST__Q2_LOST__Q3_LOST__Q3_LEAD_not_leading,False,False,-4.0,0.007391631603240967,13428.812766609413
2023,2023_16_NYG_PHI,PHI,NYG,NYG,PHI,away,away dog,14.0,14.0,7.5+,-4.0,-17.0,-2.0,-8,LOST,LOST,LOST,LOST,not_leading,not_leading,not_leading,Q1_LOST__Q2_LOST__Q3_LOST,Q1_LOST__Q2_LOST__Q3_LOST__Q3_LEAD_not_leading,False,True,6.0,0.2742549180984497,264.6242725321077
2023,2023_16_SEA_TEN,TEN,SEA,TEN,SEA,home,home dog,-3.0,3.0,<=3,0.0,7.0,4.0,-3,TIE,WIN,WIN,LOST,not_leading,4-7,4-7,Q1_TIE__Q2_WIN__Q3_WIN,Q1_TIE__Q2_WIN__Q3_WIN__Q3_LEAD_4-7,False,False,0.0,0.5651386380195618,-129.95834705705215
2023,2023_16_WAS_NYJ,NYJ,WAS,WAS,NYJ,away,away dog,3.0,3.0,<=3,-17.0,-20.0,-13.0,-2,LOST,LOST,LOST,LOST,not_leading,not_leading,not_leading,Q1_LOST__Q2_LOST__Q3_LOST,Q1_LOST__Q2_LOST__Q3_LOST__Q3_LEAD_not_leading,False,True,1.0,0.05622673034667969,1678.5135180976288
2023,2023_17_ARI_PHI,PHI,ARI,ARI,PHI,away,away dog,12.0,12.0,7.5+,-4.0,-15.0,0.0,4,LOST,LOST,TIE,WIN,not_leading,not_leading,not_leading,Q1_LOST__Q2_LOST__Q3_TIE,Q1_LOST__Q2_LOST__Q3_TIE__Q3_LEAD_not_leading,True,True,16.0,0.341616690158844,192.72574461599717
2023,2023_17_ATL_CHI,CHI,ATL,ATL,CHI,away,away dog,3.0,3.0,<=3,-7.0,-14.0,-17.0,-20,LOST,LOST,LOST,LOST,not_leading,not_leading,not_leading,Q1_LOST__Q2_LOST__Q3_LOST,Q1_LOST__Q2_LOST__Q3_LOST__Q3_LEAD_not_leading,False,False,-17.0,0.030519705265760422,3176.571615918861
2023,2023_17_CAR_JAX,JAX,CAR,CAR,JAX,away,away dog,3.5,3.5,3.5-7,-3.0,-9.0,-19.0,-26,LOST,LOST,LOST,LOST,not_leading,not_leading,not_leading,Q1_LOST__Q2_LOST__Q3_LOST,Q1_LOST__Q2_LOST__Q3_LOST__Q3_LEAD_not_leading,False,False,-22.5,0.02035912685096264,4811.8020007460045
2023,2023_17_CIN_KC,KC,CIN,CIN,KC,away,away dog,7.5,7.5,7.5+,-4.0,4.0,1.0,-8,LOST,WIN,WIN,LOST,not_leading,4-7,1-3,Q1_LOST__Q2_WIN__Q3_WIN,Q1_LOST__Q2_WIN__Q3_WIN__Q3_LEAD_1-3,False,False,-0.5,0.31149017810821533,221.03740993482893
2023,2023_17_DET_DAL,DAL,DET,DET,DAL,away,away dog,5.5,5.5,3.5-7,-4.0,-4.0,0.0,-1,LOST,LOST,TIE,LOST,not_leading,not_leading,not_leading,Q1_LOST__Q2_LOST__Q3_TIE,Q1_LOST__Q2_LOST__Q3_TIE__Q3_LEAD_not_leading,False,True,4.5,0.44159191846847534,126.4534195888797
2023,2023_17_GB_MIN,MIN,GB,GB,MIN,away,away dog,1.0,1.0,<=3,10.0,20.0,27.0,23,WIN,WIN,WIN,WIN,8+,8+,8+,Q1_WIN__Q2_WIN__Q3_WIN,Q1_WIN__Q2_WIN__Q3_WIN__Q3_LEAD_8+,True,True,24.0,0.9995529651641846,-223596.21333333335
2023,2023_17_LAC_DEN,DEN,LAC,LAC,DEN,away,away dog,3.5,3.5,3.5-7,-3.0,-10.0,-7.0,-7,LOST,LOST,LOST,LOST,not_leading,not_leading,not_leading,Q1_LOST__Q2_LOST__Q3_LOST,Q1_LOST__Q2_LOST__Q3_LOST__Q3_LEAD_not_leading,False,False,-3.5,0.2177964299917221,359.1443487104024
2023,2023_17_LA_NYG,NYG,LA,NYG,LA,home,home dog,-6.0,6.0,3.5-7,-7.0,-4.0,-4.0,-1,LOST,LOST,LOST,LOST,not_leading,not_leading,not_leading,Q1_LOST__Q2_LOST__Q3_LOST,Q1_LOST__Q2_LOST__Q3_LOST__Q3_LEAD_not_leading,False,True,5.0,0.5491352081298828,-121.79598363672514
2023,2023_17_LV_IND,IND,LV,LV,IND,away,away dog,3.5,3.5,3.5-7,-4.0,-11.0,-7.0,-3,LOST,LOST,LOST,LOST,not_leading,not_leading,not_leading,Q1_LOST__Q2_LOST__Q3_LOST,Q1_LOST__Q2_LOST__Q3_LOST__Q3_LEAD_not_leading,False,True,0.5,0.2177964299917221,359.1443487104024
2023,2023_17_MIA_BAL,BAL,MIA,MIA,BAL,away,away dog,3.0,3.0,<=3,3.0,-15.0,-22.0,-37,WIN,LOST,LOST,LOST,1-3,not_leading,not_leading,Q1_WIN__Q2_LOST__Q3_LOST,Q1_WIN__Q2_LOST__Q3_LOST__Q3_LEAD_not_leading,False,False,-34.0,0.006009440403431654,16540.484518807378
2023,2023_17_NE_BUF,BUF,NE,NE,BUF,away,away dog,15.0,15.0,7.5+,-6.0,-6.0,-13.0,-6,LOST,LOST,LOST,LOST,not_leading,not_leading,not_leading,Q1_LOST__Q2_LOST__Q3_LOST,Q1_LOST__Q2_LOST__Q3_LOST__Q3_LEAD_not_leading,False,True,9.0,0.037181735038757324,2589.4925665992314
2023,2023_17_NO_TB,TB,NO,NO,TB,away,away dog,2.5,2.5,<=3,7.0,17.0,20.0,10,WIN,WIN,WIN,WIN,4-7,8+,8+,Q1_WIN__Q2_WIN__Q3_WIN,Q1_WIN__Q2_WIN__Q3_WIN__Q3_LEAD_8+,True,True,12.5,0.9862041473388672,-7148.555232960044
2023,2023_17_NYJ_CLE,CLE,NYJ,NYJ,CLE,away,away dog,6.5,6.5,3.5-7,-13.0,-17.0,-17.0,-17,LOST,LOST,LOST,LOST,not_leading,not_leading,not_leading,Q1_LOST__Q2_LOST__Q3_LOST,Q1_LOST__Q2_LOST__Q3_LOST__Q3_LEAD_not_leading,False,False,-10.5,0.03739186376333237,2574.378592972494
2023,2023_17_PIT_SEA,SEA,PIT,PIT,SEA,away,away dog,4.5,4.5,3.5-7,7.0,3.0,7.0,7,WIN,WIN,WIN,WIN,4-7,1-3,4-7,Q1_WIN__Q2_WIN__Q3_WIN,Q1_WIN__Q2_WIN__Q3_WIN__Q3_LEAD_4-7,True,True,11.5,0.6589599251747131,-193.22067223691968
2023,2023_17_SF_WAS,WAS,SF,WAS,SF,home,home dog,-14.0,14.0,7.5+,-10.0,-3.0,-10.0,-17,LOST,LOST,LOST,LOST,not_leading,not_leading,not_leading,Q1_LOST__Q2_LOST__Q3_LOST,Q1_LOST__Q2_LOST__Q3_LOST__Q3_LEAD_not_leading,False,False,-3.0,0.28913718461990356,245.85658752767776
2023,2023_17_TEN_HOU,HOU,TEN,TEN,HOU,away,away dog,5.0,5.0,3.5-7,-3.0,-17.0,-20.0,-23,LOST,LOST,LOST,LOST,not_leading,not_leading,not_leading,Q1_LOST__Q2_LOST__Q3_LOST,Q1_LOST__Q2_LOST__Q3_LOST__Q3_LEAD_not_leading,False,False,-18.0,0.008086800575256348,12265.829856862774
2023,2023_18_ATL_NO,NO,ATL,ATL,NO,away,away dog,3.5,3.5,3.5-7,7.0,0.0,-14.0,-31,WIN,TIE,LOST,LOST,4-7,not_leading,not_leading,Q1_WIN__Q2_TIE__Q3_LOST,Q1_WIN__Q2_TIE__Q3_LOST__Q3_LEAD_not_leading,False,False,-27.5,0.03198820352554321,3026.1524242881605
2023,2023_18_BUF_MIA,MIA,BUF,MIA,BUF,home,home dog,-2.5,2.5,<=3,0.0,7.0,7.0,-7,TIE,WIN,WIN,LOST,not_leading,4-7,4-7,Q1_TIE__Q2_WIN__Q3_WIN,Q1_TIE__Q2_WIN__Q3_WIN__Q3_LEAD_4-7,False,False,-4.5,0.8561006784439087,-594.9303090426347
2023,2023_18_CHI_GB,GB,CHI,CHI,GB,away,away dog,2.5,2.5,<=3,3.0,-1.0,-8.0,-8,WIN,LOST,LOST,LOST,1-3,not_leading,not_leading,Q1_WIN__Q2_LOST__Q3_LOST,Q1_WIN__Q2_LOST__Q3_LOST__Q3_LEAD_not_leading,False,False,-5.5,0.15528729557991028,543.9676834254633
2023,2023_18_CLE_CIN,CIN,CLE,CLE,CIN,away,away dog,7.5,7.5,7.5+,-14.0,-24.0,-31.0,-17,LOST,LOST,LOST,LOST,not_leading,not_leading,not_leading,Q1_LOST__Q2_LOST__Q3_LOST,Q1_LOST__Q2_LOST__Q3_LOST__Q3_LEAD_not_leading,False,False,-9.5,0.0003156083694193512,316748.378209924
2023,2023_18_DAL_WAS,WAS,DAL,WAS,DAL,home,home dog,-13.0,13.0,7.5+,-7.0,-11.0,-25.0,-28,LOST,LOST,LOST,LOST,not_leading,not_leading,not_leading,Q1_LOST__Q2_LOST__Q3_LOST,Q1_LOST__Q2_LOST__Q3_LOST__Q3_LEAD_not_leading,False,False,-15.0,0.00047850608825683594,208883.75685102143
2023,2023_18_DEN_LV,LV,DEN,DEN,LV,away,away dog,3.5,3.5,3.5-7,-7.0,-10.0,-10.0,-13,LOST,LOST,LOST,LOST,not_leading,not_leading,not_leading,Q1_LOST__Q2_LOST__Q3_LOST,Q1_LOST__Q2_LOST__Q3_LOST__Q3_LEAD_not_leading,False,False,-9.5,0.07173073291778564,1294.1025824260746
2023,2023_18_HOU_IND,IND,HOU,IND,HOU,home,home dog,-1.5,1.5,<=3,-4.0,-8.0,-3.0,-4,LOST,LOST,LOST,LOST,not_leading,not_leading,not_leading,Q1_LOST__Q2_LOST__Q3_LOST,Q1_LOST__Q2_LOST__Q3_LOST__Q3_LEAD_not_leading,False,False,-2.5,0.5355530381202698,-115.30983773750094
2023,2023_18_JAX_TEN,TEN,JAX,TEN,JAX,home,home dog,-3.5,3.5,3.5-7,4.0,8.0,15.0,8,WIN,WIN,WIN,WIN,4-7,8+,8+,Q1_WIN__Q2_WIN__Q3_WIN,Q1_WIN__Q2_WIN__Q3_WIN__Q3_LEAD_8+,True,True,11.5,0.9093225002288818,-1002.8094097478762
2023,2023_18_KC_LAC,LAC,KC,KC,LAC,away,away dog,3.5,3.5,3.5-7,7.0,4.0,1.0,1,WIN,WIN,WIN,WIN,4-7,4-7,1-3,Q1_WIN__Q2_WIN__Q3_WIN,Q1_WIN__Q2_WIN__Q3_WIN__Q3_LEAD_1-3,True,True,4.5,0.45174455642700195,121.3640398700834
2023,2023_18_LA_SF,SF,LA,LA,SF,away,away dog,5.5,5.5,3.5-7,0.0,-13.0,-7.0,1,TIE,LOST,LOST,WIN,not_leading,not_leading,not_leading,Q1_TIE__Q2_LOST__Q3_LOST,Q1_TIE__Q2_LOST__Q3_LOST__Q3_LEAD_not_leading,True,True,6.5,0.21549755334854126,364.0423914152848
2023,2023_18_MIN_DET,DET,MIN,MIN,DET,away,away dog,3.5,3.5,3.5-7,-13.0,-7.0,-7.0,-10,LOST,LOST,LOST,LOST,not_leading,not_leading,not_leading,Q1_LOST__Q2_LOST__Q3_LOST,Q1_LOST__Q2_LOST__Q3_LOST__Q3_LEAD_not_leading,False,False,-6.5,0.1803860068321228,454.36672586840695
2023,2023_18_NYJ_NE,NE,NYJ,NYJ,NE,away,away dog,2.5,2.5,<=3,3.0,3.0,3.0,14,WIN,WIN,WIN,WIN,1-3,1-3,1-3,Q1_WIN__Q2_WIN__Q3_WIN,Q1_WIN__Q2_WIN__Q3_WIN__Q3_LEAD_1-3,True,True,16.5,0.6212986707687378,-164.0603353650571
2023,2023_18_PHI_NYG,NYG,PHI,NYG,PHI,home,home dog,-4.5,4.5,3.5-7,3.0,24.0,21.0,17,WIN,WIN,WIN,WIN,1-3,8+,8+,Q1_WIN__Q2_WIN__Q3_WIN,Q1_WIN__Q2_WIN__Q3_WIN__Q3_LEAD_8+,True,True,21.5,0.9929759502410889,-14136.801194799906
2023,2023_18_PIT_BAL,BAL,PIT,BAL,PIT,home,home dog,-3.0,3.0,<=3,-7.0,0.0,0.0,-7,LOST,TIE,TIE,LOST,not_leading,not_leading,not_leading,Q1_LOST__Q2_TIE__Q3_TIE,Q1_LOST__Q2_TIE__Q3_TIE__Q3_LEAD_not_leading,False,False,-4.0,0.5674362182617188,-131.17978023528582
2023,2023_18_SEA_ARI,ARI,SEA,ARI,SEA,home,home dog,-2.5,2.5,<=3,-3.0,-7.0,0.0,-1,LOST,LOST,TIE,LOST,not_leading,not_leading,not_leading,Q1_LOST__Q2_LOST__Q3_TIE,Q1_LOST__Q2_LOST__Q3_TIE__Q3_LEAD_not_leading,False,True,1.5,0.5395532846450806,-117.18039604847318
2023,2023_18_TB_CAR,CAR,TB,CAR,TB,home,home dog,-5.0,5.0,3.5-7,0.0,-6.0,-6.0,-9,TIE,LOST,LOST,LOST,not_leading,not_leading,not_leading,Q1_TIE__Q2_LOST__Q3_LOST,Q1_TIE__Q2_LOST__Q3_LOST__Q3_LEAD_not_leading,False,False,-4.0,0.17430460453033447,473.7083094818465
2024,2024_01_ARI_BUF,BUF,ARI,ARI,BUF,away,away dog,6.5,6.5,3.5-7,7.0,7.0,-7.0,-6,WIN,WIN,LOST,LOST,4-7,4-7,not_leading,Q1_WIN__Q2_WIN__Q3_LOST,Q1_WIN__Q2_WIN__Q3_LOST__Q3_LEAD_not_leading,False,True,0.5,0.312308669090271,220.19604288056308
2024,2024_01_BAL_KC,KC,BAL,BAL,KC,away,away dog,3.0,3.0,<=3,0.0,-3.0,-10.0,-7,TIE,LOST,LOST,LOST,not_leading,not_leading,not_leading,Q1_TIE__Q2_LOST__Q3_LOST,Q1_TIE__Q2_LOST__Q3_LOST__Q3_LEAD_not_leading,False,False,-4.0,0.1336211860179901,648.3843167395362
2024,2024_01_CAR_NO,NO,CAR,CAR,NO,away,away dog,3.5,3.5,3.5-7,-17.0,-27.0,-27.0,-37,LOST,LOST,LOST,LOST,not_leading,not_leading,not_leading,Q1_LOST__Q2_LOST__Q3_LOST,Q1_LOST__Q2_LOST__Q3_LOST__Q3_LEAD_not_leading,False,False,-33.5,0.0004888772964477539,204450.3048037064
2024,2024_01_DAL_CLE,CLE,DAL,DAL,CLE,away,away dog,2.5,2.5,<=3,4.0,17.0,20.0,16,WIN,WIN,WIN,WIN,4-7,8+,8+,Q1_WIN__Q2_WIN__Q3_WIN,Q1_WIN__Q2_WIN__Q3_WIN__Q3_LEAD_8+,True,True,18.5,0.9872257113456726,-7728.2245458829675
2024,2024_01_DEN_SEA,SEA,DEN,DEN,SEA,away,away dog,6.5,6.5,3.5-7,0.0,4.0,-6.0,-6,TIE,WIN,LOST,LOST,not_leading,4-7,not_leading,Q1_TIE__Q2_WIN__Q3_LOST,Q1_TIE__Q2_WIN__Q3_LOST__Q3_LEAD_not_leading,False,True,0.5,0.14047890901565552,611.8506308221372
2024,2024_01_GB_PHI,PHI,GB,GB,PHI,away,away dog,2.0,2.0,<=3,6.0,2.0,-5.0,-5,WIN,WIN,LOST,LOST,4-7,1-3,not_leading,Q1_WIN__Q2_WIN__Q3_LOST,Q1_WIN__Q2_WIN__Q3_LOST__Q3_LEAD_not_leading,False,False,-3.0,0.16893774271011353,491.9340367391653
2024,2024_01_HOU_IND,IND,HOU,IND,HOU,home,home dog,-3.0,3.0,<=3,1.0,-5.0,-2.0,-2,WIN,LOST,LOST,LOST,1-3,not_leading,not_leading,Q1_WIN__Q2_LOST__Q3_LOST,Q1_WIN__Q2_LOST__Q3_LOST__Q3_LEAD_not_leading,False,True,1.0,0.24406474828720093,309.72733957599615
2024,2024_01_JAX_MIA,MIA,JAX,JAX,MIA,away,away dog,3.5,3.5,3.5-7,7.0,10.0,3.0,-3,WIN,WIN,WIN,LOST,4-7,8+,1-3,Q1_WIN__Q2_WIN__Q3_WIN,Q1_WIN__Q2_WIN__Q3_WIN__Q3_LEAD_1-3,False,True,0.5,0.5971131324768066,-148.20863637170604
2024,2024_01_LA_DET,DET,LA,LA,DET,away,away dog,5.0,5.0,3.5-7,3.0,-7.0,-7.0,-6,WIN,LOST,LOST,LOST,1-3,not_leading,not_leading,Q1_WIN__Q2_LOST__Q3_LOST,Q1_WIN__Q2_LOST__Q3_LOST__Q3_LEAD_not_leading,False,False,-1.0,0.315376877784729,217.08094994921706
2024,2024_01_LV_LAC,LAC,LV,LV,LAC,away,away dog,3.0,3.0,<=3,4.0,1.0,-2.0,-12,WIN,WIN,LOST,LOST,4-7,1-3,not_leading,Q1_WIN__Q2_WIN__Q3_LOST,Q1_WIN__Q2_WIN__Q3_LOST__Q3_LEAD_not_leading,False,False,-9.0,0.20108413696289062,397.3042702938554
2024,2024_01_MIN_NYG,NYG,MIN,NYG,MIN,home,home dog,-1.0,1.0,<=3,-4.0,-11.0,-22.0,-22,LOST,LOST,LOST,LOST,not_leading,not_leading,not_leading,Q1_LOST__Q2_LOST__Q3_LOST,Q1_LOST__Q2_LOST__Q3_LOST__Q3_LEAD_not_leading,False,False,-21.0,0.007908840663731098,12544.078222309729
2024,2024_01_NE_CIN,CIN,NE,NE,CIN,away,away dog,8.0,8.0,7.5+,0.0,10.0,6.0,6,TIE,WIN,WIN,WIN,not_leading,8+,4-7,Q1_TIE__Q2_WIN__Q3_WIN,Q1_TIE__Q2_WIN__Q3_WIN__Q3_LEAD_4-7,True,True,14.0,0.800101637840271,-400.25422379446456
2024,2024_01_NYJ_SF,SF,NYJ,NYJ,SF,away,away dog,3.5,3.5,3.5-7,4.0,-9.0,-13.0,-13,WIN,LOST,LOST,LOST,4-7,not_leading,not_leading,Q1_WIN__Q2_LOST__Q3_LOST,Q1_WIN__Q2_LOST__Q3_LOST__Q3_LEAD_not_leading,False,False,-9.5,0.035714685916900635,2699.968624466574
2024,2024_01_PIT_ATL,ATL,PIT,PIT,ATL,away,away dog,4.0,4.0,3.5-7,0.0,-1.0,5.0,8,TIE,LOST,WIN,WIN,not_leading,not_leading,4-7,Q1_TIE__Q2_LOST__Q3_WIN,Q1_TIE__Q2_LOST__Q3_WIN__Q3_LEAD_4-7,True,True,12.0,0.6654849648475647,-198.94022537561267
2024,2024_01_TEN_CHI,CHI,TEN,TEN,CHI,away,away dog,4.0,4.0,3.5-7,7.0,17.0,7.0,-7,WIN,WIN,WIN,LOST,4-7,8+,4-7,Q1_WIN__Q2_WIN__Q3_WIN,Q1_WIN__Q2_WIN__Q3_WIN__Q3_LEAD_4-7,False,False,-3.0,0.7139555215835571,-249.59598085446433
2024,2024_01_WAS_TB,TB,WAS,WAS,TB,away,away dog,4.0,4.0,3.5-7,-6.0,-9.0,-9.0,-17,LOST,LOST,LOST,LOST,not_leading,not_leading,not_leading,Q1_LOST__Q2_LOST__Q3_LOST,Q1_LOST__Q2_LOST__Q3_LOST__Q3_LEAD_not_leading,False,False,-13.0,0.10834181308746338,823.004675205785
2024,2024_02_ATL_PHI,PHI,ATL,ATL,PHI,away,away dog,5.5,5.5,3.5-7,0.0,-1.0,5.0,1,TIE,LOST,WIN,WIN,not_leading,not_leading,4-7,Q1_TIE__Q2_LOST__Q3_WIN,Q1_TIE__Q2_LOST__Q3_WIN__Q3_LEAD_4-7,True,True,6.5,0.678762674331665,-211.29632832034628
2024,2024_02_BUF_MIA,MIA,BUF,BUF,MIA,away,away dog,2.5,2.5,<=3,0.0,14.0,21.0,21,TIE,WIN,WIN,WIN,not_leading,8+,8+,Q1_TIE__Q2_WIN__Q3_WIN,Q1_TIE__Q2_WIN__Q3_WIN__Q3_LEAD_8+,True,True,23.5,0.9880625009536743,-8276.964020012183
2024,2024_02_CHI_HOU,HOU,CHI,CHI,HOU,away,away dog,6.0,6.0,3.5-7,0.0,-6.0,-6.0,-6,TIE,LOST,LOST,LOST,not_leading,not_leading,not_leading,Q1_TIE__Q2_LOST__Q3_LOST,Q1_TIE__Q2_LOST__Q3_LOST__Q3_LEAD_not_leading,False,False,0.0,0.20253193378448486,393.74929736468346
2024,2024_02_CIN_KC,KC,CIN,CIN,KC,away,away dog,6.5,6.5,3.5-7,0.0,6.0,5.0,-1,TIE,WIN,WIN,LOST,not_leading,4-7,4-7,Q1_TIE__Q2_WIN__Q3_WIN,Q1_TIE__Q2_WIN__Q3_WIN__Q3_LEAD_4-7,False,True,5.5,0.7497013807296753,-299.5227791967926
2024,2024_02_CLE_JAX,JAX,CLE,CLE,JAX,away,away dog,3.0,3.0,<=3,7.0,10.0,6.0,5,WIN,WIN,WIN,WIN,4-7,8+,4-7,Q1_WIN__Q2_WIN__Q3_WIN,Q1_WIN__Q2_WIN__Q3_WIN__Q3_LEAD_4-7,True,True,8.0,0.7365395426750183,-279.5636013667462
2024,2024_02_IND_GB,GB,IND,GB,IND,home,home dog,-3.0,3.0,<=3,10.0,10.0,10.0,6,WIN,WIN,WIN,WIN,8+,8+,8+,Q1_WIN__Q2_WIN__Q3_WIN,Q1_WIN__Q2_WIN__Q3_WIN__Q3_LEAD_8+,True,True,9.0,0.7982428669929504,-395.6454253169127
2024,2024_02_LAC_CAR,CAR,LAC,CAR,LAC,home,home dog,-5.0,5.0,3.5-7,-6.0,-20.0,-20.0,-23,LOST,LOST,LOST,LOST,not_leading,not_leading,not_leading,Q1_LOST__Q2_LOST__Q3_LOST,Q1_LOST__Q2_LOST__Q3_LOST__Q3_LEAD_not_leading,False,False,-18.0,0.014365732669830322,6861.009389379173
2024,2024_02_LA_ARI,ARI,LA,ARI,LA,home,home dog,-1.0,1.0,<=3,14.0,21.0,24.0,31,WIN,WIN,WIN,WIN,8+,8+,8+,Q1_WIN__Q2_WIN__Q3_WIN,Q1_WIN__Q2_WIN__Q3_WIN__Q3_LEAD_8+,True,True,32.0,0.9996116757392883,-257416.74597083652
2024,2024_02_LV_BAL,BAL,LV,LV,BAL,away,away dog,9.0,9.0,7.5+,-3.0,-3.0,-3.0,3,LOST,LOST,LOST,WIN,not_leading,not_leading,not_leading,Q1_LOST__Q2_LOST__Q3_LOST,Q1_LOST__Q2_LOST__Q3_LOST__Q3_LEAD_not_leading,True,True,12.0,0.23590821027755737,323.893682557064
2024,2024_02_NO_DAL,DAL,NO,NO,DAL,away,away dog,6.5,6.5,3.5-7,11.0,19.0,22.0,25,WIN,WIN,WIN,WIN,8+,8+,8+,Q1_WIN__Q2_WIN__Q3_WIN,Q1_WIN__Q2_WIN__Q3_WIN__Q3_LEAD_8+,True,True,31.5,0.9943463206291199,-17587.59659683932
2024,2024_02_NYG_WAS,WAS,NYG,NYG,WAS,away,away dog,1.5,1.5,<=3,3.0,3.0,-3.0,-3,WIN,WIN,LOST,LOST,1-3,1-3,not_leading,Q1_WIN__Q2_WIN__Q3_LOST,Q1_WIN__Q2_WIN__Q3_LOST__Q3_LEAD_not_leading,False,False,-1.5,0.4318312108516693,131.57196026377358
2024,2024_02_NYJ_TEN,TEN,NYJ,TEN,NYJ,home,home dog,-3.5,3.5,3.5-7,7.0,3.0,0.0,-7,WIN,WIN,TIE,LOST,4-7,1-3,not_leading,Q1_WIN__Q2_WIN__Q3_TIE,Q1_WIN__Q2_WIN__Q3_TIE__Q3_LEAD_not_leading,False,False,-3.5,0.6174235343933105,-161.38565486881186
2024,2024_02_PIT_DEN,DEN,PIT,DEN,PIT,home,home dog,-3.0,3.0,<=3,-7.0,-10.0,-13.0,-7,LOST,LOST,LOST,LOST,not_leading,not_leading,not_leading,Q1_LOST__Q2_LOST__Q3_LOST,Q1_LOST__Q2_LOST__Q3_LOST__Q3_LEAD_not_leading,False,False,-4.0,0.0846814289689064,1080.8964635766636
2024,2024_02_SEA_NE,NE,SEA,NE,SEA,home,home dog,-3.5,3.5,3.5-7,0.0,-4.0,-4.0,-3,TIE,LOST,LOST,LOST,not_leading,not_leading,not_leading,Q1_TIE__Q2_LOST__Q3_LOST,Q1_TIE__Q2_LOST__Q3_LOST__Q3_LEAD_not_leading,False,True,0.5,0.5567805767059326,-125.62188104660738
2024,2024_02_SF_MIN,MIN,SF,MIN,SF,home,home dog,-4.5,4.5,3.5-7,3.0,6.0,13.0,6,WIN,WIN,WIN,WIN,1-3,4-7,8+,Q1_WIN__Q2_WIN__Q3_WIN,Q1_WIN__Q2_WIN__Q3_WIN__Q3_LEAD_8+,True,True,10.5,0.9591457843780518,-2347.727816521257
2024,2024_02_TB_DET,DET,TB,TB,DET,away,away dog,7.5,7.5,7.5+,3.0,7.0,4.0,4,WIN,WIN,WIN,WIN,1-3,4-7,4-7,Q1_WIN__Q2_WIN__Q3_WIN,Q1_WIN__Q2_WIN__Q3_WIN__Q3_LEAD_4-7,True,True,11.5,0.6090797185897827,-155.8066305469163
2024,2024_03_BAL_DAL,DAL,BAL,DAL,BAL,home,home dog,-1.5,1.5,<=3,-11.0,-15.0,-22.0,-3,LOST,LOST,LOST,LOST,not_leading,not_leading,not_leading,Q1_LOST__Q2_LOST__Q3_LOST,Q1_LOST__Q2_LOST__Q3_LOST__Q3_LEAD_not_leading,False,False,-1.5,0.005850052461028099,16993.863801424068
2024,2024_03_CAR_LV,LV,CAR,CAR,LV,away,away dog,5.5,5.5,3.5-7,0.0,14.0,20.0,14,TIE,WIN,WIN,WIN,not_leading,8+,8+,Q1_TIE__Q2_WIN__Q3_WIN,Q1_TIE__Q2_WIN__Q3_WIN__Q3_LEAD_8+,True,True,19.5,0.9875024557113647,-7901.571964096645
2024,2024_03_CHI_IND,IND,CHI,CHI,IND,away,away dog,1.5,1.5,<=3,0.0,-7.0,-11.0,-5,TIE,LOST,LOST,LOST,not_leading,not_leading,not_leading,Q1_TIE__Q2_LOST__Q3_LOST,Q1_TIE__Q2_LOST__Q3_LOST__Q3_LEAD_not_leading,False,False,-3.5,0.13940341770648956,617.3425275020697
2024,2024_03_DEN_TB,TB,DEN,DEN,TB,away,away dog,6.0,6.0,3.5-7,14.0,13.0,13.0,19,WIN,WIN,WIN,WIN,8+,8+,8+,Q1_WIN__Q2_WIN__Q3_WIN,Q1_WIN__Q2_WIN__Q3_WIN__Q3_LEAD_8+,True,True,25.0,0.9622167944908142,-2546.6785613435623
2024,2024_03_DET_ARI,ARI,DET,ARI,DET,home,home dog,-3.0,3.0,<=3,0.0,-10.0,-10.0,-7,TIE,LOST,LOST,LOST,not_leading,not_leading,not_leading,Q1_TIE__Q2_LOST__Q3_LOST,Q1_TIE__Q2_LOST__Q3_LOST__Q3_LEAD_not_leading,False,False,-4.0,0.09424209594726562,961.0969439384739
2024,2024_03_GB_TEN,TEN,GB,GB,TEN,away,away dog,3.0,3.0,<=3,10.0,13.0,13.0,16,WIN,WIN,WIN,WIN,8+,8+,8+,Q1_WIN__Q2_WIN__Q3_WIN,Q1_WIN__Q2_WIN__Q3_WIN__Q3_LEAD_8+,True,True,19.0,0.9558101892471313,-2162.9651111033177
2024,2024_03_HOU_MIN,MIN,HOU,MIN,HOU,home,home dog,-2.0,2.0,<=3,14.0,14.0,14.0,27,WIN,WIN,WIN,WIN,8+,8+,8+,Q1_WIN__Q2_WIN__Q3_WIN,Q1_WIN__Q2_WIN__Q3_WIN__Q3_LEAD_8+,True,True,29.0,0.9720751643180847,-3481.0416626645406
2024,2024_03_JAX_BUF,BUF,JAX,JAX,BUF,away,away dog,4.0,4.0,3.5-7,-13.0,-31.0,-27.0,-37,LOST,LOST,LOST,LOST,not_leading,not_leading,not_leading,Q1_LOST__Q2_LOST__Q3_LOST,Q1_LOST__Q2_LOST__Q3_LOST__Q3_LEAD_not_leading,False,False,-33.0,0.0012278505600988865,81343.13587473248
2024,2024_03_KC_ATL,ATL,KC,ATL,KC,home,home dog,-3.0,3.0,<=3,7.0,1.0,-8.0,-5,WIN,WIN,LOST,LOST,4-7,1-3,not_leading,Q1_WIN__Q2_WIN__Q3_LOST,Q1_WIN__Q2_WIN__Q3_LOST__Q3_LEAD_not_leading,False,False,-2.0,0.2136976718902588,367.95081628850636
2024,2024_03_LAC_PIT,PIT,LAC,LAC,PIT,away,away dog,3.0,3.0,<=3,7.0,3.0,0.0,-10,WIN,WIN,TIE,LOST,4-7,1-3,not_leading,Q1_WIN__Q2_WIN__Q3_TIE,Q1_WIN__Q2_WIN__Q3_TIE__Q3_LEAD_not_leading,False,False,-7.0,0.32076722383499146,211.75255004059215
2024,2024_03_MIA_SEA,SEA,MIA,MIA,SEA,away,away dog,4.0,4.0,3.5-7,-14.0,-14.0,-14.0,-21,LOST,LOST,LOST,LOST,not_leading,not_leading,not_leading,Q1_LOST__Q2_LOST__Q3_LOST,Q1_LOST__Q2_LOST__Q3_LOST__Q3_LEAD_not_leading,False,False,-17.0,0.08571090549230576,1066.7126770580783
2024,2024_03_NE_NYJ,NYJ,NE,NE,NYJ,away,away dog,6.5,6.5,3.5-7,-7.0,-11.0,-18.0,-21,LOST,LOST,LOST,LOST,not_leading,not_leading,not_leading,Q1_LOST__Q2_LOST__Q3_LOST,Q1_LOST__Q2_LOST__Q3_LOST__Q3_LEAD_not_leading,False,False,-14.5,0.01724928617477417,5697.341350057879
2024,2024_03_NYG_CLE,CLE,NYG,NYG,CLE,away,away dog,6.5,6.5,3.5-7,0.0,14.0,14.0,6,TIE,WIN,WIN,WIN,not_leading,8+,8+,Q1_TIE__Q2_WIN__Q3_WIN,Q1_TIE__Q2_WIN__Q3_WIN__Q3_LEAD_8+,True,True,12.5,0.9173874258995056,-1110.4694846858858
2024,2024_03_PHI_NO,NO,PHI,PHI,NO,away,away dog,2.5,2.5,<=3,-3.0,-3.0,-3.0,3,LOST,LOST,LOST,WIN,not_leading,not_leading,not_leading,Q1_LOST__Q2_LOST__Q3_LOST,Q1_LOST__Q2_LOST__Q3_LOST__Q3_LEAD_not_leading,True,True,5.5,0.22647422552108765,341.5513499159255
2024,2024_03_SF_LA,LA,SF,LA,SF,home,home dog,-6.0,6.0,3.5-7,-14.0,-7.0,-7.0,3,LOST,LOST,LOST,WIN,not_leading,not_leading,not_leading,Q1_LOST__Q2_LOST__Q3_LOST,Q1_LOST__Q2_LOST__Q3_LOST__Q3_LEAD_not_leading,True,True,9.0,0.12713497877120972,686.5655932499785
2024,2024_03_WAS_CIN,CIN,WAS,WAS,CIN,away,away dog,7.5,7.5,7.5+,0.0,8.0,8.0,5,TIE,WIN,WIN,WIN,not_leading,8+,8+,Q1_TIE__Q2_WIN__Q3_WIN,Q1_TIE__Q2_WIN__Q3_WIN__Q3_LEAD_8+,True,True,12.5,0.8627690076828003,-628.6983669757127
2024,2024_04_BUF_BAL,BAL,BUF,BUF,BAL,away,away dog,2.5,2.5,<=3,-4.0,-18.0,-18.0,-25,LOST,LOST,LOST,LOST,not_leading,not_leading,not_leading,Q1_LOST__Q2_LOST__Q3_LOST,Q1_LOST__Q2_LOST__Q3_LOST__Q3_LEAD_not_leading,False,False,-22.5,0.01792943850159645,5477.41950430271
2024,2024_04_CIN_CAR,CAR,CIN,CAR,CIN,home,home dog,-4.5,4.5,3.5-7,-7.0,-7.0,-10.0,-10,LOST,LOST,LOST,LOST,not_leading,not_leading,not_leading,Q1_LOST__Q2_LOST__Q3_LOST,Q1_LOST__Q2_LOST__Q3_LOST__Q3_LEAD_not_leading,False,False,-5.5,0.0944981575012207,958.2216907108292
2024,2024_04_CLE_LV,LV,CLE,LV,CLE,home,home dog,-2.5,2.5,<=3,-10.0,0.0,10.0,4,LOST,TIE,WIN,WIN,not_leading,not_leading,8+,Q1_LOST__Q2_TIE__Q3_WIN,Q1_LOST__Q2_TIE__Q3_WIN__Q3_LEAD_8+,True,True,6.5,0.9099911451339722,-1011.0018025320211
2024,2024_04_DAL_NYG,NYG,DAL,NYG,DAL,home,home dog,-5.5,5.5,3.5-7,-4.0,-5.0,-5.0,-5,LOST,LOST,LOST,LOST,not_leading,not_leading,not_leading,Q1_LOST__Q2_LOST__Q3_LOST,Q1_LOST__Q2_LOST__Q3_LOST__Q3_LEAD_not_leading,False,True,0.5,0.40015095472335815,149.90568888967007
2024,2024_04_DEN_NYJ,NYJ,DEN,DEN,NYJ,away,away dog,7.5,7.5,7.5+,0.0,-6.0,1.0,1,TIE,LOST,WIN,WIN,not_leading,not_leading,1-3,Q1_TIE__Q2_LOST__Q3_WIN,Q1_TIE__Q2_LOST__Q3_WIN__Q3_LEAD_1-3,True,True,8.5,0.3221887946128845,210.37702636478016
2024,2024_04_JAX_HOU,HOU,JAX,JAX,HOU,away,away dog,5.5,5.5,3.5-7,3.0,-4.0,3.0,-4,WIN,LOST,WIN,LOST,1-3,not_leading,1-3,Q1_WIN__Q2_LOST__Q3_WIN,Q1_WIN__Q2_LOST__Q3_WIN__Q3_LEAD_1-3,False,True,1.5,0.7555785179138184,-309.1293414411936
2024,2024_04_KC_LAC,LAC,KC,LAC,KC,home,home dog,-7.5,7.5,7.5+,10.0,3.0,0.0,-7,WIN,WIN,TIE,LOST,8+,1-3,not_leading,Q1_WIN__Q2_WIN__Q3_TIE,Q1_WIN__Q2_WIN__Q3_TIE__Q3_LEAD_not_leading,False,True,0.5,0.6726050972938538,-205.4415300098766
2024,2024_04_LA_CHI,CHI,LA,LA,CHI,away,away dog,3.0,3.0,<=3,3.0,-4.0,-8.0,-6,WIN,LOST,LOST,LOST,1-3,not_leading,not_leading,Q1_WIN__Q2_LOST__Q3_LOST,Q1_WIN__Q2_LOST__Q3_LOST__Q3_LEAD_not_leading,False,False,-3.0,0.2972436249256134,236.42437251606478
2024,2024_04_MIN_GB,GB,MIN,MIN,GB,away,away dog,2.5,2.5,<=3,14.0,21.0,21.0,2,WIN,WIN,WIN,WIN,8+,8+,8+,Q1_WIN__Q2_WIN__Q3_WIN,Q1_WIN__Q2_WIN__Q3_WIN__Q3_LEAD_8+,True,True,4.5,0.979025661945343,-4667.730916675902
2024,2024_04_NE_SF,SF,NE,NE,SF,away,away dog,10.5,10.5,7.5+,-6.0,-17.0,-17.0,-17,LOST,LOST,LOST,LOST,not_leading,not_leading,not_leading,Q1_LOST__Q2_LOST__Q3_LOST,Q1_LOST__Q2_LOST__Q3_LOST__Q3_LEAD_not_leading,False,False,-6.5,0.02761600911617279,3521.08802830011
2024,2024_04_NO_ATL,ATL,NO,NO,ATL,away,away dog,2.5,2.5,<=3,0.0,-3.0,-3.0,-2,TIE,LOST,LOST,LOST,not_leading,not_leading,not_leading,Q1_TIE__Q2_LOST__Q3_LOST,Q1_TIE__Q2_LOST__Q3_LOST__Q3_LEAD_not_leading,False,True,0.5,0.2517394423484802,297.2361226635716
2024,2024_04_PHI_TB,TB,PHI,TB,PHI,home,home dog,-1.0,1.0,<=3,14.0,17.0,14.0,17,WIN,WIN,WIN,WIN,8+,8+,8+,Q1_WIN__Q2_WIN__Q3_WIN,Q1_WIN__Q2_WIN__Q3_WIN__Q3_LEAD_8+,True,True,18.0,0.9717822670936584,-3443.870811022042
2024,2024_04_PIT_IND,IND,PIT,IND,PIT,home,home dog,-2.5,2.5,<=3,14.0,14.0,7.0,3,WIN,WIN,WIN,WIN,8+,8+,4-7,Q1_WIN__Q2_WIN__Q3_WIN,Q1_WIN__Q2_WIN__Q3_WIN__Q3_LEAD_4-7,True,True,5.5,0.8930233716964722,-834.7836212996651
2024,2024_04_SEA_DET,DET,SEA,SEA,DET,away,away dog,3.5,3.5,3.5-7,-7.0,-14.0,-15.0,-13,LOST,LOST,LOST,LOST,not_leading,not_leading,not_leading,Q1_LOST__Q2_LOST__Q3_LOST,Q1_LOST__Q2_LOST__Q3_LOST__Q3_LEAD_not_leading,False,False,-9.5,0.0981329083442688,919.0261522585379
2024,2024_04_TEN_MIA,MIA,TEN,TEN,MIA,away,away dog,2.5,2.5,<=3,0.0,6.0,13.0,19,TIE,WIN,WIN,WIN,not_leading,4-7,8+,Q1_TIE__Q2_WIN__Q3_WIN,Q1_TIE__Q2_WIN__Q3_WIN__Q3_LEAD_8+,True,True,21.5,0.9085003137588501,-992.8999224811251
2024,2024_04_WAS_ARI,ARI,WAS,WAS,ARI,away,away dog,3.5,3.5,3.5-7,0.0,10.0,13.0,28,TIE,WIN,WIN,WIN,not_leading,8+,8+,Q1_TIE__Q2_WIN__Q3_WIN,Q1_TIE__Q2_WIN__Q3_WIN__Q3_LEAD_8+,True,True,31.5,0.9480994939804077,-1826.763487859835
2024,2024_05_ARI_SF,SF,ARI,ARI,SF,away,away dog,7.0,7.0,3.5-7,-3.0,-13.0,-10.0,1,LOST,LOST,LOST,WIN,not_leading,not_leading,not_leading,Q1_LOST__Q2_LOST__Q3_LOST,Q1_LOST__Q2_LOST__Q3_LOST__Q3_LEAD_not_leading,True,True,8.0,0.15518875420093536,544.3765884641483
2024,2024_05_BAL_CIN,CIN,BAL,CIN,BAL,home,home dog,-2.5,2.5,<=3,-7.0,3.0,3.0,-3,LOST,WIN,WIN,LOST,not_leading,1-3,1-3,Q1_LOST__Q2_WIN__Q3_WIN,Q1_LOST__Q2_WIN__Q3_WIN__Q3_LEAD_1-3,False,False,-0.5,0.8251970410346985,-472.0726959767887
2024,2024_05_BUF_HOU,HOU,BUF,BUF,HOU,away,away dog,1.0,1.0,<=3,-11.0,-14.0,-3.0,-3,LOST,LOST,LOST,LOST,not_leading,not_leading,not_leading,Q1_LOST__Q2_LOST__Q3_LOST,Q1_LOST__Q2_LOST__Q3_LOST__Q3_LEAD_not_leading,False,False,-2.0,0.4340904653072357,130.3667276571558
2024,2024_05_CAR_CHI,CHI,CAR,CAR,CHI,away,away dog,4.0,4.0,3.5-7,0.0,-20.0,-20.0,-26,TIE,LOST,LOST,LOST,not_leading,not_leading,not_leading,Q1_TIE__Q2_LOST__Q3_LOST,Q1_TIE__Q2_LOST__Q3_LOST__Q3_LEAD_not_leading,False,False,-22.0,0.012070611119270325,8184.584683566963
2024,2024_05_CLE_WAS,WAS,CLE,CLE,WAS,away,away dog,3.0,3.0,<=3,-7.0,-21.0,-28.0,-21,LOST,LOST,LOST,LOST,not_leading,not_leading,not_leading,Q1_LOST__Q2_LOST__Q3_LOST,Q1_LOST__Q2_LOST__Q3_LOST__Q3_LEAD_not_leading,False,False,-18.0,0.0005031372420489788,198652.92791437873
2024,2024_05_DAL_PIT,PIT,DAL,DAL,PIT,away,away dog,2.5,2.5,<=3,0.0,3.0,-4.0,3,TIE,WIN,LOST,WIN,not_leading,1-3,not_leading,Q1_TIE__Q2_WIN__Q3_LOST,Q1_TIE__Q2_WIN__Q3_LOST__Q3_LEAD_not_leading,True,True,5.5,0.4674292206764221,113.93613316533542
2024,2024_05_GB_LA,LA,GB,LA,GB,home,home dog,-3.0,3.0,<=3,-7.0,6.0,-11.0,-5,LOST,WIN,LOST,LOST,not_leading,4-7,not_leading,Q1_LOST__Q2_WIN__Q3_LOST,Q1_LOST__Q2_WIN__Q3_LOST__Q3_LEAD_not_leading,False,False,-2.0,0.15461955964565277,546.7487052037505
2024,2024_05_IND_JAX,JAX,IND,IND,JAX,away,away dog,3.5,3.5,3.5-7,7.0,-3.0,-10.0,-3,WIN,LOST,LOST,LOST,4-7,not_leading,not_leading,Q1_WIN__Q2_LOST__Q3_LOST,Q1_WIN__Q2_LOST__Q3_LOST__Q3_LEAD_not_leading,False,True,0.5,0.207793727517128,381.24648031908094
2024,2024_05_LV_DEN,DEN,LV,LV,DEN,away,away dog,3.0,3.0,<=3,10.0,-3.0,-10.0,-16,WIN,LOST,LOST,LOST,8+,not_leading,not_leading,Q1_WIN__Q2_LOST__Q3_LOST,Q1_WIN__Q2_LOST__Q3_LOST__Q3_LEAD_not_leading,False,False,-13.0,0.0834168791770935,1098.7981447699647
2024,2024_05_MIA_NE,NE,MIA,NE,MIA,home,home dog,-2.0,2.0,<=3,4.0,4.0,1.0,-5,WIN,WIN,WIN,LOST,4-7,4-7,1-3,Q1_WIN__Q2_WIN__Q3_WIN,Q1_WIN__Q2_WIN__Q3_WIN__Q3_LEAD_1-3,False,False,-3.0,0.6310766935348511,-171.05904736177652
2024,2024_05_NO_KC,KC,NO,NO,KC,away,away dog,5.5,5.5,3.5-7,-7.0,-9.0,-9.0,-13,LOST,LOST,LOST,LOST,not_leading,not_leading,not_leading,Q1_LOST__Q2_LOST__Q3_LOST,Q1_LOST__Q2_LOST__Q3_LOST__Q3_LEAD_not_leading,False,False,-7.5,0.2813418209552765,255.43951361534872
2024,2024_05_NYG_SEA,SEA,NYG,NYG,SEA,away,away dog,7.0,7.0,3.5-7,-7.0,0.0,7.0,9,LOST,TIE,WIN,WIN,not_leading,not_leading,4-7,Q1_LOST__Q2_TIE__Q3_WIN,Q1_LOST__Q2_TIE__Q3_WIN__Q3_LEAD_4-7,True,True,16.0,0.7863541841506958,-368.06439715409795
2024,2024_05_NYJ_MIN,MIN,NYJ,NYJ,MIN,away,away dog,2.5,2.5,<=3,-10.0,-10.0,-7.0,-6,LOST,LOST,LOST,LOST,not_leading,not_leading,not_leading,Q1_LOST__Q2_LOST__Q3_LOST,Q1_LOST__Q2_LOST__Q3_LOST__Q3_LEAD_not_leading,False,False,-3.5,0.1564319133758545,539.2557493031032
2024,2024_05_TB_ATL,ATL,TB,TB,ATL,away,away dog,2.5,2.5,<=3,3.0,7.0,7.0,-6,WIN,WIN,WIN,LOST,1-3,4-7,4-7,Q1_WIN__Q2_WIN__Q3_WIN,Q1_WIN__Q2_WIN__Q3_WIN__Q3_LEAD_4-7,False,False,-3.5,0.6290780305862427,-169.5984822846976
2024,2024_06_ARI_GB,GB,ARI,ARI,GB,away,away dog,5.5,5.5,3.5-7,-7.0,-14.0,-18.0,-21,LOST,LOST,LOST,LOST,not_leading,not_leading,not_leading,Q1_LOST__Q2_LOST__Q3_LOST,Q1_LOST__Q2_LOST__Q3_LOST__Q3_LEAD_not_leading,False,False,-15.5,0.014333188533782959,6876.81466788095
2024,2024_06_ATL_CAR,CAR,ATL,CAR,ATL,home,home dog,-6.0,6.0,3.5-7,0.0,-5.0,-8.0,-18,TIE,LOST,LOST,LOST,not_leading,not_leading,not_leading,Q1_TIE__Q2_LOST__Q3_LOST,Q1_TIE__Q2_LOST__Q3_LOST__Q3_LEAD_not_leading,False,False,-12.0,0.17681312561035156,465.5688719647037
2024,2024_06_BUF_NYJ,NYJ,BUF,NYJ,BUF,home,home dog,-1.0,1.0,<=3,3.0,-3.0,0.0,-3,WIN,LOST,TIE,LOST,1-3,not_leading,not_leading,Q1_WIN__Q2_LOST__Q3_TIE,Q1_WIN__Q2_LOST__Q3_TIE__Q3_LEAD_not_leading,False,False,-2.0,0.5895830988883972,-143.65468315060315
2024,2024_06_CIN_NYG,NYG,CIN,NYG,CIN,home,home dog,-4.5,4.5,3.5-7,-7.0,-7.0,-3.0,-10,LOST,LOST,LOST,LOST,not_leading,not_leading,not_leading,Q1_LOST__Q2_LOST__Q3_LOST,Q1_LOST__Q2_LOST__Q3_LOST__Q3_LEAD_not_leading,False,False,-5.5,0.45763376355171204,118.51534559840256
2024,2024_06_CLE_PHI,PHI,CLE,CLE,PHI,away,away dog,8.0,8.0,7.5+,0.0,0.0,-3.0,-4,TIE,TIE,LOST,LOST,not_leading,not_leading,not_leading,Q1_TIE__Q2_TIE__Q3_LOST,Q1_TIE__Q2_TIE__Q3_LOST__Q3_LEAD_not_leading,False,True,4.0,0.4192826449871063,138.5025977001151
2024,2024_06_DET_DAL,DAL,DET,DAL,DET,home,home dog,-3.5,3.5,3.5-7,-4.0,-21.0,-28.0,-38,LOST,LOST,LOST,LOST,not_leading,not_leading,not_leading,Q1_LOST__Q2_LOST__Q3_LOST,Q1_LOST__Q2_LOST__Q3_LOST__Q3_LEAD_not_leading,False,False,-34.5,0.0006074905395507812,164511.6169544741
2024,2024_06_HOU_NE,NE,HOU,NE,HOU,home,home dog,-6.5,6.5,3.5-7,-14.0,-7.0,-13.0,-20,LOST,LOST,LOST,LOST,not_leading,not_leading,not_leading,Q1_LOST__Q2_LOST__Q3_LOST,Q1_LOST__Q2_LOST__Q3_LOST__Q3_LEAD_not_leading,False,False,-13.5,0.04772031307220459,1995.543670233096
2024,2024_06_IND_TEN,TEN,IND,IND,TEN,away,away dog,2.5,2.5,<=3,0.0,0.0,-7.0,3,TIE,TIE,LOST,WIN,not_leading,not_leading,not_leading,Q1_TIE__Q2_TIE__Q3_LOST,Q1_TIE__Q2_TIE__Q3_LOST__Q3_LEAD_not_leading,True,True,5.5,0.25743475556373596,288.44793812326515
2024,2024_06_JAX_CHI,CHI,JAX,CHI,JAX,home,home dog,-1.5,1.5,<=3,-3.0,11.0,11.0,19,LOST,WIN,WIN,WIN,not_leading,8+,8+,Q1_LOST__Q2_WIN__Q3_WIN,Q1_LOST__Q2_WIN__Q3_WIN__Q3_LEAD_8+,True,True,20.5,0.9575886726379395,-2257.8606523278954
2024,2024_06_LAC_DEN,DEN,LAC,DEN,LAC,home,home dog,-3.0,3.0,<=3,-10.0,-20.0,-23.0,-7,LOST,LOST,LOST,LOST,not_leading,not_leading,not_leading,Q1_LOST__Q2_LOST__Q3_LOST,Q1_LOST__Q2_LOST__Q3_LOST__Q3_LEAD_not_leading,False,False,-4.0,0.0013889074325561523,71899.03870912368
2024,2024_06_PIT_LV,LV,PIT,LV,PIT,home,home dog,-3.5,3.5,3.5-7,4.0,-5.0,-15.0,-19,WIN,LOST,LOST,LOST,4-7,not_leading,not_leading,Q1_WIN__Q2_LOST__Q3_LOST,Q1_WIN__Q2_LOST__Q3_LOST__Q3_LEAD_not_leading,False,False,-15.5,0.10770973563194275,828.4211813657416
2024,2024_06_SF_SEA,SEA,SF,SEA,SF,home,home dog,-3.5,3.5,3.5-7,-3.0,-13.0,-6.0,-12,LOST,LOST,LOST,LOST,not_leading,not_leading,not_leading,Q1_LOST__Q2_LOST__Q3_LOST,Q1_LOST__Q2_LOST__Q3_LOST__Q3_LEAD_not_leading,False,False,-8.5,0.254849374294281,292.3886424163925
2024,2024_06_TB_NO,NO,TB,NO,TB,home,home dog,-3.5,3.5,3.5-7,-17.0,3.0,-4.0,-24,LOST,WIN,LOST,LOST,not_leading,1-3,not_leading,Q1_LOST__Q2_WIN__Q3_LOST,Q1_LOST__Q2_WIN__Q3_LOST__Q3_LEAD_not_leading,False,False,-20.5,0.3705286979675293,169.88462850120004
2024,2024_06_WAS_BAL,BAL,WAS,WAS,BAL,away,away dog,6.5,6.5,3.5-7,0.0,-7.0,-14.0,-7,TIE,LOST,LOST,LOST,not_leading,not_leading,not_leading,Q1_TIE__Q2_LOST__Q3_LOST,Q1_TIE__Q2_LOST__Q3_LOST__Q3_LEAD_not_leading,False,False,-0.5,0.10640323162078857,839.8210794611097
2024,2024_07_BAL_TB,TB,BAL,TB,BAL,home,home dog,-4.5,4.5,3.5-7,10.0,-7.0,-24.0,-10,WIN,LOST,LOST,LOST,8+,not_leading,not_leading,Q1_WIN__Q2_LOST__Q3_LOST,Q1_WIN__Q2_LOST__Q3_LOST__Q3_LEAD_not_leading,False,False,-5.5,0.000643312931060791,155345.34420457704
2024,2024_07_CAR_WAS,WAS,CAR,CAR,WAS,away,away dog,10.0,10.0,7.5+,-10.0,-27.0,-37.0,-33,LOST,LOST,LOST,LOST,not_leading,not_leading,not_leading,Q1_LOST__Q2_LOST__Q3_LOST,Q1_LOST__Q2_LOST__Q3_LOST__Q3_LEAD_not_leading,False,False,-23.0,6.129033135948703e-05,1631478.7136713068
2024,2024_07_CIN_CLE,CLE,CIN,CLE,CIN,home,home dog,-5.5,5.5,3.5-7,-7.0,-1.0,-15.0,-7,LOST,LOST,LOST,LOST,not_leading,not_leading,not_leading,Q1_LOST__Q2_LOST__Q3_LOST,Q1_LOST__Q2_LOST__Q3_LOST__Q3_LEAD_not_leading,False,False,-1.5,0.025949478149414062,3753.6420433664093
2024,2024_07_DEN_NO,NO,DEN,NO,DEN,home,home dog,-2.5,2.5,<=3,-3.0,-13.0,-23.0,-23,LOST,LOST,LOST,LOST,not_leading,not_leading,not_leading,Q1_LOST__Q2_LOST__Q3_LOST,Q1_LOST__Q2_LOST__Q3_LOST__Q3_LEAD_not_leading,False,False,-20.5,0.0012292265892028809,81251.96625127285
2024,2024_07_DET_MIN,MIN,DET,DET,MIN,away,away dog,1.0,1.0,<=3,-10.0,11.0,11.0,2,LOST,WIN,WIN,WIN,not_leading,8+,8+,Q1_LOST__Q2_WIN__Q3_WIN,Q1_LOST__Q2_WIN__Q3_WIN__Q3_LEAD_8+,True,True,3.0,0.8427888751029968,-536.0873002181937
2024,2024_07_HOU_GB,GB,HOU,HOU,GB,away,away dog,3.0,3.0,<=3,3.0,5.0,-2.0,-2,WIN,WIN,LOST,LOST,1-3,4-7,not_leading,Q1_WIN__Q2_WIN__Q3_LOST,Q1_WIN__Q2_WIN__Q3_LOST__Q3_LEAD_not_leading,False,True,1.0,0.3121417164802551,220.36730344028084
2024,2024_07_KC_SF,SF,KC,KC,SF,away,away dog,2.5,2.5,<=3,-3.0,8.0,2.0,10,LOST,WIN,WIN,WIN,not_leading,8+,1-3,Q1_LOST__Q2_WIN__Q3_WIN,Q1_LOST__Q2_WIN__Q3_WIN__Q3_LEAD_1-3,True,True,12.5,0.7865185141563416,-368.4246954943636
2024,2024_07_LAC_ARI,ARI,LAC,ARI,LAC,home,home dog,-1.0,1.0,<=3,0.0,1.0,-2.0,2,TIE,WIN,LOST,WIN,not_leading,1-3,not_leading,Q1_TIE__Q2_WIN__Q3_LOST,Q1_TIE__Q2_WIN__Q3_LOST__Q3_LEAD_not_leading,True,True,3.0,0.5070575475692749,-102.86343670928473
2024,2024_07_LV_LA,LA,LV,LV,LA,away,away dog,7.0,7.0,3.5-7,0.0,-8.0,-11.0,-5,TIE,LOST,LOST,LOST,not_leading,not_leading,not_leading,Q1_TIE__Q2_LOST__Q3_LOST,Q1_TIE__Q2_LOST__Q3_LOST__Q3_LEAD_not_leading,False,True,2.0,0.19271840155124664,418.8918089558175
2024,2024_07_MIA_IND,IND,MIA,MIA,IND,away,away dog,3.0,3.0,<=3,7.0,7.0,0.0,-6,WIN,WIN,TIE,LOST,4-7,4-7,not_leading,Q1_WIN__Q2_WIN__Q3_TIE,Q1_WIN__Q2_WIN__Q3_TIE__Q3_LEAD_not_leading,False,False,-3.0,0.39704322814941406,151.86174428938583
2024,2024_07_NE_JAX,JAX,NE,NE,JAX,away,away dog,6.5,6.5,3.5-7,7.0,-12.0,-15.0,-16,WIN,LOST,LOST,LOST,4-7,not_leading,not_leading,Q1_WIN__Q2_LOST__Q3_LOST,Q1_WIN__Q2_LOST__Q3_LOST__Q3_LEAD_not_leading,False,False,-9.5,0.020718932151794434,4726.503570134002
2024,2024_07_NYJ_PIT,PIT,NYJ,PIT,NYJ,home,home dog,-3.0,3.0,<=3,-4.0,-2.0,8.0,22,LOST,LOST,WIN,WIN,not_leading,not_leading,8+,Q1_LOST__Q2_LOST__Q3_WIN,Q1_LOST__Q2_LOST__Q3_WIN__Q3_LEAD_8+,True,True,25.0,0.8931634426116943,-836.0091942736635
2024,2024_07_PHI_NYG,NYG,PHI,NYG,PHI,home,home dog,-3.0,3.0,<=3,0.0,-11.0,-18.0,-25,TIE,LOST,LOST,LOST,not_leading,not_leading,not_leading,Q1_TIE__Q2_LOST__Q3_LOST,Q1_TIE__Q2_LOST__Q3_LOST__Q3_LEAD_not_leading,False,False,-22.0,0.019910216331481934,4922.547135355858
2024,2024_07_SEA_ATL,ATL,SEA,SEA,ATL,away,away dog,3.0,3.0,<=3,3.0,3.0,10.0,20,WIN,WIN,WIN,WIN,1-3,1-3,8+,Q1_WIN__Q2_WIN__Q3_WIN,Q1_WIN__Q2_WIN__Q3_WIN__Q3_LEAD_8+,True,True,23.0,0.8131420612335205,-435.16591620424657
2024,2024_07_TEN_BUF,BUF,TEN,TEN,BUF,away,away dog,9.5,9.5,7.5+,3.0,3.0,-7.0,-24,WIN,WIN,LOST,LOST,1-3,1-3,not_leading,Q1_WIN__Q2_WIN__Q3_LOST,Q1_WIN__Q2_WIN__Q3_LOST__Q3_LEAD_not_leading,False,False,-14.5,0.10471004247665405,855.0182354504899
2024,2024_08_ARI_MIA,MIA,ARI,ARI,MIA,away,away dog,4.0,4.0,3.5-7,-10.0,-6.0,-8.0,1,LOST,LOST,LOST,WIN,not_leading,not_leading,not_leading,Q1_LOST__Q2_LOST__Q3_LOST,Q1_LOST__Q2_LOST__Q3_LOST__Q3_LEAD_not_leading,True,True,5.0,0.27098751068115234,269.0206967422251
2024,2024_08_ATL_TB,TB,ATL,TB,ATL,home,home dog,-1.5,1.5,<=3,0.0,-7.0,-14.0,-5,TIE,LOST,LOST,LOST,not_leading,not_leading,not_leading,Q1_TIE__Q2_LOST__Q3_LOST,Q1_TIE__Q2_LOST__Q3_LOST__Q3_LEAD_not_leading,False,False,-3.5,0.08950155228376389,1017.2990573722217
2024,2024_08_BAL_CLE,CLE,BAL,CLE,BAL,home,home dog,-7.5,7.5,7.5+,3.0,-4.0,3.0,5,WIN,LOST,WIN,WIN,1-3,not_leading,1-3,Q1_WIN__Q2_LOST__Q3_WIN,Q1_WIN__Q2_LOST__Q3_WIN__Q3_LEAD_1-3,True,True,12.5,0.5659095048904419,-130.3667118414133
2024,2024_08_BUF_SEA,SEA,BUF,SEA,BUF,home,home dog,-3.0,3.0,<=3,-7.0,-11.0,-21.0,-21,LOST,LOST,LOST,LOST,not_leading,not_leading,not_leading,Q1_LOST__Q2_LOST__Q3_LOST,Q1_LOST__Q2_LOST__Q3_LOST__Q3_LEAD_not_leading,False,False,-18.0,0.014449357986450195,6820.722712647472
2024,2024_08_CAR_DEN,DEN,CAR,CAR,DEN,away,away dog,13.0,13.0,7.5+,7.0,-14.0,-21.0,-14,WIN,LOST,LOST,LOST,4-7,not_leading,not_leading,Q1_WIN__Q2_LOST__Q3_LOST,Q1_WIN__Q2_LOST__Q3_LOST__Q3_LEAD_not_leading,False,False,-1.0,0.011918374337255955,8290.40603779388
2024,2024_08_CHI_WAS,WAS,CHI,CHI,WAS,away,away dog,1.5,1.5,<=3,-6.0,-9.0,-5.0,-3,LOST,LOST,LOST,LOST,not_leading,not_leading,not_leading,Q1_LOST__Q2_LOST__Q3_LOST,Q1_LOST__Q2_LOST__Q3_LOST__Q3_LEAD_not_leading,False,False,-1.5,0.1572754979133606,535.8269490590815
2024,2024_08_DAL_SF,SF,DAL,DAL,SF,away,away dog,5.5,5.5,3.5-7,-3.0,4.0,-17.0,-6,LOST,WIN,LOST,LOST,not_leading,4-7,not_leading,Q1_LOST__Q2_WIN__Q3_LOST,Q1_LOST__Q2_WIN__Q3_LOST__Q3_LEAD_not_leading,False,False,-0.5,0.036252278834581375,2658.447281515696
2024,2024_08_GB_JAX,JAX,GB,JAX,GB,home,home dog,-3.5,3.5,3.5-7,0.0,-3.0,-3.0,-3,TIE,LOST,LOST,LOST,not_leading,not_leading,not_leading,Q1_TIE__Q2_LOST__Q3_LOST,Q1_TIE__Q2_LOST__Q3_LOST__Q3_LEAD_not_leading,False,True,0.5,0.39466530084609985,153.37925524644768
2024,2024_08_IND_HOU,HOU,IND,IND,HOU,away,away dog,5.0,5.0,3.5-7,7.0,-7.0,-7.0,-3,WIN,LOST,LOST,LOST,4-7,not_leading,not_leading,Q1_WIN__Q2_LOST__Q3_LOST,Q1_WIN__Q2_LOST__Q3_LOST__Q3_LEAD_not_leading,False,True,2.0,0.1652454137802124,505.16051678751444
2024,2024_08_KC_LV,LV,KC,LV,KC,home,home dog,-9.0,9.0,7.5+,0.0,-7.0,-4.0,-7,TIE,LOST,LOST,LOST,not_leading,not_leading,not_leading,Q1_TIE__Q2_LOST__Q3_LOST,Q1_TIE__Q2_LOST__Q3_LOST__Q3_LEAD_not_leading,False,True,2.0,0.29344332218170166,240.7813108729715
2024,2024_08_MIN_LA,LA,MIN,LA,MIN,home,home dog,-3.0,3.0,<=3,-7.0,0.0,4.0,10,LOST,TIE,WIN,WIN,not_leading,not_leading,4-7,Q1_LOST__Q2_TIE__Q3_WIN,Q1_LOST__Q2_TIE__Q3_WIN__Q3_LEAD_4-7,True,True,13.0,0.6705381870269775,-203.5253132908255
2024,2024_08_NO_LAC,LAC,NO,NO,LAC,away,away dog,7.0,7.0,3.5-7,2.0,-4.0,-8.0,-18,WIN,LOST,LOST,LOST,1-3,not_leading,not_leading,Q1_WIN__Q2_LOST__Q3_LOST,Q1_WIN__Q2_LOST__Q3_LOST__Q3_LEAD_not_leading,False,False,-11.0,0.11914384365081787,739.3215875515658
2024,2024_08_NYG_PIT,PIT,NYG,NYG,PIT,away,away dog,6.0,6.0,3.5-7,-3.0,0.0,-7.0,-8,LOST,TIE,LOST,LOST,not_leading,not_leading,not_leading,Q1_LOST__Q2_TIE__Q3_LOST,Q1_LOST__Q2_TIE__Q3_LOST__Q3_LEAD_not_leading,False,False,-2.0,0.12448745965957642,703.2937636727438
2024,2024_08_NYJ_NE,NE,NYJ,NE,NYJ,home,home dog,-7.0,7.0,3.5-7,1.0,-6.0,-2.0,3,WIN,LOST,LOST,WIN,1-3,not_leading,not_leading,Q1_WIN__Q2_LOST__Q3_LOST,Q1_WIN__Q2_LOST__Q3_LOST__Q3_LEAD_not_leading,True,True,10.0,0.31911700963974,213.36468122740547
2024,2024_08_PHI_CIN,CIN,PHI,PHI,CIN,away,away dog,2.5,2.5,<=3,-7.0,0.0,7.0,20,LOST,TIE,WIN,WIN,not_leading,not_leading,4-7,Q1_LOST__Q2_TIE__Q3_WIN,Q1_LOST__Q2_TIE__Q3_WIN__Q3_LEAD_4-7,True,True,22.5,0.8376867175102234,-516.0925246909387
2024,2024_08_TEN_DET,DET,TEN,TEN,DET,away,away dog,12.5,12.5,7.5+,-7.0,-21.0,-38.0,-38,LOST,LOST,LOST,LOST,not_leading,not_leading,not_leading,Q1_LOST__Q2_LOST__Q3_LOST,Q1_LOST__Q2_LOST__Q3_LOST__Q3_LEAD_not_leading,False,False,-25.5,5.757407780038193e-05,1736792.7791898844
2024,2024_09_CHI_ARI,ARI,CHI,CHI,ARI,away,away dog,1.5,1.5,<=3,-7.0,-12.0,-15.0,-20,LOST,LOST,LOST,LOST,not_leading,not_leading,not_leading,Q1_LOST__Q2_LOST__Q3_LOST,Q1_LOST__Q2_LOST__Q3_LOST__Q3_LEAD_not_leading,False,False,-18.5,0.03927496820688248,2446.1510108231273
2024,2024_09_DAL_ATL,ATL,DAL,DAL,ATL,away,away dog,3.0,3.0,<=3,-4.0,-4.0,-8.0,-6,LOST,LOST,LOST,LOST,not_leading,not_leading,not_leading,Q1_LOST__Q2_LOST__Q3_LOST,Q1_LOST__Q2_LOST__Q3_LOST__Q3_LEAD_not_leading,False,False,-3.0,0.1334100365638733,649.5687923908376
2024,2024_09_DEN_BAL,BAL,DEN,DEN,BAL,away,away dog,9.0,9.0,7.5+,-7.0,-14.0,-28.0,-31,LOST,LOST,LOST,LOST,not_leading,not_leading,not_leading,Q1_LOST__Q2_LOST__Q3_LOST,Q1_LOST__Q2_LOST__Q3_LOST__Q3_LEAD_not_leading,False,False,-22.0,0.000347137451171875,287970.3296703297
2024,2024_09_DET_GB,GB,DET,GB,DET,home,home dog,-2.5,2.5,<=3,3.0,-14.0,-18.0,-10,WIN,LOST,LOST,LOST,1-3,not_leading,not_leading,Q1_WIN__Q2_LOST__Q3_LOST,Q1_WIN__Q2_LOST__Q3_LOST__Q3_LEAD_not_leading,False,False,-7.5,0.02147841453552246,4555.837135213737
2024,2024_09_HOU_NYJ,NYJ,HOU,HOU,NYJ,away,away dog,2.5,2.5,<=3,0.0,7.0,3.0,-8,TIE,WIN,WIN,LOST,not_leading,4-7,1-3,Q1_TIE__Q2_WIN__Q3_WIN,Q1_TIE__Q2_WIN__Q3_WIN__Q3_LEAD_1-3,False,False,-5.5,0.489022433757782,104.4895961757269
2024,2024_09_IND_MIN,MIN,IND,IND,MIN,away,away dog,6.5,6.5,3.5-7,0.0,7.0,-7.0,-8,TIE,WIN,LOST,LOST,not_leading,4-7,not_leading,Q1_TIE__Q2_WIN__Q3_LOST,Q1_TIE__Q2_WIN__Q3_LOST__Q3_LEAD_not_leading,False,False,-1.5,0.2576359212398529,288.14463262249205
2024,2024_09_JAX_PHI,PHI,JAX,JAX,PHI,away,away dog,7.5,7.5,7.5+,-7.0,-16.0,-6.0,-5,LOST,LOST,LOST,LOST,not_leading,not_leading,not_leading,Q1_LOST__Q2_LOST__Q3_LOST,Q1_LOST__Q2_LOST__Q3_LOST__Q3_LEAD_not_leading,False,True,2.5,0.22303500771522522,348.36010734100387
2024,2024_09_LAC_CLE,CLE,LAC,CLE,LAC,home,home dog,-2.0,2.0,<=3,-7.0,-17.0,-17.0,-17,LOST,LOST,LOST,LOST,not_leading,not_leading,not_leading,Q1_LOST__Q2_LOST__Q3_LOST,Q1_LOST__Q2_LOST__Q3_LOST__Q3_LEAD_not_leading,False,False,-15.0,0.04510417953133583,2117.0894369229277
2024,2024_09_LA_SEA,SEA,LA,SEA,LA,home,home dog,-1.5,1.5,<=3,0.0,10.0,0.0,-6,TIE,WIN,TIE,LOST,not_leading,8+,not_leading,Q1_TIE__Q2_WIN__Q3_TIE,Q1_TIE__Q2_WIN__Q3_TIE__Q3_LEAD_not_leading,False,False,-4.5,0.5670631527900696,-130.9805705946534
2024,2024_09_LV_CIN,CIN,LV,LV,CIN,away,away dog,8.0,8.0,7.5+,0.0,-7.0,-21.0,-17,TIE,LOST,LOST,LOST,not_leading,not_leading,not_leading,Q1_TIE__Q2_LOST__Q3_LOST,Q1_TIE__Q2_LOST__Q3_LOST__Q3_LEAD_not_leading,False,False,-9.0,0.012465868145227432,7921.904197525551
2024,2024_09_MIA_BUF,BUF,MIA,MIA,BUF,away,away dog,6.5,6.5,3.5-7,0.0,4.0,-7.0,-3,TIE,WIN,LOST,LOST,not_leading,4-7,not_leading,Q1_TIE__Q2_WIN__Q3_LOST,Q1_TIE__Q2_WIN__Q3_LOST__Q3_LEAD_not_leading,False,True,3.5,0.2623733580112457,281.1362584905204
2024,2024_09_NE_TEN,TEN,NE,NE,TEN,away,away dog,3.0,3.0,<=3,-7.0,-4.0,0.0,-3,LOST,LOST,TIE,LOST,not_leading,not_leading,not_leading,Q1_LOST__Q2_LOST__Q3_TIE,Q1_LOST__Q2_LOST__Q3_TIE__Q3_LEAD_not_leading,False,False,0.0,0.43066033720970154,132.20155505359895
2024,2024_09_NO_CAR,CAR,NO,CAR,NO,home,home dog,-7.0,7.0,3.5-7,-6.0,-3.0,1.0,1,LOST,LOST,WIN,WIN,not_leading,not_leading,1-3,Q1_LOST__Q2_LOST__Q3_WIN,Q1_LOST__Q2_LOST__Q3_WIN__Q3_LEAD_1-3,True,True,8.0,0.5179626941680908,-107.45282323619764
2024,2024_09_TB_KC,KC,TB,TB,KC,away,away dog,9.0,9.0,7.5+,-3.0,-3.0,7.0,-6,LOST,LOST,WIN,LOST,not_leading,not_leading,4-7,Q1_LOST__Q2_LOST__Q3_WIN,Q1_LOST__Q2_LOST__Q3_WIN__Q3_LEAD_4-7,False,True,3.0,0.6207495927810669,-163.67802933504078
2024,2024_09_WAS_NYG,NYG,WAS,NYG,WAS,home,home dog,-4.5,4.5,3.5-7,-7.0,-14.0,-14.0,-5,LOST,LOST,LOST,LOST,not_leading,not_leading,not_leading,Q1_LOST__Q2_LOST__Q3_LOST,Q1_LOST__Q2_LOST__Q3_LOST__Q3_LEAD_not_leading,False,False,-0.5,0.054746728390455246,1726.593167116711
2024,2024_10_ATL_NO,NO,ATL,NO,ATL,home,home dog,-3.5,3.5,3.5-7,0.0,10.0,3.0,3,TIE,WIN,WIN,WIN,not_leading,8+,1-3,Q1_TIE__Q2_WIN__Q3_WIN,Q1_TIE__Q2_WIN__Q3_WIN__Q3_LEAD_1-3,True,True,6.5,0.7069588303565979,-241.24897918503626
2024,2024_10_BUF_IND,IND,BUF,IND,BUF,home,home dog,-4.5,4.5,3.5-7,-7.0,-7.0,-7.0,-10,LOST,LOST,LOST,LOST,not_leading,not_leading,not_leading,Q1_LOST__Q2_LOST__Q3_LOST,Q1_LOST__Q2_LOST__Q3_LOST__Q3_LEAD_not_leading,False,False,-5.5,0.13549292087554932,638.0459388859904
2024,2024_10_CIN_BAL,BAL,CIN,CIN,BAL,away,away dog,6.0,6.0,3.5-7,7.0,7.0,7.0,-1,WIN,WIN,WIN,LOST,4-7,4-7,4-7,Q1_WIN__Q2_WIN__Q3_WIN,Q1_WIN__Q2_WIN__Q3_WIN__Q3_LEAD_4-7,False,True,5.0,0.8299165368080139,-487.94663586501895
2024,2024_10_DEN_KC,KC,DEN,DEN,KC,away,away dog,7.5,7.5,7.5+,0.0,4.0,1.0,-2,TIE,WIN,WIN,LOST,not_leading,4-7,1-3,Q1_TIE__Q2_WIN__Q3_WIN,Q1_TIE__Q2_WIN__Q3_WIN__Q3_LEAD_1-3,False,True,5.5,0.46581578254699707,114.67714007717376
2024,2024_10_DET_HOU,HOU,DET,HOU,DET,home,home dog,-4.5,4.5,3.5-7,10.0,16.0,10.0,-3,WIN,WIN,WIN,LOST,8+,8+,8+,Q1_WIN__Q2_WIN__Q3_WIN,Q1_WIN__Q2_WIN__Q3_WIN__Q3_LEAD_8+,False,True,1.5,0.8669353723526001,-651.5145216877929
2024,2024_10_MIA_LA,LA,MIA,MIA,LA,away,away dog,2.5,2.5,<=3,7.0,4.0,11.0,8,WIN,WIN,WIN,WIN,4-7,4-7,8+,Q1_WIN__Q2_WIN__Q3_WIN,Q1_WIN__Q2_WIN__Q3_WIN__Q3_LEAD_8+,True,True,10.5,0.8889153003692627,-800.2139838557015
2024,2024_10_MIN_JAX,JAX,MIN,JAX,MIN,home,home dog,-7.0,7.0,3.5-7,4.0,4.0,1.0,-5,WIN,WIN,WIN,LOST,4-7,4-7,1-3,Q1_WIN__Q2_WIN__Q3_WIN,Q1_WIN__Q2_WIN__Q3_WIN__Q3_LEAD_1-3,False,True,2.0,0.5610153675079346,-127.7984070474437
2024,2024_10_NE_CHI,CHI,NE,NE,CHI,away,away dog,6.5,6.5,3.5-7,3.0,7.0,10.0,16,WIN,WIN,WIN,WIN,1-3,4-7,8+,Q1_WIN__Q2_WIN__Q3_WIN,Q1_WIN__Q2_WIN__Q3_WIN__Q3_LEAD_8+,True,True,22.5,0.8456860780715942,-548.0296706242434
2024,2024_10_NYG_CAR,CAR,NYG,CAR,NYG,home,home dog,-6.5,6.5,3.5-7,7.0,10.0,10.0,3,WIN,WIN,WIN,WIN,4-7,8+,8+,Q1_WIN__Q2_WIN__Q3_WIN,Q1_WIN__Q2_WIN__Q3_WIN__Q3_LEAD_8+,True,True,9.5,0.8919214010238647,-825.2525564481172
2024,2024_10_NYJ_ARI,ARI,NYJ,ARI,NYJ,home,home dog,-2.0,2.0,<=3,11.0,15.0,25.0,25,WIN,WIN,WIN,WIN,8+,8+,8+,Q1_WIN__Q2_WIN__Q3_WIN,Q1_WIN__Q2_WIN__Q3_WIN__Q3_LEAD_8+,True,True,27.0,0.9997319579124451,-372975.73938181007
2024,2024_10_PHI_DAL,DAL,PHI,DAL,PHI,home,home dog,-7.5,7.5,7.5+,-4.0,-8.0,-22.0,-28,LOST,LOST,LOST,LOST,not_leading,not_leading,not_leading,Q1_LOST__Q2_LOST__Q3_LOST,Q1_LOST__Q2_LOST__Q3_LOST__Q3_LEAD_not_leading,False,False,-20.5,0.0013499855995178223,73974.86423241644
2024,2024_10_PIT_WAS,WAS,PIT,PIT,WAS,away,away dog,1.5,1.5,<=3,0.0,-3.0,-6.0,1,TIE,LOST,LOST,WIN,not_leading,not_leading,not_leading,Q1_TIE__Q2_LOST__Q3_LOST,Q1_TIE__Q2_LOST__Q3_LOST__Q3_LEAD_not_leading,True,True,2.5,0.20939838886260986,377.5585931829296
2024,2024_10_SF_TB,TB,SF,TB,SF,home,home dog,-6.5,6.5,3.5-7,-7.0,-7.0,-3.0,-3,LOST,LOST,LOST,LOST,not_leading,not_leading,not_leading,Q1_LOST__Q2_LOST__Q3_LOST,Q1_LOST__Q2_LOST__Q3_LOST__Q3_LEAD_not_leading,False,True,3.5,0.5611607432365417,-127.87387057740298
2024,2024_10_TEN_LAC,LAC,TEN,TEN,LAC,away,away dog,8.0,8.0,7.5+,4.0,-6.0,-10.0,-10,WIN,LOST,LOST,LOST,4-7,not_leading,not_leading,Q1_WIN__Q2_LOST__Q3_LOST,Q1_WIN__Q2_LOST__Q3_LOST__Q3_LEAD_not_leading,False,False,-2.0,0.09481372684240341,954.6996023710476
2024,2024_11_ATL_DEN,DEN,ATL,ATL,DEN,away,away dog,2.0,2.0,<=3,-4.0,-15.0,-22.0,-32,LOST,LOST,LOST,LOST,not_leading,not_leading,not_leading,Q1_LOST__Q2_LOST__Q3_LOST,Q1_LOST__Q2_LOST__Q3_LOST__Q3_LEAD_not_leading,False,False,-30.0,0.0007362961769104004,135714.91135756497
2024,2024_11_BAL_PIT,PIT,BAL,PIT,BAL,home,home dog,-3.0,3.0,<=3,3.0,2.0,5.0,2,WIN,WIN,WIN,WIN,1-3,1-3,4-7,Q1_WIN__Q2_WIN__Q3_WIN,Q1_WIN__Q2_WIN__Q3_WIN__Q3_LEAD_4-7,True,True,5.0,0.7598580121994019,-316.42030581938457
2024,2024_11_CIN_LAC,LAC,CIN,CIN,LAC,away,away dog,1.0,1.0,<=3,-4.0,-18.0,-7.0,-7,LOST,LOST,LOST,LOST,not_leading,not_leading,not_leading,Q1_LOST__Q2_LOST__Q3_LOST,Q1_LOST__Q2_LOST__Q3_LOST__Q3_LEAD_not_leading,False,False,-6.0,0.12322068214416504,711.5520727518987
2024,2024_11_CLE_NO,NO,CLE,NO,CLE,home,home dog,-1.0,1.0,<=3,1.0,8.0,0.0,21,WIN,WIN,TIE,WIN,1-3,8+,not_leading,Q1_WIN__Q2_WIN__Q3_TIE,Q1_WIN__Q2_WIN__Q3_TIE__Q3_LEAD_not_leading,True,True,22.0,0.6073480248451233,-154.6784591126945
2024,2024_11_GB_CHI,CHI,GB,CHI,GB,home,home dog,-6.0,6.0,3.5-7,-4.0,3.0,5.0,-1,LOST,WIN,WIN,LOST,not_leading,1-3,4-7,Q1_LOST__Q2_WIN__Q3_WIN,Q1_LOST__Q2_WIN__Q3_WIN__Q3_LEAD_4-7,False,True,5.0,0.721129298210144,-258.58912161864663
2024,2024_11_HOU_DAL,DAL,HOU,DAL,HOU,home,home dog,-7.5,7.5,7.5+,-14.0,-7.0,-10.0,-24,LOST,LOST,LOST,LOST,not_leading,not_leading,not_leading,Q1_LOST__Q2_LOST__Q3_LOST,Q1_LOST__Q2_LOST__Q3_LOST__Q3_LEAD_not_leading,False,False,-16.5,0.10731500387191772,831.8361495784103
2024,2024_11_IND_NYJ,NYJ,IND,IND,NYJ,away,away dog,4.0,4.0,3.5-7,3.0,6.0,-1.0,1,WIN,WIN,LOST,WIN,1-3,4-7,not_leading,Q1_WIN__Q2_WIN__Q3_LOST,Q1_WIN__Q2_WIN__Q3_LOST__Q3_LEAD_not_leading,True,True,5.0,0.29952430725097656,233.86272025064156
2024,2024_11_JAX_DET,DET,JAX,JAX,DET,away,away dog,14.0,14.0,7.5+,-4.0,-22.0,-36.0,-46,LOST,LOST,LOST,LOST,not_leading,not_leading,not_leading,Q1_LOST__Q2_LOST__Q3_LOST,Q1_LOST__Q2_LOST__Q3_LOST__Q3_LEAD_not_leading,False,False,-32.0,0.0001081228256225586,924774.0904079382
2024,2024_11_KC_BUF,BUF,KC,KC,BUF,away,away dog,2.5,2.5,<=3,-6.0,-2.0,-2.0,-9,LOST,LOST,LOST,LOST,not_leading,not_leading,not_leading,Q1_LOST__Q2_LOST__Q3_LOST,Q1_LOST__Q2_LOST__Q3_LOST__Q3_LEAD_not_leading,False,False,-6.5,0.2273777723312378,339.7967267192798
2024,2024_11_LA_NE,NE,LA,NE,LA,home,home dog,-4.0,4.0,3.5-7,7.0,-4.0,-15.0,-6,WIN,LOST,LOST,LOST,4-7,not_leading,not_leading,Q1_WIN__Q2_LOST__Q3_LOST,Q1_WIN__Q2_LOST__Q3_LOST__Q3_LEAD_not_leading,False,False,-2.0,0.11879744380712509,741.7689539040597
2024,2024_11_LV_MIA,MIA,LV,LV,MIA,away,away dog,8.0,8.0,7.5+,-4.0,-4.0,-5.0,-15,LOST,LOST,LOST,LOST,not_leading,not_leading,not_leading,Q1_LOST__Q2_LOST__Q3_LOST,Q1_LOST__Q2_LOST__Q3_LOST__Q3_LEAD_not_leading,False,False,-7.0,0.16833603382110596,494.0498758944979
2024,2024_11_MIN_TEN,TEN,MIN,TEN,MIN,home,home dog,-6.0,6.0,3.5-7,-4.0,-13.0,-13.0,-10,LOST,LOST,LOST,LOST,not_leading,not_leading,not_leading,Q1_LOST__Q2_LOST__Q3_LOST,Q1_LOST__Q2_LOST__Q3_LOST__Q3_LEAD_not_leading,False,False,-4.0,0.1581338346004486,532.3757357346491
2024,2024_11_SEA_SF,SF,SEA,SEA,SF,away,away dog,6.0,6.0,3.5-7,-4.0,-1.0,3.0,3,LOST,LOST,WIN,WIN,not_leading,not_leading,1-3,Q1_LOST__Q2_LOST__Q3_WIN,Q1_LOST__Q2_LOST__Q3_WIN__Q3_LEAD_1-3,True,True,9.0,0.5330194234848022,-114.14166890246564
2024,2024_11_WAS_PHI,PHI,WAS,WAS,PHI,away,away dog,4.5,4.5,3.5-7,7.0,4.0,4.0,-8,WIN,WIN,WIN,LOST,4-7,4-7,4-7,Q1_WIN__Q2_WIN__Q3_WIN,Q1_WIN__Q2_WIN__Q3_WIN__Q3_LEAD_4-7,False,False,-3.5,0.6317489147186279,-171.55385006833674
2024,2024_12_ARI_SEA,SEA,ARI,SEA,ARI,home,home dog,-1.0,1.0,<=3,0.0,4.0,10.0,10,TIE,WIN,WIN,WIN,not_leading,4-7,8+,Q1_TIE__Q2_WIN__Q3_WIN,Q1_TIE__Q2_WIN__Q3_WIN__Q3_LEAD_8+,True,True,11.0,0.9184930324554443,-1126.888976642827
2024,2024_12_BAL_LAC,LAC,BAL,LAC,BAL,home,home dog,-3.0,3.0,<=3,7.0,-1.0,-1.0,-7,WIN,LOST,LOST,LOST,4-7,not_leading,not_leading,Q1_WIN__Q2_LOST__Q3_LOST,Q1_WIN__Q2_LOST__Q3_LOST__Q3_LEAD_not_leading,False,False,-4.0,0.40256208181381226,148.40889024975453
2024,2024_12_DAL_WAS,WAS,DAL,DAL,WAS,away,away dog,10.5,10.5,7.5+,-3.0,0.0,1.0,8,LOST,TIE,WIN,WIN,not_leading,not_leading,1-3,Q1_LOST__Q2_TIE__Q3_WIN,Q1_LOST__Q2_TIE__Q3_WIN__Q3_LEAD_1-3,True,True,18.5,0.5574219822883606,-125.94886324687447
2024,2024_12_DEN_LV,LV,DEN,LV,DEN,home,home dog,-6.5,6.5,3.5-7,-3.0,4.0,-3.0,-10,LOST,WIN,LOST,LOST,not_leading,4-7,not_leading,Q1_LOST__Q2_WIN__Q3_LOST,Q1_LOST__Q2_WIN__Q3_LOST__Q3_LEAD_not_leading,False,False,-3.5,0.28659510612487793,248.9243112072788
2024,2024_12_DET_IND,IND,DET,IND,DET,home,home dog,-7.0,7.0,3.5-7,3.0,-8.0,-15.0,-18,WIN,LOST,LOST,LOST,1-3,not_leading,not_leading,Q1_WIN__Q2_LOST__Q3_LOST,Q1_WIN__Q2_LOST__Q3_LOST__Q3_LEAD_not_leading,False,False,-11.0,0.031488656997680664,3075.7467461176775
2024,2024_12_KC_CAR,CAR,KC,CAR,KC,home,home dog,-11.0,11.0,7.5+,-7.0,-11.0,-11.0,-3,LOST,LOST,LOST,LOST,not_leading,not_leading,not_leading,Q1_LOST__Q2_LOST__Q3_LOST,Q1_LOST__Q2_LOST__Q3_LOST__Q3_LEAD_not_leading,False,True,8.0,0.18455585837364197,441.84137464520535
2024,2024_12_MIN_CHI,CHI,MIN,CHI,MIN,home,home dog,-3.0,3.0,<=3,7.0,-4.0,-14.0,-3,WIN,LOST,LOST,LOST,4-7,not_leading,not_leading,Q1_WIN__Q2_LOST__Q3_LOST,Q1_WIN__Q2_LOST__Q3_LOST__Q3_LEAD_not_leading,False,False,0.0,0.0367429256439209,2621.612344349203
2024,2024_12_NE_MIA,MIA,NE,NE,MIA,away,away dog,7.5,7.5,7.5+,0.0,-24.0,-31.0,-19,TIE,LOST,LOST,LOST,not_leading,not_leading,not_leading,Q1_TIE__Q2_LOST__Q3_LOST,Q1_TIE__Q2_LOST__Q3_LOST__Q3_LEAD_not_leading,False,False,-11.5,0.000336189434165135,297351.34688224725
2024,2024_12_PHI_LA,LA,PHI,LA,PHI,home,home dog,-3.0,3.0,<=3,4.0,-6.0,-13.0,-17,WIN,LOST,LOST,LOST,4-7,not_leading,not_leading,Q1_WIN__Q2_LOST__Q3_LOST,Q1_WIN__Q2_LOST__Q3_LOST__Q3_LEAD_not_leading,False,False,-14.0,0.03564256429672241,2705.6342738840403
2024,2024_12_PIT_CLE,CLE,PIT,CLE,PIT,home,home dog,-3.5,3.5,3.5-7,0.0,7.0,4.0,5,TIE,WIN,WIN,WIN,not_leading,4-7,4-7,Q1_TIE__Q2_WIN__Q3_WIN,Q1_TIE__Q2_WIN__Q3_WIN__Q3_LEAD_4-7,True,True,8.5,0.7677216529846191,-330.5179595297286
2024,2024_12_SF_GB,GB,SF,SF,GB,away,away dog,6.5,6.5,3.5-7,-10.0,-10.0,-14.0,-28,LOST,LOST,LOST,LOST,not_leading,not_leading,not_leading,Q1_LOST__Q2_LOST__Q3_LOST,Q1_LOST__Q2_LOST__Q3_LOST__Q3_LEAD_not_leading,False,False,-21.5,0.04491537809371948,2126.408954887168
2024,2024_12_TB_NYG,NYG,TB,NYG,TB,home,home dog,-6.5,6.5,3.5-7,-7.0,-23.0,-30.0,-23,LOST,LOST,LOST,LOST,not_leading,not_leading,not_leading,Q1_LOST__Q2_LOST__Q3_LOST,Q1_LOST__Q2_LOST__Q3_LOST__Q3_LEAD_not_leading,False,False,-16.5,0.0006348441820591688,157418.96737187044
2024,2024_12_TEN_HOU,HOU,TEN,TEN,HOU,away,away dog,8.0,8.0,7.5+,3.0,3.0,-1.0,5,WIN,WIN,LOST,WIN,1-3,1-3,not_leading,Q1_WIN__Q2_WIN__Q3_LOST,Q1_WIN__Q2_WIN__Q3_LOST__Q3_LEAD_not_leading,True,True,13.0,0.45761603116989136,118.5238129537352
2024,2024_13_ARI_MIN,MIN,ARI,ARI,MIN,away,away dog,3.5,3.5,3.5-7,0.0,3.0,6.0,-1,TIE,WIN,WIN,LOST,not_leading,1-3,4-7,Q1_TIE__Q2_WIN__Q3_WIN,Q1_TIE__Q2_WIN__Q3_WIN__Q3_LEAD_4-7,False,True,2.5,0.8147453665733337,-439.797564845175
2024,2024_13_CHI_DET,DET,CHI,CHI,DET,away,away dog,9.5,9.5,7.5+,-3.0,-16.0,-16.0,-3,LOST,LOST,LOST,LOST,not_leading,not_leading,not_leading,Q1_LOST__Q2_LOST__Q3_LOST,Q1_LOST__Q2_LOST__Q3_LOST__Q3_LEAD_not_leading,False,True,6.5,0.07205253094434738,1287.8762992689174
2024,2024_13_CLE_DEN,DEN,CLE,CLE,DEN,away,away dog,6.5,6.5,3.5-7,0.0,-4.0,-6.0,-9,TIE,LOST,LOST,LOST,not_leading,not_leading,not_leading,Q1_TIE__Q2_LOST__Q3_LOST,Q1_TIE__Q2_LOST__Q3_LOST__Q3_LEAD_not_leading,False,False,-2.5,0.24934795498847961,301.04600017521784
2024,2024_13_HOU_JAX,JAX,HOU,JAX,HOU,home,home dog,-3.5,3.5,3.5-7,0.0,-3.0,-10.0,-3,TIE,LOST,LOST,LOST,not_leading,not_leading,not_leading,Q1_TIE__Q2_LOST__Q3_LOST,Q1_TIE__Q2_LOST__Q3_LOST__Q3_LEAD_not_leading,False,True,0.5,0.20939557254314423,377.56501622972866
2024,2024_13_IND_NE,NE,IND,NE,IND,home,home dog,-2.5,2.5,<=3,-1.0,2.0,-1.0,-1,LOST,WIN,LOST,LOST,not_leading,1-3,not_leading,Q1_LOST__Q2_WIN__Q3_LOST,Q1_LOST__Q2_WIN__Q3_LOST__Q3_LEAD_not_leading,False,True,1.5,0.4764080047607422,109.9041137023321
2024,2024_13_LAC_ATL,ATL,LAC,ATL,LAC,home,home dog,-1.0,1.0,<=3,4.0,-2.0,-4.0,-4,WIN,LOST,LOST,LOST,4-7,not_leading,not_leading,Q1_WIN__Q2_LOST__Q3_LOST,Q1_WIN__Q2_LOST__Q3_LOST__Q3_LEAD_not_leading,False,False,-3.0,0.3252633810043335,207.4431548095717
2024,2024_13_LA_NO,NO,LA,NO,LA,home,home dog,-2.5,2.5,<=3,3.0,6.0,-1.0,-7,WIN,WIN,LOST,LOST,1-3,4-7,not_leading,Q1_WIN__Q2_WIN__Q3_LOST,Q1_WIN__Q2_WIN__Q3_LOST__Q3_LEAD_not_leading,False,False,-4.5,0.2858073115348816,249.88608046087518
2024,2024_13_LV_KC,KC,LV,LV,KC,away,away dog,13.5,13.5,7.5+,-3.0,-7.0,-6.0,-2,LOST,LOST,LOST,LOST,not_leading,not_leading,not_leading,Q1_LOST__Q2_LOST__Q3_LOST,Q1_LOST__Q2_LOST__Q3_LOST__Q3_LEAD_not_leading,False,True,11.5,0.24716931581497192,304.58096374251744
2024,2024_13_MIA_GB,GB,MIA,MIA,GB,away,away dog,3.5,3.5,3.5-7,-14.0,-21.0,-16.0,-13,LOST,LOST,LOST,LOST,not_leading,not_leading,not_leading,Q1_LOST__Q2_LOST__Q3_LOST,Q1_LOST__Q2_LOST__Q3_LOST__Q3_LEAD_not_leading,False,False,-9.5,0.04432283341884613,2156.173450262317
2024,2024_13_NYG_DAL,DAL,NYG,NYG,DAL,away,away dog,4.5,4.5,3.5-7,4.0,-3.0,-17.0,-7,WIN,LOST,LOST,LOST,4-7,not_leading,not_leading,Q1_WIN__Q2_LOST__Q3_LOST,Q1_WIN__Q2_LOST__Q3_LOST__Q3_LEAD_not_leading,False,False,-2.5,0.04732450097799301,2013.0703532722366
2024,2024_13_PHI_BAL,BAL,PHI,PHI,BAL,away,away dog,3.0,3.0,<=3,-9.0,2.0,2.0,5,LOST,WIN,WIN,WIN,not_leading,1-3,1-3,Q1_LOST__Q2_WIN__Q3_WIN,Q1_LOST__Q2_WIN__Q3_WIN__Q3_LEAD_1-3,True,True,8.0,0.5412083864212036,-117.96387954860738
2024,2024_13_PIT_CIN,CIN,PIT,PIT,CIN,away,away dog,3.0,3.0,<=3,-7.0,6.0,10.0,6,LOST,WIN,WIN,WIN,not_leading,4-7,8+,Q1_LOST__Q2_WIN__Q3_WIN,Q1_LOST__Q2_WIN__Q3_WIN__Q3_LEAD_8+,True,True,9.0,0.7959092855453491,-389.97819556469864
2024,2024_13_SEA_NYJ,NYJ,SEA,SEA,NYJ,away,away dog,1.0,1.0,<=3,-14.0,-5.0,-5.0,5,LOST,LOST,LOST,WIN,not_leading,not_leading,not_leading,Q1_LOST__Q2_LOST__Q3_LOST,Q1_LOST__Q2_LOST__Q3_LOST__Q3_LEAD_not_leading,True,True,6.0,0.4266297221183777,134.39529600390296
2024,2024_13_SF_BUF,BUF,SF,SF,BUF,away,away dog,6.5,6.5,3.5-7,-4.0,-18.0,-18.0,-25,LOST,LOST,LOST,LOST,not_leading,not_leading,not_leading,Q1_LOST__Q2_LOST__Q3_LOST,Q1_LOST__Q2_LOST__Q3_LOST__Q3_LEAD_not_leading,False,False,-18.5,0.019783373922109604,4954.749528251169
2024,2024_13_TB_CAR,CAR,TB,CAR,TB,home,home dog,-6.5,6.5,3.5-7,-4.0,3.0,6.0,-3,LOST,WIN,WIN,LOST,not_leading,1-3,4-7,Q1_LOST__Q2_WIN__Q3_WIN,Q1_LOST__Q2_WIN__Q3_WIN__Q3_LEAD_4-7,False,True,3.5,0.7782116532325745,-350.8803165608302
2024,2024_13_TEN_WAS,WAS,TEN,TEN,WAS,away,away dog,6.0,6.0,3.5-7,-21.0,-21.0,-15.0,-23,LOST,LOST,LOST,LOST,not_leading,not_leading,not_leading,Q1_LOST__Q2_LOST__Q3_LOST,Q1_LOST__Q2_LOST__Q3_LOST__Q3_LEAD_not_leading,False,False,-17.0,0.019842326641082764,4939.731570236017
2024,2024_14_ATL_MIN,MIN,ATL,ATL,MIN,away,away dog,6.0,6.0,3.5-7,0.0,-4.0,0.0,-21,TIE,LOST,TIE,LOST,not_leading,not_leading,not_leading,Q1_TIE__Q2_LOST__Q3_TIE,Q1_TIE__Q2_LOST__Q3_TIE__Q3_LEAD_not_leading,False,False,-15.0,0.4770250916481018,109.63257855997504
2024,2024_14_BUF_LA,LA,BUF,LA,BUF,home,home dog,-3.5,3.5,3.5-7,0.0,10.0,17.0,2,TIE,WIN,WIN,WIN,not_leading,8+,8+,Q1_TIE__Q2_WIN__Q3_WIN,Q1_TIE__Q2_WIN__Q3_WIN__Q3_LEAD_8+,True,True,5.5,0.9548132419586182,-2113.0377202192826
2024,2024_14_CAR_PHI,PHI,CAR,CAR,PHI,away,away dog,14.0,14.0,7.5+,3.0,-4.0,2.0,-6,WIN,LOST,WIN,LOST,1-3,not_leading,1-3,Q1_WIN__Q2_LOST__Q3_WIN,Q1_WIN__Q2_LOST__Q3_WIN__Q3_LEAD_1-3,False,True,8.0,0.3255482316017151,207.17414592607227
2024,2024_14_CHI_SF,SF,CHI,CHI,SF,away,away dog,3.0,3.0,<=3,-14.0,-24.0,-18.0,-25,LOST,LOST,LOST,LOST,not_leading,not_leading,not_leading,Q1_LOST__Q2_LOST__Q3_LOST,Q1_LOST__Q2_LOST__Q3_LOST__Q3_LEAD_not_leading,False,False,-22.0,0.009789228439331055,10115.309676319443
2024,2024_14_CIN_DAL,DAL,CIN,DAL,CIN,home,home dog,-5.0,5.0,3.5-7,0.0,-7.0,0.0,-7,TIE,LOST,TIE,LOST,not_leading,not_leading,not_leading,Q1_TIE__Q2_LOST__Q3_TIE,Q1_TIE__Q2_LOST__Q3_TIE__Q3_LEAD_not_leading,False,False,-2.0,0.5625746250152588,-128.6104229858369
2024,2024_14_CLE_PIT,PIT,CLE,CLE,PIT,away,away dog,6.0,6.0,3.5-7,4.0,-6.0,-20.0,-13,WIN,LOST,LOST,LOST,4-7,not_leading,not_leading,Q1_WIN__Q2_LOST__Q3_LOST,Q1_WIN__Q2_LOST__Q3_LOST__Q3_LEAD_not_leading,False,False,-7.0,0.026399273425340652,3687.9830398669246
2024,2024_14_GB_DET,DET,GB,GB,DET,away,away dog,3.0,3.0,<=3,-7.0,-10.0,-3.0,-3,LOST,LOST,LOST,LOST,not_leading,not_leading,not_leading,Q1_LOST__Q2_LOST__Q3_LOST,Q1_LOST__Q2_LOST__Q3_LOST__Q3_LEAD_not_leading,False,False,0.0,0.5724242925643921,-133.876710629216
2024,2024_14_JAX_TEN,TEN,JAX,JAX,TEN,away,away dog,3.0,3.0,<=3,-3.0,-3.0,-6.0,4,LOST,LOST,LOST,WIN,not_leading,not_leading,not_leading,Q1_LOST__Q2_LOST__Q3_LOST,Q1_LOST__Q2_LOST__Q3_LOST__Q3_LEAD_not_leading,True,True,7.0,0.3307355046272278,202.35641048792166
2024,2024_14_LAC_KC,KC,LAC,LAC,KC,away,away dog,5.0,5.0,3.5-7,-3.0,-13.0,1.0,-2,LOST,LOST,WIN,LOST,not_leading,not_leading,1-3,Q1_LOST__Q2_LOST__Q3_WIN,Q1_LOST__Q2_LOST__Q3_WIN__Q3_LEAD_1-3,False,True,3.0,0.3880554437637329,157.69513508199844
2024,2024_14_LV_TB,TB,LV,LV,TB,away,away dog,7.0,7.0,3.5-7,-14.0,-4.0,-4.0,-15,LOST,LOST,LOST,LOST,not_leading,not_leading,not_leading,Q1_LOST__Q2_LOST__Q3_LOST,Q1_LOST__Q2_LOST__Q3_LOST__Q3_LEAD_not_leading,False,False,-8.0,0.23070305585861206,333.4576307532124
2024,2024_14_NO_NYG,NYG,NO,NYG,NO,home,home dog,-5.5,5.5,3.5-7,-7.0,-4.0,-11.0,-3,LOST,LOST,LOST,LOST,not_leading,not_leading,not_leading,Q1_LOST__Q2_LOST__Q3_LOST,Q1_LOST__Q2_LOST__Q3_LOST__Q3_LEAD_not_leading,False,True,2.5,0.16319617629051208,512.7594547435104
2024,2024_14_NYJ_MIA,MIA,NYJ,NYJ,MIA,away,away dog,6.5,6.5,3.5-7,-3.0,-2.0,8.0,-6,LOST,LOST,WIN,LOST,not_leading,not_leading,8+,Q1_LOST__Q2_LOST__Q3_WIN,Q1_LOST__Q2_LOST__Q3_WIN__Q3_LEAD_8+,False,True,0.5,0.8368514180183411,-512.9382112021173
2024,2024_14_SEA_ARI,ARI,SEA,SEA,ARI,away,away dog,3.0,3.0,<=3,10.0,14.0,9.0,12,WIN,WIN,WIN,WIN,8+,8+,8+,Q1_WIN__Q2_WIN__Q3_WIN,Q1_WIN__Q2_WIN__Q3_WIN__Q3_LEAD_8+,True,True,15.0,0.8798093199729919,-732.0112672424267
2024,2024_15_ATL_LV,LV,ATL,LV,ATL,home,home dog,-6.5,6.5,3.5-7,-7.0,-6.0,-9.0,-6,LOST,LOST,LOST,LOST,not_leading,not_leading,not_leading,Q1_LOST__Q2_LOST__Q3_LOST,Q1_LOST__Q2_LOST__Q3_LOST__Q3_LEAD_not_leading,False,True,0.5,0.10982352495193481,810.5517241753607
2024,2024_15_BAL_NYG,NYG,BAL,NYG,BAL,home,home dog,-16.5,16.5,7.5+,-7.0,-14.0,-21.0,-21,LOST,LOST,LOST,LOST,not_leading,not_leading,not_leading,Q1_LOST__Q2_LOST__Q3_LOST,Q1_LOST__Q2_LOST__Q3_LOST__Q3_LEAD_not_leading,False,False,-4.5,0.021653251722455025,4518.244007032774
2024,2024_15_BUF_DET,DET,BUF,BUF,DET,away,away dog,2.5,2.5,<=3,14.0,7.0,14.0,6,WIN,WIN,WIN,WIN,8+,4-7,8+,Q1_WIN__Q2_WIN__Q3_WIN,Q1_WIN__Q2_WIN__Q3_WIN__Q3_LEAD_8+,True,True,8.5,0.9688300490379333,-3108.218072646263
2024,2024_15_CHI_MIN,MIN,CHI,CHI,MIN,away,away dog,7.0,7.0,3.5-7,-10.0,-13.0,-17.0,-18,LOST,LOST,LOST,LOST,not_leading,not_leading,not_leading,Q1_LOST__Q2_LOST__Q3_LOST,Q1_LOST__Q2_LOST__Q3_LOST__Q3_LEAD_not_leading,False,False,-11.0,0.04199446365237236,2281.266274235432
2024,2024_15_CIN_TEN,TEN,CIN,TEN,CIN,home,home dog,-6.0,6.0,3.5-7,7.0,-10.0,-17.0,-10,WIN,LOST,LOST,LOST,4-7,not_leading,not_leading,Q1_WIN__Q2_LOST__Q3_LOST,Q1_WIN__Q2_LOST__Q3_LOST__Q3_LEAD_not_leading,False,False,-4.0,0.04996867850422859,1901.2536451516826
2024,2024_15_DAL_CAR,CAR,DAL,DAL,CAR,away,away dog,2.5,2.5,<=3,0.0,3.0,17.0,16,TIE,WIN,WIN,WIN,not_leading,1-3,8+,Q1_TIE__Q2_WIN__Q3_WIN,Q1_TIE__Q2_WIN__Q3_WIN__Q3_LEAD_8+,True,True,18.5,0.9812052249908447,-5220.627671854981
2024,2024_15_GB_SEA,SEA,GB,SEA,GB,home,home dog,-3.0,3.0,<=3,-14.0,-17.0,-17.0,-17,LOST,LOST,LOST,LOST,not_leading,not_leading,not_leading,Q1_LOST__Q2_LOST__Q3_LOST,Q1_LOST__Q2_LOST__Q3_LOST__Q3_LEAD_not_leading,False,False,-14.0,0.019039861857891083,5152.13894651
2024,2024_15_IND_DEN,DEN,IND,IND,DEN,away,away dog,4.5,4.5,3.5-7,7.0,6.0,3.0,-18,WIN,WIN,WIN,LOST,4-7,4-7,1-3,Q1_WIN__Q2_WIN__Q3_WIN,Q1_WIN__Q2_WIN__Q3_WIN__Q3_LEAD_1-3,False,False,-13.5,0.6126439571380615,-158.16042331793963
2024,2024_15_KC_CLE,CLE,KC,CLE,KC,home,home dog,-4.5,4.5,3.5-7,-7.0,-14.0,-14.0,-14,LOST,LOST,LOST,LOST,not_leading,not_leading,not_leading,Q1_LOST__Q2_LOST__Q3_LOST,Q1_LOST__Q2_LOST__Q3_LOST__Q3_LEAD_not_leading,False,False,-9.5,0.0937814936041832,966.3084597699286
2024,2024_15_LA_SF,SF,LA,LA,SF,away,away dog,3.0,3.0,<=3,-3.0,0.0,-3.0,6,LOST,TIE,LOST,WIN,not_leading,not_leading,not_leading,Q1_LOST__Q2_TIE__Q3_LOST,Q1_LOST__Q2_TIE__Q3_LOST__Q3_LEAD_not_leading,True,True,9.0,0.5719056725502014,-133.59337787938037
2024,2024_15_MIA_HOU,HOU,MIA,MIA,HOU,away,away dog,2.5,2.5,<=3,-3.0,-7.0,-8.0,-8,LOST,LOST,LOST,LOST,not_leading,not_leading,not_leading,Q1_LOST__Q2_LOST__Q3_LOST,Q1_LOST__Q2_LOST__Q3_LOST__Q3_LEAD_not_leading,False,False,-5.5,0.1793554723262787,457.551987140279
2024,2024_15_NE_ARI,ARI,NE,NE,ARI,away,away dog,6.0,6.0,3.5-7,-10.0,-10.0,-13.0,-13,LOST,LOST,LOST,LOST,not_leading,not_leading,not_leading,Q1_LOST__Q2_LOST__Q3_LOST,Q1_LOST__Q2_LOST__Q3_LOST__Q3_LEAD_not_leading,False,False,-7.0,0.0427401065826416,2239.72275681254
2024,2024_15_NYJ_JAX,JAX,NYJ,JAX,NYJ,home,home dog,-3.5,3.5,3.5-7,0.0,6.0,-1.0,-7,TIE,WIN,LOST,LOST,not_leading,4-7,not_leading,Q1_TIE__Q2_WIN__Q3_LOST,Q1_TIE__Q2_WIN__Q3_LOST__Q3_LEAD_not_leading,False,False,-3.5,0.5195249319076538,-108.12734445729915
2024,2024_15_PIT_PHI,PHI,PIT,PIT,PHI,away,away dog,5.5,5.5,3.5-7,-7.0,-4.0,-7.0,-14,LOST,LOST,LOST,LOST,not_leading,not_leading,not_leading,Q1_LOST__Q2_LOST__Q3_LOST,Q1_LOST__Q2_LOST__Q3_LOST__Q3_LEAD_not_leading,False,False,-8.5,0.0872233510017395,1046.4819781804267
2024,2024_15_TB_LAC,LAC,TB,TB,LAC,away,away dog,3.0,3.0,<=3,0.0,-4.0,13.0,23,TIE,LOST,WIN,WIN,not_leading,not_leading,8+,Q1_TIE__Q2_LOST__Q3_WIN,Q1_TIE__Q2_LOST__Q3_WIN__Q3_LEAD_8+,True,True,26.0,0.908249020576477,-989.9066214693963
2024,2024_15_WAS_NO,NO,WAS,NO,WAS,home,home dog,-7.5,7.5,7.5+,-7.0,-14.0,-10.0,-1,LOST,LOST,LOST,LOST,not_leading,not_leading,not_leading,Q1_LOST__Q2_LOST__Q3_LOST,Q1_LOST__Q2_LOST__Q3_LOST__Q3_LEAD_not_leading,False,True,6.5,0.10909020900726318,816.6725493517208
2024,2024_16_ARI_CAR,CAR,ARI,CAR,ARI,home,home dog,-5.5,5.5,3.5-7,7.0,3.0,3.0,6,WIN,WIN,WIN,WIN,4-7,1-3,1-3,Q1_WIN__Q2_WIN__Q3_WIN,Q1_WIN__Q2_WIN__Q3_WIN__Q3_LEAD_1-3,True,True,11.5,0.7365220189094543,-279.5383568148507
2024,2024_16_CLE_CIN,CIN,CLE,CLE,CIN,away,away dog,10.0,10.0,7.5+,-7.0,-17.0,-11.0,-18,LOST,LOST,LOST,LOST,not_leading,not_leading,not_leading,Q1_LOST__Q2_LOST__Q3_LOST,Q1_LOST__Q2_LOST__Q3_LOST__Q3_LEAD_not_leading,False,False,-8.0,0.2045251727104187,388.93736978570905
2024,2024_16_DEN_LAC,LAC,DEN,DEN,LAC,away,away dog,3.0,3.0,<=3,0.0,8.0,5.0,-7,TIE,WIN,WIN,LOST,not_leading,8+,4-7,Q1_TIE__Q2_WIN__Q3_WIN,Q1_TIE__Q2_WIN__Q3_WIN__Q3_LEAD_4-7,False,False,-4.0,0.6598473787307739,-193.98568097716168
2024,2024_16_DET_CHI,CHI,DET,CHI,DET,home,home dog,-7.0,7.0,3.5-7,-13.0,-13.0,-17.0,-17,LOST,LOST,LOST,LOST,not_leading,not_leading,not_leading,Q1_LOST__Q2_LOST__Q3_LOST,Q1_LOST__Q2_LOST__Q3_LOST__Q3_LEAD_not_leading,False,False,-10.0,0.017648398876190186,5566.236393541175
2024,2024_16_HOU_KC,KC,HOU,HOU,KC,away,away dog,3.5,3.5,3.5-7,-4.0,-7.0,-8.0,-8,LOST,LOST,LOST,LOST,not_leading,not_leading,not_leading,Q1_LOST__Q2_LOST__Q3_LOST,Q1_LOST__Q2_LOST__Q3_LOST__Q3_LEAD_not_leading,False,False,-4.5,0.21766597032546997,359.4195401810983
2024,2024_16_JAX_LV,LV,JAX,JAX,LV,away,away dog,2.5,2.5,<=3,7.0,-6.0,1.0,-5,WIN,LOST,WIN,LOST,4-7,not_leading,1-3,Q1_WIN__Q2_LOST__Q3_WIN,Q1_WIN__Q2_LOST__Q3_WIN__Q3_LEAD_1-3,False,False,-2.5,0.46372056007385254,115.64711295974006
2024,2024_16_LA_NYJ,NYJ,LA,NYJ,LA,home,home dog,-3.0,3.0,<=3,6.0,3.0,3.0,-10,WIN,WIN,WIN,LOST,4-7,1-3,1-3,Q1_WIN__Q2_WIN__Q3_WIN,Q1_WIN__Q2_WIN__Q3_WIN__Q3_LEAD_1-3,False,False,-7.0,0.5013301372528076,-100.53347408864046
2024,2024_16_MIN_SEA,SEA,MIN,SEA,MIN,home,home dog,-2.5,2.5,<=3,-7.0,-3.0,-3.0,-3,LOST,LOST,LOST,LOST,not_leading,not_leading,not_leading,Q1_LOST__Q2_LOST__Q3_LOST,Q1_LOST__Q2_LOST__Q3_LOST__Q3_LEAD_not_leading,False,False,-0.5,0.44637954235076904,124.02460353216435
2024,2024_16_NE_BUF,BUF,NE,NE,BUF,away,away dog,14.0,14.0,7.5+,7.0,7.0,-3.0,-3,WIN,WIN,LOST,LOST,4-7,4-7,not_leading,Q1_WIN__Q2_WIN__Q3_LOST,Q1_WIN__Q2_WIN__Q3_LOST__Q3_LEAD_not_leading,False,True,11.0,0.24930238723754883,301.1193037823364
2024,2024_16_NO_GB,GB,NO,NO,GB,away,away dog,14.0,14.0,7.5+,-7.0,-21.0,-24.0,-34,LOST,LOST,LOST,LOST,not_leading,not_leading,not_leading,Q1_LOST__Q2_LOST__Q3_LOST,Q1_LOST__Q2_LOST__Q3_LOST__Q3_LEAD_not_leading,False,False,-20.0,0.0003833770751953125,260739.80099502488
2024,2024_16_NYG_ATL,ATL,NYG,NYG,ATL,away,away dog,9.5,9.5,7.5+,0.0,-10.0,-24.0,-27,TIE,LOST,LOST,LOST,not_leading,not_leading,not_leading,Q1_TIE__Q2_LOST__Q3_LOST,Q1_TIE__Q2_LOST__Q3_LOST__Q3_LEAD_not_leading,False,False,-17.5,0.00037038326263427734,269890.6018667525
2024,2024_16_PHI_WAS,WAS,PHI,WAS,PHI,home,home dog,-4.0,4.0,3.5-7,-14.0,-7.0,-13.0,3,LOST,LOST,LOST,WIN,not_leading,not_leading,not_leading,Q1_LOST__Q2_LOST__Q3_LOST,Q1_LOST__Q2_LOST__Q3_LOST__Q3_LEAD_not_leading,True,True,7.0,0.16447214782238007,508.00567952693075
2024,2024_16_PIT_BAL,BAL,PIT,PIT,BAL,away,away dog,7.0,7.0,3.5-7,-7.0,-7.0,-7.0,-17,LOST,LOST,LOST,LOST,not_leading,not_leading,not_leading,Q1_LOST__Q2_LOST__Q3_LOST,Q1_LOST__Q2_LOST__Q3_LOST__Q3_LEAD_not_leading,False,False,-10.0,0.18014754354953766,455.1005471939817
2024,2024_16_SF_MIA,MIA,SF,MIA,SF,home,home dog,-2.0,2.0,<=3,3.0,3.0,9.0,12,WIN,WIN,WIN,WIN,1-3,1-3,8+,Q1_WIN__Q2_WIN__Q3_WIN,Q1_WIN__Q2_WIN__Q3_WIN__Q3_LEAD_8+,True,True,14.0,0.7982810735702515,-395.739303048623
2024,2024_16_TB_DAL,DAL,TB,DAL,TB,home,home dog,-4.5,4.5,3.5-7,10.0,9.0,9.0,2,WIN,WIN,WIN,WIN,8+,8+,8+,Q1_WIN__Q2_WIN__Q3_WIN,Q1_WIN__Q2_WIN__Q3_WIN__Q3_LEAD_8+,True,True,6.5,0.881046712398529,-740.6661305152816
2024,2024_16_TEN_IND,IND,TEN,TEN,IND,away,away dog,4.0,4.0,3.5-7,7.0,-17.0,-23.0,-8,WIN,LOST,LOST,LOST,4-7,not_leading,not_leading,Q1_WIN__Q2_LOST__Q3_LOST,Q1_WIN__Q2_LOST__Q3_LOST__Q3_LEAD_not_leading,False,False,-4.0,0.0007531642913818359,132673.15606204496
2024,2024_17_ARI_LA,LA,ARI,ARI,LA,away,away dog,6.5,6.5,3.5-7,0.0,-10.0,-4.0,-4,TIE,LOST,LOST,LOST,not_leading,not_leading,not_leading,Q1_TIE__Q2_LOST__Q3_LOST,Q1_TIE__Q2_LOST__Q3_LOST__Q3_LEAD_not_leading,False,True,2.5,0.44363728165626526,125.40936962435234
2024,2024_17_ATL_WAS,WAS,ATL,ATL,WAS,away,away dog,3.5,3.5,3.5-7,0.0,10.0,3.0,-6,TIE,WIN,WIN,LOST,not_leading,8+,1-3,Q1_TIE__Q2_WIN__Q3_WIN,Q1_TIE__Q2_WIN__Q3_WIN__Q3_LEAD_1-3,False,False,-2.5,0.41170722246170044,142.89105107769302
2024,2024_17_BAL_HOU,HOU,BAL,HOU,BAL,home,home dog,-5.5,5.5,3.5-7,-10.0,-15.0,-29.0,-29,LOST,LOST,LOST,LOST,not_leading,not_leading,not_leading,Q1_LOST__Q2_LOST__Q3_LOST,Q1_LOST__Q2_LOST__Q3_LOST__Q3_LEAD_not_leading,False,False,-23.5,0.00026983022689819336,370503.4018113541
2024,2024_17_CAR_TB,TB,CAR,CAR,TB,away,away dog,9.5,9.5,7.5+,-3.0,-13.0,-27.0,-34,LOST,LOST,LOST,LOST,not_leading,not_leading,not_leading,Q1_LOST__Q2_LOST__Q3_LOST,Q1_LOST__Q2_LOST__Q3_LOST__Q3_LEAD_not_leading,False,False,-24.5,0.00024002790451049805,416518.22696796624
2024,2024_17_DAL_PHI,PHI,DAL,DAL,PHI,away,away dog,7.5,7.5,7.5+,0.0,-17.0,-27.0,-34,TIE,LOST,LOST,LOST,not_leading,not_leading,not_leading,Q1_TIE__Q2_LOST__Q3_LOST,Q1_TIE__Q2_LOST__Q3_LOST__Q3_LEAD_not_leading,False,False,-26.5,0.0009135032305493951,109368.68785549718
2024,2024_17_DEN_CIN,CIN,DEN,DEN,CIN,away,away dog,3.5,3.5,3.5-7,3.0,-4.0,0.0,-6,WIN,LOST,TIE,LOST,1-3,not_leading,not_leading,Q1_WIN__Q2_LOST__Q3_TIE,Q1_WIN__Q2_LOST__Q3_TIE__Q3_LEAD_not_leading,False,False,-2.5,0.3458084464073181,189.1774363492926
2024,2024_17_DET_SF,SF,DET,SF,DET,home,home dog,-4.0,4.0,3.5-7,1.0,8.0,-3.0,-6,WIN,WIN,LOST,LOST,1-3,8+,not_leading,Q1_WIN__Q2_WIN__Q3_LOST,Q1_WIN__Q2_WIN__Q3_LOST__Q3_LEAD_not_leading,False,False,-2.0,0.4629577696323395,116.00242302751623
2024,2024_17_GB_MIN,MIN,GB,MIN,GB,home,home dog,-1.0,1.0,<=3,-3.0,10.0,17.0,2,LOST,WIN,WIN,WIN,not_leading,8+,8+,Q1_LOST__Q2_WIN__Q3_WIN,Q1_LOST__Q2_WIN__Q3_WIN__Q3_LEAD_8+,True,True,3.0,0.9649017453193665,-2749.1445204304655
2024,2024_17_IND_NYG,NYG,IND,NYG,IND,home,home dog,-7.5,7.5,7.5+,4.0,8.0,8.0,12,WIN,WIN,WIN,WIN,4-7,8+,8+,Q1_WIN__Q2_WIN__Q3_WIN,Q1_WIN__Q2_WIN__Q3_WIN__Q3_LEAD_8+,True,True,19.5,0.8305585384368896,-490.17432379001224
2024,2024_17_KC_PIT,PIT,KC,PIT,KC,home,home dog,-3.0,3.0,<=3,-13.0,-6.0,-6.0,-19,LOST,LOST,LOST,LOST,not_leading,not_leading,not_leading,Q1_LOST__Q2_LOST__Q3_LOST,Q1_LOST__Q2_LOST__Q3_LOST__Q3_LEAD_not_leading,False,False,-16.0,0.11730623245239258,752.4696250950168
2024,2024_17_LAC_NE,NE,LAC,NE,LAC,home,home dog,-6.0,6.0,3.5-7,-7.0,-13.0,-23.0,-33,LOST,LOST,LOST,LOST,not_leading,not_leading,not_leading,Q1_LOST__Q2_LOST__Q3_LOST,Q1_LOST__Q2_LOST__Q3_LOST__Q3_LEAD_not_leading,False,False,-27.0,0.0010774731636047363,92709.73612878243
2024,2024_17_LV_NO,NO,LV,NO,LV,home,home dog,-2.0,2.0,<=3,-3.0,-3.0,-6.0,-15,LOST,LOST,LOST,LOST,not_leading,not_leading,not_leading,Q1_LOST__Q2_LOST__Q3_LOST,Q1_LOST__Q2_LOST__Q3_LOST__Q3_LEAD_not_leading,False,False,-13.0,0.131181538105011,662.3023898374319
2024,2024_17_MIA_CLE,CLE,MIA,CLE,MIA,home,home dog,-3.0,3.0,<=3,-3.0,-3.0,-10.0,-17,LOST,LOST,LOST,LOST,not_leading,not_leading,not_leading,Q1_LOST__Q2_LOST__Q3_LOST,Q1_LOST__Q2_LOST__Q3_LOST__Q3_LEAD_not_leading,False,False,-14.0,0.31932976841926575,213.1558967866236
2024,2024_17_NYJ_BUF,BUF,NYJ,NYJ,BUF,away,away dog,10.0,10.0,7.5+,-7.0,-12.0,-33.0,-26,LOST,LOST,LOST,LOST,not_leading,not_leading,not_leading,Q1_LOST__Q2_LOST__Q3_LOST,Q1_LOST__Q2_LOST__Q3_LOST__Q3_LEAD_not_leading,False,False,-16.0,0.00020334727014414966,491669.57196972246
2024,2024_17_SEA_CHI,CHI,SEA,CHI,SEA,home,home dog,-3.5,3.5,3.5-7,-3.0,-3.0,-3.0,-3,LOST,LOST,LOST,LOST,not_leading,not_leading,not_leading,Q1_LOST__Q2_LOST__Q3_LOST,Q1_LOST__Q2_LOST__Q3_LOST__Q3_LEAD_not_leading,False,True,0.5,0.3942691385746002,153.6338511341
2024,2024_17_TEN_JAX,JAX,TEN,JAX,TEN,home,home dog,-1.0,1.0,<=3,3.0,13.0,3.0,7,WIN,WIN,WIN,WIN,1-3,8+,1-3,Q1_WIN__Q2_WIN__Q3_WIN,Q1_WIN__Q2_WIN__Q3_WIN__Q3_LEAD_1-3,True,True,8.0,0.7124708890914917,-247.79087127570878
2024,2024_18_BUF_NE,NE,BUF,NE,BUF,home,home dog,-3.0,3.0,<=3,7.0,4.0,1.0,7,WIN,WIN,WIN,WIN,4-7,4-7,1-3,Q1_WIN__Q2_WIN__Q3_WIN,Q1_WIN__Q2_WIN__Q3_WIN__Q3_LEAD_1-3,True,True,10.0,0.5838826894760132,-140.31684688646368
2024,2024_18_CAR_ATL,ATL,CAR,CAR,ATL,away,away dog,7.5,7.5,7.5+,0.0,-7.0,7.0,6,TIE,LOST,WIN,WIN,not_leading,not_leading,4-7,Q1_TIE__Q2_LOST__Q3_WIN,Q1_TIE__Q2_LOST__Q3_WIN__Q3_LEAD_4-7,True,True,13.5,0.6892237067222595,-221.7748655964247
2024,2024_18_CHI_GB,GB,CHI,CHI,GB,away,away dog,10.0,10.0,7.5+,4.0,1.0,1.0,2,WIN,WIN,WIN,WIN,4-7,1-3,1-3,Q1_WIN__Q2_WIN__Q3_WIN,Q1_WIN__Q2_WIN__Q3_WIN__Q3_LEAD_1-3,True,True,12.0,0.45198744535446167,121.24508330442032
2024,2024_18_CIN_PIT,PIT,CIN,PIT,CIN,home,home dog,-2.5,2.5,<=3,-10.0,-6.0,-9.0,-2,LOST,LOST,LOST,LOST,not_leading,not_leading,not_leading,Q1_LOST__Q2_LOST__Q3_LOST,Q1_LOST__Q2_LOST__Q3_LOST__Q3_LEAD_not_leading,False,True,0.5,0.11243629455566406,789.392525742591
2024,2024_18_CLE_BAL,BAL,CLE,CLE,BAL,away,away dog,19.5,19.5,7.5+,-7.0,-11.0,-18.0,-25,LOST,LOST,LOST,LOST,not_leading,not_leading,not_leading,Q1_LOST__Q2_LOST__Q3_LOST,Q1_LOST__Q2_LOST__Q3_LOST__Q3_LEAD_not_leading,False,False,-5.5,0.016436578705906868,5983.991187537262
2024,2024_18_HOU_TEN,TEN,HOU,HOU,TEN,away,away dog,2.5,2.5,<=3,7.0,13.0,10.0,9,WIN,WIN,WIN,WIN,4-7,8+,8+,Q1_WIN__Q2_WIN__Q3_WIN,Q1_WIN__Q2_WIN__Q3_WIN__Q3_LEAD_8+,True,True,11.5,0.8842859268188477,-764.1991181439815
2024,2024_18_JAX_IND,IND,JAX,JAX,IND,away,away dog,3.5,3.5,3.5-7,0.0,-7.0,-7.0,-3,TIE,LOST,LOST,LOST,not_leading,not_leading,not_leading,Q1_TIE__Q2_LOST__Q3_LOST,Q1_TIE__Q2_LOST__Q3_LOST__Q3_LEAD_not_leading,False,True,0.5,0.18744933605194092,433.47748306929554
2024,2024_18_KC_DEN,DEN,KC,KC,DEN,away,away dog,10.5,10.5,7.5+,-14.0,-24.0,-31.0,-38,LOST,LOST,LOST,LOST,not_leading,not_leading,not_leading,Q1_LOST__Q2_LOST__Q3_LOST,Q1_LOST__Q2_LOST__Q3_LOST__Q3_LEAD_not_leading,False,False,-27.5,0.00019377470016479492,515963.2420793602
2024,2024_18_LAC_LV,LV,LAC,LV,LAC,home,home dog,-7.0,7.0,3.5-7,0.0,-7.0,-7.0,-14,TIE,LOST,LOST,LOST,not_leading,not_leading,not_leading,Q1_TIE__Q2_LOST__Q3_LOST,Q1_TIE__Q2_LOST__Q3_LOST__Q3_LEAD_not_leading,False,False,-7.0,0.1733759045600891,476.78141754318415
2024,2024_18_MIA_NYJ,NYJ,MIA,MIA,NYJ,away,away dog,1.5,1.5,<=3,6.0,-9.0,-12.0,-12,WIN,LOST,LOST,LOST,4-7,not_leading,not_leading,Q1_WIN__Q2_LOST__Q3_LOST,Q1_WIN__Q2_LOST__Q3_LOST__Q3_LEAD_not_leading,False,False,-10.5,0.12142568826675415,723.5489658523894
2024,2024_18_MIN_DET,DET,MIN,MIN,DET,away,away dog,3.0,3.0,<=3,-7.0,-4.0,-8.0,-22,LOST,LOST,LOST,LOST,not_leading,not_leading,not_leading,Q1_LOST__Q2_LOST__Q3_LOST,Q1_LOST__Q2_LOST__Q3_LOST__Q3_LEAD_not_leading,False,False,-19.0,0.10795557498931885,826.3069555221583
2024,2024_18_NO_TB,TB,NO,NO,TB,away,away dog,14.5,14.5,7.5+,0.0,10.0,6.0,-8,TIE,WIN,WIN,LOST,not_leading,8+,4-7,Q1_TIE__Q2_WIN__Q3_WIN,Q1_TIE__Q2_WIN__Q3_WIN__Q3_LEAD_4-7,False,True,6.5,0.7124877572059631,-247.81127588934118
2024,2024_18_NYG_PHI,PHI,NYG,NYG,PHI,away,away dog,3.0,3.0,<=3,-7.0,-10.0,-7.0,-7,LOST,LOST,LOST,LOST,not_leading,not_leading,not_leading,Q1_LOST__Q2_LOST__Q3_LOST,Q1_LOST__Q2_LOST__Q3_LOST__Q3_LEAD_not_leading,False,False,-4.0,0.09868121147155762,913.3641298964241
2024,2024_18_SEA_LA,LA,SEA,LA,SEA,home,home dog,-7.5,7.5,7.5+,-4.0,-4.0,-8.0,-5,LOST,LOST,LOST,LOST,not_leading,not_leading,not_leading,Q1_LOST__Q2_LOST__Q3_LOST,Q1_LOST__Q2_LOST__Q3_LOST__Q3_LEAD_not_leading,False,True,2.5,0.30981898307800293,222.7691182977741
2024,2024_18_SF_ARI,ARI,SF,SF,ARI,away,away dog,4.5,4.5,3.5-7,0.0,-3.0,-2.0,-23,TIE,LOST,LOST,LOST,not_leading,not_leading,not_leading,Q1_TIE__Q2_LOST__Q3_LOST,Q1_TIE__Q2_LOST__Q3_LOST__Q3_LEAD_not_leading,False,False,-18.5,0.18666529655456543,435.71821782507016
2024,2024_18_WAS_DAL,DAL,WAS,DAL,WAS,home,home dog,-7.0,7.0,3.5-7,3.0,3.0,-1.0,-4,WIN,WIN,LOST,LOST,1-3,1-3,not_leading,Q1_WIN__Q2_WIN__Q3_LOST,Q1_WIN__Q2_WIN__Q3_LOST__Q3_LEAD_not_leading,False,True,3.0,0.6637355089187622,-197.3849533694627
2025,2025_01_ARI_NO,NO,ARI,NO,ARI,home,home dog,-6.0,6.0,3.5-7,-3.0,-7.0,-10.0,-7,LOST,LOST,LOST,LOST,not_leading,not_leading,not_leading,Q1_LOST__Q2_LOST__Q3_LOST,Q1_LOST__Q2_LOST__Q3_LOST__Q3_LEAD_not_leading,False,False,-1.0,0.17567023634910583,469.2483944819888
2025,2025_01_BAL_BUF,BUF,BAL,BUF,BAL,home,home dog,-1.5,1.5,<=3,4.0,-7.0,-15.0,1,WIN,LOST,LOST,WIN,4-7,not_leading,not_leading,Q1_WIN__Q2_LOST__Q3_LOST,Q1_WIN__Q2_LOST__Q3_LOST__Q3_LEAD_not_leading,True,True,2.5,0.06168755143880844,1521.0726097500556
2025,2025_01_CAR_JAX,JAX,CAR,CAR,JAX,away,away dog,4.5,4.5,3.5-7,0.0,-17.0,-17.0,-16,TIE,LOST,LOST,LOST,not_leading,not_leading,not_leading,Q1_TIE__Q2_LOST__Q3_LOST,Q1_TIE__Q2_LOST__Q3_LOST__Q3_LEAD_not_leading,False,False,-11.5,0.01665550470352173,5904.020999667183
2025,2025_01_CIN_CLE,CLE,CIN,CLE,CIN,home,home dog,-5.5,5.5,3.5-7,-7.0,-4.0,-1.0,-1,LOST,LOST,LOST,LOST,not_leading,not_leading,not_leading,Q1_LOST__Q2_LOST__Q3_LOST,Q1_LOST__Q2_LOST__Q3_LOST__Q3_LEAD_not_leading,False,True,4.5,0.5817207098007202,-139.07470999187467
2025,2025_01_DAL_PHI,PHI,DAL,DAL,PHI,away,away dog,8.5,8.5,7.5+,0.0,-1.0,-4.0,-4,TIE,LOST,LOST,LOST,not_leading,not_leading,not_leading,Q1_TIE__Q2_LOST__Q3_LOST,Q1_TIE__Q2_LOST__Q3_LOST__Q3_LEAD_not_leading,False,True,4.5,0.29343903064727783,240.78629478640448
2025,2025_01_DET_GB,GB,DET,DET,GB,away,away dog,1.5,1.5,<=3,-10.0,-14.0,-11.0,-14,LOST,LOST,LOST,LOST,not_leading,not_leading,not_leading,Q1_LOST__Q2_LOST__Q3_LOST,Q1_LOST__Q2_LOST__Q3_LOST__Q3_LEAD_not_leading,False,False,-12.5,0.08539479970932007,1071.031495365003
2025,2025_01_HOU_LA,LA,HOU,HOU,LA,away,away dog,3.5,3.5,3.5-7,3.0,2.0,-5.0,-5,WIN,WIN,LOST,LOST,1-3,1-3,not_leading,Q1_WIN__Q2_WIN__Q3_LOST,Q1_WIN__Q2_WIN__Q3_LOST__Q3_LEAD_not_leading,False,False,-1.5,0.2043514847755432,389.35294064458884
2025,2025_01_KC_LAC,LAC,KC,LAC,KC,home,home dog,-3.0,3.0,<=3,7.0,7.0,8.0,6,WIN,WIN,WIN,WIN,4-7,4-7,8+,Q1_WIN__Q2_WIN__Q3_WIN,Q1_WIN__Q2_WIN__Q3_WIN__Q3_LEAD_8+,True,True,9.0,0.8302623629570007,-489.14452764926386
2025,2025_01_LV_NE,NE,LV,LV,NE,away,away dog,2.5,2.5,<=3,0.0,-3.0,7.0,7,TIE,LOST,WIN,WIN,not_leading,not_leading,4-7,Q1_TIE__Q2_LOST__Q3_WIN,Q1_TIE__Q2_LOST__Q3_WIN__Q3_LEAD_4-7,True,True,9.5,0.7086058855056763,-243.17783038801895
2025,2025_01_MIA_IND,IND,MIA,MIA,IND,away,away dog,1.5,1.5,<=3,-3.0,-20.0,-23.0,-25,LOST,LOST,LOST,LOST,not_leading,not_leading,not_leading,Q1_LOST__Q2_LOST__Q3_LOST,Q1_LOST__Q2_LOST__Q3_LOST__Q3_LEAD_not_leading,False,False,-23.5,0.0006979703903198242,143172.5533731853
2025,2025_01_MIN_CHI,CHI,MIN,CHI,MIN,home,home dog,-1.5,1.5,<=3,7.0,4.0,11.0,-3,WIN,WIN,WIN,LOST,4-7,4-7,8+,Q1_WIN__Q2_WIN__Q3_WIN,Q1_WIN__Q2_WIN__Q3_WIN__Q3_LEAD_8+,False,False,-1.5,0.9073032140731812,-978.786054987352
2025,2025_01_NYG_WAS,WAS,NYG,NYG,WAS,away,away dog,6.0,6.0,3.5-7,-7.0,-11.0,-8.0,-15,LOST,LOST,LOST,LOST,not_leading,not_leading,not_leading,Q1_LOST__Q2_LOST__Q3_LOST,Q1_LOST__Q2_LOST__Q3_LOST__Q3_LEAD_not_leading,False,False,-9.0,0.11894059181213379,740.7558637168177
2025,2025_01_PIT_NYJ,NYJ,PIT,NYJ,PIT,home,home dog,-3.0,3.0,<=3,2.0,2.0,9.0,-2,WIN,WIN,WIN,LOST,1-3,1-3,8+,Q1_WIN__Q2_WIN__Q3_WIN,Q1_WIN__Q2_WIN__Q3_WIN__Q3_LEAD_8+,False,True,1.0,0.7081507444381714,-242.64264202933654
2025,2025_01_SF_SEA,SEA,SF,SEA,SF,home,home dog,-2.5,2.5,<=3,-7.0,3.0,3.0,-4,LOST,WIN,WIN,LOST,not_leading,1-3,1-3,Q1_LOST__Q2_WIN__Q3_WIN,Q1_LOST__Q2_WIN__Q3_WIN__Q3_LEAD_1-3,False,False,-1.5,0.7434563636779785,-289.7972346290317
2025,2025_01_TB_ATL,ATL,TB,ATL,TB,home,home dog,-1.5,1.5,<=3,7.0,0.0,-4.0,-3,WIN,TIE,LOST,LOST,4-7,not_leading,not_leading,Q1_WIN__Q2_TIE__Q3_LOST,Q1_WIN__Q2_TIE__Q3_LOST__Q3_LEAD_not_leading,False,False,-1.5,0.3416682481765747,192.68157206203088
2025,2025_01_TEN_DEN,DEN,TEN,TEN,DEN,away,away dog,8.5,8.5,7.5+,0.0,-1.0,-1.0,-8,TIE,LOST,LOST,LOST,not_leading,not_leading,not_leading,Q1_TIE__Q2_LOST__Q3_LOST,Q1_TIE__Q2_LOST__Q3_LOST__Q3_LEAD_not_leading,False,True,0.5,0.4279792904853821,133.6561656677067
2025,2025_02_ATL_MIN,MIN,ATL,ATL,MIN,away,away dog,3.5,3.5,3.5-7,6.0,3.0,6.0,16,WIN,WIN,WIN,WIN,4-7,1-3,4-7,Q1_WIN__Q2_WIN__Q3_WIN,Q1_WIN__Q2_WIN__Q3_WIN__Q3_LEAD_4-7,True,True,19.5,0.692958414554596,-225.68878204213576
2025,2025_02_BUF_NYJ,NYJ,BUF,NYJ,BUF,home,home dog,-6.0,6.0,3.5-7,-10.0,-17.0,-20.0,-20,LOST,LOST,LOST,LOST,not_leading,not_leading,not_leading,Q1_LOST__Q2_LOST__Q3_LOST,Q1_LOST__Q2_LOST__Q3_LOST__Q3_LEAD_not_leading,False,False,-14.0,0.010419011116027832,9497.83984164941
2025,2025_02_CAR_ARI,ARI,CAR,CAR,ARI,away,away dog,7.0,7.0,3.5-7,-7.0,-17.0,-18.0,-5,LOST,LOST,LOST,LOST,not_leading,not_leading,not_leading,Q1_LOST__Q2_LOST__Q3_LOST,Q1_LOST__Q2_LOST__Q3_LOST__Q3_LEAD_not_leading,False,True,2.0,0.016281306743621826,6042.013142721165
2025,2025_02_CHI_DET,DET,CHI,CHI,DET,away,away dog,6.0,6.0,3.5-7,-7.0,-14.0,-24.0,-31,LOST,LOST,LOST,LOST,not_leading,not_leading,not_leading,Q1_LOST__Q2_LOST__Q3_LOST,Q1_LOST__Q2_LOST__Q3_LOST__Q3_LEAD_not_leading,False,False,-25.0,0.0004386305809020996,227882.28020111428
2025,2025_02_CLE_BAL,BAL,CLE,CLE,BAL,away,away dog,12.5,12.5,7.5+,-3.0,-7.0,-10.0,-24,LOST,LOST,LOST,LOST,not_leading,not_leading,not_leading,Q1_LOST__Q2_LOST__Q3_LOST,Q1_LOST__Q2_LOST__Q3_LOST__Q3_LEAD_not_leading,False,False,-11.5,0.08637887239456177,1057.6905003253526
2025,2025_02_DEN_IND,IND,DEN,IND,DEN,home,home dog,-2.5,2.5,<=3,-1.0,-1.0,-5.0,1,LOST,LOST,LOST,WIN,not_leading,not_leading,not_leading,Q1_LOST__Q2_LOST__Q3_LOST,Q1_LOST__Q2_LOST__Q3_LOST__Q3_LEAD_not_leading,True,True,3.5,0.32207685708999634,210.48489762199057
2025,2025_02_JAX_CIN,CIN,JAX,JAX,CIN,away,away dog,3.5,3.5,3.5-7,0.0,7.0,0.0,-4,TIE,WIN,TIE,LOST,not_leading,4-7,not_leading,Q1_TIE__Q2_WIN__Q3_TIE,Q1_TIE__Q2_WIN__Q3_TIE__Q3_LEAD_not_leading,False,False,-0.5,0.5133870840072632,-105.50214906645141
2025,2025_02_LAC_LV,LV,LAC,LV,LAC,home,home dog,-3.5,3.5,3.5-7,-7.0,-11.0,-14.0,-11,LOST,LOST,LOST,LOST,not_leading,not_leading,not_leading,Q1_LOST__Q2_LOST__Q3_LOST,Q1_LOST__Q2_LOST__Q3_LOST__Q3_LEAD_not_leading,False,False,-7.5,0.10269875824451447,873.7216078300672
2025,2025_02_LA_TEN,TEN,LA,TEN,LA,home,home dog,-5.5,5.5,3.5-7,-7.0,3.0,-4.0,-14,LOST,WIN,LOST,LOST,not_leading,1-3,not_leading,Q1_LOST__Q2_WIN__Q3_LOST,Q1_LOST__Q2_WIN__Q3_LOST__Q3_LEAD_not_leading,False,False,-8.5,0.33690011501312256,196.8238820461813
2025,2025_02_NE_MIA,MIA,NE,NE,MIA,away,away dog,1.5,1.5,<=3,12.0,1.0,3.0,6,WIN,WIN,WIN,WIN,8+,1-3,1-3,Q1_WIN__Q2_WIN__Q3_WIN,Q1_WIN__Q2_WIN__Q3_WIN__Q3_LEAD_1-3,True,True,7.5,0.5825713276863098,-139.5618859761789
2025,2025_02_NYG_DAL,DAL,NYG,NYG,DAL,away,away dog,4.5,4.5,3.5-7,6.0,3.0,-1.0,-3,WIN,WIN,LOST,LOST,4-7,1-3,not_leading,Q1_WIN__Q2_WIN__Q3_LOST,Q1_WIN__Q2_WIN__Q3_LOST__Q3_LEAD_not_leading,False,True,1.5,0.32000261545181274,212.49744586871478
2025,2025_02_PHI_KC,KC,PHI,KC,PHI,home,home dog,-1.5,1.5,<=3,-7.0,0.0,-3.0,-3,LOST,TIE,LOST,LOST,not_leading,not_leading,not_leading,Q1_LOST__Q2_TIE__Q3_LOST,Q1_LOST__Q2_TIE__Q3_LOST__Q3_LEAD_not_leading,False,False,-1.5,0.586274266242981,-141.70601884467249
2025,2025_02_SEA_PIT,PIT,SEA,SEA,PIT,away,away dog,3.5,3.5,3.5-7,1.0,-7.0,0.0,14,WIN,LOST,TIE,WIN,1-3,not_leading,not_leading,Q1_WIN__Q2_LOST__Q3_TIE,Q1_WIN__Q2_LOST__Q3_TIE__Q3_LEAD_not_leading,True,True,17.5,0.44540783762931824,124.51333710751403
2025,2025_02_SF_NO,NO,SF,NO,SF,home,home dog,-3.0,3.0,<=3,-6.0,-9.0,-5.0,-5,LOST,LOST,LOST,LOST,not_leading,not_leading,not_leading,Q1_LOST__Q2_LOST__Q3_LOST,Q1_LOST__Q2_LOST__Q3_LOST__Q3_LEAD_not_leading,False,False,-2.0,0.2616630792617798,282.1708445919319
2025,2025_02_TB_HOU,HOU,TB,TB,HOU,away,away dog,2.5,2.5,<=3,-3.0,4.0,4.0,1,LOST,WIN,WIN,WIN,not_leading,4-7,4-7,Q1_LOST__Q2_WIN__Q3_WIN,Q1_LOST__Q2_WIN__Q3_WIN__Q3_LEAD_4-7,True,True,3.5,0.5737650990486145,-134.6124162446415
2025,2025_02_WAS_GB,GB,WAS,WAS,GB,away,away dog,3.5,3.5,3.5-7,-7.0,-11.0,-14.0,-9,LOST,LOST,LOST,LOST,not_leading,not_leading,not_leading,Q1_LOST__Q2_LOST__Q3_LOST,Q1_LOST__Q2_LOST__Q3_LOST__Q3_LEAD_not_leading,False,False,-5.5,0.08601559698581696,1062.5798518434851
2025,2025_03_ARI_SF,SF,ARI,ARI,SF,away,away dog,1.5,1.5,<=3,0.0,-3.0,0.0,-1,TIE,LOST,TIE,LOST,not_leading,not_leading,not_leading,Q1_TIE__Q2_LOST__Q3_TIE,Q1_TIE__Q2_LOST__Q3_TIE__Q3_LEAD_not_leading,False,True,0.5,0.4308784008026123,132.08403998373205
2025,2025_03_ATL_CAR,CAR,ATL,CAR,ATL,home,home dog,-5.5,5.5,3.5-7,7.0,10.0,20.0,30,WIN,WIN,WIN,WIN,4-7,8+,8+,Q1_WIN__Q2_WIN__Q3_WIN,Q1_WIN__Q2_WIN__Q3_WIN__Q3_LEAD_8+,True,True,35.5,0.9934803247451782,-15238.187270300416
2025,2025_03_CIN_MIN,MIN,CIN,CIN,MIN,away,away dog,3.0,3.0,<=3,-14.0,-31.0,-45.0,-38,LOST,LOST,LOST,LOST,not_leading,not_leading,not_leading,Q1_LOST__Q2_LOST__Q3_LOST,Q1_LOST__Q2_LOST__Q3_LOST__Q3_LEAD_not_leading,False,False,-35.0,7.275443203980103e-05,1374386.7109304627
2025,2025_03_DAL_CHI,CHI,DAL,CHI,DAL,home,home dog,-1.5,1.5,<=3,11.0,10.0,17.0,17,WIN,WIN,WIN,WIN,8+,8+,8+,Q1_WIN__Q2_WIN__Q3_WIN,Q1_WIN__Q2_WIN__Q3_WIN__Q3_LEAD_8+,True,True,18.5,0.9562458992004395,-2185.5000599396244
2025,2025_03_DEN_LAC,LAC,DEN,DEN,LAC,away,away dog,2.5,2.5,<=3,-3.0,-3.0,4.0,-3,LOST,LOST,WIN,LOST,not_leading,not_leading,4-7,Q1_LOST__Q2_LOST__Q3_WIN,Q1_LOST__Q2_LOST__Q3_WIN__Q3_LEAD_4-7,False,False,-0.5,0.6983112096786499,-231.46740352362087
2025,2025_03_DET_BAL,BAL,DET,DET,BAL,away,away dog,4.5,4.5,3.5-7,0.0,0.0,0.0,8,TIE,TIE,TIE,WIN,not_leading,not_leading,not_leading,Q1_TIE__Q2_TIE__Q3_TIE,Q1_TIE__Q2_TIE__Q3_TIE__Q3_LEAD_not_leading,True,True,12.5,0.5903327465057373,-144.1005453744437
2025,2025_03_GB_CLE,CLE,GB,CLE,GB,home,home dog,-8.5,8.5,7.5+,0.0,-3.0,-10.0,3,TIE,LOST,LOST,WIN,not_leading,not_leading,not_leading,Q1_TIE__Q2_LOST__Q3_LOST,Q1_TIE__Q2_LOST__Q3_LOST__Q3_LEAD_not_leading,True,True,11.5,0.16061055660247803,522.6240797328581
2025,2025_03_HOU_JAX,JAX,HOU,HOU,JAX,away,away dog,1.5,1.5,<=3,-7.0,-4.0,-7.0,-7,LOST,LOST,LOST,LOST,not_leading,not_leading,not_leading,Q1_LOST__Q2_LOST__Q3_LOST,Q1_LOST__Q2_LOST__Q3_LOST__Q3_LEAD_not_leading,False,False,-5.5,0.22061359882354736,353.28121445488347
2025,2025_03_IND_TEN,TEN,IND,TEN,IND,home,home dog,-6.0,6.0,3.5-7,-14.0,-14.0,-21.0,-21,LOST,LOST,LOST,LOST,not_leading,not_leading,not_leading,Q1_LOST__Q2_LOST__Q3_LOST,Q1_LOST__Q2_LOST__Q3_LOST__Q3_LEAD_not_leading,False,False,-15.0,0.01605321653187275,6129.281203642627
2025,2025_03_KC_NYG,NYG,KC,NYG,KC,home,home dog,-6.0,6.0,3.5-7,-3.0,-3.0,-10.0,-13,LOST,LOST,LOST,LOST,not_leading,not_leading,not_leading,Q1_LOST__Q2_LOST__Q3_LOST,Q1_LOST__Q2_LOST__Q3_LOST__Q3_LEAD_not_leading,False,False,-7.0,0.19736401736736298,406.6779716682868
2025,2025_03_LA_PHI,PHI,LA,LA,PHI,away,away dog,3.5,3.5,3.5-7,3.0,12.0,5.0,-7,WIN,WIN,WIN,LOST,1-3,8+,4-7,Q1_WIN__Q2_WIN__Q3_WIN,Q1_WIN__Q2_WIN__Q3_WIN__Q3_LEAD_4-7,False,False,-3.5,0.7853415012359619,-365.8562347905187
2025,2025_03_LV_WAS,WAS,LV,LV,WAS,away,away dog,2.5,2.5,<=3,-4.0,-10.0,-24.0,-17,LOST,LOST,LOST,LOST,not_leading,not_leading,not_leading,Q1_LOST__Q2_LOST__Q3_LOST,Q1_LOST__Q2_LOST__Q3_LOST__Q3_LEAD_not_leading,False,False,-14.5,0.005426112096756697,18329.401792080953
2025,2025_03_MIA_BUF,BUF,MIA,MIA,BUF,away,away dog,12.5,12.5,7.5+,0.0,0.0,-7.0,-10,TIE,TIE,LOST,LOST,not_leading,not_leading,not_leading,Q1_TIE__Q2_TIE__Q3_LOST,Q1_TIE__Q2_TIE__Q3_LOST__Q3_LEAD_not_leading,False,True,2.5,0.20523454248905182,387.24741355532035
2025,2025_03_NO_SEA,SEA,NO,NO,SEA,away,away dog,7.5,7.5,7.5+,-21.0,-32.0,-38.0,-31,LOST,LOST,LOST,LOST,not_leading,not_leading,not_leading,Q1_LOST__Q2_LOST__Q3_LOST,Q1_LOST__Q2_LOST__Q3_LOST__Q3_LEAD_not_leading,False,False,-23.5,0.00011319712939439341,883314.6284009296
2025,2025_03_NYJ_TB,TB,NYJ,NYJ,TB,away,away dog,6.5,6.5,3.5-7,0.0,-14.0,-17.0,-2,TIE,LOST,LOST,LOST,not_leading,not_leading,not_leading,Q1_TIE__Q2_LOST__Q3_LOST,Q1_TIE__Q2_LOST__Q3_LOST__Q3_LEAD_not_leading,False,True,4.5,0.014082372188568115,7001.076342889069
2025,2025_03_PIT_NE,NE,PIT,NE,PIT,home,home dog,-1.5,1.5,<=3,-7.0,-7.0,-7.0,-7,LOST,LOST,LOST,LOST,not_leading,not_leading,not_leading,Q1_LOST__Q2_LOST__Q3_LOST,Q1_LOST__Q2_LOST__Q3_LOST__Q3_LEAD_not_leading,False,False,-5.5,0.280936598777771,255.952198592334
2025,2025_04_BAL_KC,KC,BAL,KC,BAL,home,home dog,-2.5,2.5,<=3,-4.0,10.0,17.0,17,LOST,WIN,WIN,WIN,not_leading,8+,8+,Q1_LOST__Q2_WIN__Q3_WIN,Q1_LOST__Q2_WIN__Q3_WIN__Q3_LEAD_8+,True,True,19.5,0.9740681648254395,-3756.263906000037
2025,2025_04_CAR_NE,NE,CAR,CAR,NE,away,away dog,5.5,5.5,3.5-7,-1.0,-22.0,-29.0,-29,LOST,LOST,LOST,LOST,not_leading,not_leading,not_leading,Q1_LOST__Q2_LOST__Q3_LOST,Q1_LOST__Q2_LOST__Q3_LOST__Q3_LEAD_not_leading,False,False,-23.5,0.0001983046531677246,504174.6017433123
2025,2025_04_CHI_LV,LV,CHI,CHI,LV,away,away dog,1.5,1.5,<=3,-4.0,-5.0,-5.0,1,LOST,LOST,LOST,WIN,not_leading,not_leading,not_leading,Q1_LOST__Q2_LOST__Q3_LOST,Q1_LOST__Q2_LOST__Q3_LOST__Q3_LEAD_not_leading,True,True,2.5,0.31998229026794434,212.51729561740046
2025,2025_04_CIN_DEN,DEN,CIN,CIN,DEN,away,away dog,7.5,7.5,7.5+,-4.0,-18.0,-18.0,-25,LOST,LOST,LOST,LOST,not_leading,not_leading,not_leading,Q1_LOST__Q2_LOST__Q3_LOST,Q1_LOST__Q2_LOST__Q3_LOST__Q3_LEAD_not_leading,False,False,-17.5,0.011976957321166992,8249.365979894495
2025,2025_04_CLE_DET,DET,CLE,CLE,DET,away,away dog,10.0,10.0,7.5+,0.0,-13.0,-10.0,-24,TIE,LOST,LOST,LOST,not_leading,not_leading,not_leading,Q1_TIE__Q2_LOST__Q3_LOST,Q1_TIE__Q2_LOST__Q3_LOST__Q3_LEAD_not_leading,False,False,-14.0,0.07327473163604736,1264.726936110745
2025,2025_04_GB_DAL,DAL,GB,DAL,GB,home,home dog,-7.0,7.0,3.5-7,-7.0,3.0,3.0,0,LOST,WIN,WIN,LOST,not_leading,1-3,1-3,Q1_LOST__Q2_WIN__Q3_WIN,Q1_LOST__Q2_WIN__Q3_WIN__Q3_LEAD_1-3,False,True,7.0,0.6418070793151855,-179.17916358819733
2025,2025_04_IND_LA,LA,IND,IND,LA,away,away dog,3.5,3.5,3.5-7,0.0,-3.0,-3.0,-7,TIE,LOST,LOST,LOST,not_leading,not_leading,not_leading,Q1_TIE__Q2_LOST__Q3_LOST,Q1_TIE__Q2_LOST__Q3_LOST__Q3_LEAD_not_leading,False,False,-3.5,0.4579489827156067,118.36493534062838
2025,2025_04_JAX_SF,SF,JAX,JAX,SF,away,away dog,3.5,3.5,3.5-7,-3.0,11.0,12.0,5,LOST,WIN,WIN,WIN,not_leading,8+,8+,Q1_LOST__Q2_WIN__Q3_WIN,Q1_LOST__Q2_WIN__Q3_WIN__Q3_LEAD_8+,True,True,8.5,0.848565936088562,-560.3534067373522
2025,2025_04_LAC_NYG,NYG,LAC,NYG,LAC,home,home dog,-6.0,6.0,3.5-7,7.0,3.0,3.0,3,WIN,WIN,WIN,WIN,4-7,1-3,1-3,Q1_WIN__Q2_WIN__Q3_WIN,Q1_WIN__Q2_WIN__Q3_WIN__Q3_LEAD_1-3,True,True,9.0,0.7162200212478638,-252.3856772409714
2025,2025_04_MIN_PIT,PIT,MIN,PIT,MIN,home,home dog,-2.5,2.5,<=3,4.0,8.0,15.0,3,WIN,WIN,WIN,WIN,4-7,8+,8+,Q1_WIN__Q2_WIN__Q3_WIN,Q1_WIN__Q2_WIN__Q3_WIN__Q3_LEAD_8+,True,True,5.5,0.9825390577316284,-5627.067787237238
2025,2025_04_NO_BUF,BUF,NO,NO,BUF,away,away dog,15.5,15.5,7.5+,-7.0,-4.0,-5.0,-12,LOST,LOST,LOST,LOST,not_leading,not_leading,not_leading,Q1_LOST__Q2_LOST__Q3_LOST,Q1_LOST__Q2_LOST__Q3_LOST__Q3_LEAD_not_leading,False,True,3.5,0.18488973379135132,440.86291298818315
2025,2025_04_NYJ_MIA,MIA,NYJ,NYJ,MIA,away,away dog,2.5,2.5,<=3,-3.0,-7.0,-14.0,-6,LOST,LOST,LOST,LOST,not_leading,not_leading,not_leading,Q1_LOST__Q2_LOST__Q3_LOST,Q1_LOST__Q2_LOST__Q3_LOST__Q3_LEAD_not_leading,False,False,-3.5,0.10209860652685165,879.4452970687731
2025,2025_04_PHI_TB,TB,PHI,TB,PHI,home,home dog,-3.5,3.5,3.5-7,-11.0,-18.0,-11.0,-6,LOST,LOST,LOST,LOST,not_leading,not_leading,not_leading,Q1_LOST__Q2_LOST__Q3_LOST,Q1_LOST__Q2_LOST__Q3_LOST__Q3_LEAD_not_leading,False,False,-2.5,0.12409716844558716,705.8201589333358
2025,2025_04_SEA_ARI,ARI,SEA,ARI,SEA,home,home dog,-1.5,1.5,<=3,-4.0,-11.0,-11.0,-3,LOST,LOST,LOST,LOST,not_leading,not_leading,not_leading,Q1_LOST__Q2_LOST__Q3_LOST,Q1_LOST__Q2_LOST__Q3_LOST__Q3_LEAD_not_leading,False,False,-1.5,0.08819389343261719,1033.8653517593373
2025,2025_04_TEN_HOU,HOU,TEN,TEN,HOU,away,away dog,7.5,7.5,7.5+,-3.0,-6.0,-6.0,-26,LOST,LOST,LOST,LOST,not_leading,not_leading,not_leading,Q1_LOST__Q2_LOST__Q3_LOST,Q1_LOST__Q2_LOST__Q3_LOST__Q3_LEAD_not_leading,False,False,-18.5,0.1210554838180542,726.0674927399366
2025,2025_04_WAS_ATL,ATL,WAS,WAS,ATL,away,away dog,2.5,2.5,<=3,-10.0,-7.0,-15.0,-7,LOST,LOST,LOST,LOST,not_leading,not_leading,not_leading,Q1_LOST__Q2_LOST__Q3_LOST,Q1_LOST__Q2_LOST__Q3_LOST__Q3_LEAD_not_leading,False,False,-4.5,0.043619513511657715,2192.5519325948944
2025,2025_05_DAL_NYJ,NYJ,DAL,DAL,NYJ,away,away dog,1.5,1.5,<=3,0.0,20.0,24.0,15,TIE,WIN,WIN,WIN,not_leading,8+,8+,Q1_TIE__Q2_WIN__Q3_WIN,Q1_TIE__Q2_WIN__Q3_WIN__Q3_LEAD_8+,True,True,16.5,0.9992668032646179,-136289.0415413381
2025,2025_05_DEN_PHI,PHI,DEN,DEN,PHI,away,away dog,3.5,3.5,3.5-7,0.0,-7.0,-14.0,4,TIE,LOST,LOST,WIN,not_leading,not_leading,not_leading,Q1_TIE__Q2_LOST__Q3_LOST,Q1_TIE__Q2_LOST__Q3_LOST__Q3_LEAD_not_leading,True,True,7.5,0.09002769738435745,1010.7692732945013
2025,2025_05_DET_CIN,CIN,DET,CIN,DET,home,home dog,-10.5,10.5,7.5+,-7.0,-11.0,-25.0,-13,LOST,LOST,LOST,LOST,not_leading,not_leading,not_leading,Q1_LOST__Q2_LOST__Q3_LOST,Q1_LOST__Q2_LOST__Q3_LOST__Q3_LEAD_not_leading,False,False,-2.5,0.006297924555838108,15778.246732457454
2025,2025_05_HOU_BAL,BAL,HOU,BAL,HOU,home,home dog,-2.5,2.5,<=3,-4.0,-21.0,-24.0,-34,LOST,LOST,LOST,LOST,not_leading,not_leading,not_leading,Q1_LOST__Q2_LOST__Q3_LOST,Q1_LOST__Q2_LOST__Q3_LOST__Q3_LEAD_not_leading,False,False,-31.5,0.0005931854248046875,168481.35048231512
2025,2025_05_KC_JAX,JAX,KC,JAX,KC,home,home dog,-3.5,3.5,3.5-7,-7.0,-7.0,7.0,3,LOST,LOST,WIN,WIN,not_leading,not_leading,4-7,Q1_LOST__Q2_LOST__Q3_WIN,Q1_LOST__Q2_LOST__Q3_WIN__Q3_LEAD_4-7,True,True,6.5,0.7678003907203674,-330.6639460343464
2025,2025_05_LV_IND,IND,LV,LV,IND,away,away dog,7.0,7.0,3.5-7,3.0,-17.0,-37.0,-34,WIN,LOST,LOST,LOST,1-3,not_leading,not_leading,Q1_WIN__Q2_LOST__Q3_LOST,Q1_WIN__Q2_LOST__Q3_LOST__Q3_LEAD_not_leading,False,False,-27.0,7.483880472136661e-05,1336105.1995927966
2025,2025_05_MIA_CAR,CAR,MIA,CAR,MIA,home,home dog,-1.5,1.5,<=3,-3.0,-7.0,-4.0,3,LOST,LOST,LOST,WIN,not_leading,not_leading,not_leading,Q1_LOST__Q2_LOST__Q3_LOST,Q1_LOST__Q2_LOST__Q3_LOST__Q3_LEAD_not_leading,True,True,4.5,0.34515708684921265,189.72315450004533
2025,2025_05_MIN_CLE,CLE,MIN,CLE,MIN,home,home dog,-3.5,3.5,3.5-7,0.0,3.0,3.0,-4,TIE,WIN,WIN,LOST,not_leading,1-3,1-3,Q1_TIE__Q2_WIN__Q3_WIN,Q1_TIE__Q2_WIN__Q3_WIN__Q3_LEAD_1-3,False,False,-0.5,0.7024509310722351,-236.0790217235622
2025,2025_05_NE_BUF,BUF,NE,NE,BUF,away,away dog,7.5,7.5,7.5+,3.0,3.0,3.0,3,WIN,WIN,WIN,WIN,1-3,1-3,1-3,Q1_WIN__Q2_WIN__Q3_WIN,Q1_WIN__Q2_WIN__Q3_WIN__Q3_LEAD_1-3,True,True,10.5,0.6770884394645691,-209.68231621743897
2025,2025_05_NYG_NO,NO,NYG,NYG,NO,away,away dog,1.5,1.5,<=3,4.0,-2.0,-5.0,-12,WIN,LOST,LOST,LOST,4-7,not_leading,not_leading,Q1_WIN__Q2_LOST__Q3_LOST,Q1_WIN__Q2_LOST__Q3_LOST__Q3_LEAD_not_leading,False,False,-10.5,0.4334932565689087,130.68409596840837
2025,2025_05_SF_LA,LA,SF,SF,LA,away,away dog,8.5,8.5,7.5+,7.0,10.0,6.0,3,WIN,WIN,WIN,WIN,4-7,8+,4-7,Q1_WIN__Q2_WIN__Q3_WIN,Q1_WIN__Q2_WIN__Q3_WIN__Q3_LEAD_4-7,True,True,11.5,0.805656909942627,-414.5539261029475
2025,2025_05_TB_SEA,SEA,TB,TB,SEA,away,away dog,3.5,3.5,3.5-7,3.0,6.0,7.0,3,WIN,WIN,WIN,WIN,1-3,4-7,4-7,Q1_WIN__Q2_WIN__Q3_WIN,Q1_WIN__Q2_WIN__Q3_WIN__Q3_LEAD_4-7,True,True,6.5,0.6917333602905273,-224.39449203535443
2025,2025_05_TEN_ARI,ARI,TEN,TEN,ARI,away,away dog,7.5,7.5,7.5+,-11.0,-15.0,-15.0,1,LOST,LOST,LOST,WIN,not_leading,not_leading,not_leading,Q1_LOST__Q2_LOST__Q3_LOST,Q1_LOST__Q2_LOST__Q3_LOST__Q3_LEAD_not_leading,True,True,8.5,0.02530038356781006,3852.509246825453
2025,2025_05_WAS_LAC,LAC,WAS,WAS,LAC,away,away dog,2.5,2.5,<=3,-10.0,0.0,10.0,17,LOST,TIE,WIN,WIN,not_leading,not_leading,8+,Q1_LOST__Q2_TIE__Q3_WIN,Q1_LOST__Q2_TIE__Q3_WIN__Q3_LEAD_8+,True,True,19.5,0.9119424223899841,-1035.620609993089
2025,2025_06_ARI_IND,IND,ARI,ARI,IND,away,away dog,8.5,8.5,7.5+,0.0,-4.0,7.0,-4,TIE,LOST,WIN,LOST,not_leading,not_leading,4-7,Q1_TIE__Q2_LOST__Q3_WIN,Q1_TIE__Q2_LOST__Q3_WIN__Q3_LEAD_4-7,False,True,4.5,0.7123574018478394,-247.65365297910708
2025,2025_06_BUF_ATL,ATL,BUF,ATL,BUF,home,home dog,-3.5,3.5,3.5-7,7.0,14.0,7.0,10,WIN,WIN,WIN,WIN,4-7,8+,4-7,Q1_WIN__Q2_WIN__Q3_WIN,Q1_WIN__Q2_WIN__Q3_WIN__Q3_LEAD_4-7,True,True,13.5,0.8347545862197876,-505.16051678751444
2025,2025_06_CHI_WAS,WAS,CHI,CHI,WAS,away,away dog,5.5,5.5,3.5-7,6.0,6.0,-1.0,1,WIN,WIN,LOST,WIN,4-7,4-7,not_leading,Q1_WIN__Q2_WIN__Q3_LOST,Q1_WIN__Q2_WIN__Q3_LOST__Q3_LEAD_not_leading,True,True,6.5,0.4577019214630127,118.48280575348446
2025,2025_06_CIN_GB,GB,CIN,CIN,GB,away,away dog,14.0,14.0,7.5+,0.0,-10.0,-3.0,-9,TIE,LOST,LOST,LOST,not_leading,not_leading,not_leading,Q1_TIE__Q2_LOST__Q3_LOST,Q1_TIE__Q2_LOST__Q3_LOST__Q3_LEAD_not_leading,False,True,5.0,0.19919121265411377,402.0301782772181
2025,2025_06_CLE_PIT,PIT,CLE,CLE,PIT,away,away dog,5.5,5.5,3.5-7,-3.0,-6.0,-10.0,-14,LOST,LOST,LOST,LOST,not_leading,not_leading,not_leading,Q1_LOST__Q2_LOST__Q3_LOST,Q1_LOST__Q2_LOST__Q3_LOST__Q3_LEAD_not_leading,False,False,-8.5,0.07540911436080933,1226.0996478692334
2025,2025_06_DAL_CAR,CAR,DAL,CAR,DAL,home,home dog,-3.0,3.0,<=3,0.0,-4.0,-4.0,3,TIE,LOST,LOST,WIN,not_leading,not_leading,not_leading,Q1_TIE__Q2_LOST__Q3_LOST,Q1_TIE__Q2_LOST__Q3_LOST__Q3_LEAD_not_leading,True,True,6.0,0.5040839314460754,-101.64702525489204
2025,2025_06_DEN_NYJ,NYJ,DEN,NYJ,DEN,home,home dog,-7.5,7.5,7.5+,-4.0,-4.0,1.0,-2,LOST,LOST,WIN,LOST,not_leading,not_leading,1-3,Q1_LOST__Q2_LOST__Q3_WIN,Q1_LOST__Q2_LOST__Q3_WIN__Q3_LEAD_1-3,False,True,5.5,0.5315536260604858,-113.47160649152983
2025,2025_06_DET_KC,KC,DET,DET,KC,away,away dog,2.5,2.5,<=3,-3.0,-3.0,-10.0,-13,LOST,LOST,LOST,LOST,not_leading,not_leading,not_leading,Q1_LOST__Q2_LOST__Q3_LOST,Q1_LOST__Q2_LOST__Q3_LOST__Q3_LEAD_not_leading,False,False,-10.5,0.27439647912979126,264.43616301905746
2025,2025_06_LAC_MIA,MIA,LAC,MIA,LAC,home,home dog,-3.5,3.5,3.5-7,1.0,4.0,-10.0,-2,WIN,WIN,LOST,LOST,1-3,4-7,not_leading,Q1_WIN__Q2_WIN__Q3_LOST,Q1_WIN__Q2_WIN__Q3_LOST__Q3_LEAD_not_leading,False,True,1.5,0.08510184288024902,1075.06268507857
2025,2025_06_LA_BAL,BAL,LA,BAL,LA,home,home dog,-7.0,7.0,3.5-7,3.0,0.0,-14.0,-14,WIN,TIE,LOST,LOST,1-3,not_leading,not_leading,Q1_WIN__Q2_TIE__Q3_LOST,Q1_WIN__Q2_TIE__Q3_LOST__Q3_LEAD_not_leading,False,False,-7.0,0.032765865325927734,2951.956632467438
2025,2025_06_NE_NO,NO,NE,NO,NE,home,home dog,-3.5,3.5,3.5-7,-8.0,-6.0,-9.0,-6,LOST,LOST,LOST,LOST,not_leading,not_leading,not_leading,Q1_LOST__Q2_LOST__Q3_LOST,Q1_LOST__Q2_LOST__Q3_LOST__Q3_LEAD_not_leading,False,False,-2.5,0.19914965331554413,402.1349439235742
2025,2025_06_PHI_NYG,NYG,PHI,NYG,PHI,home,home dog,-7.0,7.0,3.5-7,3.0,3.0,10.0,17,WIN,WIN,WIN,WIN,1-3,1-3,8+,Q1_WIN__Q2_WIN__Q3_WIN,Q1_WIN__Q2_WIN__Q3_WIN__Q3_LEAD_8+,True,True,24.0,0.8992595076560974,-892.6495064032968
2025,2025_06_SEA_JAX,JAX,SEA,JAX,SEA,home,home dog,-1.5,1.5,<=3,6.0,-7.0,-14.0,-8,WIN,LOST,LOST,LOST,4-7,not_leading,not_leading,Q1_WIN__Q2_LOST__Q3_LOST,Q1_WIN__Q2_LOST__Q3_LOST__Q3_LEAD_not_leading,False,False,-6.5,0.10883000493049622,818.8642421165426
2025,2025_06_SF_TB,TB,SF,SF,TB,away,away dog,3.5,3.5,3.5-7,-4.0,-4.0,-8.0,-11,LOST,LOST,LOST,LOST,not_leading,not_leading,not_leading,Q1_LOST__Q2_LOST__Q3_LOST,Q1_LOST__Q2_LOST__Q3_LOST__Q3_LEAD_not_leading,False,False,-7.5,0.18762066960334778,432.99031610649183
2025,2025_06_TEN_LV,LV,TEN,TEN,LV,away,away dog,3.5,3.5,3.5-7,-3.0,-10.0,-14.0,-10,LOST,LOST,LOST,LOST,not_leading,not_leading,not_leading,Q1_LOST__Q2_LOST__Q3_LOST,Q1_LOST__Q2_LOST__Q3_LOST__Q3_LEAD_not_leading,False,False,-6.5,0.029482007026672363,3291.8993340422867
2025,2025_07_ATL_SF,SF,ATL,ATL,SF,away,away dog,1.5,1.5,<=3,0.0,-7.0,-3.0,-10,TIE,LOST,LOST,LOST,not_leading,not_leading,not_leading,Q1_TIE__Q2_LOST__Q3_LOST,Q1_TIE__Q2_LOST__Q3_LOST__Q3_LEAD_not_leading,False,False,-8.5,0.28849267959594727,246.62924598314416
2025,2025_07_CAR_NYJ,NYJ,CAR,CAR,NYJ,away,away dog,1.5,1.5,<=3,3.0,7.0,10.0,7,WIN,WIN,WIN,WIN,1-3,4-7,8+,Q1_WIN__Q2_WIN__Q3_WIN,Q1_WIN__Q2_WIN__Q3_WIN__Q3_LEAD_8+,True,True,8.5,0.8673109412193298,-653.6416409833466
2025,2025_07_GB_ARI,ARI,GB,ARI,GB,home,home dog,-7.0,7.0,3.5-7,3.0,7.0,7.0,-4,WIN,WIN,WIN,LOST,1-3,4-7,4-7,Q1_WIN__Q2_WIN__Q3_WIN,Q1_WIN__Q2_WIN__Q3_WIN__Q3_LEAD_4-7,False,True,3.0,0.6727935671806335,-205.61746338038765
2025,2025_07_HOU_SEA,SEA,HOU,HOU,SEA,away,away dog,3.0,3.0,<=3,-14.0,-8.0,-15.0,-8,LOST,LOST,LOST,LOST,not_leading,not_leading,not_leading,Q1_LOST__Q2_LOST__Q3_LOST,Q1_LOST__Q2_LOST__Q3_LOST__Q3_LEAD_not_leading,False,False,-5.0,0.020008325576782227,4897.919471884272
2025,2025_07_IND_LAC,LAC,IND,IND,LAC,away,away dog,2.5,2.5,<=3,3.0,20.0,21.0,14,WIN,WIN,WIN,WIN,1-3,8+,8+,Q1_WIN__Q2_WIN__Q3_WIN,Q1_WIN__Q2_WIN__Q3_WIN__Q3_LEAD_8+,True,True,16.5,0.9686583876609802,-3090.646317691247
2025,2025_07_LA_JAX,JAX,LA,JAX,LA,home,home dog,-3.0,3.0,<=3,-14.0,-21.0,-21.0,-28,LOST,LOST,LOST,LOST,not_leading,not_leading,not_leading,Q1_LOST__Q2_LOST__Q3_LOST,Q1_LOST__Q2_LOST__Q3_LOST__Q3_LEAD_not_leading,False,False,-25.0,0.01338338851928711,7371.949264260519
2025,2025_07_LV_KC,KC,LV,LV,KC,away,away dog,13.5,13.5,7.5+,-7.0,-21.0,-31.0,-31,LOST,LOST,LOST,LOST,not_leading,not_leading,not_leading,Q1_LOST__Q2_LOST__Q3_LOST,Q1_LOST__Q2_LOST__Q3_LOST__Q3_LEAD_not_leading,False,False,-17.5,0.0001239776611328125,806496.9230769231
2025,2025_07_MIA_CLE,CLE,MIA,MIA,CLE,away,away dog,2.5,2.5,<=3,-3.0,-11.0,-18.0,-25,LOST,LOST,LOST,LOST,not_leading,not_leading,not_leading,Q1_LOST__Q2_LOST__Q3_LOST,Q1_LOST__Q2_LOST__Q3_LOST__Q3_LEAD_not_leading,False,False,-22.5,0.010527193546295166,9399.207890520165
2025,2025_07_NE_TEN,TEN,NE,TEN,NE,home,home dog,-6.5,6.5,3.5-7,7.0,-4.0,-18.0,-18,WIN,LOST,LOST,LOST,4-7,not_leading,not_leading,Q1_WIN__Q2_LOST__Q3_LOST,Q1_WIN__Q2_LOST__Q3_LOST__Q3_LEAD_not_leading,False,False,-11.5,0.020323097705841064,4820.509729737656
2025,2025_07_NO_CHI,CHI,NO,NO,CHI,away,away dog,4.5,4.5,3.5-7,-3.0,-13.0,-9.0,-12,LOST,LOST,LOST,LOST,not_leading,not_leading,not_leading,Q1_LOST__Q2_LOST__Q3_LOST,Q1_LOST__Q2_LOST__Q3_LOST__Q3_LEAD_not_leading,False,False,-7.5,0.09775912761688232,922.9223852313786
2025,2025_07_NYG_DEN,DEN,NYG,NYG,DEN,away,away dog,7.5,7.5,7.5+,7.0,13.0,19.0,-1,WIN,WIN,WIN,LOST,4-7,8+,8+,Q1_WIN__Q2_WIN__Q3_WIN,Q1_WIN__Q2_WIN__Q3_WIN__Q3_LEAD_8+,False,True,6.5,0.9608901739120483,-2456.9021906442695
2025,2025_07_PHI_MIN,MIN,PHI,MIN,PHI,home,home dog,-2.5,2.5,<=3,-4.0,-8.0,-5.0,-6,LOST,LOST,LOST,LOST,not_leading,not_leading,not_leading,Q1_LOST__Q2_LOST__Q3_LOST,Q1_LOST__Q2_LOST__Q3_LOST__Q3_LEAD_not_leading,False,False,-3.5,0.18468326330184937,441.4675819137891
2025,2025_07_PIT_CIN,CIN,PIT,CIN,PIT,home,home dog,-5.5,5.5,3.5-7,-7.0,7.0,3.0,2,LOST,WIN,WIN,WIN,not_leading,4-7,1-3,Q1_LOST__Q2_WIN__Q3_WIN,Q1_LOST__Q2_WIN__Q3_WIN__Q3_LEAD_1-3,True,True,7.5,0.7984986305236816,-396.27454274821986
2025,2025_07_TB_DET,DET,TB,TB,DET,away,away dog,6.0,6.0,3.5-7,-7.0,-11.0,-12.0,-15,LOST,LOST,LOST,LOST,not_leading,not_leading,not_leading,Q1_LOST__Q2_LOST__Q3_LOST,Q1_LOST__Q2_LOST__Q3_LOST__Q3_LEAD_not_leading,False,False,-9.0,0.07967567443847656,1155.0882148756373
2025,2025_07_WAS_DAL,DAL,WAS,WAS,DAL,away,away dog,1.5,1.5,<=3,-9.0,-12.0,-19.0,-22,LOST,LOST,LOST,LOST,not_leading,not_leading,not_leading,Q1_LOST__Q2_LOST__Q3_LOST,Q1_LOST__Q2_LOST__Q3_LOST__Q3_LEAD_not_leading,False,False,-20.5,0.00789332389831543,12568.9340622829
2025,2025_08_BUF_CAR,CAR,BUF,CAR,BUF,home,home dog,-7.0,7.0,3.5-7,-3.0,-16.0,-37.0,-31,LOST,LOST,LOST,LOST,not_leading,not_leading,not_leading,Q1_LOST__Q2_LOST__Q3_LOST,Q1_LOST__Q2_LOST__Q3_LOST__Q3_LEAD_not_leading,False,False,-24.0,8.078031532932073e-05,1237825.3484258575
2025,2025_08_CHI_BAL,BAL,CHI,CHI,BAL,away,away dog,2.5,2.5,<=3,6.0,-4.0,-10.0,-14,WIN,LOST,LOST,LOST,4-7,not_leading,not_leading,Q1_WIN__Q2_LOST__Q3_LOST,Q1_WIN__Q2_LOST__Q3_LOST__Q3_LEAD_not_leading,False,False,-11.5,0.17315922677516937,477.5031562703869
2025,2025_08_CLE_NE,NE,CLE,CLE,NE,away,away dog,7.0,7.0,3.5-7,4.0,-2.0,-23.0,-19,WIN,LOST,LOST,LOST,4-7,not_leading,not_leading,Q1_WIN__Q2_LOST__Q3_LOST,Q1_WIN__Q2_LOST__Q3_LOST__Q3_LEAD_not_leading,False,False,-12.0,0.00419845012947917,23718.313167007964
2025,2025_08_DAL_DEN,DEN,DAL,DAL,DEN,away,away dog,3.5,3.5,3.5-7,-11.0,-17.0,-13.0,-20,LOST,LOST,LOST,LOST,not_leading,not_leading,not_leading,Q1_LOST__Q2_LOST__Q3_LOST,Q1_LOST__Q2_LOST__Q3_LOST__Q3_LEAD_not_leading,False,False,-16.5,0.04376018047332764,2185.1825316614318
2025,2025_08_GB_PIT,PIT,GB,PIT,GB,home,home dog,-3.0,3.0,<=3,-4.0,9.0,5.0,-10,LOST,WIN,WIN,LOST,not_leading,8+,4-7,Q1_LOST__Q2_WIN__Q3_WIN,Q1_LOST__Q2_WIN__Q3_WIN__Q3_LEAD_4-7,False,False,-7.0,0.5378227233886719,-116.36719298100812
2025,2025_08_MIA_ATL,ATL,MIA,MIA,ATL,away,away dog,7.0,7.0,3.5-7,7.0,14.0,21.0,24,WIN,WIN,WIN,WIN,4-7,8+,8+,Q1_WIN__Q2_WIN__Q3_WIN,Q1_WIN__Q2_WIN__Q3_WIN__Q3_LEAD_8+,True,True,31.0,0.9862646460533142,-7180.482205857465
2025,2025_08_MIN_LAC,LAC,MIN,MIN,LAC,away,away dog,3.0,3.0,<=3,-7.0,-18.0,-14.0,-27,LOST,LOST,LOST,LOST,not_leading,not_leading,not_leading,Q1_LOST__Q2_LOST__Q3_LOST,Q1_LOST__Q2_LOST__Q3_LOST__Q3_LEAD_not_leading,False,False,-24.0,0.028538942337036133,3403.9840937001363
2025,2025_08_NYG_PHI,PHI,NYG,NYG,PHI,away,away dog,7.0,7.0,3.5-7,0.0,-11.0,-11.0,-18,TIE,LOST,LOST,LOST,not_leading,not_leading,not_leading,Q1_TIE__Q2_LOST__Q3_LOST,Q1_TIE__Q2_LOST__Q3_LOST__Q3_LEAD_not_leading,False,False,-11.0,0.05978316068649292,1572.7118280749157
2025,2025_08_NYJ_CIN,CIN,NYJ,NYJ,CIN,away,away dog,5.5,5.5,3.5-7,-10.0,-11.0,-15.0,1,LOST,LOST,LOST,WIN,not_leading,not_leading,not_leading,Q1_LOST__Q2_LOST__Q3_LOST,Q1_LOST__Q2_LOST__Q3_LOST__Q3_LEAD_not_leading,True,True,6.5,0.10206973552703857,879.7223386898039
2025,2025_08_SF_HOU,HOU,SF,SF,HOU,away,away dog,2.5,2.5,<=3,-3.0,-9.0,-8.0,-11,LOST,LOST,LOST,LOST,not_leading,not_leading,not_leading,Q1_LOST__Q2_LOST__Q3_LOST,Q1_LOST__Q2_LOST__Q3_LOST__Q3_LEAD_not_leading,False,False,-8.5,0.1125723123550415,788.3178990284065
2025,2025_08_TB_NO,NO,TB,NO,TB,home,home dog,-4.5,4.5,3.5-7,0.0,-4.0,-14.0,-20,TIE,LOST,LOST,LOST,not_leading,not_leading,not_leading,Q1_TIE__Q2_LOST__Q3_LOST,Q1_TIE__Q2_LOST__Q3_LOST__Q3_LEAD_not_leading,False,False,-15.5,0.03185373544692993,3039.3492347735946
2025,2025_08_TEN_IND,IND,TEN,TEN,IND,away,away dog,15.5,15.5,7.5+,-10.0,-10.0,-24.0,-24,LOST,LOST,LOST,LOST,not_leading,not_leading,not_leading,Q1_LOST__Q2_LOST__Q3_LOST,Q1_LOST__Q2_LOST__Q3_LOST__Q3_LEAD_not_leading,False,False,-8.5,0.0003762245178222656,265698.7325728771
2025,2025_08_WAS_KC,KC,WAS,WAS,KC,away,away dog,10.5,10.5,7.5+,0.0,0.0,-14.0,-21,TIE,TIE,LOST,LOST,not_leading,not_leading,not_leading,Q1_TIE__Q2_TIE__Q3_LOST,Q1_TIE__Q2_TIE__Q3_LOST__Q3_LEAD_not_leading,False,False,-10.5,0.04803580045700073,1981.7806521099828
2025,2025_09_ARI_DAL,DAL,ARI,ARI,DAL,away,away dog,3.5,3.5,3.5-7,3.0,10.0,17.0,10,WIN,WIN,WIN,WIN,1-3,8+,8+,Q1_WIN__Q2_WIN__Q3_WIN,Q1_WIN__Q2_WIN__Q3_WIN__Q3_LEAD_8+,True,True,13.5,0.9556829333305359,-2156.467034378501
2025,2025_09_ATL_NE,NE,ATL,ATL,NE,away,away dog,5.5,5.5,3.5-7,0.0,-7.0,-10.0,-1,TIE,LOST,LOST,LOST,not_leading,not_leading,not_leading,Q1_TIE__Q2_LOST__Q3_LOST,Q1_TIE__Q2_LOST__Q3_LOST__Q3_LEAD_not_leading,False,True,4.5,0.24892792105674744,301.7227138501802
2025,2025_09_BAL_MIA,MIA,BAL,MIA,BAL,home,home dog,-7.5,7.5,7.5+,-4.0,-8.0,-22.0,-22,LOST,LOST,LOST,LOST,not_leading,not_leading,not_leading,Q1_LOST__Q2_LOST__Q3_LOST,Q1_LOST__Q2_LOST__Q3_LOST__Q3_LEAD_not_leading,False,False,-14.5,0.006720977369695902,14778.788381417302
2025,2025_09_CAR_GB,GB,CAR,CAR,GB,away,away dog,12.5,12.5,7.5+,0.0,1.0,7.0,3,TIE,WIN,WIN,WIN,not_leading,1-3,4-7,Q1_TIE__Q2_WIN__Q3_WIN,Q1_TIE__Q2_WIN__Q3_WIN__Q3_LEAD_4-7,True,True,15.5,0.6996369361877441,-232.93041671230833
2025,2025_09_CHI_CIN,CIN,CHI,CIN,CHI,home,home dog,-3.0,3.0,<=3,3.0,3.0,-4.0,-5,WIN,WIN,LOST,LOST,1-3,1-3,not_leading,Q1_WIN__Q2_WIN__Q3_LOST,Q1_WIN__Q2_WIN__Q3_LOST__Q3_LEAD_not_leading,False,False,-2.0,0.39115679264068604,155.65195819534014
2025,2025_09_DEN_HOU,HOU,DEN,DEN,HOU,away,away dog,1.5,1.5,<=3,-3.0,-5.0,-8.0,3,LOST,LOST,LOST,WIN,not_leading,not_leading,not_leading,Q1_LOST__Q2_LOST__Q3_LOST,Q1_LOST__Q2_LOST__Q3_LOST__Q3_LEAD_not_leading,True,True,4.5,0.18207544088363647,449.2228908780153
2025,2025_09_IND_PIT,PIT,IND,PIT,IND,home,home dog,-3.5,3.5,3.5-7,-7.0,10.0,10.0,7,LOST,WIN,WIN,WIN,not_leading,8+,8+,Q1_LOST__Q2_WIN__Q3_WIN,Q1_LOST__Q2_WIN__Q3_WIN__Q3_LEAD_8+,True,True,10.5,0.9485524296760559,-1843.726387278181
2025,2025_09_JAX_LV,LV,JAX,LV,JAX,home,home dog,-2.5,2.5,<=3,0.0,3.0,3.0,-1,TIE,WIN,WIN,LOST,not_leading,1-3,1-3,Q1_TIE__Q2_WIN__Q3_WIN,Q1_TIE__Q2_WIN__Q3_WIN__Q3_LEAD_1-3,False,True,1.5,0.43514859676361084,129.80655514861692
2025,2025_09_KC_BUF,BUF,KC,BUF,KC,home,home dog,-2.5,2.5,<=3,7.0,8.0,15.0,7,WIN,WIN,WIN,WIN,4-7,8+,8+,Q1_WIN__Q2_WIN__Q3_WIN,Q1_WIN__Q2_WIN__Q3_WIN__Q3_LEAD_8+,True,True,9.5,0.9335920214653015,-1405.8431562970934
2025,2025_09_LAC_TEN,TEN,LAC,TEN,LAC,home,home dog,-10.0,10.0,7.5+,7.0,-3.0,-3.0,-7,WIN,LOST,LOST,LOST,4-7,not_leading,not_leading,Q1_WIN__Q2_LOST__Q3_LOST,Q1_WIN__Q2_LOST__Q3_LOST__Q3_LEAD_not_leading,False,True,3.0,0.2533087134361267,294.77520786198926
2025,2025_09_MIN_DET,DET,MIN,MIN,DET,away,away dog,9.5,9.5,7.5+,7.0,3.0,7.0,3,WIN,WIN,WIN,WIN,4-7,1-3,4-7,Q1_WIN__Q2_WIN__Q3_WIN,Q1_WIN__Q2_WIN__Q3_WIN__Q3_LEAD_4-7,True,True,12.5,0.8003806471824646,-400.9534325632559
2025,2025_09_NO_LA,LA,NO,NO,LA,away,away dog,14.0,14.0,7.5+,-7.0,-10.0,-17.0,-24,LOST,LOST,LOST,LOST,not_leading,not_leading,not_leading,Q1_LOST__Q2_LOST__Q3_LOST,Q1_LOST__Q2_LOST__Q3_LOST__Q3_LEAD_not_leading,False,False,-10.0,0.012744903564453125,7746.27357078719
2025,2025_09_SEA_WAS,WAS,SEA,WAS,SEA,home,home dog,-2.5,2.5,<=3,-7.0,-24.0,-31.0,-24,LOST,LOST,LOST,LOST,not_leading,not_leading,not_leading,Q1_LOST__Q2_LOST__Q3_LOST,Q1_LOST__Q2_LOST__Q3_LOST__Q3_LEAD_not_leading,False,False,-21.5,0.0005346434190869331,186940.5515713268
2025,2025_09_SF_NYG,NYG,SF,NYG,SF,home,home dog,-2.5,2.5,<=3,0.0,-10.0,-10.0,-10,TIE,LOST,LOST,LOST,not_leading,not_leading,not_leading,Q1_TIE__Q2_LOST__Q3_LOST,Q1_TIE__Q2_LOST__Q3_LOST__Q3_LEAD_not_leading,False,False,-7.5,0.09021294116973877,1008.4884131185407
2025,2025_10_ARI_SEA,SEA,ARI,ARI,SEA,away,away dog,7.0,7.0,3.5-7,-21.0,-31.0,-23.0,-22,LOST,LOST,LOST,LOST,not_leading,not_leading,not_leading,Q1_LOST__Q2_LOST__Q3_LOST,Q1_LOST__Q2_LOST__Q3_LOST__Q3_LEAD_not_leading,False,False,-15.0,0.0008196234703063965,121907.24310959203
2025,2025_10_ATL_IND,IND,ATL,ATL,IND,away,away dog,6.5,6.5,3.5-7,-6.0,1.0,4.0,-6,LOST,WIN,WIN,LOST,not_leading,1-3,4-7,Q1_LOST__Q2_WIN__Q3_WIN,Q1_LOST__Q2_WIN__Q3_WIN__Q3_LEAD_4-7,False,True,0.5,0.6849682927131653,-217.4283657389144
2025,2025_10_BAL_MIN,MIN,BAL,MIN,BAL,home,home dog,-4.5,4.5,3.5-7,4.0,1.0,-6.0,-8,WIN,WIN,LOST,LOST,4-7,1-3,not_leading,Q1_WIN__Q2_WIN__Q3_LOST,Q1_WIN__Q2_WIN__Q3_LOST__Q3_LEAD_not_leading,False,False,-3.5,0.1515170931816101,559.9915422092929
2025,2025_10_BUF_MIA,MIA,BUF,MIA,BUF,home,home dog,-8.5,8.5,7.5+,7.0,16.0,16.0,17,WIN,WIN,WIN,WIN,4-7,8+,8+,Q1_WIN__Q2_WIN__Q3_WIN,Q1_WIN__Q2_WIN__Q3_WIN__Q3_LEAD_8+,True,True,25.5,0.9641005992889404,-2685.5618205123096
2025,2025_10_CLE_NYJ,NYJ,CLE,NYJ,CLE,home,home dog,-1.5,1.5,<=3,7.0,0.0,0.0,7,WIN,TIE,TIE,WIN,4-7,not_leading,not_leading,Q1_WIN__Q2_TIE__Q3_TIE,Q1_WIN__Q2_TIE__Q3_TIE__Q3_LEAD_not_leading,True,True,8.5,0.658383309841156,-192.72574461599717
2025,2025_10_DET_WAS,WAS,DET,WAS,DET,home,home dog,-8.5,8.5,7.5+,-11.0,-15.0,-19.0,-22,LOST,LOST,LOST,LOST,not_leading,not_leading,not_leading,Q1_LOST__Q2_LOST__Q3_LOST,Q1_LOST__Q2_LOST__Q3_LOST__Q3_LEAD_not_leading,False,False,-13.5,0.01262044906616211,7823.648316771829
2025,2025_10_JAX_HOU,HOU,JAX,HOU,JAX,home,home dog,-1.5,1.5,<=3,-10.0,-10.0,-19.0,7,LOST,LOST,LOST,WIN,not_leading,not_leading,not_leading,Q1_LOST__Q2_LOST__Q3_LOST,Q1_LOST__Q2_LOST__Q3_LOST__Q3_LEAD_not_leading,True,True,8.5,0.03669282793998718,2625.32823481348
2025,2025_10_LA_SF,SF,LA,SF,LA,home,home dog,-5.5,5.5,3.5-7,-14.0,-14.0,-14.0,-16,LOST,LOST,LOST,LOST,not_leading,not_leading,not_leading,Q1_LOST__Q2_LOST__Q3_LOST,Q1_LOST__Q2_LOST__Q3_LOST__Q3_LEAD_not_leading,False,False,-10.5,0.13989375531673431,614.8281906764844
2025,2025_10_LV_DEN,DEN,LV,LV,DEN,away,away dog,9.5,9.5,7.5+,7.0,0.0,-3.0,-3,WIN,TIE,LOST,LOST,4-7,not_leading,not_leading,Q1_WIN__Q2_TIE__Q3_LOST,Q1_WIN__Q2_TIE__Q3_LOST__Q3_LEAD_not_leading,False,True,6.5,0.36270245909690857,175.70808383541046
2025,2025_10_NE_TB,TB,NE,NE,TB,away,away dog,2.5,2.5,<=3,0.0,4.0,5.0,5,TIE,WIN,WIN,WIN,not_leading,4-7,4-7,Q1_TIE__Q2_WIN__Q3_WIN,Q1_TIE__Q2_WIN__Q3_WIN__Q3_LEAD_4-7,True,True,7.5,0.6382759213447571,-176.45381079347337
2025,2025_10_NO_CAR,CAR,NO,NO,CAR,away,away dog,5.5,5.5,3.5-7,-4.0,3.0,3.0,10,LOST,WIN,WIN,WIN,not_leading,1-3,1-3,Q1_LOST__Q2_WIN__Q3_WIN,Q1_LOST__Q2_WIN__Q3_WIN__Q3_LEAD_1-3,True,True,15.5,0.7287180423736572,-268.62016506728986
2025,2025_10_NYG_CHI,CHI,NYG,NYG,CHI,away,away dog,4.5,4.5,3.5-7,-7.0,3.0,7.0,-4,LOST,WIN,WIN,LOST,not_leading,1-3,4-7,Q1_LOST__Q2_WIN__Q3_WIN,Q1_LOST__Q2_WIN__Q3_WIN__Q3_LEAD_4-7,False,True,0.5,0.7902374267578125,-376.72946824761766
2025,2025_10_PHI_GB,GB,PHI,PHI,GB,away,away dog,1.5,1.5,<=3,0.0,0.0,3.0,3,TIE,TIE,WIN,WIN,not_leading,not_leading,1-3,Q1_TIE__Q2_TIE__Q3_WIN,Q1_TIE__Q2_TIE__Q3_WIN__Q3_LEAD_1-3,True,True,4.5,0.5335449576377869,-114.38293279794301
2025,2025_10_PIT_LAC,LAC,PIT,PIT,LAC,away,away dog,3.0,3.0,<=3,1.0,-9.0,-12.0,-15,WIN,LOST,LOST,LOST,1-3,not_leading,not_leading,Q1_WIN__Q2_LOST__Q3_LOST,Q1_WIN__Q2_LOST__Q3_LOST__Q3_LEAD_not_leading,False,False,-12.0,0.12459702044725418,702.5874105258652
2025,2025_11_BAL_CLE,CLE,BAL,CLE,BAL,home,home dog,-7.5,7.5,7.5+,0.0,6.0,6.0,-7,TIE,WIN,WIN,LOST,not_leading,4-7,4-7,Q1_TIE__Q2_WIN__Q3_WIN,Q1_TIE__Q2_WIN__Q3_WIN__Q3_LEAD_4-7,False,True,0.5,0.6182155609130859,-161.9279094746834
2025,2025_11_CAR_ATL,ATL,CAR,CAR,ATL,away,away dog,4.5,4.5,3.5-7,0.0,-11.0,-2.0,3,TIE,LOST,LOST,WIN,not_leading,not_leading,not_leading,Q1_TIE__Q2_LOST__Q3_LOST,Q1_TIE__Q2_LOST__Q3_LOST__Q3_LEAD_not_leading,True,True,7.5,0.2903032898902893,244.46733289792118
2025,2025_11_CHI_MIN,MIN,CHI,CHI,MIN,away,away dog,3.0,3.0,<=3,-3.0,7.0,13.0,2,LOST,WIN,WIN,WIN,not_leading,4-7,8+,Q1_LOST__Q2_WIN__Q3_WIN,Q1_LOST__Q2_WIN__Q3_WIN__Q3_LEAD_8+,True,True,5.0,0.9532244801521301,-2037.8704143798827
2025,2025_11_CIN_PIT,PIT,CIN,CIN,PIT,away,away dog,5.5,5.5,3.5-7,-1.0,-4.0,-11.0,-22,LOST,LOST,LOST,LOST,not_leading,not_leading,not_leading,Q1_LOST__Q2_LOST__Q3_LOST,Q1_LOST__Q2_LOST__Q3_LOST__Q3_LEAD_not_leading,False,False,-16.5,0.100324347615242,896.7670099736315
2025,2025_11_DAL_LV,LV,DAL,LV,DAL,home,home dog,-3.5,3.5,3.5-7,3.0,-15.0,-22.0,-17,WIN,LOST,LOST,LOST,1-3,not_leading,not_leading,Q1_WIN__Q2_LOST__Q3_LOST,Q1_WIN__Q2_LOST__Q3_LOST__Q3_LEAD_not_leading,False,False,-13.5,0.004419675096869469,22526.097576908247
2025,2025_11_DET_PHI,PHI,DET,DET,PHI,away,away dog,2.5,2.5,<=3,-3.0,-7.0,-7.0,-7,LOST,LOST,LOST,LOST,not_leading,not_leading,not_leading,Q1_LOST__Q2_LOST__Q3_LOST,Q1_LOST__Q2_LOST__Q3_LOST__Q3_LEAD_not_leading,False,False,-4.5,0.17197024822235107,481.4959333587968
2025,2025_11_GB_NYG,NYG,GB,NYG,GB,home,home dog,-7.5,7.5,7.5+,7.0,0.0,-6.0,-7,WIN,TIE,LOST,LOST,4-7,not_leading,not_leading,Q1_WIN__Q2_TIE__Q3_LOST,Q1_WIN__Q2_TIE__Q3_LOST__Q3_LEAD_not_leading,False,True,0.5,0.24571257829666138,306.97957220270945
2025,2025_11_HOU_TEN,TEN,HOU,TEN,HOU,home,home dog,-5.5,5.5,3.5-7,3.0,3.0,-4.0,-3,WIN,WIN,LOST,LOST,1-3,1-3,not_leading,Q1_WIN__Q2_WIN__Q3_LOST,Q1_WIN__Q2_WIN__Q3_LOST__Q3_LEAD_not_leading,False,True,2.5,0.3398105502128601,194.28162232561402
2025,2025_11_KC_DEN,DEN,KC,DEN,KC,home,home dog,-3.5,3.5,3.5-7,3.0,0.0,0.0,3,WIN,TIE,TIE,WIN,1-3,not_leading,not_leading,Q1_WIN__Q2_TIE__Q3_TIE,Q1_WIN__Q2_TIE__Q3_TIE__Q3_LEAD_not_leading,True,True,6.5,0.7025561928749084,-236.19795606618388
2025,2025_11_LAC_JAX,JAX,LAC,JAX,LAC,home,home dog,-3.0,3.0,<=3,4.0,8.0,15.0,29,WIN,WIN,WIN,WIN,4-7,8+,8+,Q1_WIN__Q2_WIN__Q3_WIN,Q1_WIN__Q2_WIN__Q3_WIN__Q3_LEAD_8+,True,True,32.0,0.9771862030029297,-4283.312432070897
2025,2025_11_NYJ_NE,NE,NYJ,NYJ,NE,away,away dog,12.5,12.5,7.5+,7.0,-7.0,-7.0,-13,WIN,LOST,LOST,LOST,4-7,not_leading,not_leading,Q1_WIN__Q2_LOST__Q3_LOST,Q1_WIN__Q2_LOST__Q3_LOST__Q3_LEAD_not_leading,False,False,-0.5,0.16044104099273682,523.2819195216205
2025,2025_11_SEA_LA,LA,SEA,SEA,LA,away,away dog,3.0,3.0,<=3,-11.0,-5.0,-2.0,-2,LOST,LOST,LOST,LOST,not_leading,not_leading,not_leading,Q1_LOST__Q2_LOST__Q3_LOST,Q1_LOST__Q2_LOST__Q3_LOST__Q3_LEAD_not_leading,False,True,1.0,0.21099865436553955,373.93667177970434
2025,2025_11_SF_ARI,ARI,SF,ARI,SF,home,home dog,-3.5,3.5,3.5-7,-6.0,-15.0,-25.0,-19,LOST,LOST,LOST,LOST,not_leading,not_leading,not_leading,Q1_LOST__Q2_LOST__Q3_LOST,Q1_LOST__Q2_LOST__Q3_LOST__Q3_LEAD_not_leading,False,False,-15.5,0.006849179044365883,14500.289954788048
2025,2025_11_TB_BUF,BUF,TB,TB,BUF,away,away dog,6.0,6.0,3.5-7,-4.0,-1.0,-5.0,-12,LOST,LOST,LOST,LOST,not_leading,not_leading,not_leading,Q1_LOST__Q2_LOST__Q3_LOST,Q1_LOST__Q2_LOST__Q3_LOST__Q3_LEAD_not_leading,False,False,-6.0,0.35759237408638,179.64802173282365
2025,2025_11_WAS_MIA,MIA,WAS,WAS,MIA,away,away dog,2.5,2.5,<=3,0.0,0.0,7.0,-3,TIE,TIE,WIN,LOST,not_leading,not_leading,4-7,Q1_TIE__Q2_TIE__Q3_WIN,Q1_TIE__Q2_TIE__Q3_WIN__Q3_LEAD_4-7,False,False,-0.5,0.6284615993499756,-169.15118282536923
2025,2025_12_ATL_NO,NO,ATL,ATL,NO,away,away dog,1.5,1.5,<=3,3.0,9.0,9.0,14,WIN,WIN,WIN,WIN,1-3,8+,8+,Q1_WIN__Q2_WIN__Q3_WIN,Q1_WIN__Q2_WIN__Q3_WIN__Q3_LEAD_8+,True,True,15.5,0.6729586124420166,-205.7716968078553
2025,2025_12_BUF_HOU,HOU,BUF,HOU,BUF,home,home dog,-5.5,5.5,3.5-7,-3.0,4.0,7.0,4,LOST,WIN,WIN,WIN,not_leading,4-7,4-7,Q1_LOST__Q2_WIN__Q3_WIN,Q1_LOST__Q2_WIN__Q3_WIN__Q3_LEAD_4-7,True,True,9.5,0.8351410031318665,-506.578966873051
2025,2025_12_CAR_SF,SF,CAR,CAR,SF,away,away dog,7.5,7.5,7.5+,-7.0,-7.0,-8.0,-11,LOST,LOST,LOST,LOST,not_leading,not_leading,not_leading,Q1_LOST__Q2_LOST__Q3_LOST,Q1_LOST__Q2_LOST__Q3_LOST__Q3_LEAD_not_leading,False,False,-3.5,0.1098281741142273,810.5131793959766
2025,2025_12_CLE_LV,LV,CLE,CLE,LV,away,away dog,3.0,3.0,<=3,14.0,11.0,11.0,14,WIN,WIN,WIN,WIN,8+,8+,8+,Q1_WIN__Q2_WIN__Q3_WIN,Q1_WIN__Q2_WIN__Q3_WIN__Q3_LEAD_8+,True,True,17.0,0.9291415810585022,-1311.2649067510538
2025,2025_12_IND_KC,KC,IND,IND,KC,away,away dog,3.5,3.5,3.5-7,7.0,5.0,11.0,-3,WIN,WIN,WIN,LOST,4-7,4-7,8+,Q1_WIN__Q2_WIN__Q3_WIN,Q1_WIN__Q2_WIN__Q3_WIN__Q3_LEAD_8+,False,True,0.5,0.7652703523635864,-326.0220257940992
2025,2025_12_JAX_ARI,ARI,JAX,ARI,JAX,home,home dog,-2.5,2.5,<=3,0.0,4.0,-3.0,-3,TIE,WIN,LOST,LOST,not_leading,4-7,not_leading,Q1_TIE__Q2_WIN__Q3_LOST,Q1_TIE__Q2_WIN__Q3_LOST__Q3_LEAD_not_leading,False,False,-0.5,0.3952534794807434,153.0022003383071
2025,2025_12_MIN_GB,GB,MIN,MIN,GB,away,away dog,6.5,6.5,3.5-7,-4.0,-4.0,-11.0,-17,LOST,LOST,LOST,LOST,not_leading,not_leading,not_leading,Q1_LOST__Q2_LOST__Q3_LOST,Q1_LOST__Q2_LOST__Q3_LOST__Q3_LEAD_not_leading,False,False,-10.5,0.056759655475616455,1661.814781327545
2025,2025_12_NE_CIN,CIN,NE,CIN,NE,home,home dog,-7.5,7.5,7.5+,3.0,-4.0,-7.0,-6,WIN,LOST,LOST,LOST,1-3,not_leading,not_leading,Q1_WIN__Q2_LOST__Q3_LOST,Q1_WIN__Q2_LOST__Q3_LOST__Q3_LEAD_not_leading,False,True,1.5,0.2561706602573395,290.36476659561146
2025,2025_12_NYG_DET,DET,NYG,NYG,DET,away,away dog,14.0,14.0,7.5+,10.0,3.0,3.0,-7,WIN,WIN,WIN,LOST,8+,1-3,1-3,Q1_WIN__Q2_WIN__Q3_WIN,Q1_WIN__Q2_WIN__Q3_WIN__Q3_LEAD_1-3,False,True,7.0,0.6964224576950073,-229.4051306981524
2025,2025_12_NYJ_BAL,BAL,NYJ,NYJ,BAL,away,away dog,14.0,14.0,7.5+,0.0,4.0,-10.0,-13,TIE,WIN,LOST,LOST,not_leading,4-7,not_leading,Q1_TIE__Q2_WIN__Q3_LOST,Q1_TIE__Q2_WIN__Q3_LOST__Q3_LEAD_not_leading,False,True,1.0,0.23362886905670166,328.0292945121009
2025,2025_12_PHI_DAL,DAL,PHI,DAL,PHI,home,home dog,-3.0,3.0,<=3,-14.0,-14.0,-7.0,3,LOST,LOST,LOST,WIN,not_leading,not_leading,not_leading,Q1_LOST__Q2_LOST__Q3_LOST,Q1_LOST__Q2_LOST__Q3_LOST__Q3_LEAD_not_leading,True,True,6.0,0.16509491205215454,505.7121855360955
2025,2025_12_PIT_CHI,CHI,PIT,PIT,CHI,away,away dog,3.0,3.0,<=3,0.0,4.0,-3.0,-3,TIE,WIN,LOST,LOST,not_leading,4-7,not_leading,Q1_TIE__Q2_WIN__Q3_LOST,Q1_TIE__Q2_WIN__Q3_LOST__Q3_LEAD_not_leading,False,False,0.0,0.17108315229415894,484.5110910048047
2025,2025_12_SEA_TEN,TEN,SEA,TEN,SEA,home,home dog,-12.5,12.5,7.5+,0.0,-13.0,-13.0,-6,TIE,LOST,LOST,LOST,not_leading,not_leading,not_leading,Q1_TIE__Q2_LOST__Q3_LOST,Q1_TIE__Q2_LOST__Q3_LOST__Q3_LEAD_not_leading,False,True,6.5,0.03963112831115723,2423.269063016995
2025,2025_12_TB_LA,LA,TB,TB,LA,away,away dog,7.0,7.0,3.5-7,-14.0,-24.0,-24.0,-27,LOST,LOST,LOST,LOST,not_leading,not_leading,not_leading,Q1_LOST__Q2_LOST__Q3_LOST,Q1_LOST__Q2_LOST__Q3_LOST__Q3_LEAD_not_leading,False,False,-20.0,0.0004393458366394043,227511.12467779135
2025,2025_13_ARI_TB,TB,ARI,ARI,TB,away,away dog,4.5,4.5,3.5-7,0.0,-7.0,-7.0,-3,TIE,LOST,LOST,LOST,not_leading,not_leading,not_leading,Q1_TIE__Q2_LOST__Q3_LOST,Q1_TIE__Q2_LOST__Q3_LOST__Q3_LEAD_not_leading,False,True,1.5,0.1438993215560913,594.9303090426347
2025,2025_13_ATL_NYJ,NYJ,ATL,NYJ,ATL,home,home dog,-3.0,3.0,<=3,0.0,0.0,-3.0,3,TIE,TIE,LOST,WIN,not_leading,not_leading,not_leading,Q1_TIE__Q2_TIE__Q3_LOST,Q1_TIE__Q2_TIE__Q3_LOST__Q3_LEAD_not_leading,True,True,6.0,0.4140467941761017,141.51859501529717
2025,2025_13_BUF_PIT,PIT,BUF,PIT,BUF,home,home dog,-3.0,3.0,<=3,0.0,4.0,-9.0,-19,TIE,WIN,LOST,LOST,not_leading,4-7,not_leading,Q1_TIE__Q2_WIN__Q3_LOST,Q1_TIE__Q2_WIN__Q3_LOST__Q3_LEAD_not_leading,False,False,-16.0,0.0771019458770752,1196.9841274749606
2025,2025_13_CHI_PHI,PHI,CHI,CHI,PHI,away,away dog,7.0,7.0,3.5-7,7.0,7.0,1.0,9,WIN,WIN,WIN,WIN,4-7,4-7,1-3,Q1_WIN__Q2_WIN__Q3_WIN,Q1_WIN__Q2_WIN__Q3_WIN__Q3_LEAD_1-3,True,True,16.0,0.684138298034668,-216.59425431379358
2025,2025_13_CIN_BAL,BAL,CIN,CIN,BAL,away,away dog,7.0,7.0,3.5-7,-4.0,5.0,12.0,18,LOST,WIN,WIN,WIN,not_leading,4-7,8+,Q1_LOST__Q2_WIN__Q3_WIN,Q1_LOST__Q2_WIN__Q3_WIN__Q3_LEAD_8+,True,True,25.0,0.844373345375061,-542.5634493075785
2025,2025_13_DEN_WAS,WAS,DEN,WAS,DEN,home,home dog,-6.5,6.5,3.5-7,-3.0,-6.0,-6.0,-1,LOST,LOST,LOST,LOST,not_leading,not_leading,not_leading,Q1_LOST__Q2_LOST__Q3_LOST,Q1_LOST__Q2_LOST__Q3_LOST__Q3_LEAD_not_leading,False,True,5.5,0.20419996976852417,389.7160372421084
2025,2025_13_GB_DET,DET,GB,GB,DET,away,away dog,2.5,2.5,<=3,3.0,3.0,10.0,7,WIN,WIN,WIN,WIN,1-3,1-3,8+,Q1_WIN__Q2_WIN__Q3_WIN,Q1_WIN__Q2_WIN__Q3_WIN__Q3_LEAD_8+,True,True,9.5,0.7835782170295715,-362.06069752998866
2025,2025_13_HOU_IND,IND,HOU,HOU,IND,away,away dog,3.0,3.0,<=3,3.0,4.0,0.0,4,WIN,WIN,TIE,WIN,1-3,4-7,not_leading,Q1_WIN__Q2_WIN__Q3_TIE,Q1_WIN__Q2_WIN__Q3_TIE__Q3_LEAD_not_leading,True,True,7.0,0.6146279573440552,-159.48950346997202
2025,2025_13_JAX_TEN,TEN,JAX,TEN,JAX,home,home dog,-6.0,6.0,3.5-7,-4.0,-15.0,-22.0,-22,LOST,LOST,LOST,LOST,not_leading,not_leading,not_leading,Q1_LOST__Q2_LOST__Q3_LOST,Q1_LOST__Q2_LOST__Q3_LOST__Q3_LEAD_not_leading,False,False,-16.0,0.001432657241821289,69700.36611749043
2025,2025_13_KC_DAL,DAL,KC,DAL,KC,home,home dog,-3.5,3.5,3.5-7,-7.0,3.0,6.0,3,LOST,WIN,WIN,WIN,not_leading,1-3,4-7,Q1_LOST__Q2_WIN__Q3_WIN,Q1_LOST__Q2_WIN__Q3_WIN__Q3_LEAD_4-7,True,True,6.5,0.6247085332870483,-166.45956241921903
2025,2025_13_LA_CAR,CAR,LA,CAR,LA,home,home dog,-10.0,10.0,7.5+,7.0,-4.0,3.0,3,WIN,LOST,WIN,WIN,4-7,not_leading,1-3,Q1_WIN__Q2_LOST__Q3_WIN,Q1_WIN__Q2_LOST__Q3_WIN__Q3_LEAD_1-3,True,True,13.0,0.7886599898338318,-373.1711705766172
2025,2025_13_LV_LAC,LAC,LV,LV,LAC,away,away dog,10.0,10.0,7.5+,-7.0,0.0,-14.0,-17,LOST,TIE,LOST,LOST,not_leading,not_leading,not_leading,Q1_LOST__Q2_TIE__Q3_LOST,Q1_LOST__Q2_TIE__Q3_LOST__Q3_LEAD_not_leading,False,False,-7.0,0.03455972671508789,2793.5413993404804
2025,2025_13_MIN_SEA,SEA,MIN,MIN,SEA,away,away dog,12.5,12.5,7.5+,0.0,-13.0,-19.0,-26,TIE,LOST,LOST,LOST,not_leading,not_leading,not_leading,Q1_TIE__Q2_LOST__Q3_LOST,Q1_TIE__Q2_LOST__Q3_LOST__Q3_LEAD_not_leading,False,False,-13.5,0.007903814315795898,12552.119091430122
2025,2025_13_NO_MIA,MIA,NO,NO,MIA,away,away dog,5.5,5.5,3.5-7,-7.0,-16.0,-8.0,-4,LOST,LOST,LOST,LOST,not_leading,not_leading,not_leading,Q1_LOST__Q2_LOST__Q3_LOST,Q1_LOST__Q2_LOST__Q3_LOST__Q3_LEAD_not_leading,False,True,1.5,0.14068149030208588,610.8255662153538
2025,2025_13_NYG_NE,NE,NYG,NYG,NE,away,away dog,7.0,7.0,3.5-7,-17.0,-23.0,-23.0,-18,LOST,LOST,LOST,LOST,not_leading,not_leading,not_leading,Q1_LOST__Q2_LOST__Q3_LOST,Q1_LOST__Q2_LOST__Q3_LOST__Q3_LEAD_not_leading,False,False,-11.0,0.004029803443700075,24715.106095641786
2025,2025_13_SF_CLE,CLE,SF,CLE,SF,home,home dog,-5.5,5.5,3.5-7,-7.0,-2.0,-9.0,-18,LOST,LOST,LOST,LOST,not_leading,not_leading,not_leading,Q1_LOST__Q2_LOST__Q3_LOST,Q1_LOST__Q2_LOST__Q3_LOST__Q3_LEAD_not_leading,False,False,-12.5,0.11838322877883911,744.7142473772003
2025,2025_14_CHI_GB,GB,CHI,CHI,GB,away,away dog,6.5,6.5,3.5-7,0.0,-11.0,-7.0,-7,TIE,LOST,LOST,LOST,not_leading,not_leading,not_leading,Q1_TIE__Q2_LOST__Q3_LOST,Q1_TIE__Q2_LOST__Q3_LOST__Q3_LEAD_not_leading,False,False,-0.5,0.213530495762825,368.317181781253
2025,2025_14_CIN_BUF,BUF,CIN,CIN,BUF,away,away dog,6.0,6.0,3.5-7,4.0,10.0,3.0,-5,WIN,WIN,WIN,LOST,4-7,8+,1-3,Q1_WIN__Q2_WIN__Q3_WIN,Q1_WIN__Q2_WIN__Q3_WIN__Q3_LEAD_1-3,False,True,1.0,0.6681050658226013,-201.3001697294655
2025,2025_14_DAL_DET,DET,DAL,DAL,DET,away,away dog,3.5,3.5,3.5-7,-7.0,-11.0,-8.0,-14,LOST,LOST,LOST,LOST,not_leading,not_leading,not_leading,Q1_LOST__Q2_LOST__Q3_LOST,Q1_LOST__Q2_LOST__Q3_LOST__Q3_LEAD_not_leading,False,False,-10.5,0.10795557498931885,826.3069555221583
2025,2025_14_DEN_LV,LV,DEN,LV,DEN,home,home dog,-8.5,8.5,7.5+,0.0,-7.0,-14.0,-7,TIE,LOST,LOST,LOST,not_leading,not_leading,not_leading,Q1_TIE__Q2_LOST__Q3_LOST,Q1_TIE__Q2_LOST__Q3_LOST__Q3_LEAD_not_leading,False,True,1.5,0.1350727677345276,640.3416815781867
2025,2025_14_HOU_KC,KC,HOU,HOU,KC,away,away dog,4.5,4.5,3.5-7,3.0,10.0,0.0,10,WIN,WIN,TIE,WIN,1-3,8+,not_leading,Q1_WIN__Q2_WIN__Q3_TIE,Q1_WIN__Q2_WIN__Q3_TIE__Q3_LEAD_not_leading,True,True,14.5,0.45741862058639526,118.61812243629997
2025,2025_14_IND_JAX,JAX,IND,JAX,IND,home,home dog,-2.5,2.5,<=3,7.0,18.0,15.0,17,WIN,WIN,WIN,WIN,4-7,8+,8+,Q1_WIN__Q2_WIN__Q3_WIN,Q1_WIN__Q2_WIN__Q3_WIN__Q3_LEAD_8+,True,True,19.5,0.98142009973526,-5282.1602148088505
2025,2025_14_LA_ARI,ARI,LA,ARI,LA,home,home dog,-9.5,9.5,7.5+,-3.0,-14.0,-28.0,-28,LOST,LOST,LOST,LOST,not_leading,not_leading,not_leading,Q1_LOST__Q2_LOST__Q3_LOST,Q1_LOST__Q2_LOST__Q3_LOST__Q3_LEAD_not_leading,False,False,-18.5,0.0006161024793982506,162210.65990461578
2025,2025_14_MIA_NYJ,NYJ,MIA,NYJ,MIA,home,home dog,-2.5,2.5,<=3,-14.0,-17.0,-17.0,-24,LOST,LOST,LOST,LOST,not_leading,not_leading,not_leading,Q1_LOST__Q2_LOST__Q3_LOST,Q1_LOST__Q2_LOST__Q3_LOST__Q3_LEAD_not_leading,False,False,-21.5,0.05359430983662605,1765.8697220812153
2025,2025_14_NO_TB,TB,NO,NO,TB,away,away dog,7.5,7.5,7.5+,0.0,-3.0,0.0,4,TIE,LOST,TIE,WIN,not_leading,not_leading,not_leading,Q1_TIE__Q2_LOST__Q3_TIE,Q1_TIE__Q2_LOST__Q3_TIE__Q3_LEAD_not_leading,True,True,11.5,0.39704322814941406,151.86174428938583
2025,2025_14_PHI_LAC,LAC,PHI,LAC,PHI,home,home dog,-1.5,1.5,<=3,4.0,4.0,4.0,3,WIN,WIN,WIN,WIN,4-7,4-7,4-7,Q1_WIN__Q2_WIN__Q3_WIN,Q1_WIN__Q2_WIN__Q3_WIN__Q3_LEAD_4-7,True,True,4.5,0.6719162464141846,-204.80021917282605
2025,2025_14_PIT_BAL,BAL,PIT,PIT,BAL,away,away dog,5.5,5.5,3.5-7,4.0,8.0,11.0,5,WIN,WIN,WIN,WIN,4-7,8+,8+,Q1_WIN__Q2_WIN__Q3_WIN,Q1_WIN__Q2_WIN__Q3_WIN__Q3_LEAD_8+,True,True,10.5,0.7652703523635864,-326.0220257940992
2025,2025_14_SEA_ATL,ATL,SEA,ATL,SEA,home,home dog,-7.0,7.0,3.5-7,0.0,0.0,-17.0,-28,TIE,TIE,LOST,LOST,not_leading,not_leading,not_leading,Q1_TIE__Q2_TIE__Q3_LOST,Q1_TIE__Q2_TIE__Q3_LOST__Q3_LEAD_not_leading,False,False,-21.0,0.04516495764255524,2114.1059179424137
2025,2025_14_TEN_CLE,CLE,TEN,TEN,CLE,away,away dog,4.5,4.5,3.5-7,11.0,-3.0,4.0,2,WIN,LOST,WIN,WIN,8+,not_leading,4-7,Q1_WIN__Q2_LOST__Q3_WIN,Q1_WIN__Q2_LOST__Q3_WIN__Q3_LEAD_4-7,True,True,6.5,0.6644352674484253,-198.00509499200865
2025,2025_14_WAS_MIN,MIN,WAS,MIN,WAS,home,home dog,-1.5,1.5,<=3,7.0,14.0,24.0,31,WIN,WIN,WIN,WIN,4-7,8+,8+,Q1_WIN__Q2_WIN__Q3_WIN,Q1_WIN__Q2_WIN__Q3_WIN__Q3_LEAD_8+,True,True,32.5,0.9994639754295349,-186458.61225397533
2025,2025_15_ARI_HOU,HOU,ARI,ARI,HOU,away,away dog,10.5,10.5,7.5+,-17.0,-16.0,-16.0,-20,LOST,LOST,LOST,LOST,not_leading,not_leading,not_leading,Q1_LOST__Q2_LOST__Q3_LOST,Q1_LOST__Q2_LOST__Q3_LOST__Q3_LEAD_not_leading,False,False,-9.5,0.016551613807678223,5941.706939392848
2025,2025_15_ATL_TB,TB,ATL,ATL,TB,away,away dog,6.0,6.0,3.5-7,-7.0,1.0,-6.0,1,LOST,WIN,LOST,WIN,not_leading,1-3,not_leading,Q1_LOST__Q2_WIN__Q3_LOST,Q1_LOST__Q2_WIN__Q3_LOST__Q3_LEAD_not_leading,True,True,7.0,0.12153685092926025,722.7957136901989
2025,2025_15_BAL_CIN,CIN,BAL,CIN,BAL,home,home dog,-2.5,2.5,<=3,0.0,-14.0,-17.0,-24,TIE,LOST,LOST,LOST,not_leading,not_leading,not_leading,Q1_TIE__Q2_LOST__Q3_LOST,Q1_TIE__Q2_LOST__Q3_LOST__Q3_LEAD_not_leading,False,False,-21.5,0.03374418616294861,2863.4734563490765
2025,2025_15_BUF_NE,NE,BUF,NE,BUF,home,home dog,-2.5,2.5,<=3,14.0,17.0,3.0,-4,WIN,WIN,WIN,LOST,8+,8+,1-3,Q1_WIN__Q2_WIN__Q3_WIN,Q1_WIN__Q2_WIN__Q3_WIN__Q3_LEAD_1-3,False,False,-1.5,0.6213634014129639,-164.10547837470412
2025,2025_15_CAR_NO,NO,CAR,NO,CAR,home,home dog,-2.5,2.5,<=3,-7.0,-3.0,-7.0,3,LOST,LOST,LOST,WIN,not_leading,not_leading,not_leading,Q1_LOST__Q2_LOST__Q3_LOST,Q1_LOST__Q2_LOST__Q3_LOST__Q3_LEAD_not_leading,True,True,5.5,0.21973085403442383,355.1022223958299
2025,2025_15_CLE_CHI,CHI,CLE,CLE,CHI,away,away dog,7.5,7.5,7.5+,-14.0,-14.0,-25.0,-28,LOST,LOST,LOST,LOST,not_leading,not_leading,not_leading,Q1_LOST__Q2_LOST__Q3_LOST,Q1_LOST__Q2_LOST__Q3_LOST__Q3_LEAD_not_leading,False,False,-20.5,0.0016355531988665462,61041.392447094324
2025,2025_15_DET_LA,LA,DET,DET,LA,away,away dog,5.5,5.5,3.5-7,0.0,7.0,-10.0,-7,TIE,WIN,LOST,LOST,not_leading,4-7,not_leading,Q1_TIE__Q2_WIN__Q3_LOST,Q1_TIE__Q2_WIN__Q3_LOST__Q3_LEAD_not_leading,False,False,-1.5,0.14380863308906555,595.3685453505883
2025,2025_15_GB_DEN,DEN,GB,DEN,GB,home,home dog,-1.5,1.5,<=3,-3.0,-2.0,4.0,8,LOST,LOST,WIN,WIN,not_leading,not_leading,4-7,Q1_LOST__Q2_LOST__Q3_WIN,Q1_LOST__Q2_LOST__Q3_WIN__Q3_LEAD_4-7,True,True,9.5,0.686703622341156,-219.18658219819068
2025,2025_15_IND_SEA,SEA,IND,IND,SEA,away,away dog,13.5,13.5,7.5+,0.0,7.0,4.0,-2,TIE,WIN,WIN,LOST,not_leading,4-7,4-7,Q1_TIE__Q2_WIN__Q3_WIN,Q1_TIE__Q2_WIN__Q3_WIN__Q3_LEAD_4-7,False,True,11.5,0.451518714427948,121.4747624064599
2025,2025_15_LAC_KC,KC,LAC,LAC,KC,away,away dog,5.5,5.5,3.5-7,-4.0,-3.0,3.0,3,LOST,LOST,WIN,WIN,not_leading,not_leading,1-3,Q1_LOST__Q2_LOST__Q3_WIN,Q1_LOST__Q2_LOST__Q3_WIN__Q3_LEAD_1-3,True,True,8.5,0.5348473191261292,-114.9831745828756
2025,2025_15_LV_PHI,PHI,LV,LV,PHI,away,away dog,12.5,12.5,7.5+,-7.0,-17.0,-24.0,-31,LOST,LOST,LOST,LOST,not_leading,not_leading,not_leading,Q1_LOST__Q2_LOST__Q3_LOST,Q1_LOST__Q2_LOST__Q3_LOST__Q3_LEAD_not_leading,False,False,-18.5,0.00036597251892089844,273144.5602605863
2025,2025_15_MIA_PIT,PIT,MIA,MIA,PIT,away,away dog,3.0,3.0,<=3,0.0,-4.0,-18.0,-13,TIE,LOST,LOST,LOST,not_leading,not_leading,not_leading,Q1_TIE__Q2_LOST__Q3_LOST,Q1_TIE__Q2_LOST__Q3_LOST__Q3_LEAD_not_leading,False,False,-10.0,0.012775063514709473,7727.7497317221105
2025,2025_15_MIN_DAL,DAL,MIN,MIN,DAL,away,away dog,5.5,5.5,3.5-7,0.0,0.0,1.0,8,TIE,TIE,WIN,WIN,not_leading,not_leading,1-3,Q1_TIE__Q2_TIE__Q3_WIN,Q1_TIE__Q2_TIE__Q3_WIN__Q3_LEAD_1-3,True,True,13.5,0.3838673233985901,160.50667484443477
2025,2025_15_NYJ_JAX,JAX,NYJ,NYJ,JAX,away,away dog,13.5,13.5,7.5+,-7.0,-21.0,-28.0,-28,LOST,LOST,LOST,LOST,not_leading,not_leading,not_leading,Q1_LOST__Q2_LOST__Q3_LOST,Q1_LOST__Q2_LOST__Q3_LOST__Q3_LEAD_not_leading,False,False,-14.5,0.0007168090669438243,139407.16391794317
2025,2025_15_TEN_SF,SF,TEN,TEN,SF,away,away dog,12.5,12.5,7.5+,-4.0,-7.0,-21.0,-13,LOST,LOST,LOST,LOST,not_leading,not_leading,not_leading,Q1_LOST__Q2_LOST__Q3_LOST,Q1_LOST__Q2_LOST__Q3_LOST__Q3_LEAD_not_leading,False,False,-0.5,0.019872188568115234,4932.158368326334
2025,2025_15_WAS_NYG,NYG,WAS,WAS,NYG,away,away dog,2.5,2.5,<=3,3.0,15.0,8.0,8,WIN,WIN,WIN,WIN,1-3,8+,8+,Q1_WIN__Q2_WIN__Q3_WIN,Q1_WIN__Q2_WIN__Q3_WIN__Q3_LEAD_8+,True,True,10.5,0.8534843921661377,-582.52114213929
2025,2025_16_ATL_ARI,ARI,ATL,ARI,ATL,home,home dog,-2.5,2.5,<=3,7.0,0.0,-3.0,-7,WIN,TIE,LOST,LOST,4-7,not_leading,not_leading,Q1_WIN__Q2_TIE__Q3_LOST,Q1_WIN__Q2_TIE__Q3_LOST__Q3_LEAD_not_leading,False,False,-4.5,0.2236892580986023,347.04873559873835
2025,2025_16_BUF_CLE,CLE,BUF,CLE,BUF,home,home dog,-10.5,10.5,7.5+,0.0,-10.0,-6.0,-3,TIE,LOST,LOST,LOST,not_leading,not_leading,not_leading,Q1_TIE__Q2_LOST__Q3_LOST,Q1_TIE__Q2_LOST__Q3_LOST__Q3_LEAD_not_leading,False,True,7.5,0.15869182348251343,530.1521893534685
2025,2025_16_CIN_MIA,MIA,CIN,MIA,CIN,home,home dog,-3.5,3.5,3.5-7,0.0,-3.0,-24.0,-24,TIE,LOST,LOST,LOST,not_leading,not_leading,not_leading,Q1_TIE__Q2_LOST__Q3_LOST,Q1_TIE__Q2_LOST__Q3_LOST__Q3_LEAD_not_leading,False,False,-20.5,0.00047910213470458984,208623.76212988305
2025,2025_16_GB_CHI,CHI,GB,GB,CHI,away,away dog,1.5,1.5,<=3,0.0,6.0,10.0,-6,TIE,WIN,WIN,LOST,not_leading,4-7,8+,Q1_TIE__Q2_WIN__Q3_WIN,Q1_TIE__Q2_WIN__Q3_WIN__Q3_LEAD_8+,False,False,-4.5,0.8424143195152283,-534.5754239368435
2025,2025_16_JAX_DEN,DEN,JAX,JAX,DEN,away,away dog,3.5,3.5,3.5-7,7.0,7.0,14.0,14,WIN,WIN,WIN,WIN,4-7,4-7,8+,Q1_WIN__Q2_WIN__Q3_WIN,Q1_WIN__Q2_WIN__Q3_WIN__Q3_LEAD_8+,True,True,17.5,0.9705585241317749,-3296.5688557048747
2025,2025_16_KC_TEN,TEN,KC,TEN,KC,home,home dog,-3.5,3.5,3.5-7,0.0,3.0,7.0,17,TIE,WIN,WIN,WIN,not_leading,1-3,4-7,Q1_TIE__Q2_WIN__Q3_WIN,Q1_TIE__Q2_WIN__Q3_WIN__Q3_LEAD_4-7,True,True,20.5,0.8494627475738525,-564.2873998850173
2025,2025_16_LAC_DAL,DAL,LAC,LAC,DAL,away,away dog,1.5,1.5,<=3,0.0,4.0,7.0,17,TIE,WIN,WIN,WIN,not_leading,4-7,4-7,Q1_TIE__Q2_WIN__Q3_WIN,Q1_TIE__Q2_WIN__Q3_WIN__Q3_LEAD_4-7,True,True,18.5,0.7683393359184265,-331.66586091105876
2025,2025_16_LA_SEA,SEA,LA,LA,SEA,away,away dog,1.5,1.5,<=3,-4.0,6.0,9.0,-1,LOST,WIN,WIN,LOST,not_leading,4-7,8+,Q1_LOST__Q2_WIN__Q3_WIN,Q1_LOST__Q2_WIN__Q3_WIN__Q3_LEAD_8+,False,True,0.5,0.9243521094322205,-1221.9139258139826
2025,2025_16_LV_HOU,HOU,LV,LV,HOU,away,away dog,14.5,14.5,7.5+,-7.0,-6.0,-2.0,-2,LOST,LOST,LOST,LOST,not_leading,not_leading,not_leading,Q1_LOST__Q2_LOST__Q3_LOST,Q1_LOST__Q2_LOST__Q3_LOST__Q3_LEAD_not_leading,False,True,12.5,0.45685485005378723,118.88790277311628
2025,2025_16_MIN_NYG,NYG,MIN,NYG,MIN,home,home dog,-2.5,2.5,<=3,-3.0,-3.0,-3.0,-3,LOST,LOST,LOST,LOST,not_leading,not_leading,not_leading,Q1_LOST__Q2_LOST__Q3_LOST,Q1_LOST__Q2_LOST__Q3_LOST__Q3_LEAD_not_leading,False,False,-0.5,0.3943553864955902,153.57837986858138
2025,2025_16_NE_BAL,BAL,NE,NE,BAL,away,away dog,3.5,3.5,3.5-7,-7.0,0.0,-4.0,4,LOST,TIE,LOST,WIN,not_leading,not_leading,not_leading,Q1_LOST__Q2_TIE__Q3_LOST,Q1_LOST__Q2_TIE__Q3_LOST__Q3_LEAD_not_leading,True,True,7.5,0.1924106478691101,419.72175712451383
2025,2025_16_NYJ_NO,NO,NYJ,NYJ,NO,away,away dog,6.5,6.5,3.5-7,0.0,-3.0,-10.0,-23,TIE,LOST,LOST,LOST,not_leading,not_leading,not_leading,Q1_TIE__Q2_LOST__Q3_LOST,Q1_TIE__Q2_LOST__Q3_LOST__Q3_LEAD_not_leading,False,False,-16.5,0.13388194143772125,646.9267245912897
2025,2025_16_PHI_WAS,WAS,PHI,WAS,PHI,home,home dog,-7.0,7.0,3.5-7,-4.0,3.0,-4.0,-11,LOST,WIN,LOST,LOST,not_leading,1-3,not_leading,Q1_LOST__Q2_WIN__Q3_LOST,Q1_LOST__Q2_WIN__Q3_LOST__Q3_LEAD_not_leading,False,False,-4.0,0.26315373182296753,280.00601134272875
2025,2025_16_PIT_DET,DET,PIT,PIT,DET,away,away dog,7.5,7.5,7.5+,3.0,0.0,2.0,5,WIN,TIE,WIN,WIN,1-3,not_leading,1-3,Q1_WIN__Q2_TIE__Q3_WIN,Q1_WIN__Q2_TIE__Q3_WIN__Q3_LEAD_1-3,True,True,12.5,0.6734259128570557,-206.20923072879668
2025,2025_16_SF_IND,IND,SF,IND,SF,home,home dog,-4.5,4.5,3.5-7,-7.0,-7.0,-14.0,-21,LOST,LOST,LOST,LOST,not_leading,not_leading,not_leading,Q1_LOST__Q2_LOST__Q3_LOST,Q1_LOST__Q2_LOST__Q3_LOST__Q3_LEAD_not_leading,False,False,-16.5,0.09222080558538437,984.3540062921389
2025,2025_16_TB_CAR,CAR,TB,CAR,TB,home,home dog,-3.0,3.0,<=3,-4.0,3.0,3.0,3,LOST,WIN,WIN,WIN,not_leading,1-3,1-3,Q1_LOST__Q2_WIN__Q3_WIN,Q1_LOST__Q2_WIN__Q3_WIN__Q3_LEAD_1-3,True,True,6.0,0.5420510172843933,-118.36493534062838
2025,2025_17_ARI_CIN,CIN,ARI,ARI,CIN,away,away dog,7.0,7.0,3.5-7,-7.0,-16.0,-30.0,-23,LOST,LOST,LOST,LOST,not_leading,not_leading,not_leading,Q1_LOST__Q2_LOST__Q3_LOST,Q1_LOST__Q2_LOST__Q3_LOST__Q3_LEAD_not_leading,False,False,-16.0,0.0004001483030151576,249807.34496807802
2025,2025_17_BAL_GB,GB,BAL,BAL,GB,away,away dog,2.5,2.5,<=3,0.0,13.0,3.0,17,TIE,WIN,WIN,WIN,not_leading,8+,1-3,Q1_TIE__Q2_WIN__Q3_WIN,Q1_TIE__Q2_WIN__Q3_WIN__Q3_LEAD_1-3,True,True,19.5,0.7159202694892883,-252.01385125303526
2025,2025_17_CHI_SF,SF,CHI,CHI,SF,away,away dog,3.5,3.5,3.5-7,0.0,-7.0,-7.0,-4,TIE,LOST,LOST,LOST,not_leading,not_leading,not_leading,Q1_TIE__Q2_LOST__Q3_LOST,Q1_TIE__Q2_LOST__Q3_LOST__Q3_LEAD_not_leading,False,False,-0.5,0.315376877784729,217.08094994921706
2025,2025_17_DAL_WAS,WAS,DAL,WAS,DAL,home,home dog,-8.5,8.5,7.5+,-4.0,-14.0,-7.0,-7,LOST,LOST,LOST,LOST,not_leading,not_leading,not_leading,Q1_LOST__Q2_LOST__Q3_LOST,Q1_LOST__Q2_LOST__Q3_LOST__Q3_LEAD_not_leading,False,True,1.5,0.2179861068725586,358.7448321119983
2025,2025_17_DEN_KC,KC,DEN,KC,DEN,home,home dog,-13.5,13.5,7.5+,-3.0,1.0,-3.0,-7,LOST,WIN,LOST,LOST,not_leading,1-3,not_leading,Q1_LOST__Q2_WIN__Q3_LOST,Q1_LOST__Q2_WIN__Q3_LOST__Q3_LEAD_not_leading,False,True,6.5,0.35025984048843384,185.5023283872653
2025,2025_17_DET_MIN,MIN,DET,MIN,DET,home,home dog,-7.0,7.0,3.5-7,7.0,0.0,6.0,13,WIN,TIE,WIN,WIN,4-7,not_leading,4-7,Q1_WIN__Q2_TIE__Q3_WIN,Q1_WIN__Q2_TIE__Q3_WIN__Q3_LEAD_4-7,True,True,20.0,0.7350225448608398,-277.39059705091614
2025,2025_17_HOU_LAC,LAC,HOU,HOU,LAC,away,away dog,1.5,1.5,<=3,14.0,11.0,7.0,4,WIN,WIN,WIN,WIN,8+,8+,4-7,Q1_WIN__Q2_WIN__Q3_WIN,Q1_WIN__Q2_WIN__Q3_WIN__Q3_LEAD_4-7,True,True,5.5,0.7874918580055237,-370.57020527053163
2025,2025_17_JAX_IND,IND,JAX,IND,JAX,home,home dog,-3.5,3.5,3.5-7,3.0,3.0,0.0,-6,WIN,WIN,TIE,LOST,1-3,1-3,not_leading,Q1_WIN__Q2_WIN__Q3_TIE,Q1_WIN__Q2_WIN__Q3_TIE__Q3_LEAD_not_leading,False,False,-2.5,0.49994975328445435,100.0201007062072
2025,2025_17_LA_ATL,ATL,LA,ATL,LA,home,home dog,-7.5,7.5,7.5+,7.0,21.0,7.0,3,WIN,WIN,WIN,WIN,4-7,8+,4-7,Q1_WIN__Q2_WIN__Q3_WIN,Q1_WIN__Q2_WIN__Q3_WIN__Q3_LEAD_4-7,True,True,10.5,0.8517351150512695,-574.4685367312677
2025,2025_17_NE_NYJ,NYJ,NE,NYJ,NE,home,home dog,-12.5,12.5,7.5+,-14.0,-32.0,-39.0,-32,LOST,LOST,LOST,LOST,not_leading,not_leading,not_leading,Q1_LOST__Q2_LOST__Q3_LOST,Q1_LOST__Q2_LOST__Q3_LOST__Q3_LEAD_not_leading,False,False,-19.5,8.115578384604305e-05,1232098.0672345604
2025,2025_17_NO_TEN,TEN,NO,TEN,NO,home,home dog,-1.5,1.5,<=3,6.0,10.0,3.0,-8,WIN,WIN,WIN,LOST,4-7,8+,1-3,Q1_WIN__Q2_WIN__Q3_WIN,Q1_WIN__Q2_WIN__Q3_WIN__Q3_LEAD_1-3,False,False,-6.5,0.7144113183021545,-250.15393259107026
2025,2025_17_NYG_LV,LV,NYG,LV,NYG,home,home dog,-3.0,3.0,<=3,-7.0,-14.0,-17.0,-24,LOST,LOST,LOST,LOST,not_leading,not_leading,not_leading,Q1_LOST__Q2_LOST__Q3_LOST,Q1_LOST__Q2_LOST__Q3_LOST__Q3_LEAD_not_leading,False,False,-21.0,0.04317457601428032,2216.177927651779
2025,2025_17_PHI_BUF,BUF,PHI,PHI,BUF,away,away dog,3.0,3.0,<=3,7.0,13.0,13.0,1,WIN,WIN,WIN,WIN,4-7,8+,8+,Q1_WIN__Q2_WIN__Q3_WIN,Q1_WIN__Q2_WIN__Q3_WIN__Q3_LEAD_8+,True,True,4.0,0.8982734680175781,-883.027712153598
2025,2025_17_PIT_CLE,CLE,PIT,CLE,PIT,home,home dog,-4.5,4.5,3.5-7,10.0,4.0,4.0,7,WIN,WIN,WIN,WIN,8+,4-7,4-7,Q1_WIN__Q2_WIN__Q3_WIN,Q1_WIN__Q2_WIN__Q3_WIN__Q3_LEAD_4-7,True,True,11.5,0.5220268964767456,-109.21679329417495
2025,2025_17_SEA_CAR,CAR,SEA,CAR,SEA,home,home dog,-6.5,6.5,3.5-7,-3.0,0.0,-14.0,-17,LOST,TIE,LOST,LOST,not_leading,not_leading,not_leading,Q1_LOST__Q2_TIE__Q3_LOST,Q1_LOST__Q2_TIE__Q3_LOST__Q3_LEAD_not_leading,False,False,-10.5,0.16430802643299103,508.61299457444665
2025,2025_17_TB_MIA,MIA,TB,MIA,TB,home,home dog,-5.5,5.5,3.5-7,0.0,10.0,7.0,3,TIE,WIN,WIN,WIN,not_leading,8+,4-7,Q1_TIE__Q2_WIN__Q3_WIN,Q1_TIE__Q2_WIN__Q3_WIN__Q3_LEAD_4-7,True,True,8.5,0.8773425221443176,-715.2784628235961
2025,2025_18_ARI_LA,LA,ARI,ARI,LA,away,away dog,14.5,14.5,7.5+,0.0,-10.0,-3.0,-17,TIE,LOST,LOST,LOST,not_leading,not_leading,not_leading,Q1_TIE__Q2_LOST__Q3_LOST,Q1_TIE__Q2_LOST__Q3_LOST__Q3_LEAD_not_leading,False,False,-2.5,0.2997492551803589,233.6121717461152
2025,2025_18_BAL_PIT,PIT,BAL,PIT,BAL,home,home dog,-4.5,4.5,3.5-7,-7.0,-7.0,3.0,2,LOST,LOST,WIN,WIN,not_leading,not_leading,1-3,Q1_LOST__Q2_LOST__Q3_WIN,Q1_LOST__Q2_LOST__Q3_WIN__Q3_LEAD_1-3,True,True,6.5,0.7129932641983032,-248.42387834790603
2025,2025_18_CAR_TB,TB,CAR,CAR,TB,away,away dog,3.0,3.0,<=3,-10.0,-3.0,-6.0,-2,LOST,LOST,LOST,LOST,not_leading,not_leading,not_leading,Q1_LOST__Q2_LOST__Q3_LOST,Q1_LOST__Q2_LOST__Q3_LOST__Q3_LEAD_not_leading,False,True,1.0,0.16896408796310425,491.841741079539
2025,2025_18_CLE_CIN,CIN,CLE,CLE,CIN,away,away dog,9.5,9.5,7.5+,1.0,2.0,5.0,2,WIN,WIN,WIN,WIN,1-3,1-3,4-7,Q1_WIN__Q2_WIN__Q3_WIN,Q1_WIN__Q2_WIN__Q3_WIN__Q3_LEAD_4-7,True,True,11.5,0.7468512654304504,-295.024688430849
2025,2025_18_DAL_NYG,NYG,DAL,NYG,DAL,home,home dog,-3.0,3.0,<=3,-4.0,6.0,14.0,17,LOST,WIN,WIN,WIN,not_leading,4-7,8+,Q1_LOST__Q2_WIN__Q3_WIN,Q1_LOST__Q2_WIN__Q3_WIN__Q3_LEAD_8+,True,True,20.0,0.8454557657241821,-547.0639326571588
2025,2025_18_DET_CHI,CHI,DET,DET,CHI,away,away dog,3.5,3.5,3.5-7,3.0,13.0,16.0,3,WIN,WIN,WIN,WIN,1-3,8+,8+,Q1_WIN__Q2_WIN__Q3_WIN,Q1_WIN__Q2_WIN__Q3_WIN__Q3_LEAD_8+,True,True,6.5,0.9118460416793823,-1034.379010370675
2025,2025_18_GB_MIN,MIN,GB,GB,MIN,away,away dog,12.5,12.5,7.5+,-3.0,-13.0,-13.0,-13,LOST,LOST,LOST,LOST,not_leading,not_leading,not_leading,Q1_LOST__Q2_LOST__Q3_LOST,Q1_LOST__Q2_LOST__Q3_LOST__Q3_LEAD_not_leading,False,False,-0.5,0.04299163818359375,2226.03371783496
2025,2025_18_IND_HOU,HOU,IND,IND,HOU,away,away dog,9.5,9.5,7.5+,4.0,-6.0,1.0,-8,WIN,LOST,WIN,LOST,4-7,not_leading,1-3,Q1_WIN__Q2_LOST__Q3_WIN,Q1_WIN__Q2_LOST__Q3_WIN__Q3_LEAD_1-3,False,True,1.5,0.47222089767456055,111.76529986802232
2025,2025_18_KC_LV,LV,KC,LV,KC,home,home dog,-3.5,3.5,3.5-7,-3.0,3.0,0.0,2,LOST,WIN,TIE,WIN,not_leading,1-3,not_leading,Q1_LOST__Q2_WIN__Q3_TIE,Q1_LOST__Q2_WIN__Q3_TIE__Q3_LEAD_not_leading,True,True,5.5,0.658383309841156,-192.72574461599717
2025,2025_18_LAC_DEN,DEN,LAC,LAC,DEN,away,away dog,14.5,14.5,7.5+,-10.0,-7.0,-10.0,-16,LOST,LOST,LOST,LOST,not_leading,not_leading,not_leading,Q1_LOST__Q2_LOST__Q3_LOST,Q1_LOST__Q2_LOST__Q3_LOST__Q3_LEAD_not_leading,False,False,-1.5,0.11824768781661987,745.6824978690607
2025,2025_18_MIA_NE,NE,MIA,MIA,NE,away,away dog,14.0,14.0,7.5+,-14.0,-7.0,-21.0,-28,LOST,LOST,LOST,LOST,not_leading,not_leading,not_leading,Q1_LOST__Q2_LOST__Q3_LOST,Q1_LOST__Q2_LOST__Q3_LOST__Q3_LEAD_not_leading,False,False,-14.0,0.006242036819458008,15920.411748978267
2025,2025_18_NO_ATL,ATL,NO,NO,ATL,away,away dog,4.5,4.5,3.5-7,-7.0,-3.0,-3.0,-2,LOST,LOST,LOST,LOST,not_leading,not_leading,not_leading,Q1_LOST__Q2_LOST__Q3_LOST,Q1_LOST__Q2_LOST__Q3_LOST__Q3_LEAD_not_leading,False,True,2.5,0.26036500930786133,284.07618698777526
2025,2025_18_NYJ_BUF,BUF,NYJ,NYJ,BUF,away,away dog,12.5,12.5,7.5+,-7.0,-21.0,-29.0,-27,LOST,LOST,LOST,LOST,not_leading,not_leading,not_leading,Q1_LOST__Q2_LOST__Q3_LOST,Q1_LOST__Q2_LOST__Q3_LOST__Q3_LEAD_not_leading,False,False,-14.5,0.00022596120834350586,442453.83803745714
2025,2025_18_SEA_SF,SF,SEA,SF,SEA,home,home dog,-2.5,2.5,<=3,-7.0,-7.0,-7.0,-10,LOST,LOST,LOST,LOST,not_leading,not_leading,not_leading,Q1_LOST__Q2_LOST__Q3_LOST,Q1_LOST__Q2_LOST__Q3_LOST__Q3_LEAD_not_leading,False,False,-7.5,0.14282208681106567,600.1718167882989
2025,2025_18_TEN_JAX,JAX,TEN,TEN,JAX,away,away dog,12.5,12.5,7.5+,0.0,-24.0,-27.0,-34,TIE,LOST,LOST,LOST,not_leading,not_leading,not_leading,Q1_TIE__Q2_LOST__Q3_LOST,Q1_TIE__Q2_LOST__Q3_LOST__Q3_LEAD_not_leading,False,False,-21.5,0.000621706829406321,160747.51730247485
2025,2025_18_WAS_PHI,PHI,WAS,WAS,PHI,away,away dog,3.0,3.0,<=3,0.0,3.0,-7.0,7,TIE,WIN,LOST,WIN,not_leading,1-3,not_leading,Q1_TIE__Q2_WIN__Q3_LOST,Q1_TIE__Q2_WIN__Q3_LOST__Q3_LEAD_not_leading,True,True,10.0,0.22519099712371826,344.06748616624645
